{"type":"FeatureCollection","features":[{"type":"Feature","id":181,"geometry":{"type":"MultiPolygon","coordinates":[[[[-95.7425633954131,34.9238031848304],[-95.742015395244,34.924689185408],[-95.7417573949994,34.9250931852393],[-95.7413523951486,34.9257261857877],[-95.7408203948264,34.9266701854526],[-95.7407453949537,34.926783185292],[-95.740340395102,34.9274031861379],[-95.740260394998,34.9275251854949],[-95.7401453950734,34.9277001855088],[-95.7399673949345,34.9280081862875],[-95.7398193943846,34.9282631855104],[-95.7394553946363,34.9288921858715],[-95.7390653945824,34.9295341859366],[-95.7389983941809,34.9296411863971],[-95.7385963944695,34.9302771861849],[-95.7378083939883,34.9315251864471],[-95.737436394772,34.9322051864719],[-95.7373043940636,34.9324461868445],[-95.736940394315,34.9330701869741],[-95.7367243942158,34.9334241871865],[-95.7363363942461,34.9339451870452],[-95.7362263945514,34.9340921875611],[-95.735732394172,34.9347451872411],[-95.7355903938958,34.9349361870978],[-95.7355393942336,34.9350051875968],[-95.7352583938199,34.9353841871712],[-95.7352113943424,34.9354421871608],[-95.7350343942436,34.9356591873236],[-95.7346283934376,34.9361581879633],[-95.7343463938719,34.9364681879403],[-95.7342483938315,34.9365751875031],[-95.7341413933801,34.9367721876358],[-95.7338423939257,34.9370861877989],[-95.7335433935793,34.9375021881878],[-95.7332063932694,34.9379191877256],[-95.7327673936404,34.938550188183],[-95.7322713931658,34.9391671879949],[-95.7322173933639,34.9392291881701],[-95.73198439337,34.9395011881841],[-95.7315163932914,34.9400751887018],[-95.7311383928835,34.9405581885992],[-95.7308043936109,34.9409591882954],[-95.7304513934596,34.9413951887135],[-95.7303013928133,34.9415991891725],[-95.7298683934567,34.9421481885311],[-95.729836392875,34.9421891886322],[-95.7296643930081,34.9424071888411],[-95.7295043927972,34.9426101892542],[-95.7287013925064,34.9436701889069],[-95.7285333928252,34.9438921893008],[-95.7283143925816,34.9441691895456],[-95.7277133926438,34.9449301897343],[-95.7273863927966,34.9453321894764],[-95.7270563928136,34.9457821896424],[-95.7268303922508,34.9461361898552],[-95.7265953921732,34.9465361895003],[-95.7263633922421,34.947040190363],[-95.726105392918,34.9477411904553],[-95.7260043927541,34.9480691903577],[-95.7259123920793,34.9479901903018],[-95.7257583921232,34.9478621897789],[-95.7255793928048,34.9477121900373],[-95.7252033924491,34.947625190524],[-95.7248943925101,34.9476451905656],[-95.7245013922539,34.9473971898944],[-95.7238813922626,34.9471501901796],[-95.7232613914081,34.9474091905097],[-95.7227733912642,34.9474601901965],[-95.7226603914155,34.9473981900295],[-95.7226563911611,34.9464301901786],[-95.7229673911744,34.9461501897904],[-95.7233723919563,34.9459651901988],[-95.7243543916341,34.9460201899999],[-95.7246653916497,34.9457721901941],[-95.7247863918328,34.9453191898993],[-95.7251553918345,34.9449921900303],[-95.7253903919083,34.94453918973],[-95.72510139198,34.9443141892192],[-95.7236723913614,34.9443071898634],[-95.7234563912309,34.9442191893968],[-95.7223823909002,34.9443921893644],[-95.7202503909561,34.9443941895598],[-95.7199563907977,34.9441941902067],[-95.7191473901457,34.9440881898347],[-95.7189943902403,34.944021189438],[-95.7188583902245,34.9439621894109],[-95.7186803900583,34.9438851894517],[-95.7185693902969,34.9437471902625],[-95.7184583905176,34.9433581893447],[-95.7175963901101,34.9433131900008],[-95.7174853903487,34.9431751899122],[-95.7174293895227,34.9427861898911],[-95.7172353894998,34.9425121898051],[-95.7161513895923,34.9425121898573],[-95.7152893891506,34.9419861898274],[-95.7146493891374,34.9418261896451],[-95.7144323889666,34.9418241895629],[-95.7116823882405,34.9418011895299],[-95.7112913880881,34.9417091897859],[-95.7108153884954,34.9416861896433],[-95.7100633878059,34.9418211896346],[-95.7096703875724,34.9418921902428],[-95.7087263878814,34.9421661903837],[-95.707810387679,34.9422811903563],[-95.7072003872356,34.941801189746],[-95.7071443873139,34.9414801901752],[-95.7070603870027,34.9412971898005],[-95.7065053873048,34.940726189471],[-95.7062563865397,34.9405891894353],[-95.7053673866836,34.9406121896437],[-95.7051183868096,34.9403601896795],[-95.7044513864453,34.9402231896641],[-95.7041183862652,34.9398571898218],[-95.7040343859394,34.9394681898021],[-95.7038123864263,34.9393301897188],[-95.7035913860686,34.9393071895639],[-95.7032023860236,34.939422189511],[-95.7025633860991,34.9398571898968],[-95.7013693856212,34.940338189741],[-95.7005093853063,34.9402921903507],[-95.6999253851905,34.9401101900464],[-95.6994253853858,34.9401101900704],[-95.6991193846982,34.9402941905103],[-95.6991193847063,34.9404091904387],[-95.6987873845986,34.9404091904547],[-95.6981753849568,34.9398601902471],[-95.6977593845347,34.9396311904566],[-95.6969823844585,34.9394021897842],[-95.6967043841391,34.9391501898214],[-95.6967043841212,34.9388981898453],[-95.6967873843666,34.9388071901247],[-95.6972613847479,34.9385781902913],[-95.6976783842992,34.9385551901056],[-95.6979573846358,34.938395189879],[-95.6980953847059,34.9379141900856],[-95.6982343848501,34.9378221894167],[-95.6982073844812,34.9375941896537],[-95.6979853840672,34.9374331894049],[-95.697707384665,34.9374331894183],[-95.6966523843021,34.9374111893499],[-95.6963203841553,34.9368611899819],[-95.6962083843426,34.9366551894429],[-95.6959863839223,34.93640518957],[-95.6952093838413,34.9361071893003],[-95.694098383568,34.9359241898743],[-95.6935703833527,34.9357641896865],[-95.6932933830943,34.9357181893687],[-95.6929873833027,34.9358561894775],[-95.6925983832528,34.935901189781],[-95.692488382645,34.9358561895015],[-95.6924053832861,34.9357641897427],[-95.6902113824083,34.9377801896574],[-95.6885963821332,34.9374351899499],[-95.6880873819034,34.93732719037],[-95.6894873818526,34.9341801893909],[-95.6889093819829,34.9335451896965],[-95.6887143819088,34.9332021891139],[-95.6886873815381,34.9329501891391],[-95.6880763819753,34.9328591894519],[-95.6877433818342,34.9330421889474],[-95.6876603816018,34.9333161890468],[-95.6876323812125,34.9334541891421],[-95.6878553816695,34.9335681890135],[-95.6886053813945,34.9338201898529],[-95.6889943814509,34.9338661892659],[-95.6891053821083,34.9339571898765],[-95.6890783817831,34.9343461899016],[-95.6885503816329,34.9351021898554],[-95.6881333820994,34.9353761899709],[-95.6878553818175,34.935651190126],[-95.6876053819654,34.936360189689],[-95.6867713811194,34.9371841901079],[-95.6861603815972,34.9376651899241],[-95.6851593810859,34.9382831907061],[-95.6846313808902,34.9383981906599],[-95.6844093813854,34.938375190505],[-95.6836303812229,34.9382371904486],[-95.683325380554,34.9380311908183],[-95.6831023810027,34.9380081906635],[-95.6825193809511,34.9380771902889],[-95.6821853807636,34.9382601906838],[-95.6815743803454,34.938787190831],[-95.6803513803699,34.9399541909614],[-95.680101380526,34.9407781913522],[-95.6801563803998,34.9410751916105],[-95.6802393797669,34.9412811912515],[-95.6803513804999,34.9417851911984],[-95.6802673802441,34.9423801917706],[-95.6800173803824,34.9429521912859],[-95.6799063806357,34.9430211917879],[-95.6792113799534,34.9440281916797],[-95.6790443803255,34.9443481921142],[-95.6788773797968,34.9446461915301],[-95.678155379596,34.9447381922272],[-95.678016379455,34.9448751922815],[-95.6780713802297,34.9451951918061],[-95.6784883798054,34.9455161922588],[-95.6786273799741,34.9457671921819],[-95.6784333800049,34.9462481919779],[-95.6784053796188,34.9464311923581],[-95.6783213802297,34.9465691924561],[-95.6774043800051,34.9470261920751],[-95.6770433794486,34.9469811927071],[-95.6764033794206,34.9466141919341],[-95.6754863791294,34.9461341922378],[-95.6749303794192,34.9460421925017],[-95.6747363794288,34.9462251919905],[-95.6747083790475,34.9464771928674],[-95.6745413794083,34.9466371921893],[-95.6744023792624,34.9467061926927],[-95.6734573785964,34.9465681926442],[-95.6730113786028,34.9466371922631],[-95.6728453790164,34.9468891922472],[-95.672705378873,34.9476441930353],[-95.6725463787119,34.9478951929728],[-95.6719563783486,34.9481461929311],[-95.6719563783688,34.9484301925902],[-95.6722613790433,34.9487141931338],[-95.672790378406,34.9488801927],[-95.6734293792805,34.9491551928109],[-95.6736513788064,34.9494751932267],[-95.6736513788194,34.9496581927062],[-95.6735123786849,34.9498871934228],[-95.6732623788021,34.9501621935765],[-95.6727063791276,34.9505741928933],[-95.6717613785495,34.951672193413],[-95.6717053786717,34.9519701937229],[-95.6717613785788,34.9520841936024],[-95.6716223784459,34.9523361935852],[-95.671288378247,34.9523591937669],[-95.6710373782771,34.9520611934717],[-95.6707033780765,34.9520611934878],[-95.6706763786361,34.9522441938679],[-95.6707033781188,34.952656194056],[-95.6700643782138,34.9533661936841],[-95.6697033785565,34.9533201942697],[-95.6696473786234,34.9528391935863],[-95.6693973778135,34.9527251937163],[-95.6689523778548,34.9526331939748],[-95.6670353779914,34.952679193499],[-95.6667573776996,34.9528161935601],[-95.6664513770217,34.9531371940477],[-95.6664383773215,34.9531831943794],[-95.6663683776904,34.9534341943126],[-95.66636837771,34.9537091944542],[-95.6667073772616,34.9539701939314],[-95.6668123776401,34.9540521941256],[-95.6667853772971,34.9541891941746],[-95.6665623777573,34.9543271942793],[-95.6661183778482,34.9542811939696],[-95.6655903776361,34.9541661940666],[-95.6653123773411,34.9542581947422],[-95.6648953769246,34.9547611946683],[-95.6641443772117,34.9553331942078],[-95.6636723769198,34.9555171946556],[-95.6613933764909,34.956043194837],[-95.6609843764324,34.9563651944765],[-95.6609603762183,34.9563591950992],[-95.66045837631,34.9562071952805],[-95.6601413760325,34.9566861949899],[-95.6598193764118,34.9570131948567],[-95.6584353752291,34.9576731949037],[-95.6574933756329,34.9579771955341],[-95.656902375219,34.9581691954588],[-95.6568443752286,34.9581871953956],[-95.6568343757422,34.959284195824],[-95.6568073756218,34.9625521960439],[-95.6563983755446,34.9626091960046],[-95.6553833752492,34.9627481961938],[-95.6549943752025,34.9628391968285],[-95.654549375278,34.9632281968738],[-95.6545323753953,34.9633171964986],[-95.6518703744115,34.9655231971389],[-95.6502693739901,34.9666401976706],[-95.6474833734632,34.967611197795],[-95.6460013731574,34.9686311983266],[-95.6447563730678,34.9698931983598],[-95.6412593719961,34.9715931989956],[-95.6389473718635,34.9725161986735],[-95.6360113706979,34.9737991997606],[-95.6347273706116,34.9752481994604],[-95.6338463703378,34.9768311999489],[-95.6334793705268,34.9785342005726],[-95.6328423707472,34.9797032007673],[-95.6317873704599,34.9807472005909],[-95.6309203698522,34.9811502013047],[-95.6319483708514,34.9824282010697],[-95.6334733706429,34.9840692014295],[-95.6349133718455,34.9851072017541],[-95.6364453719301,34.9863052013882],[-95.6374933720372,34.9872892019295],[-95.6387503728663,34.9885942020342],[-95.6394543732656,34.990379201906],[-95.6391153729885,34.9925602021759],[-95.6385093728425,34.9936532024477],[-95.6375223730135,34.9947342030816],[-95.6365823726574,34.9956932034608],[-95.6357523729173,34.9968132031948],[-95.6355933727919,34.9975642037986],[-95.6358213726596,34.9987722039586],[-95.6361503727232,35.0001022043661],[-95.6372743735867,35.0001022043118],[-95.6414703741283,35.0030172041716],[-95.6469803762494,35.0059142049331],[-95.6480703766493,35.0089092050495],[-95.6487283768062,35.0119832061462],[-95.6471503767077,35.0152762066986],[-95.6341133745874,35.026710208806],[-95.6324803736845,35.0292682095058],[-95.6320513737679,35.0319672103801],[-95.6328933742822,35.033894210524],[-95.6354733753047,35.0351072108014],[-95.6396603761197,35.0350982101821],[-95.6441643773099,35.0359782102374],[-95.648482378878,35.0370032107197],[-95.6518173798594,35.0384942103415],[-95.6551703808831,35.0414772106915],[-95.6661283843332,35.0512252118175],[-95.6657453876624,35.0944682201201],[-95.642007382106,35.1056822233524],[-95.6427973819092,35.1062312235507],[-95.6431863819333,35.1058262227674],[-95.6433533824767,35.1057342229965],[-95.6439103822484,35.1060322232765],[-95.6445793827257,35.1064442234331],[-95.6453583829297,35.1071542229922],[-95.6458593828271,35.1077952229674],[-95.6458873832312,35.1078642234626],[-95.6459433831351,35.107932223011],[-95.6465833832624,35.1096722234992],[-95.647056383622,35.1097862233583],[-95.6491173838652,35.1096952235416],[-95.650510384623,35.1098332235678],[-95.6508443848451,35.1101312238586],[-95.6511783850539,35.1102452237245],[-95.6517353847959,35.1101312238153],[-95.6522083851474,35.1101312237923],[-95.652570384866,35.1103832237507],[-95.6531003851694,35.1104752234878],[-95.6543533857233,35.1105212237579],[-95.6554953856428,35.1107962238439],[-95.6560793857723,35.1111622236736],[-95.6563863865244,35.111231223256],[-95.6564973862612,35.1110252236057],[-95.6571383863063,35.1109792232434],[-95.6590883867747,35.1105672229595],[-95.6602573870124,35.1103622233041],[-95.6609263874715,35.1105222234847],[-95.661956387588,35.1107282230796],[-95.6625413877654,35.1111172230747],[-95.6628483876215,35.1112322229881],[-95.6631543883404,35.1114842229492],[-95.6633493883984,35.1115982228218],[-95.6636833876997,35.1115982228056],[-95.6641023882498,35.1116672232818],[-95.664659388,35.1116672232547],[-95.6656343882589,35.1118042232549],[-95.6675833887485,35.1123312232776],[-95.668614389809,35.1125142236062],[-95.6698393900033,35.113109223215],[-95.6702013897235,35.1133842233389],[-95.6704523896805,35.1134982232088],[-95.6712323898979,35.1137502231468],[-95.6726243906158,35.1139792228895],[-95.6732093907833,35.1142312228371],[-95.6747133913734,35.1154902234968],[-95.6755773910093,35.1160162235259],[-95.6757083916923,35.1160702233216],[-95.6759503912309,35.1161692233968],[-95.6766073920399,35.1164282236648],[-95.6779443919828,35.1163372229839],[-95.6785853920411,35.1164742230004],[-95.6788633923526,35.1166122230808],[-95.6788633924119,35.1174362234589],[-95.6788823923974,35.1174872240206],[-95.6792013928019,35.1174902232446],[-95.6793443922385,35.1174842238592],[-95.6793423921734,35.1178682236513],[-95.6799223930118,35.1181682240227],[-95.6802843927386,35.1185342238632],[-95.6803403926525,35.1187402235053],[-95.68025639329,35.1192442234613],[-95.6801173931507,35.1194042236811],[-95.6796713931719,35.1196792238444],[-95.6793343928401,35.1197892235576],[-95.6793303927132,35.1206012242797],[-95.6793293926949,35.1209922243959],[-95.67911139248,35.1210212239505],[-95.6773313926706,35.1210142246124],[-95.677331392675,35.1210752247386],[-95.6771923925344,35.1212172241251],[-95.6771923925489,35.1214182244378],[-95.6771413921417,35.1236282251359],[-95.6771233922638,35.1244262252104],[-95.677217392174,35.1250862251857],[-95.6772213924061,35.1257322254164],[-95.6779203923945,35.1250152245623],[-95.6785343929498,35.1244642251025],[-95.6786743931531,35.1245502245806],[-95.6790583929833,35.1246732248607],[-95.6791753930159,35.1247102247694],[-95.6792533930378,35.1247382251627],[-95.6796153927292,35.1246122247074],[-95.6796283933312,35.1246012250968],[-95.6798103927681,35.1244622249477],[-95.6800053928196,35.1244852251038],[-95.6801173935186,35.1245082243645],[-95.6800893931327,35.1246932248372],[-95.6799333931225,35.1251032249412],[-95.6796923927689,35.1255302249372],[-95.6796373929439,35.1259142247319],[-95.6798323930169,35.126235225195],[-95.6803893936945,35.1266242251914],[-95.680834393655,35.1267392250981],[-95.6813083940577,35.1268072255253],[-95.6821723936508,35.1267392250329],[-95.682645393984,35.126487225034],[-95.6835643943323,35.1264642248237],[-95.6840103943078,35.1261442252751],[-95.68470839429,35.1259832249817],[-95.6857103949049,35.1261662244123],[-95.6859893952777,35.1265102250368],[-95.6863793953838,35.1266012247343],[-95.6871033947846,35.1266012246991],[-95.6873543956427,35.1267392247807],[-95.6878003956693,35.1271282247825],[-95.6882443955801,35.1271962252112],[-95.6892723955889,35.1271962251612],[-95.6905503964291,35.1276072252418],[-95.6908833965785,35.1275392247752],[-95.6913003961133,35.127287224779],[-95.6921893968673,35.1272402243584],[-95.6923553964781,35.1273322250124],[-95.6926613962779,35.127309224832],[-95.6933833964539,35.1268742244422],[-95.694022397299,35.1267372243636],[-95.6942993966433,35.1265762240906],[-95.6948263967662,35.1260952242787],[-95.6948543971571,35.1259802243489],[-95.6952983970365,35.1256142244693],[-95.6962143972473,35.1256142244248],[-95.697132397564,35.1257962238131],[-95.6980483977748,35.1257962237685],[-95.6982433978311,35.1258872243749],[-95.6987143980914,35.1259102245174],[-95.6991313985339,35.1257732244496],[-95.6998263983624,35.1254112238436],[-95.7013213984425,35.125387223559],[-95.7013153989481,35.1237852240335],[-95.7012863984,35.1223632229502],[-95.7012803989518,35.1214022234242],[-95.7012793988903,35.1211932227411],[-95.7012733985054,35.119714222615],[-95.7012733983996,35.1182452229516],[-95.7012703981223,35.1163282223318],[-95.7012913981711,35.1159702219438],[-95.7032673989764,35.1159862216891],[-95.7055923988778,35.1159822222901],[-95.7058633988546,35.1159802221844],[-95.7073983998913,35.1159692216004],[-95.7083093998703,35.1159702216023],[-95.7106544007002,35.1159802219513],[-95.7119594009627,35.1159602218611],[-95.7123544012937,35.115954221564],[-95.7136454009086,35.1159582216864],[-95.7216444031373,35.1159942211652],[-95.7216794029758,35.1161882211521],[-95.7217324036666,35.1166272216893],[-95.722205404046,35.1170162216898],[-95.7225124039234,35.1174282218639],[-95.7226794036021,35.1178172218792],[-95.7227074040342,35.1182752214986],[-95.7232924042281,35.1188932213041],[-95.7233764036368,35.1190302213475],[-95.7235154037975,35.1191672213884],[-95.7237114039168,35.1194882218514],[-95.723739404334,35.1197392217796],[-95.7239344043986,35.119945221415],[-95.7241854043804,35.1204032219228],[-95.7245754045031,35.1207232223301],[-95.7249374042183,35.1209292219573],[-95.725049404942,35.1212952218098],[-95.725494404914,35.1215702219296],[-95.7258854050747,35.1217752224084],[-95.7259684053347,35.1218902223327],[-95.7260244052486,35.1220962219748],[-95.7261084046672,35.1223702220659],[-95.726108404682,35.1225762226101],[-95.7265824051045,35.1229192222795],[-95.7271674052769,35.1232402227235],[-95.7277524054212,35.1231712221984],[-95.7278634051646,35.1230562222646],[-95.7280314057626,35.123079222422],[-95.7282544053303,35.123331222387],[-95.7281994055123,35.1238112221297],[-95.7278374058735,35.1246652221157],[-95.7272624053203,35.1251032226371],[-95.7266324058386,35.1258862229463],[-95.7256864051904,35.1266412228738],[-95.7251294054866,35.1272822229003],[-95.7250734047047,35.1275112227134],[-95.7247954053108,35.1276262235546],[-95.7245444053637,35.1276492228331],[-95.724377404827,35.1278322232198],[-95.7241544053137,35.1283352231362],[-95.7239594052771,35.1285182235243],[-95.7238764050386,35.128702223054],[-95.7237654052986,35.1288622232725],[-95.7237654053068,35.1289762231545],[-95.7238484046642,35.1290452236471],[-95.7239044045847,35.1293422239051],[-95.7237374049506,35.1295712237236],[-95.7234034047566,35.1296632235026],[-95.7220944043271,35.1299382237078],[-95.7214814046763,35.1299152235721],[-95.7211744039392,35.130053223681],[-95.7205624043414,35.1301222242074],[-95.7196144035328,35.1299392238749],[-95.7186674036864,35.1299852242521],[-95.7182494032026,35.1301912239173],[-95.7181944033598,35.1303282239675],[-95.7179584032227,35.130541223948],[-95.7189294032862,35.1305432239933],[-95.7189144037696,35.1344172243874],[-95.7189324037794,35.135448225355],[-95.7189084045368,35.136442225511],[-95.7189254045249,35.1378122250865],[-95.7189194042896,35.1384072256544],[-95.7189194043146,35.138754225532],[-95.7189254046647,35.1397492257328],[-95.7189264047941,35.1408992259154],[-95.7189204045358,35.1411752261034],[-95.7189074048721,35.1417262264332],[-95.718923404873,35.1439162262016],[-95.718920404786,35.1446382263539],[-95.7189454050771,35.1450682264758],[-95.7189854051332,35.1450652263349],[-95.7198984052063,35.145085226317],[-95.7228064060665,35.1451212260433],[-95.7245074058093,35.1451272262382],[-95.727239406597,35.1451022258469],[-95.7282754069758,35.1450892260938],[-95.7302554079621,35.1450442257125],[-95.7321964080398,35.1450082257498],[-95.7346814090651,35.1449942258798],[-95.736479409707,35.1449752258118],[-95.7364864091582,35.1453332261983],[-95.7364864091862,35.1457202261292],[-95.7364884095751,35.1498172269539],[-95.736512409881,35.1510932266736],[-95.7364874097127,35.1523622269709],[-95.7275314071632,35.1522232272676],[-95.7275414078496,35.1553022277254],[-95.7274304084983,35.1608362294351],[-95.7274674090203,35.169192230489],[-95.7274854093349,35.1744292319315],[-95.7275284102185,35.1839252336033],[-95.7275414104567,35.1912992350586],[-95.7269734101825,35.1911082343374],[-95.7267204101348,35.1910232349111],[-95.7242644094882,35.1901172344541],[-95.722150408532,35.1894612347631],[-95.7189674083671,35.1888532346486],[-95.7182784078949,35.1889002350596],[-95.7172044075567,35.1889722348482],[-95.7161644070193,35.1893582347835],[-95.7147874071556,35.1913162355696],[-95.7136324068719,35.1943312358189],[-95.7123894069885,35.1971362362425],[-95.7098324064623,35.2004722370328],[-95.7082704060694,35.2018252376967],[-95.7071604058901,35.2023072375835],[-95.7037754054017,35.2024042377433],[-95.6971754033447,35.2030042379656],[-95.6934474023114,35.2041102389911],[-95.6912124021274,35.204674239132],[-95.6893984016596,35.2049302393817],[-95.6879284009457,35.2050332388263],[-95.6868314004324,35.2049992391045],[-95.6857544008349,35.2048042391222],[-95.6843244001457,35.2044712390635],[-95.6829153995328,35.2041622392154],[-95.6812903996873,35.2037492390596],[-95.6806923989238,35.2035952391536],[-95.6799873985959,35.2034652394646],[-95.6798303985132,35.2035132389966],[-95.6791143986102,35.2038752396036],[-95.6786323987904,35.2045592398186],[-95.6781973984797,35.205623239638],[-95.677468398927,35.2067272395251],[-95.6767013984839,35.2074522398536],[-95.6755143983309,35.2079342406434],[-95.6744433981656,35.2084732404692],[-95.6741963975351,35.2089162403069],[-95.6742343975268,35.2093032402358],[-95.6745953981142,35.2097722403481],[-95.6752813984797,35.210168240662],[-95.6765343981499,35.210428240947],[-95.6774943986186,35.2106472402474],[-95.6791083988698,35.2112872410208],[-95.6804963994626,35.2123452404733],[-95.6814723998408,35.2134842409981],[-95.6823394005887,35.21501824093],[-95.6827744001779,35.2164042412256],[-95.6809744006747,35.2210042420432],[-95.6768743996728,35.2248042437068],[-95.6720733984434,35.2273042436735],[-95.6650733967941,35.228904244348],[-95.6649953967761,35.2289302446562],[-95.6574733952643,35.231404245351],[-95.6507723932152,35.234704246476],[-95.6432723918986,35.2382042470073],[-95.6358743898885,35.2413242479269],[-95.6349723903543,35.2417042484771],[-95.6315723893513,35.2443042494079],[-95.6280713881538,35.2468042493111],[-95.6252713878724,35.2477042497474],[-95.6251713877242,35.2476042496191],[-95.6249713874498,35.247704249762],[-95.6246713879338,35.2478042499099],[-95.6242713873849,35.2480042501958],[-95.6231713876486,35.248204250516],[-95.6223713874282,35.248304249789],[-95.6210713865181,35.2486042502521],[-95.6195713862255,35.2489042507251],[-95.6182713862075,35.2491042501557],[-95.6166713857813,35.2495042507667],[-95.6156713852865,35.249704251082],[-95.614771384918,35.249704251126],[-95.6139713855897,35.2497042511652],[-95.6133713847445,35.2497042511946],[-95.6127713847986,35.2497042512239],[-95.612471384376,35.2497042512386],[-95.6120713847191,35.2498042513914],[-95.6115713849141,35.2498042514159],[-95.6112713844915,35.2498042514306],[-95.610871383928,35.2498042514501],[-95.6102713839748,35.2497042513463],[-95.6091703841484,35.2493042508675],[-95.60807038344,35.2485042507553],[-95.6071703830278,35.2479042508996],[-95.6060703832187,35.2471042507874],[-95.6052703829184,35.2461042503941],[-95.6046703820004,35.2451042508904],[-95.6040703819818,35.2441042504873],[-95.6036703822377,35.2430042499413],[-95.6035703820024,35.2417042500135],[-95.6033703816261,35.2404042500907],[-95.6034703816944,35.2394042496533],[-95.6039703814122,35.2382042489301],[-95.6045703821702,35.2370042491013],[-95.6052703821916,35.2361042487678],[-95.6067703824333,35.2351042482619],[-95.6077703820143,35.2347042485796],[-95.6087703825019,35.2344042481312],[-95.6101703826536,35.2341042485625],[-95.6117713831262,35.2337042479515],[-95.6134713836787,35.2331042479686],[-95.6154713846393,35.2323042477048],[-95.6172713844261,35.2316042475838],[-95.6181713847655,35.2312042470071],[-95.6188713848304,35.2309042474727],[-95.6198713853034,35.2304042467579],[-95.6201713857115,35.2302042473762],[-95.6206713854875,35.2298042468191],[-95.6217713860868,35.2291042467324],[-95.6226713855051,35.2284042466554],[-95.6229713858914,35.2279042468742],[-95.6229713858769,35.2277042466078],[-95.6229713858696,35.2276042464746],[-95.622471385854,35.2247042462343],[-95.6215713854275,35.2239042461122],[-95.6208713852899,35.2232042461134],[-95.6194713841446,35.2222042457494],[-95.6180713839348,35.2217042451519],[-95.6168713840214,35.2214042457104],[-95.6153713836925,35.2212042455173],[-95.6140713827533,35.2211042454477],[-95.6128713828615,35.2211042455063],[-95.6097233816292,35.2206162455498],[-95.6088503816037,35.2204812456375],[-95.608428381814,35.220417245393],[-95.6081433811872,35.2204102459822],[-95.6069183810333,35.2203812455987],[-95.6056543808695,35.2203542462091],[-95.6023493796146,35.2207452464866],[-95.5993873790156,35.221657246587],[-95.5962083783092,35.2234442467391],[-95.5950703786498,35.2242042469076],[-95.594270378473,35.2249042469797],[-95.5930703777762,35.2262042478704],[-95.5921703774657,35.2270042480805],[-95.5911703779282,35.2280042476626],[-95.5902693776076,35.2293042485387],[-95.5892693771926,35.2306042485204],[-95.5883693768966,35.2316042489969],[-95.5875693767488,35.2327042487023],[-95.5862693768178,35.2341042497311],[-95.5846693764423,35.2352042494757],[-95.5836693759981,35.236104249824],[-95.5822693759044,35.2372042504581],[-95.5812693754531,35.2380042506731],[-95.5802693758938,35.238704250755],[-95.5792693754279,35.2393042507037],[-95.5777693751933,35.2404042513427],[-95.5758693744241,35.2419042516347],[-95.5758693744314,35.2420042517679],[-95.5757693742905,35.2420042517727],[-95.5744693743304,35.2430042513695],[-95.574069374688,35.2433042517887],[-95.5726693736876,35.2443042522896],[-95.5715493739529,35.2449162519004],[-95.5703773736034,35.245503252155],[-95.5689553733246,35.2457212524249],[-95.567422372391,35.2458862520451],[-95.5673973730304,35.2458892521852],[-95.5673683725851,35.2458922523255],[-95.5672633731125,35.24590325284],[-95.5659083723346,35.2459982528079],[-95.5654333718906,35.2460032521633],[-95.5652503723973,35.2460052522649],[-95.5652193718592,35.2460082524052],[-95.5652083722486,35.2460102524984],[-95.5648763721439,35.2460562528457],[-95.5643683719717,35.2461102526727],[-95.5640953719054,35.2461582531097],[-95.5640803721093,35.24616125235],[-95.5638693722193,35.2461972531277],[-95.5631513713097,35.2463622527081],[-95.5631393716527,35.2463652528475],[-95.5631233718103,35.2463692530335],[-95.5629633715876,35.2464062529558],[-95.5629443716061,35.2464102531418],[-95.5619633711142,35.2469032526324],[-95.5616413714818,35.247066253],[-95.5615903709172,35.247092253307],[-95.5613843712641,35.2471972527824],[-95.5605643710455,35.247710253191],[-95.5597843708744,35.2481032534378],[-95.5590183704495,35.2484442530751],[-95.5586743706955,35.2485972529809],[-95.5578633708865,35.2490042538774],[-95.5576653707039,35.249093253511],[-95.5576313709269,35.2491082533078],[-95.557607370714,35.2491192538182],[-95.5575833705011,35.2491302534293],[-95.556962370501,35.2494102538326],[-95.5565683702209,35.2494832536344],[-95.5565413698685,35.2494882538671],[-95.5564253698865,35.2495102539921],[-95.5557393704632,35.2497072541531],[-95.5552643700258,35.2498032541243],[-95.5552493702297,35.2498062533646],[-95.5548653695088,35.2498052542365],[-95.5545273700365,35.2500072537126],[-95.5544483699736,35.2500542540938],[-95.5543683698644,35.2501032536684],[-95.553268369214,35.2501032537222],[-95.5527683694234,35.250303254013],[-95.5521683694847,35.2504032541755],[-95.5516683687948,35.2506032544663],[-95.5511683689969,35.2507032537246],[-95.5504683689173,35.2508032538921],[-95.5498683689786,35.2509032540546],[-95.5489683686171,35.2510032542318],[-95.5480673682093,35.251103254409],[-95.5472673679815,35.2511032544482],[-95.546467367761,35.2512032546205],[-95.5459673679631,35.2513032547781],[-95.5451673677498,35.2515032541843],[-95.5440673671138,35.2517032545044],[-95.5432673669006,35.2519032548099],[-95.5423673665537,35.2522032552535],[-95.5414673662068,35.2525032547978],[-95.540667366008,35.2529032553697],[-95.5395673662859,35.2533032550569],[-95.5385673658199,35.2539032550056],[-95.5375673653539,35.2545032558536],[-95.5364673656318,35.2549032555408],[-95.5353673650249,35.2555032554944],[-95.5346673649743,35.2560032561946],[-95.5337673646346,35.2564032558721],[-95.5330673645695,35.2567032563059],[-95.5325673647788,35.2569032565967],[-95.531867364721,35.2573032562643],[-95.5312673638974,35.2576032566932],[-95.5306673639877,35.2581032564892],[-95.5305673638541,35.2582032566273],[-95.5280663640134,35.2600032573484],[-95.5268663632656,35.2606032573069],[-95.525866362785,35.2610032569892],[-95.5245663627883,35.2615032577187],[-95.5234663621668,35.261903257406],[-95.5226663619535,35.2621032577115],[-95.5216663623649,35.26240325816],[-95.5207663620034,35.2625032574379],[-95.5199663617683,35.2624032582431],[-95.5192663616813,35.2624032582774],[-95.5180663608898,35.2624032583361],[-95.5169663611458,35.2625032576237],[-95.5159663606506,35.262703257939],[-95.5149913604365,35.263191258097],[-95.5149663601773,35.2632032586538],[-95.5149113603283,35.2632532582735],[-95.5139663606324,35.2641032581028],[-95.513266359726,35.2652032587028],[-95.5129663602681,35.2661032590169],[-95.5129663603481,35.2672032586834],[-95.5131663606808,35.2679032596059],[-95.5133663601215,35.268703258863],[-95.5133803607722,35.2687242589352],[-95.5134403608634,35.2688152595481],[-95.5135013601016,35.2689062592616],[-95.5137663607287,35.2693032596425],[-95.5143663607403,35.2702032599125],[-95.5150663608927,35.2711032592783],[-95.5155663616482,35.2718032601862],[-95.515866361208,35.2723032599381],[-95.5164663612268,35.2733032603413],[-95.5169663619822,35.2740032603498],[-95.5174663618457,35.2748032604915],[-95.5176613619383,35.2753892606329],[-95.5177663623339,35.2757032607762],[-95.5179613624263,35.276287260825],[-95.5180663619228,35.2766032601615],[-95.5184663625738,35.2778032608408],[-95.51876636217,35.2788032612586],[-95.5190583622726,35.2795032612773],[-95.5191143631025,35.2799352614901],[-95.5191743623213,35.2803982613394],[-95.5191253627715,35.2807362608028],[-95.5191233626798,35.280750261451],[-95.5191223626341,35.2807592609684],[-95.5191203625422,35.2807712615241],[-95.5190733630838,35.2810902610069],[-95.5190723630383,35.2811032616089],[-95.5190643626744,35.2812002616036],[-95.5187583629289,35.2819712613413],[-95.5187493625132,35.2819942615073],[-95.5187123626028,35.2820882613645],[-95.518668362369,35.2821982610635],[-95.51863036241,35.2822622613305],[-95.5185933624973,35.2823242615048],[-95.5180673624498,35.2832052618495],[-95.5178663630415,35.2834882614718],[-95.5173673624346,35.2841912616681],[-95.5168953621693,35.2847412619741],[-95.5168823624669,35.2847562617698],[-95.5166753627774,35.2849982621922],[-95.5157753624669,35.2857982624024],[-95.5155983623633,35.2859492622075],[-95.5149623616865,35.2864912621511],[-95.5144643620037,35.286898262133],[-95.5135793614958,35.287785262773],[-95.5131313614291,35.2881272624411],[-95.5131223619115,35.2881342627656],[-95.5131133614946,35.2881412630901],[-95.5127593612853,35.2884112630174],[-95.5119703616176,35.2890982633864],[-95.511802361936,35.2893122634098],[-95.5117913614269,35.2893262631593],[-95.5112633612715,35.2899982637203],[-95.5107643615777,35.29089126372],[-95.510362360965,35.2914912636394],[-95.5101173613266,35.2919352635233],[-95.509968361631,35.2922052634405],[-95.5094693610384,35.2931052637643],[-95.5093293608673,35.2934642642043],[-95.5093163611662,35.2934972639341],[-95.5093063616037,35.2935242642853],[-95.5092993612805,35.293543264266],[-95.5091643613405,35.2938922642428],[-95.5086653607625,35.2949922639335],[-95.5080703611221,35.2960052640977],[-95.5075793608996,35.2968922647185],[-95.5073103610344,35.2971552652168],[-95.5069523606453,35.2975052652508],[-95.5062763608157,35.2981052651837],[-95.505367360081,35.2988122655853],[-95.5049353607541,35.2991242656622],[-95.5049263603371,35.2991302650411],[-95.5045553602386,35.299398265776],[-95.5036623602308,35.2998982655863],[-95.5027543595128,35.300198265131],[-95.5019653598096,35.300398265436],[-95.5018003593555,35.3004432657289],[-95.5017893597449,35.3004462658683],[-95.501766359578,35.3004522652479],[-95.5011693597827,35.3006122654902],[-95.5004133598164,35.3008842655297],[-95.5003733597611,35.3008982661799],[-95.5002643592028,35.3008982661852],[-95.5001543594967,35.3008882657277],[-95.5001213588654,35.300884265544],[-95.4999713591028,35.3008722658952],[-95.499687359419,35.3008302657632],[-95.4994723593385,35.3007982660909],[-95.498667358886,35.3008982662635],[-95.497669358469,35.3008982663124],[-95.4970733587083,35.3008982663416],[-95.4970393589309,35.3009082659069],[-95.497028358421,35.3009112660463],[-95.4966943582275,35.3010122662422],[-95.4962363585706,35.3010022658016],[-95.4957783580145,35.3009922662604],[-95.4950933577174,35.3009052658634],[-95.4942883581568,35.3009052659028],[-95.4940763573183,35.3009022657743],[-95.4933713578979,35.3008922662452],[-95.4929133573432,35.3009022658313],[-95.4927753572389,35.3009052659769],[-95.4920673567808,35.3009052660116],[-95.4919413572308,35.3008782665664],[-95.4919263574343,35.3008752664282],[-95.4915753573388,35.3007982664778],[-95.4911813570461,35.3006982663639],[-95.4903763565789,35.3005982662702],[-95.4896603566419,35.300498266172],[-95.4888873567667,35.3004982662099],[-95.4880833563386,35.3002982659829],[-95.4870843558606,35.3000982666648],[-95.4862633555434,35.2998982664387],[-95.4855473556064,35.2997982663406],[-95.4848713548186,35.2995922667288],[-95.4840493553544,35.2993922665028],[-95.4833583547781,35.2992922664034],[-95.4828683545277,35.2991612666576],[-95.4828543547775,35.2991572664731],[-95.4828413550737,35.2991542663348],[-95.482657354631,35.2991052667733],[-95.4817713539974,35.2989052665503],[-95.4812453538784,35.2988042663965],[-95.4806553543813,35.2986032661128],[-95.4801633540404,35.2985032660037],[-95.4800643539459,35.2985032660085],[-95.4706633512337,35.2956032662038],[-95.468963350593,35.2950032663871],[-95.4667633501397,35.2943032664618],[-95.4653483501348,35.2938312662622],[-95.4649633493581,35.2937032666501],[-95.4630633493421,35.2932032660772],[-95.4616633491533,35.2930032658793],[-95.4606633486507,35.2931032660615],[-95.4590633482236,35.2935032666725],[-95.4576623480249,35.2938032662414],[-95.4558623473233,35.2943032669954],[-95.4535623468382,35.2951032672742],[-95.4523623460828,35.2956032670997],[-95.4516533464983,35.2958872676925],[-95.4512573461301,35.2960252669064],[-95.4512843463812,35.2946272669316],[-95.4512783460208,35.2935002669147],[-95.4512453462393,35.2928162667247],[-95.451111345865,35.2865612658192],[-95.451112345881,35.2861442653987],[-95.451097345041,35.2841602652749],[-95.4510733455808,35.2821552650785],[-95.4510563444806,35.2778692635972],[-95.4510393444298,35.2756442640067],[-95.4510343450099,35.2744432632616],[-95.4510203442901,35.2734722632729],[-95.4510103446783,35.2728212628109],[-95.4510043443699,35.2724062633825],[-95.4510183439817,35.2705052626034],[-95.4510073442968,35.2694862621909],[-95.4510063442423,35.2693732623552],[-95.4510123445038,35.2691432624981],[-95.4510133445485,35.2691202623325],[-95.4510133445475,35.26910726263],[-95.4510293443479,35.2685252626634],[-95.4510083442718,35.2685032625452],[-95.4509853440987,35.268424262486],[-95.4509433439441,35.268349262613],[-95.4509463440764,35.2682542627111],[-95.4509483441649,35.2681952626774],[-95.4509573445594,35.2678822625748],[-95.450942343799,35.2669892617007],[-95.4509293440802,35.2667802619176],[-95.4509113441237,35.2664902619818],[-95.4508943442275,35.2663922619421],[-95.4511163437002,35.2659682620859],[-95.4511093440331,35.2626402608906],[-95.4511593435946,35.2618232608341],[-95.4510123431211,35.2501032587189],[-95.4510613414283,35.2326262553543],[-95.4510623414446,35.2322112559255],[-95.4510643415155,35.2319092554332],[-95.4510303414857,35.2284362547202],[-95.4510233411162,35.2278162547938],[-95.451015341294,35.2229762537422],[-95.4510113410829,35.2226232535869],[-95.4510103407185,35.2182292533988],[-95.4510103407177,35.2182182528895],[-95.4510113407613,35.2181802529288],[-95.4510113407557,35.2181032529611],[-95.4510103406797,35.2176932528646],[-95.4510093403799,35.2141912526057],[-95.4510123403712,35.2121492515937],[-95.4510093401066,35.2104132512596],[-95.4509993392709,35.2052702505684],[-95.4509833393942,35.2048002503926],[-95.4509943397592,35.2027932501014],[-95.4551973404211,35.2027962500355],[-95.4551973404132,35.2026872503849],[-95.45517734003,35.1977752495972],[-95.4551753399131,35.1974412494221],[-95.4551733397713,35.1967632486088],[-95.4551533393643,35.1915192477384],[-95.4551453397819,35.1899862478097],[-95.4550603394113,35.1896262473342],[-95.4551023394076,35.187511247437],[-95.4550783391537,35.1869542468309],[-95.4550913396943,35.1860912473442],[-95.4550923388367,35.1860262470327],[-95.4550963390053,35.1857922469905],[-95.4550843393273,35.185504247147],[-95.4550883394829,35.185090246865],[-95.4550793390423,35.1847682463464],[-95.4550763388959,35.1846672470664],[-95.4550543387137,35.1838182464309],[-95.4550513394697,35.18376124649],[-95.4550403389474,35.1835912467137],[-95.4550423389716,35.1826422459438],[-95.4550383387664,35.182369245895],[-95.4550263390429,35.1814502465147],[-95.4550033387962,35.1803512459958],[-95.4550093389854,35.1791172455205],[-95.4549843386174,35.1776212455069],[-95.4549903387261,35.1752712446237],[-95.4550823384366,35.1744472451401],[-95.4550763380879,35.1734702448728],[-95.4550423376675,35.1645632434835],[-95.4550253374999,35.1606972425598],[-95.4550253374775,35.1603872425964],[-95.4536253373031,35.1603822424329],[-95.4525873368412,35.1605422426966],[-95.452471336856,35.1605192425367],[-95.451598336841,35.1605342423742],[-95.4502923365277,35.1605092421796],[-95.4488763356106,35.1604962425458],[-95.4484293355646,35.1604862430039],[-95.44823233542,35.160460242709],[-95.4481683360478,35.1604402426854],[-95.4463233350217,35.1604382426825],[-95.4458673354583,35.1604382427047],[-95.4457173347965,35.1604282431483],[-95.4446183350913,35.1604252430628],[-95.4431183338754,35.1604042430627],[-95.4425613341237,35.1603902433409],[-95.4424873342878,35.1603702433179],[-95.4379613330355,35.1603612431211],[-95.4378553326162,35.1603592430336],[-95.4337363322513,35.1603392432071],[-95.4297553310909,35.1603102438564],[-95.4236103293999,35.1602942434142],[-95.4210773288422,35.1602812438346],[-95.4202193286231,35.1602912443393],[-95.4201983285485,35.1602912443403],[-95.4201653279175,35.1602912443419],[-95.4140993271912,35.1602632442394],[-95.4140743269316,35.1602692445185],[-95.4023603232791,35.1602032447296],[-95.401100323302,35.1602032447908],[-95.3936833210771,35.1601882453557],[-95.349532309607,35.1600272472389],[-95.3495303084815,35.1456632450021],[-95.3495753084027,35.1405542440811],[-95.3494893080686,35.128821241352],[-95.3495113070909,35.1260432413354],[-95.3495063077549,35.1259942408656],[-95.3495073078002,35.1259792410705],[-95.349513307136,35.1253792411698],[-95.3495083076486,35.1232202410352],[-95.3495003072324,35.1225892405992],[-95.3495013068556,35.1166882389838],[-95.3495013068397,35.1164662394973],[-95.3494773065829,35.1158652395517],[-95.3495313061833,35.1129922387323],[-95.3494933060707,35.1109132387059],[-95.3494703064318,35.1057372373833],[-95.3494643060635,35.1044802367422],[-95.349468306226,35.1041582371222],[-95.3494813058407,35.1029182372674],[-95.3494673057325,35.09791523586],[-95.3494693057909,35.0974342360731],[-95.3494723049962,35.0969522353405],[-95.3494683055063,35.0941062348745],[-95.3494663053467,35.0931722347986],[-95.3494633051017,35.0916932346708],[-95.3494653051869,35.0915872351589],[-95.3494543046713,35.0915112343387],[-95.3494583045578,35.0873312341622],[-95.3494433044574,35.0830792333511],[-95.3494163023507,35.058526228814],[-95.3493043025422,35.058380228355],[-95.3493503028602,35.0581482284032],[-95.3493373022169,35.0575812282324],[-95.3493283026733,35.0572242287911],[-95.349307302514,35.0560362286473],[-95.3493063023785,35.0547862283298],[-95.3493283024383,35.0539302282667],[-95.3493303025278,35.0538852279818],[-95.3493303025252,35.0538482280674],[-95.3493313025689,35.0538102281066],[-95.3493303024921,35.0533842281682],[-95.3493313025239,35.0531792276701],[-95.3493743013098,35.0460232264012],[-95.3493743013084,35.0460042264209],[-95.3493863017172,35.0439332258625],[-95.3493863017139,35.0438872264307],[-95.3494443006724,35.0293822230519],[-95.3494443006669,35.0293052230841],[-95.3823593090572,35.0293212213396],[-95.3884883109042,35.0293222210905],[-95.4007063136424,35.0293242205941],[-95.4158553174075,35.0293272200025],[-95.4189603184103,35.0293272198528],[-95.4245143196713,35.0293282196312],[-95.4375133235531,35.0293262189117],[-95.446735325845,35.0293252184205],[-95.4540333279438,35.0293242180221],[-95.4544753277572,35.0293242180007],[-95.4546733279463,35.0293242179912],[-95.4679013316542,35.0293132177429],[-95.4679413317106,35.029313217741],[-95.4740003330071,35.0293062171245],[-95.4740863333981,35.0293062171203],[-95.4758803338571,35.0293052169874],[-95.4810543345813,35.0292992173592],[-95.4940023378934,35.029285216086],[-95.5060773411894,35.0292732158467],[-95.5065253412809,35.029273215825],[-95.5077333415437,35.0292712156741],[-95.5077453421002,35.0292712156736],[-95.507744342002,35.0285462153818],[-95.5077403417039,35.0269672151209],[-95.5077403416931,35.0268162153243],[-95.507738341516,35.0256342154577],[-95.5077383415082,35.0255252149077],[-95.5077383414987,35.0253912149989],[-95.5077173405815,35.0135742128736],[-95.5077033403123,35.0062872118395],[-95.5077043402991,35.0054512109049],[-95.5077003400752,35.0049132111772],[-95.5076923393969,35.0005972101009],[-95.5076883390497,34.9983272102228],[-95.507681339296,34.993713208839],[-95.5076803392189,34.9932822086692],[-95.5076743387655,34.990820208895],[-95.5076723385794,34.9895082084052],[-95.5076723385683,34.989352208377],[-95.5076713384718,34.9886462080655],[-95.5076703383902,34.9881522085762],[-95.5076723384747,34.988036207702],[-95.5076693383006,34.9875452083516],[-95.5076703383311,34.9873212078731],[-95.5076683381987,34.9867642081649],[-95.5076653388738,34.9855672076036],[-95.5076613385292,34.9833302074546],[-95.5076603384406,34.9827362069326],[-95.5076453381017,34.9751022060196],[-95.5076323369567,34.9674732044384],[-95.5076323369529,34.9674192046362],[-95.5076273374554,34.9650962041027],[-95.5076283374715,34.9646692041179],[-95.5076323365835,34.9622162029609],[-95.5076173365629,34.9590562023461],[-95.5076133362464,34.9572092022672],[-95.5076123361403,34.9563692020467],[-95.5075993359417,34.9493902008819],[-95.5075973358202,34.9489842009702],[-95.5075963356903,34.947806200389],[-95.5075833354561,34.9403211991788],[-95.5075753346093,34.9336041984526],[-95.5075743345453,34.9333571978085],[-95.507575334573,34.9330931981759],[-95.5075733344005,34.9319661981573],[-95.5076283351222,34.9315391981699],[-95.5076283351202,34.9315111977729],[-95.507635334539,34.9314191980096],[-95.5076553345502,34.9311781976423],[-95.5076673350962,34.9310311980303],[-95.5075263346384,34.9280051973301],[-95.5076033345811,34.9275691969249],[-95.5075873347326,34.9274871967265],[-95.507548334708,34.9272811970832],[-95.5075643345214,34.9268671968002],[-95.5075673346555,34.9267961971101],[-95.5075603342958,34.9263011966753],[-95.5075563340906,34.9260221963485],[-95.5075393341164,34.924819196409],[-95.5075363331307,34.912853194574],[-95.5075563331561,34.912814194566],[-95.507561333384,34.912758194671],[-95.5075353330472,34.9123281945485],[-95.5075523328433,34.9110131939184],[-95.5075743329358,34.9106111941908],[-95.5075453333456,34.9099891941722],[-95.5075333320813,34.8999731917894],[-95.5075333320473,34.8994921920023],[-95.5075233319529,34.8919871907639],[-95.5076223319296,34.8903191899739],[-95.5075593315997,34.8888121894513],[-95.5075143312365,34.887750189746],[-95.50751833141,34.8875801899688],[-95.507521331538,34.8874231898942],[-95.5075273317795,34.8869021891542],[-95.5075273317501,34.8864851896324],[-95.5075273317227,34.8860971896546],[-95.5075173311922,34.8851511890232],[-95.5074893316005,34.883849188997],[-95.5075163305403,34.8765651871967],[-95.5075003305946,34.8751041870029],[-95.5074723304351,34.8657441853143],[-95.5074683301484,34.864308185378],[-95.5074633298153,34.8628711853955],[-95.5074833296754,34.8604841845945],[-95.5074763289665,34.8550261837014],[-95.5074763289607,34.8549431834558],[-95.5075303296663,34.8549431834532],[-95.5075953290833,34.8549431834501],[-95.5076443295571,34.8549431834478],[-95.5098863301057,34.8549231833139],[-95.51235533039,34.8549101834932],[-95.5137183306474,34.8549271833158],[-95.5139653313106,34.854934183628],[-95.5140093306532,34.8549351836723],[-95.5141103308404,34.8549351836674],[-95.5141103308319,34.8548141834611],[-95.5141113307917,34.8535841831698],[-95.5141133306487,34.8502341827491],[-95.5141153305516,34.8475361819388],[-95.5141173304194,34.8443381813611],[-95.5141183303029,34.8420231811965],[-95.5141223304564,34.8415671807681],[-95.5141173302183,34.8414791811905],[-95.5141113299333,34.8413831812427],[-95.5141033304517,34.84124218101],[-95.5141063296834,34.8411261810351],[-95.5141313298763,34.8401711808844],[-95.5141353300513,34.8400231803271],[-95.514134329923,34.838857180301],[-95.5141343299132,34.8387171801143],[-95.5141493296588,34.8379961800063],[-95.514150329701,34.8379371799726],[-95.5141603301329,34.8374841796827],[-95.5141633293334,34.8369251798814],[-95.5141643293581,34.8366171800101],[-95.5141713296453,34.8360841796137],[-95.5141793299687,34.8354061796984],[-95.514221329087,34.8335361794508],[-95.5141853291075,34.8319901789195],[-95.5141533293743,34.8313091788672],[-95.5141593295133,34.8293271788316],[-95.5142253288983,34.8282111784192],[-95.5142453288559,34.8272061777524],[-95.5142333291902,34.8270841783997],[-95.514182328607,34.8268451781283],[-95.5141823285935,34.826653178232],[-95.5142203294327,34.8263161779156],[-95.5142043286174,34.8252721781428],[-95.5142093287977,34.8245381774334],[-95.5142253284615,34.8219901772719],[-95.514228328592,34.8218671769729],[-95.5142393290626,34.8213041769859],[-95.5141313285108,34.8207351767268],[-95.5141323284138,34.8186941766576],[-95.5142413280661,34.8185991767505],[-95.5144143288838,34.8184491769919],[-95.5149873284573,34.8181701766374],[-95.5150253284196,34.8181521767015],[-95.5151363290481,34.8178321762694],[-95.5153303290451,34.8177401764972],[-95.5157193290792,34.817466176383],[-95.5162463292272,34.8173281762637],[-95.5164683287225,34.8172141763709],[-95.5167183286089,34.8169851765481],[-95.5174953295589,34.8168481764632],[-95.5185503290391,34.8171001763892],[-95.5196893297056,34.8171921760978],[-95.5202443302722,34.8173301761655],[-95.5207713304186,34.8171701759269],[-95.5212163303356,34.8166661759529],[-95.52143832981,34.8162541757526],[-95.5215213300345,34.8158651757244],[-95.5215773298789,34.8150871756734],[-95.5218833305636,34.814858175848],[-95.5219663299065,34.8147211757962],[-95.5219943302784,34.8143321757707],[-95.522327330423,34.8141941756607],[-95.5227163304506,34.8138281748842],[-95.5226883300305,34.8135311755236],[-95.5226333301715,34.8134391748639],[-95.522577330258,34.8132331752214],[-95.5227993306349,34.8128671753522],[-95.5229113303864,34.8122031751807],[-95.523049330478,34.8120201747951],[-95.5231613302632,34.8118371753101],[-95.5229943305771,34.8113331744661],[-95.5230503304681,34.8112191745812],[-95.5229943305579,34.8110591743704],[-95.5226623304227,34.8106691743158],[-95.5226893298633,34.8104861748348],[-95.5229393297572,34.8103631745239],[-95.5233923300893,34.8104901749864],[-95.5244013300303,34.8092611746931],[-95.5251323306503,34.8091891740226],[-95.5255643309083,34.8093221747639],[-95.5260223305634,34.8093121742791],[-95.5266743311122,34.8091711740149],[-95.5269473311735,34.8090511738419],[-95.5272093307173,34.8088251741575],[-95.5274503310819,34.8085421745329],[-95.5276523314434,34.8083591741444],[-95.5278173310009,34.8083521738124],[-95.5279563311549,34.8083981741369],[-95.5281163313885,34.8085151741504],[-95.5283713315558,34.8089861743617],[-95.5285453315344,34.8090321737852],[-95.5286823315903,34.8090011741421],[-95.5293703320122,34.8088941736517],[-95.5296113314949,34.8088601738647],[-95.5297863315233,34.8089561738046],[-95.5303003320058,34.8093591744524],[-95.5305673318164,34.8096311744427],[-95.5307683321697,34.8099911740139],[-95.5308973318751,34.8102521744008],[-95.5312723321915,34.8104391740478],[-95.5323353329505,34.8108121741797],[-95.533284332909,34.8110371746593],[-95.5336383331433,34.8111161747029],[-95.533768332881,34.8111761738773],[-95.533925332968,34.8111871743792],[-95.5355643334323,34.8111791739305],[-95.5366313334499,34.8111591738529],[-95.5387193340513,34.8111421738655],[-95.5393173348038,34.8111451739758],[-95.5397473349601,34.8111481740941],[-95.5400733347892,34.8111411737545],[-95.5405973348071,34.8111311741658],[-95.5447443355643,34.8110971741923],[-95.5463973366798,34.8111171732408],[-95.5468153362797,34.8111221734523],[-95.5472283365469,34.8111271736641],[-95.5486893368501,34.811115173938],[-95.5498843374099,34.8111271735373],[-95.5511163378851,34.8111131737296],[-95.5523013379807,34.8111201730978],[-95.555254338229,34.8111381728908],[-95.5565423386049,34.811150173385],[-95.5587283392547,34.8111391727713],[-95.5598163393481,34.8111371726267],[-95.5603213402845,34.8111431728804],[-95.5624303400635,34.8111611727138],[-95.5647323406989,34.8111801725842],[-95.5663223415896,34.8111841726935],[-95.5664953415184,34.8111841726853],[-95.5711213429073,34.811183172418],[-95.5711493424072,34.8111831724167],[-95.5716343424157,34.8111831723935],[-95.5718613430497,34.8111761720586],[-95.5724673432719,34.8111511726708],[-95.5724083431226,34.8095681722262],[-95.5727563430563,34.8093281718896],[-95.5733103435535,34.809140172152],[-95.573359343125,34.80909917205],[-95.5737243429434,34.8087971715399],[-95.5744143434526,34.8086141720273],[-95.5748813434952,34.8081781716034],[-95.5752403439413,34.8079721719411],[-95.576151343909,34.807811171638],[-95.5767303437577,34.8074911711835],[-95.5769773435017,34.8072161719292],[-95.5772513435792,34.8066671716786],[-95.5776933442724,34.8063921715155],[-95.5782713440938,34.8063451711105],[-95.5785753447179,34.8065741709067],[-95.5788793444266,34.8065741708922],[-95.5791823440824,34.8064821711148],[-95.5796243447948,34.8064821710937],[-95.5797343445025,34.8065171709103],[-95.5797073441575,34.8066271715079],[-95.5797313445063,34.8085531716471],[-95.5797343446567,34.8087131718603],[-95.5797233451574,34.8103011716404],[-95.5797283445963,34.8118161725363],[-95.5797223452669,34.8125211719029],[-95.5797313448052,34.8128091726464],[-95.5797273447292,34.8143681728819],[-95.5797463447614,34.8150861728493],[-95.579737345292,34.8157791725598],[-95.5797513451158,34.8168311727029],[-95.5797653457821,34.8170731731149],[-95.5796793453922,34.8170881729142],[-95.5793713455031,34.8171601735646],[-95.5784013446016,34.8173731735802],[-95.5782523448891,34.817411173548],[-95.577109344964,34.8177091730108],[-95.5753763446705,34.8181891737337],[-95.5747493443847,34.81837017405],[-95.5730443436014,34.81899817353],[-95.5722033432942,34.8193241742747],[-95.5710373432131,34.8197831739983],[-95.5707513434477,34.8198951738015],[-95.5705683430601,34.8199671744459],[-95.5699583426667,34.8201941741932],[-95.5696933429748,34.8202921742466],[-95.5691843427659,34.8204811740284],[-95.5686633429036,34.8207241745122],[-95.5683853426183,34.8209571745215],[-95.5682403422018,34.8211361747221],[-95.5680303423783,34.8214571743059],[-95.5677803425093,34.8219331747727],[-95.5676713428596,34.822064174548],[-95.5674483424297,34.8223351745153],[-95.5673903424432,34.8224101743932],[-95.5674273423965,34.8229231747608],[-95.5675163429309,34.8229851749292],[-95.5678173425635,34.8238821750768],[-95.568150342737,34.8241571752028],[-95.5684283430467,34.8242711750717],[-95.5684283430611,34.8244771747169],[-95.5682623425688,34.8246371749382],[-95.5682903429905,34.82495817541],[-95.5685953427552,34.8250951754431],[-95.5691783428054,34.825003174753],[-95.5693173429739,34.825255175622],[-95.5696223436299,34.8252781748737],[-95.5697893432693,34.8251181755517],[-95.5700113436542,34.8248661746654],[-95.5702883430053,34.8247971750548],[-95.570344343773,34.8243621746969],[-95.5706493435087,34.8240881745867],[-95.5710383435636,34.8241111747337],[-95.571315343822,34.8241561750053],[-95.5715653437406,34.8243851748041],[-95.5717593437874,34.8250031746296],[-95.5720093437011,34.8251631748311],[-95.5722593436116,34.8252781747476],[-95.5723983437608,34.8252551754748],[-95.5727593442981,34.8250261747474],[-95.5729253438862,34.8247971749288],[-95.5729813437659,34.8245221747842],[-95.5731753437501,34.8242481746793],[-95.5734253445325,34.8239731745255],[-95.5740073445186,34.8236291747584],[-95.5750903443673,34.8234461743277],[-95.5751733446143,34.8233781747726],[-95.5752293445084,34.8233091742732],[-95.5750623448497,34.8231941743527],[-95.5750903443399,34.8230571743036],[-95.5753123447345,34.8229431744107],[-95.5753953449894,34.8229881746916],[-95.5756173444927,34.822988174681],[-95.5757843450363,34.822897174057],[-95.5756723443245,34.8226911744172],[-95.5757563446017,34.8223931741057],[-95.5761163450942,34.8221871744433],[-95.5766163448959,34.8221411740883],[-95.5768103449058,34.822233173842],[-95.5768383453323,34.822622174764],[-95.5770333453949,34.8228051742344],[-95.5772553449094,34.8229651744371],[-95.5777543455688,34.8229881745789],[-95.5782543453656,34.8228731746264],[-95.5783653451043,34.8226901742422],[-95.5785593450837,34.82234717454],[-95.5785873454684,34.8221411739941],[-95.5784763456974,34.8218661738575],[-95.5784483452758,34.8215461743314],[-95.5786423452663,34.8213631739432],[-95.5790583456643,34.8212481739948],[-95.5795863458811,34.8214311743485],[-95.579808345386,34.8214541736042],[-95.5804183457826,34.8212711740954],[-95.5806683456979,34.8214541735631],[-95.5808073458535,34.8215231740531],[-95.5810853461582,34.8215681743247],[-95.5815013465498,34.8213621737603],[-95.5819173460549,34.8213391735748],[-95.5820563462137,34.8214541734967],[-95.5821953463774,34.821637173869],[-95.5820843466466,34.8219341741355],[-95.5817513465214,34.8223461743411],[-95.5817233461367,34.8225521739876],[-95.5818903467044,34.8228041739559],[-95.5821123462527,34.8234451739457],[-95.5824173469167,34.823582173979],[-95.5828893463224,34.8235821739564],[-95.5831393471322,34.823697173873],[-95.5830563468867,34.8237881744929],[-95.5830563469045,34.8240401744693],[-95.5832503469208,34.8242231739396],[-95.5836113465764,34.8242461740879],[-95.5838333469709,34.8241311741488],[-95.5840553473671,34.8240401744215],[-95.5842493473834,34.8242231738918],[-95.5844443474477,34.824429174427],[-95.5848603469624,34.8245431742894],[-95.5855263472708,34.8245431742575],[-95.5857213473528,34.825001174769],[-95.5858043476416,34.8255271748369],[-95.5865263478394,34.8253901747546],[-95.5871363482278,34.825092174418],[-95.587914348323,34.8249321741674],[-95.5883023483185,34.8247711738892],[-95.5888573479776,34.8247941740283],[-95.5888573479872,34.8249311740761],[-95.589107347901,34.8250921743238],[-95.5896623484464,34.8249311740376],[-95.5900513484868,34.8247481745394],[-95.590661348901,34.8248161740613],[-95.5906613489219,34.8251141743687],[-95.5908283485854,34.8252971738404],[-95.5922713489474,34.8252051740084],[-95.5926213489906,34.8252051739917],[-95.5931853490655,34.8252051739647],[-95.5936283498355,34.8253651741569],[-95.5935993494028,34.8255481736379],[-95.593430349674,34.8257551742368],[-95.5932073492332,34.8258701741759],[-95.5931783497127,34.8262361740359],[-95.593621349585,34.8264191743936],[-95.5940083495502,34.8264871739262],[-95.5947263496093,34.8270151740563],[-95.5946973500791,34.8272441747678],[-95.5948073497892,34.8273121743136],[-95.5951113503972,34.8273121742991],[-95.5956083500435,34.8270371741334],[-95.5958013499861,34.826831174479],[-95.5960223503471,34.8269001740659],[-95.5960783502493,34.8269461743943],[-95.5963533504102,34.8269231742156],[-95.5965193499967,34.8266711742314],[-95.5964883503256,34.8262141737583],[-95.5963193505565,34.8258481739079],[-95.5963183504892,34.8255501736005],[-95.5965933506308,34.8252531742255],[-95.5968423504819,34.8251841737169],[-95.5972563507968,34.8252071738627],[-95.5976153503662,34.825322173774],[-95.5983053509317,34.8259401735759],[-95.5983023508408,34.8266261738613],[-95.5984673513109,34.8268091742323],[-95.5985223511796,34.8270381740404],[-95.5982693511688,34.827474174454],[-95.5980743511303,34.8276351738237],[-95.597711350497,34.8278181742199],[-95.5977393509026,34.8279091739353],[-95.5980433506241,34.8280921742996],[-95.5984023510831,34.8280691741169],[-95.5987893510323,34.8279091738851],[-95.5992863516103,34.8280931742865],[-95.5995893513015,34.8285051744617],[-95.5999483517621,34.8285051744445],[-95.6004173519022,34.8281381745173],[-95.6008033518001,34.8279091737887],[-95.6013293519179,34.8280011744258],[-95.6012973513832,34.8287111740251],[-95.601740352158,34.828940174714],[-95.6017493516981,34.8292531748162],[-95.6017153519503,34.8296841740885],[-95.601669351623,34.8297871743629],[-95.6015873523265,34.8299231743683],[-95.6013973516238,34.8301301749683],[-95.6011423515073,34.830383175003],[-95.6006153513773,34.8307761743382],[-95.600324351384,34.8309441749358],[-95.6000813518137,34.8310511745056],[-95.5998043515654,34.831147174467],[-95.5995373517791,34.831221175208],[-95.598915351721,34.8313421745447],[-95.5986373514228,34.8313891749354],[-95.5981903513846,34.8314861749512],[-95.5977913508766,34.8316131745551],[-95.5971633505476,34.83183817511],[-95.5967163505168,34.8320391754444],[-95.596239350898,34.8323051751924],[-95.5955603509103,34.8326511750567],[-95.5950543508485,34.8329531755735],[-95.5949393500169,34.8330211751301],[-95.5943533498487,34.8334131753211],[-95.5941093502383,34.833608175368],[-95.593070349778,34.8344421753607],[-95.5923943499429,34.8349781759279],[-95.5917653495883,34.8354991757983],[-95.5911403494223,34.8360621758145],[-95.5906093491137,34.83655317609],[-95.5902033491941,34.8368751766287],[-95.5900683492329,34.8369331766225],[-95.5898513490669,34.8370001761377],[-95.5895993490752,34.8370501766661],[-95.5893273490538,34.8370771761305],[-95.5890093495986,34.8371251765695],[-95.5887083491337,34.8371811764787],[-95.5885473488668,34.8372501760838],[-95.5883973491128,34.8373581765947],[-95.5882733487712,34.8375421761265],[-95.5882403490475,34.8376551768633],[-95.5882203490269,34.8377621764225],[-95.5882233491793,34.8379521762259],[-95.5882713488014,34.839288176926],[-95.5883513489899,34.840365177324],[-95.5884643489007,34.8413091769586],[-95.5885043489867,34.8417311776093],[-95.5884633497888,34.8418091776254],[-95.5883563493301,34.8419051775786],[-95.5882293497406,34.8419731771358],[-95.5879393488907,34.8420891771244],[-95.587345349241,34.8423411771292],[-95.5869873488381,34.842502177406],[-95.5868493487393,34.8425821775192],[-95.5867223491511,34.8426691779561],[-95.5866683493512,34.8427581775827],[-95.5866643491713,34.8428381776896],[-95.5866813490682,34.8429501774784],[-95.5867393490702,34.8430951778938],[-95.5874203492691,34.8444331777567],[-95.5877613498352,34.8450131776145],[-95.5881053496389,34.8455631778817],[-95.5883563496273,34.846126177856],[-95.5884113494923,34.8463011778619],[-95.5885093495731,34.8467651786558],[-95.5886553501069,34.8475951784065],[-95.5887073498414,34.8478921786651],[-95.5888993498389,34.849126178233],[-95.5889403499733,34.8495751783351],[-95.5889033500865,34.8500071785531],[-95.588885350156,34.850077179097],[-95.5888823500176,34.8500871786608],[-95.5888173497114,34.8502311790358],[-95.5886423497145,34.8505831791538],[-95.5883683496349,34.851100178822],[-95.5882653502695,34.8513171789814],[-95.5880733503613,34.8513521788124],[-95.5872463497935,34.8515271788606],[-95.5865123499389,34.851669179175],[-95.5863613492363,34.8517361795863],[-95.5863073494339,34.8517911794374],[-95.5862643492438,34.8518671793609],[-95.5862513495494,34.8519961790389],[-95.58626134914,34.8523691792211],[-95.5862663493871,34.8525841792826],[-95.5862303495218,34.8526631793448],[-95.5861813501218,34.8551371796781],[-95.5861793500409,34.8553051802619],[-95.5862503497363,34.8553071803512],[-95.5867563498205,34.8553221801221],[-95.587316349711,34.8553391799831],[-95.5881613502267,34.8553401799889],[-95.5890153502626,34.8553741797235],[-95.5895033504149,34.8554381799654],[-95.5899423509937,34.8555161799584],[-95.5904253509173,34.8556271796786],[-95.5909333511039,34.8557811795898],[-95.5913473514272,34.8559231798492],[-95.5923273510427,34.8564041795893],[-95.5927893518038,34.8566961795968],[-95.5933973521546,34.8571801794935],[-95.5940433515789,34.8577951800578],[-95.5943853521794,34.8582051801384],[-95.5950313525184,34.8590391800503],[-95.5954933524007,34.8596201799485],[-95.5957703526799,34.8599611804349],[-95.596112352382,34.8603831801718],[-95.5965233525893,34.8608551804217],[-95.5969973530342,34.8615231807501],[-95.5972703531392,34.8620231805043],[-95.5973473531226,34.8621631806873],[-95.5974983529547,34.862506180373],[-95.5976883528114,34.8630561806475],[-95.5978383535324,34.8639071813703],[-95.5978543533892,34.8641071807369],[-95.5978673531202,34.8644961807603],[-95.5978623538314,34.8651171807341],[-95.5978533535269,34.8667171810693],[-95.5978603539493,34.868103181388],[-95.5978593539748,34.8691221818023],[-95.5978543537663,34.8694531818392],[-95.5978503535972,34.869685181789],[-95.5978513536679,34.8700301824738],[-95.5978343538444,34.8709591823193],[-95.597835353932,34.8715431823784],[-95.5978243534515,34.8719631820396],[-95.5978203541758,34.8721121826431],[-95.5978373540931,34.87251118223],[-95.5978453535788,34.87271018245],[-95.5979023535609,34.8732301822412],[-95.5979393543936,34.8734601829958],[-95.5980513542195,34.8738551823929],[-95.5981523544242,34.8741031830784],[-95.5982493544403,34.8743071826263],[-95.5983443543606,34.8744671828351],[-95.5984193542493,34.8745791826211],[-95.5987213538955,34.875008182684],[-95.5996443544948,34.8759121831255],[-95.5997643546716,34.8760231828631],[-95.6003813545463,34.8765891829585],[-95.6010983554677,34.8772481828585],[-95.6015433554489,34.8776581829341],[-95.6023683550918,34.8784351837956],[-95.6023943554004,34.878466183431],[-95.6030593557067,34.8790921836042],[-95.6038903556256,34.8798371838831],[-95.6045573560198,34.8803941835595],[-95.6053313568841,34.8810181836348],[-95.6056663562473,34.8812381839121],[-95.6065673567062,34.8818671842128],[-95.6081723574672,34.8829211843719],[-95.608989357622,34.8834651843386],[-95.6098503580191,34.8840151836815],[-95.610258358076,34.8843251845248],[-95.6107633581416,34.8847341845513],[-95.6108043582467,34.8847681843249],[-95.6119073582002,34.8856731839047],[-95.6120523586377,34.8857921840114],[-95.6132803590046,34.8868741845856],[-95.6133893586703,34.8869701845285],[-95.6137973587308,34.8873311841358],[-95.6149863590813,34.8883201849026],[-95.6154323600015,34.8886371842696],[-95.6158903596777,34.8889261850376],[-95.6164983600194,34.8892801843112],[-95.6166093597621,34.8891541847674],[-95.6167033596191,34.8890741846563],[-95.6167833597284,34.8890271842751],[-95.616877359589,34.8889991847728],[-95.6169713603501,34.888988184259],[-95.6170793599629,34.888992184439],[-95.6204523608483,34.8896611846743],[-95.620680360633,34.8897061849482],[-95.6212273608264,34.8898131844801],[-95.6220463610461,34.8899641842373],[-95.6225263617284,34.8900531847377],[-95.6237673617396,34.8902971842839],[-95.6244843617254,34.8904421846676],[-95.6250123619369,34.8905491842004],[-95.6252543623718,34.8906071841761],[-95.6265923623859,34.8908671844585],[-95.6283873629153,34.8912231846671],[-95.6293203630302,34.8914351845452],[-95.6302473637632,34.8916071843702],[-95.6306473634324,34.8916811841799],[-95.6317583637093,34.8919111848828],[-95.6327963641959,34.8921111842003],[-95.6328813645418,34.8921301841766],[-95.6333183641298,34.89222718415],[-95.6336993647173,34.8923111844235],[-95.6343983647636,34.892400184014],[-95.6347423645345,34.8924841842893],[-95.6350693653123,34.8925191840955],[-95.6365183650824,34.8928421845913],[-95.6366403653457,34.8928641847048],[-95.6371813652601,34.8929621847195],[-95.6382863661586,34.8932011840407],[-95.6399413664883,34.8935191842953],[-95.6400173664188,34.893566184669],[-95.6400643668053,34.8936451847271],[-95.6401353665104,34.8937841839647],[-95.640179366768,34.8940071843947],[-95.6414623669149,34.8940621841816],[-95.6415533666387,34.8940661843625],[-95.6422083673394,34.8941111846159],[-95.6425033666321,34.8941311846283],[-95.6439323672511,34.894140184077],[-95.6440163675493,34.8941411841193],[-95.6450323679028,34.8941681844212],[-95.6460263681354,34.894195183825],[-95.6462963680659,34.894195183812],[-95.6472253679803,34.89419718386],[-95.6483283687693,34.8941991838996],[-95.6486283682924,34.8941991838852],[-95.6494503686423,34.8942231840575],[-95.6498303691782,34.8942341836493],[-95.650142369259,34.8942511844214],[-95.6505073691023,34.8943051842061],[-95.6517263698977,34.8946311839525],[-95.6519203699047,34.8946831836528],[-95.6526213700485,34.8948391836472],[-95.6527253694765,34.8948531842904],[-95.653180369897,34.8949181836807],[-95.6536553703438,34.8949561836186],[-95.654848369909,34.8949371835809],[-95.6558133705901,34.8948901840565],[-95.6571823711193,34.8948251836792],[-95.6576753705978,34.8948011834437],[-95.6587913710868,34.8947551839583],[-95.6601203715604,34.8946991839997],[-95.6607473718569,34.8946731836651],[-95.6640023726193,34.8946871832576],[-95.6662543736311,34.8946741834468],[-95.6666663729533,34.8946891832222],[-95.6669003730136,34.8946971835813],[-95.6672873738757,34.8947311833383],[-95.6676003740059,34.8947911834032],[-95.6683903737854,34.8950171830369],[-95.6691113739608,34.8952221835004],[-95.6706213747692,34.8956621831151],[-95.6716943750882,34.895975183166],[-95.6722503748034,34.8961371834451],[-95.6738893753023,34.8966261835235],[-95.6745693753708,34.8967711830096],[-95.6747773760265,34.8968151832382],[-95.6751233758893,34.8968871829578],[-95.6766143758059,34.8971761836761],[-95.6771133764705,34.8972731836465],[-95.6777163765634,34.8973901836385],[-95.6823183777991,34.898260183228],[-95.6835643780387,34.8984571832958],[-95.6843823782104,34.8985871829802],[-95.6858793783997,34.8987981827848],[-95.6875053791806,34.8990831833113],[-95.689334379492,34.8994961834592],[-95.6895223792201,34.8995381826967],[-95.6902083795665,34.8996801829429],[-95.690698379814,34.8997821831452],[-95.691940379874,34.900063183505],[-95.6923103799513,34.9001471828797],[-95.6931403806846,34.9003481831528],[-95.6945383807884,34.9006861834461],[-95.6953783810858,34.9008821834871],[-95.6958053811095,34.9009821827005],[-95.6965383818431,34.9012111833752],[-95.6970783817161,34.9013801830799],[-95.6981903820475,34.901729182997],[-95.6984723816425,34.9018321832556],[-95.7000743822309,34.9024171832838],[-95.7001983825891,34.9024701830337],[-95.7010373828513,34.9028241831954],[-95.7012113828317,34.9028971829696],[-95.7021713833128,34.903303182835],[-95.7023413831078,34.9033781836013],[-95.7031163830992,34.9037201832105],[-95.7041023838887,34.904155183518],[-95.7041963837545,34.904200182899],[-95.7053003837276,34.9047281830101],[-95.7061503845068,34.9051801832119],[-95.7067163847002,34.9055471830893],[-95.7072903843656,34.9059181831514],[-95.7077253847732,34.90619918355],[-95.7087303846604,34.9068471838257],[-95.7094143849377,34.9073231833481],[-95.7095163851763,34.9073941839324],[-95.7099603851076,34.9077551835379],[-95.7104253860179,34.9081891838242],[-95.7107863856971,34.9085461841477],[-95.7110643860264,34.9089371833515],[-95.7115423857716,34.9098031838532],[-95.7129033861433,34.9127511844792],[-95.7130763869979,34.9131251846996],[-95.7139503871938,34.9150191851134],[-95.7143573872277,34.9156601850938],[-95.7145813868438,34.9159441847421],[-95.7151093870808,34.9164111847546],[-95.7156003873981,34.9168431849469],[-95.7159303874337,34.9171341849142],[-95.7161633874615,34.9173381853547],[-95.7168203882909,34.917891184846],[-95.7175553882454,34.9185081854981],[-95.7187213884293,34.9195091850223],[-95.7188383884664,34.9196111852426],[-95.7198313887116,34.9204721854879],[-95.7206813895098,34.9211921855072],[-95.7208453890311,34.9213311856396],[-95.7224813893573,34.9213481854486],[-95.7230933898595,34.9213521856044],[-95.7231373900312,34.9203631856781],[-95.7238293897471,34.9203731852084],[-95.7241553904763,34.9203781854242],[-95.7253743903503,34.9203961852996],[-95.7253683901491,34.9214821852184],[-95.7264243905887,34.9219331853639],[-95.7267533905664,34.9220611858784],[-95.7280003908715,34.9225281858562],[-95.7284643917156,34.9226831858155],[-95.7290143911513,34.9228271852615],[-95.7298843919368,34.9229721856376],[-95.7305253919869,34.9230001851045],[-95.7307213920825,34.922992185624],[-95.7312603918954,34.9229691854325],[-95.7316743922053,34.9229241851277],[-95.7321813923273,34.9228201856842],[-95.732257392253,34.9228011857001],[-95.7325933925404,34.9227181854385],[-95.7338123923873,34.9223551847611],[-95.7340673925161,34.9222791848273],[-95.7341773931186,34.922250185278],[-95.7348563931163,34.922054185164],[-95.7352933926876,34.921916185049],[-95.7364233929152,34.9217141846354],[-95.7364233929041,34.9215581846074],[-95.7371153935177,34.9215431847788],[-95.7375933932059,34.921607185021],[-95.7389773935491,34.9217951846653],[-95.7406643944717,34.9222351851704],[-95.7407283947428,34.9222521850551],[-95.741756394814,34.9231351845186],[-95.7425633954131,34.9238031848304]]],[[[-95.7425633954131,34.9238031848304],[-95.7430733947236,34.9229791844271],[-95.7435863950687,34.9221011842215],[-95.7438973950623,34.9215431844522],[-95.7441143952086,34.9212011847953],[-95.7442833949287,34.9208741840366],[-95.7444563957347,34.9205621839722],[-95.7444993950237,34.9204621847362],[-95.7445483954894,34.9203491839987],[-95.7446533949438,34.9200821842224],[-95.7447173952021,34.9199181838208],[-95.7448763953477,34.9194491836828],[-95.7449663950045,34.9191641839731],[-95.744986395026,34.919071184163],[-95.7451783958401,34.9191291841411],[-95.7454203953767,34.9192041840046],[-95.7462303960819,34.919407184371],[-95.7464693954783,34.9194671844394],[-95.7472413962192,34.9196601843447],[-95.7485113966827,34.9200051840688],[-95.7490353967111,34.9201471843227],[-95.7499983964196,34.9203791842258],[-95.7500703970621,34.920399184249],[-95.74994239654,34.9206511842313],[-95.7498383971337,34.9209411841731],[-95.7496453963137,34.921453184505],[-95.7495273971589,34.9217641845205],[-95.7500153964159,34.9218881839427],[-95.7507633969441,34.9220951844973],[-95.7510243973613,34.9221631840357],[-95.7525373974064,34.9225621844496],[-95.7540873982686,34.9229701843791],[-95.7556253985739,34.923371183985],[-95.7569913989937,34.9237311843989],[-95.7583583994601,34.9240921839598],[-95.759716399509,34.9244531844204],[-95.7595353992432,34.9249311840769],[-95.7593513997381,34.9254171841039],[-95.7591883994035,34.9258351845788],[-95.7590223998295,34.9262601844787],[-95.7588543992637,34.9266891845639],[-95.7586793992739,34.9271361845835],[-95.7583373996653,34.9280291845759],[-95.7579453995457,34.9290511851473],[-95.7579153990593,34.9291281851165],[-95.7575383996313,34.9300921856999],[-95.7575273991323,34.9302491857747],[-95.757501399731,34.9303301850295],[-95.7573293989512,34.9303581854349],[-95.7570203990132,34.930391185179],[-95.7567553993146,34.9303911851918],[-95.7564313986789,34.9303951853926],[-95.7560863988665,34.9303791855678],[-95.75592639864,34.9303621856877],[-95.7553123989397,34.930291185128],[-95.7549823989186,34.9302051856589],[-95.7544903985758,34.9300671855886],[-95.7540463986615,34.9299451853575],[-95.7522093979639,34.9293141859092],[-95.7502733971861,34.9288831858328],[-95.7502303969902,34.9288771855571],[-95.7490933973043,34.9286141851265],[-95.7473533966,34.9278661856525],[-95.7471753964339,34.9277901857396],[-95.7470593964435,34.9276921857045],[-95.7468243963268,34.9275421850663],[-95.7464233965985,34.92728718587],[-95.7448133955766,34.925822185569],[-95.7445823956392,34.9255831853066],[-95.7438113958006,34.924780185038],[-95.7431453954556,34.9242611853227],[-95.742712395137,34.923926185122],[-95.7426343951127,34.9238651849995],[-95.7425633954131,34.9238031848304]]]]},"properties":{"OBJECTID":181,"ID":2,"DISTRICT":"1","NAME":"Pittsburg","Shape_Leng":2.19060843138,"COUNTYFP":"121","Shape__Area":1457263816.2109375,"Shape__Length":268998.9603496285}},{"type":"Feature","id":182,"geometry":{"type":"Polygon","coordinates":[[[-95.7570033755144,34.593707123706],[-95.7596043765225,34.5937081236293],[-95.7597233766452,34.5937101237163],[-95.7601313766797,34.5937081236043],[-95.7603493768965,34.5937061235014],[-95.7652233780908,34.5937041231782],[-95.7699173790317,34.5937011228173],[-95.7765133809408,34.5936971223199],[-95.7831573823774,34.5936881224881],[-95.7840753826804,34.5936911225836],[-95.7842973830823,34.5936841222489],[-95.7853543826365,34.5936851222452],[-95.7876623835464,34.5936811219508],[-95.7879853832365,34.5936811219355],[-95.7894273844565,34.5936791217746],[-95.7899343845858,34.5936831219358],[-95.7900403841054,34.5936821218845],[-95.7920193850467,34.593676121513],[-95.7924443849704,34.5936761214929],[-95.7928703849403,34.5936751214265],[-95.7992193861862,34.5936661216085],[-95.805758388149,34.5936581209286],[-95.8063703886505,34.5936571208533],[-95.8066553883776,34.5936641211639],[-95.8069483884751,34.5936631211037],[-95.8118243897608,34.5936501211703],[-95.8122243903238,34.593652121244],[-95.8122663895737,34.5936531212883],[-95.8152253909945,34.5936441207315],[-95.8157623907159,34.5936431206597],[-95.8195323919744,34.593639120296],[-95.8242003926078,34.5936331206965],[-95.8250083932053,34.5936321206119],[-95.8262583936154,34.5936301204601],[-95.827016393693,34.5936321205168],[-95.8278873936144,34.5936281202904],[-95.8286423944521,34.5936271202083],[-95.8289473942069,34.5936281202402],[-95.829040394023,34.5936281202358],[-95.8298103946568,34.5936261201067],[-95.8301353944396,34.593625120045],[-95.8309093943597,34.5936241199621],[-95.8336683954992,34.5936201196462],[-95.8337113956946,34.5936201196442],[-95.833738395148,34.5936201196429],[-95.8337633954081,34.5936201196417],[-95.833951395133,34.5936201196328],[-95.8341153955437,34.593620119625],[-95.8342253952488,34.5936191195735],[-95.8345273957637,34.5936191195592],[-95.8350003961145,34.5936181194905],[-95.8351033954951,34.5936181194856],[-95.8356263963659,34.5936171194146],[-95.8359053958142,34.5936171194014],[-95.835932396167,34.5936171194001],[-95.8359773964552,34.593617119398],[-95.8360073960477,34.5936171193965],[-95.8360383956867,34.5936171193951],[-95.8361023959565,34.5936161193457],[-95.836153396523,34.5936171193896],[-95.8362113965146,34.5936171193869],[-95.8363123958024,34.5936161193358],[-95.8364263965923,34.5936161193303],[-95.836532396112,34.5936161193253],[-95.8366633958917,34.5936161193191],[-95.8366883961516,34.593616119318],[-95.8367213958833,34.5936151192701],[-95.8367373966253,34.5936151192694],[-95.8368603960339,34.5936151192635],[-95.8370793962971,34.5936151192531],[-95.8372133962159,34.5936151192468],[-95.8372323961977,34.5936151192459],[-95.8373053959856,34.5936141200955],[-95.8374113964046,34.5936141200905],[-95.8374523965072,34.5936141200885],[-95.8374833961462,34.593614120087],[-95.8375153967308,34.5936141200855],[-95.837561396166,34.5936141200833],[-95.8376023962687,34.5936141200814],[-95.8376383961395,34.5936141200797],[-95.8376723968168,34.5936141200781],[-95.8376983962239,34.5936141200769],[-95.8377313968549,34.5936141200753],[-95.8377633965402,34.5936141200738],[-95.8377983963646,34.5936141200721],[-95.8378313960963,34.5936141200706],[-95.8378583964491,34.5936151192162],[-95.8428533978578,34.5936171190723],[-95.8456903981167,34.5935991190038],[-95.8461873986813,34.5935991189802],[-95.8485923995924,34.5935971187737],[-95.84880739967,34.593594119524],[-95.849189399398,34.5935921194132],[-95.8502163993596,34.5935961186505],[-95.8513663996285,34.5935891191712],[-95.8554074008632,34.5935851187946],[-95.8562284011633,34.5935741191457],[-95.8583734017098,34.5935891188393],[-95.8606924022289,34.5935721188416],[-95.8643834034205,34.5935661183889],[-95.86576440361,34.5935631181846],[-95.8669724038714,34.5935701184514],[-95.8671074038367,34.5935721185377],[-95.8685364044528,34.5935601179143],[-95.8686554045752,34.5935581178161],[-95.8710234046705,34.5935681181669],[-95.8718244049427,34.5935601177585],[-95.8742774062802,34.593548117986],[-95.8758214059348,34.5935481179128],[-95.8790444070077,34.5935491178064],[-95.8811104074858,34.5935361180059],[-95.8819944080101,34.5935341178714],[-95.8820034078726,34.5985031186073],[-95.8820174086165,34.5998691188995],[-95.8820234080573,34.6007611188297],[-95.8820204090718,34.6044281195384],[-95.8820334091382,34.6096571206206],[-95.882034409205,34.6099531208354],[-95.8820304091066,34.6112071204395],[-95.8820424089091,34.6133021212093],[-95.8820414089218,34.6141521209939],[-95.8820414089274,34.6142331211469],[-95.8820384097791,34.6155511219154],[-95.8820374097375,34.6156191214665],[-95.8820504094983,34.616445121938],[-95.8820614091769,34.6174211221598],[-95.8820414091782,34.6178451220067],[-95.8820684097251,34.6206411228562],[-95.8820684097266,34.6206631229755],[-95.8820684097714,34.6213081222618],[-95.8820684097777,34.6213981228315],[-95.8820634095886,34.622014122574],[-95.882064409659,34.6223601233051],[-95.8820724102192,34.6250821234272],[-95.8820744104087,34.6264751240706],[-95.8820744104184,34.626615123358],[-95.8820724103525,34.6270011241426],[-95.8820764105674,34.6274251239884],[-95.8820784106937,34.6279071238217],[-95.8820794107476,34.6280161234723],[-95.8820864104046,34.6313491249039],[-95.8820944110212,34.6348821248034],[-95.8821174113425,34.6370971257325],[-95.8820974113442,34.6375261258108],[-95.8821014106398,34.6376611257658],[-95.8821054109277,34.6391331255701],[-95.8820884110842,34.6397881262195],[-95.8820954114382,34.6402101259725],[-95.8821104113022,34.6411841261015],[-95.8821244114456,34.6468391271214],[-95.8821304119024,34.6494041280682],[-95.8821294118731,34.6496491277204],[-95.8821274119179,34.6516241283306],[-95.8821284119676,34.6516721278549],[-95.8821364123649,34.6520491282224],[-95.8821414118284,34.6539311290229],[-95.8821424119186,34.6545601284676],[-95.8821444120537,34.6551691287849],[-95.8821474122407,34.6558561291163],[-95.8821484123678,34.6570141296711],[-95.8821534127218,34.6587681299411],[-95.8821674126328,34.6610791299192],[-95.8821604123302,34.6613961302074],[-95.8821624125035,34.6625521306694],[-95.8821794126509,34.6662581313833],[-95.8821764135515,34.668272131101],[-95.8821844131487,34.670072131702],[-95.882184413157,34.6701921318621],[-95.8821834131785,34.6711651319453],[-95.8821904136364,34.6730761322897],[-95.8821904137012,34.6740051321344],[-95.8821974132451,34.6757061326484],[-95.8821984134187,34.6775281333689],[-95.8822014136281,34.6785361332738],[-95.8822054139494,34.6804811333938],[-95.8822034138607,34.6805401334275],[-95.8842374146547,34.6805421334233],[-95.8843564147772,34.6805421334176],[-95.8853984145348,34.680542133368],[-95.8927814169653,34.6805441331089],[-95.8928784169669,34.6805441331043],[-95.8940244170507,34.6805441330497],[-95.8964554173689,34.6805451329802],[-95.8992384187221,34.6805461328939],[-95.899902418937,34.6805461328623],[-95.9017614188108,34.6805571323837],[-95.9070474202229,34.6805481326144],[-95.9074684208603,34.6805481325944],[-95.9076494202611,34.6805551320106],[-95.9126224215476,34.6805491323951],[-95.9147944224455,34.6805491322917],[-95.9152134220907,34.680547132179],[-95.9184614234236,34.6805501321632],[-95.9192824237243,34.6805471319852],[-95.9195114235515,34.6805421317428],[-95.9196204241095,34.680540131645],[-95.9205384235133,34.6805511321105],[-95.92444242469,34.6805521319708],[-95.9261894256643,34.6805521318875],[-95.9272074252081,34.680552131839],[-95.929657426407,34.6805501316296],[-95.9298724264848,34.680552131712],[-95.9299694264864,34.6805521317074],[-95.9301844265641,34.6805521316971],[-95.9302754262874,34.6805521316928],[-95.9345394270712,34.6805531315358],[-95.9346394272094,34.6805181308099],[-95.9348994275712,34.6804611308564],[-95.9350184276921,34.6804381306852],[-95.9353634275028,34.6804351314292],[-95.9375154283767,34.6804951305073],[-95.9380784284063,34.6805231308775],[-95.9383504284286,34.6805121312546],[-95.9384044282348,34.6805141313446],[-95.93845842894,34.6805081310642],[-95.9394184284894,34.6804701310577],[-95.943144429506,34.6804811304901],[-95.9437844295072,34.6804821305059],[-95.9459834307602,34.6805191303155],[-95.9460374305665,34.6805201303592],[-95.9461584307818,34.6805211303997],[-95.9462224301526,34.6805241305356],[-95.9467294302828,34.6805451305844],[-95.9468914306012,34.6805521309008],[-95.947101430447,34.6805521308908],[-95.9474144305726,34.6805511308295],[-95.9474754307034,34.6805521308729],[-95.947911431137,34.6805521308521],[-95.9483584311813,34.6805521308308],[-95.9484484308583,34.6805521308265],[-95.9485214315456,34.6805511307767],[-95.9486344313898,34.6805511307713],[-95.9495674314884,34.6805511307268],[-95.9496704317682,34.6805511307219],[-95.949751431028,34.6805541299577],[-95.9517664318409,34.6805711306487],[-95.9577814337824,34.6805501302889],[-95.9583584335599,34.6805491302152],[-95.9589554333642,34.6805281301137],[-95.9622974345604,34.6805491300273],[-95.9655004356044,34.6805481298283],[-95.9657774358595,34.6805521300003],[-95.9666964362091,34.6805641296127],[-95.9684364359583,34.6805521298735],[-95.9686894359992,34.6805471296299],[-95.9731384372669,34.6805401290937],[-95.9766084381023,34.6805441291133],[-95.9792564394907,34.6805611288748],[-95.979674439089,34.6805531293838],[-95.981323440014,34.680539128657],[-95.9815324398137,34.6805421287859],[-95.9850444407985,34.6805541282746],[-95.9888644416746,34.6805311288262],[-95.9893614413396,34.6805321288488],[-95.9918384419921,34.6805401282017],[-95.9941554433188,34.6805471284153],[-95.9988604438661,34.6805261281179],[-96.0012064447379,34.6805181276356],[-96.0012514450261,34.6805191276797],[-96.0014274450939,34.6805201277176],[-96.0016624451997,34.6805211277527],[-96.001834445082,34.6805211277445],[-96.002132444512,34.6805211277302],[-96.0027004447714,34.6805211277032],[-96.0034634450804,34.6805201276205],[-96.0044674457685,34.6804501279289],[-96.0076944461265,34.6804511278212],[-96.0078464459806,34.680451127814],[-96.0094294465445,34.6804601272558],[-96.0114184470492,34.6804581270683],[-96.014313448199,34.6804561268376],[-96.0159914486716,34.6804651271742],[-96.0164284482534,34.6804831270874],[-96.0170594487378,34.6805031270839],[-96.0183344494071,34.6805011269305],[-96.0186694487543,34.6805011269145],[-96.0198084494122,34.6804991267675],[-96.0209284500883,34.6804981266678],[-96.0240234506198,34.6804931271879],[-96.0250014510064,34.6804941271876],[-96.0254094510407,34.6804921270755],[-96.0256094513221,34.6804931271122],[-96.0275904514555,34.6804881267862],[-96.0285544520921,34.6804871266939],[-96.0312504521067,34.6804761260559],[-96.0326084530286,34.6804861264541],[-96.0330094527383,34.6804861264349],[-96.0332264529088,34.6804881265172],[-96.0337474527866,34.680477125983],[-96.034629453218,34.6804781259873],[-96.0346484531997,34.6804781259863],[-96.0349934530106,34.6804781259699],[-96.0355294535847,34.6804771258979],[-96.0363314539034,34.6804761258134],[-96.036361453496,34.6804761258119],[-96.0366934536032,34.6804751266491],[-96.0370844537484,34.6804741265842],[-96.0375004541537,34.680473126518],[-96.0379184537524,34.680473126498],[-96.0383024544724,34.6804721264335],[-96.0387294544884,34.6804711263668],[-96.0391194545874,34.6804711263482],[-96.039368454443,34.6804701262899],[-96.0394174549166,34.6804701262876],[-96.0395904548452,34.6804701262793],[-96.0396344541876,34.6804701262772],[-96.0400404550285,34.6804691262116],[-96.040061455103,34.6804691262106],[-96.0400944548346,34.680469126209],[-96.0405004547762,34.6804681261433],[-96.0407634552811,34.6804681261308],[-96.0408204552263,34.680468126128],[-96.0412034550006,34.6804671260634],[-96.0415954551922,34.6804661259984],[-96.0418654551224,34.6804661259856],[-96.0419944548093,34.6804661259794],[-96.0421494548024,34.6804651259257],[-96.0423074549347,34.6804651259182],[-96.0426454553201,34.6804641258557],[-96.0429514551211,34.6804641258411],[-96.0430584555864,34.680464125836],[-96.0431884553192,34.6804591255983],[-96.0439244552755,34.6804611256557],[-96.0441594553812,34.6804601255982],[-96.045946456411,34.6804591254667],[-96.0468684568984,34.68045712533],[-96.0499634574296,34.6804521258501],[-96.0532944581129,34.6804461254133],[-96.0557504586895,34.6804421251108],[-96.056757458622,34.6804401249701],[-96.0571324589243,34.6804361256664],[-96.057313459224,34.6804361256577],[-96.0597644595689,34.6804351254944],[-96.0627744606549,34.6804291250729],[-96.0660354616893,34.6804241246856],[-96.0664704611769,34.6804231246186],[-96.0669504618516,34.6804171243178],[-96.0671134613167,34.680420124449],[-96.0674744618701,34.6804301248947],[-96.0687764619923,34.6804221244621],[-96.06928646226,34.6804211243915],[-96.0714964631197,34.6804141248611],[-96.0763094641785,34.6804061242609],[-96.0781024645869,34.6804031240363],[-96.0785094645745,34.6803991238317],[-96.0788934643951,34.6803981237671],[-96.0850804662172,34.6803901240005],[-96.0885244667442,34.6803841235582],[-96.0897744671591,34.6804651236514],[-96.090034467526,34.6804811234805],[-96.0916164680485,34.6805691238819],[-96.0916974682069,34.6805621235539],[-96.0920504683887,34.6805621235371],[-96.0920814680524,34.6809171237839],[-96.0920794680309,34.6819341241051],[-96.0920974680084,34.6825361240972],[-96.0921454684871,34.6832711239503],[-96.0921464686047,34.6842881242714],[-96.0921674687839,34.6857831242393],[-96.092180468499,34.6859481246834],[-96.0921954683081,34.6861311241622],[-96.0922204685896,34.6864381248849],[-96.0922104681733,34.6871161247997],[-96.0922354685408,34.6886511248207],[-96.092237468641,34.6887561251854],[-96.0922874693791,34.6918701254659],[-96.09229046863,34.6920291256327],[-96.0922924687314,34.6921521259314],[-96.0922924687324,34.6921661256803],[-96.0922934687827,34.692222125575],[-96.0923464697234,34.6962391262944],[-96.0923594697764,34.701224127766],[-96.0923814704636,34.7092991284086],[-96.0923714700893,34.7105731289377],[-96.0923704700517,34.7106981293291],[-96.0923704700556,34.7107531291776],[-96.0923684699786,34.7109791288493],[-96.0923674699383,34.7110651292338],[-96.0923624706495,34.7116871292535],[-96.0923384706406,34.714605129456],[-96.0922864713515,34.7206471313047],[-96.0922794710859,34.721488130672],[-96.0922774710055,34.7216641307268],[-96.0922764709715,34.7218401307815],[-96.0922744708943,34.7220621311674],[-96.0922744708953,34.7220761309162],[-96.0922734708524,34.7221251313863],[-96.0922694706937,34.7225061310398],[-96.0922694706949,34.7225241309739],[-96.0922644714001,34.7230601315085],[-96.0922604712485,34.7235431313879],[-96.0922594712071,34.7236131310316],[-96.0921774716863,34.7333541332689],[-96.0921484723766,34.7367171342892],[-96.0921164720542,34.740445134222],[-96.0921154720169,34.7405741347987],[-96.0921044724979,34.741878134918],[-96.0920954721526,34.7429021346641],[-96.0920954721533,34.7429131351734],[-96.0920954721555,34.74294413481],[-96.0920944721114,34.7429771354386],[-96.0920944721126,34.74299313528],[-96.092088472783,34.7436931353137],[-96.0920664728417,34.7462451356576],[-96.0920414728512,34.7500751367151],[-96.0920844732471,34.7529231372704],[-96.0921114736131,34.75311113698],[-96.0920854733475,34.7536891367621],[-96.0920834732845,34.7541121374607],[-96.0920824732463,34.7542281374354],[-96.0920794731425,34.7547301372951],[-96.0920884735908,34.7551691369353],[-96.0920784731693,34.7557691377352],[-96.0920824734089,34.7565371373195],[-96.0920744730687,34.7569751378135],[-96.0920754731421,34.7573571375131],[-96.0920764732153,34.7577381380656],[-96.0920674737303,34.7582081382427],[-96.0920744731804,34.7585601374523],[-96.0920714739646,34.7589001379054],[-96.0920764733638,34.7598461385362],[-96.0920674738774,34.7602961377872],[-96.0920524741178,34.7608171385271],[-96.0920494741213,34.7628401386596],[-96.0920484741135,34.7633881388502],[-96.0920564736356,34.7641021386321],[-96.0920304742757,34.7647721390764],[-96.0920194739357,34.7671861393255],[-96.0920104744221,34.7672481394984],[-96.0920094743869,34.7674071396654],[-96.0920084743461,34.7674851396795],[-96.0920134745907,34.7676671391123],[-96.0920634744971,34.7717181405054],[-96.0920444747314,34.7747821411712],[-96.0921254749244,34.7752661410927],[-96.0921404747272,34.7753581408549],[-96.092139474695,34.7755591411677],[-96.0921394746992,34.7756181412013],[-96.0921394747021,34.7756601413472],[-96.092138474669,34.7758471410119],[-96.092128475251,34.7779231417998],[-96.0921254751373,34.7782831413803],[-96.0921254751402,34.7783241414799],[-96.0921254751419,34.778349141738],[-96.092124475099,34.7783981413087],[-96.0921424751113,34.7794881414111],[-96.092142475112,34.7794981418741],[-96.0921434751609,34.7795331416958],[-96.0921844754388,34.7820171424853],[-96.0921884758616,34.7853791425577],[-96.0921914751041,34.7854161424719],[-96.0921924751514,34.78543014312],[-96.0922174754116,34.7854331423584],[-96.0920704759039,34.7870551428177],[-96.0920774753335,34.7871161429437],[-96.0920494762197,34.7925811441556],[-96.0920244761741,34.7956161443781],[-96.091920475912,34.7965221449606],[-96.0919204767457,34.8083161469135],[-96.0919204769427,34.8111011472513],[-96.091920476949,34.8111891477282],[-96.0918804769069,34.8113901471436],[-96.0918764776224,34.8114141473556],[-96.0918684772673,34.8116381478343],[-96.0919314775015,34.811790147674],[-96.0920084774957,34.8120831477459],[-96.0920284775309,34.8121831478781],[-96.0920384770991,34.8122361476335],[-96.0920414772581,34.8125171480527],[-96.092035477016,34.813029147476],[-96.0920054774834,34.813875147975],[-96.092010477878,34.8161751483408],[-96.0919904779396,34.8174431485921],[-96.0919584778026,34.8237661499573],[-96.0919664782506,34.8248521498748],[-96.0919804780527,34.8255911499143],[-96.0919594780088,34.8260221500847],[-96.0919544787773,34.827449150502],[-96.0919514787126,34.828499150552],[-96.0919554789813,34.8296741509929],[-96.0919414783947,34.8305571514054],[-96.0919354790419,34.8309261514026],[-96.0919364791391,34.8316431513235],[-96.0919374783247,34.8321871513286],[-96.0919374783375,34.8323681516148],[-96.0919574784596,34.8336941518513],[-96.0919534793195,34.8357541518977],[-96.0919544794987,34.8376291523719],[-96.0919504793953,34.8387861528791],[-96.0919394789809,34.8401371524759],[-96.0915734790964,34.8401481530029],[-96.0908344790007,34.8401411527144],[-96.0887884785522,34.8401631529322],[-96.0880754787633,34.8401631529666],[-96.0839414768151,34.8401641532121],[-96.0830164770876,34.8401631532104],[-96.082408476772,34.8401631532397],[-96.0815714766303,34.8401861534456],[-96.0809044762779,34.8402041534118],[-96.0784454755619,34.8402081537155],[-96.0759514750206,34.840199153419],[-96.0755904753673,34.840201153529],[-96.0724044742147,34.8402271539869],[-96.0711924737684,34.8402231538602],[-96.0711094735168,34.8402241539105],[-96.0710254741181,34.8402241539145],[-96.0677054730456,34.8402341536381],[-96.0661984724085,34.8402211540082],[-96.0660634724434,34.8402201539684],[-96.0659294725245,34.8402181538823],[-96.0634734719456,34.8401951538351],[-96.0625074721142,34.8401771539476],[-96.0580544706612,34.8401791542547],[-96.0574204700396,34.840185154563],[-96.0547354696362,34.8402071548116],[-96.0533084691119,34.8401971544174],[-96.052209469411,34.8402201546359],[-96.0518024694236,34.8402291550722],[-96.0500384685618,34.8402441549523],[-96.0398974659408,34.8402401552556],[-96.0397484662256,34.8402371551239],[-96.0397414659622,34.8411011555558],[-96.0397464662596,34.8420261561133],[-96.0397464662675,34.8421381559029],[-96.0396744656666,34.8427021559382],[-96.0395074660478,34.8431471558646],[-96.0393414655615,34.8433871561923],[-96.0390554658129,34.8437291558523],[-96.0385124658516,34.8442681565516],[-96.0370104655374,34.8455421562528],[-96.0364124657224,34.8460651562139],[-96.0355254651156,34.8468631563305],[-96.0343574649856,34.8479121572896],[-96.0342444651483,34.8480091572894],[-96.0335194648466,34.8486271571584],[-96.0333134651995,34.8488131576859],[-96.0327764646134,34.8492991577297],[-96.0323154648508,34.8497451577166],[-96.0319964644748,34.8501381579407],[-96.0316224642572,34.8506851581029],[-96.0313114642617,34.8512131573824],[-96.0311254646656,34.8517201574822],[-96.031011464811,34.8522291576712],[-96.0309454644878,34.8527841581889],[-96.0309524648656,34.8535341578387],[-96.0310294648716,34.8539941584479],[-96.0311744644515,34.8547041580377],[-96.031200464767,34.8548321585668],[-96.0313074643655,34.8552911582288],[-96.0312964647969,34.8558851587508],[-96.0312624650501,34.8563271585319],[-96.0311704644243,34.8569351588067],[-96.0310174645477,34.8572731591745],[-96.0308004644092,34.8577221592884],[-96.0304584647965,34.8585551592005],[-96.0300904648772,34.8593841589287],[-96.0297584648081,34.8599241596641],[-96.0295994646477,34.8601821599255],[-96.0291194649137,34.8607741594782],[-96.0274744642731,34.862184160087],[-96.0265804642457,34.863046160469],[-96.026083463726,34.8636761599832],[-96.0258054643558,34.8641211608143],[-96.0252984642795,34.8648611609252],[-96.0249454641372,34.8654191606964],[-96.0247454638751,34.8656911607086],[-96.0243544637677,34.8662261612153],[-96.0238934640106,34.8667491611699],[-96.0232234635688,34.8674701613083],[-96.0225034634987,34.8680851610382],[-96.0216574629736,34.8685881609847],[-96.0211534630011,34.8688281613287],[-96.0203674625448,34.8691111618785],[-96.0197514627676,34.8692561614269],[-96.0190984630689,34.8693401617501],[-96.0185924620883,34.8693551615697],[-96.0183704625858,34.8693621619045],[-96.0178754621141,34.8693621619284],[-96.0177484625203,34.8693661621197],[-96.0175784618319,34.8693721615063],[-96.0160934622158,34.8693741616705],[-96.0156614619681,34.8693791619229],[-96.0151394620434,34.8693841621796],[-96.0142144614171,34.8693941617878],[-96.0131624611957,34.8693901616534],[-96.011560460651,34.869398162101],[-96.010672460841,34.8694051624679],[-96.0091744597235,34.8694181622427],[-96.0068394593607,34.8694141621701],[-96.0040954589181,34.869426162858],[-96.0026164586789,34.8694001626249],[-96.0016764582561,34.8694081621412],[-96.0010854578296,34.8694131624012],[-96.0007684575186,34.8694151625091],[-96.0006684582773,34.8694161625602],[-96.0002874576953,34.8694021628297],[-96.000024458089,34.8693931624257],[-95.9980104573247,34.869408162318],[-95.9972234568024,34.8694141626337],[-95.9946214566483,34.869410162574],[-95.9930214561965,34.8694211631604],[-95.9920334553464,34.8694281626328],[-95.9907904552613,34.8694301627853],[-95.9891634553554,34.8694331630026],[-95.9863944537541,34.8694561633017],[-95.9836914534135,34.8694601636171],[-95.9834784534299,34.8694791636078],[-95.98336245345,34.869528163184],[-95.9833284536762,34.8695881632656],[-95.9833214533549,34.869634163597],[-95.9832994532434,34.8697671634605],[-95.9833204534753,34.8719841635802],[-95.983300453618,34.8743911644047],[-95.9832964534665,34.8748701640988],[-95.9832884540056,34.8750221648412],[-95.9832904541417,34.8756331643512],[-95.9832924542701,34.8761341650635],[-95.983297453625,34.876450164405],[-95.9833034539293,34.8768161651621],[-95.9833214539524,34.8780521648294],[-95.983303454141,34.8797971655812],[-95.9832864543333,34.8809421655336],[-95.9832794540433,34.8814301656445],[-95.9832764539206,34.8816611655476],[-95.9833054544969,34.8835021662452],[-95.983310454759,34.8839281661829],[-95.9832964541151,34.8840031660587],[-95.9832364540322,34.8840241661345],[-95.9792384529891,34.8839671663863],[-95.976774452941,34.883991166717],[-95.9748044524171,34.8839891667195],[-95.9734944519227,34.8839881667364],[-95.9700474512539,34.8839851667637],[-95.9674784499331,34.8839981665902],[-95.965896450314,34.8839831668713],[-95.9651144500224,34.8839751665387],[-95.9627724493362,34.883993167485],[-95.9624624493497,34.8839941675462],[-95.9597504485915,34.8840001670555],[-95.9583574478457,34.8840031672616],[-95.9547964472839,34.883970167704],[-95.9540274466971,34.8839791672585],[-95.9524304463846,34.8839971672696],[-95.9503974456369,34.8839941681281],[-95.9498574457763,34.8839931681078],[-95.9491794458121,34.8840021676578],[-95.9487224453044,34.8840091680039],[-95.9481684456943,34.8840141673629],[-95.946018444916,34.8840001677177],[-95.945699444514,34.8840261680375],[-95.9455394442893,34.8840331683693],[-95.9436034444447,34.8840611679604],[-95.9416594433235,34.8840001679278],[-95.9410744431734,34.8839811679757],[-95.9409894437295,34.8839981678675],[-95.9395174429198,34.8840361678992],[-95.938343442439,34.884068168538],[-95.9345854417458,34.8841901680724],[-95.933344441756,34.8842311682317],[-95.9322984409159,34.884265168957],[-95.9305124408341,34.8843121685211],[-95.9305104407281,34.884126168903],[-95.9304714407098,34.8840081688376],[-95.9303984409192,34.8839711689267],[-95.930121440663,34.8839541690523],[-95.9284114405057,34.8839651687447],[-95.9278314396902,34.8839761683826],[-95.9276404398282,34.8840041687888],[-95.9275694401354,34.8840391686141],[-95.9274754402788,34.8841221688641],[-95.9273914399875,34.8842171687699],[-95.9273044395534,34.8842601689662],[-95.9271394399981,34.884295168796],[-95.9269294401526,34.8843001690376],[-95.9265444393818,34.8842421690688],[-95.9264174397873,34.8842361687972],[-95.9259184400275,34.8842111685631],[-95.9256544394739,34.8841791688929],[-95.9254354392062,34.8841171687309],[-95.9252764390238,34.8840661690753],[-95.9252064393731,34.884039168728],[-95.9250144394608,34.8840131693321],[-95.919603437646,34.8840061692688],[-95.9171954374974,34.8840431692993],[-95.9148094365675,34.8840411693216],[-95.9126294361989,34.8840601694071],[-95.91065543549,34.8840711700115],[-95.9104744351909,34.8840801695376],[-95.9031414341903,34.8842421701967],[-95.8951984318692,34.8842321701165],[-95.8920104306198,34.8842301701775],[-95.8797724278739,34.8842171710645],[-95.8776844272733,34.8842151710724],[-95.8776144260788,34.875101169993],[-95.8775184259231,34.8722731694668],[-95.8770004261846,34.8722911694258],[-95.8761114263484,34.8725881688301],[-95.875681426201,34.8727031687792],[-95.8755984259654,34.8729311694468],[-95.8752784255385,34.8732611694522],[-95.8749504256349,34.8735221689615],[-95.8749364258915,34.873613169578],[-95.8744294257803,34.8738651695785],[-95.8737354250896,34.8740951694688],[-95.8730134249104,34.8744841695272],[-95.8719584254442,34.874416170027],[-95.8715144246459,34.8745081698112],[-95.8710144248399,34.8744851696698],[-95.8704034243879,34.8745311700303],[-95.8701534244955,34.8746691701363],[-95.8697374240947,34.8747381697536],[-95.8688764246373,34.8747491703044],[-95.8686824237389,34.8748071703011],[-95.8686094239717,34.8751011704265],[-95.8685924241036,34.8753961696963],[-95.8691484247112,34.8754651701662],[-95.868898423917,34.8755681704504],[-95.868343424274,34.8757651697054],[-95.8678704239262,34.8758111700592],[-95.8675094242569,34.8755911697835],[-95.8672594234564,34.8756051704436],[-95.8671214242773,34.8759711703085],[-95.8668714234872,34.87613217058],[-95.866121423792,34.87629216993],[-95.8658994234042,34.876498170485],[-95.8656784239912,34.8771161703299],[-95.8650954230618,34.8774831702624],[-95.8650404232773,34.8784441706913],[-95.8647074231331,34.878581170755],[-95.863013422832,34.8787881705278],[-95.8620964225934,34.8790401714474],[-95.8615974228532,34.8792921714475],[-95.8611254225745,34.8796581713284],[-95.8607094222063,34.8801851714661],[-95.8602924226747,34.8804831717934],[-95.8602374228334,34.8806431711099],[-95.8601814220432,34.8807571709947],[-95.8596464224168,34.880790171649],[-95.8596194222904,34.883983171993],[-95.8596044226691,34.8864511729443],[-95.8599364227769,34.8864551722141],[-95.8599304225046,34.8865371724136],[-95.8599274223737,34.8866531723884],[-95.8599164227722,34.8867851722051],[-95.859900422971,34.8873691722647],[-95.859901423046,34.8877721729365],[-95.8599014230673,34.888072172437],[-95.859942423219,34.8887641729973],[-95.8599624233156,34.8897281726621],[-95.859991422921,34.8905631735486],[-95.860004422684,34.8914011736753],[-95.8599994233697,34.8916581738831],[-95.8599814234508,34.8918911738797],[-95.8599514229707,34.8920571734728],[-95.8599214233837,34.8921361735346],[-95.8598784234156,34.8953391743422],[-95.8596344231182,34.8985201750403],[-95.8596344231416,34.8988501750303],[-95.8596364235684,34.9035551752291],[-95.8596294246734,34.9110181772144],[-95.8590154241141,34.9115121767331],[-95.8575824242925,34.9126661771707],[-95.8570924240798,34.9130511779322],[-95.8564394235119,34.9135631773868],[-95.8546254231304,34.9150181782889],[-95.854295423133,34.9152621779104],[-95.8538024236791,34.915627177746],[-95.8534534227807,34.9155921779411],[-95.8530634226407,34.9150201784568],[-95.8526184226758,34.9148371780995],[-95.8523124228763,34.9148601782798],[-95.8522854225365,34.9150431777605],[-95.8521744227883,34.9150901781433],[-95.8516184230882,34.9151361785012],[-95.8515354228559,34.9154101786005],[-95.8509784222068,34.9154101786274],[-95.8508954228593,34.9154791782287],[-95.8506454220561,34.9154561780752],[-95.8505614226525,34.9153881785282],[-95.850355422095,34.9154191781748],[-95.8501174218525,34.9154561781006],[-95.8498394224456,34.915388178563],[-95.8496724218812,34.9151821780268],[-95.8496724218746,34.915090178264],[-95.8495614221166,34.9149991785528],[-95.8494774217925,34.9146331777993],[-95.8491994223676,34.9143121782394],[-95.8485334220321,34.9139241782941],[-95.8476714216266,34.9139011781701],[-95.8473104210539,34.913626178046],[-95.8468104212544,34.9136951785667],[-95.8461154214165,34.9139241784107],[-95.8456714206101,34.9139021783129],[-95.8454214207013,34.9138101785621],[-95.8453654207943,34.9136961777834],[-95.8451994211836,34.9136041780285],[-95.8451714207503,34.9131241782896],[-95.8451134207512,34.913020177974],[-95.8441414206333,34.9128951785288],[-95.8434474199278,34.9129181778284],[-95.8432754200522,34.9130131777385],[-95.8430304203913,34.9131471785584],[-95.8420864198357,34.9139031785321],[-95.8420584203554,34.9141771786287],[-95.8421704201615,34.9142921785517],[-95.8421144202755,34.9144751789331],[-95.8418094196377,34.9147041787584],[-95.8403644201158,34.9152531790649],[-95.8398644194413,34.915665178379],[-95.8393924191465,34.9158031784957],[-95.8385584191482,34.9158951791981],[-95.8382814189046,34.9160551785253],[-95.8378644193714,34.916330178687],[-95.8374194194178,34.9163071794422],[-95.836808418956,34.9162151788096],[-95.8364194189095,34.9163071794905],[-95.8361144191693,34.9165131791502],[-95.8351414181211,34.91660517896],[-95.8349474181259,34.9167191788514],[-95.8348084180012,34.9170851796156],[-95.8345564180143,34.9171991795098],[-95.8342524183157,34.9173371796185],[-95.8338084184069,34.9172921793551],[-95.8331694184517,34.9172921793859],[-95.8324744177145,34.9175211792299],[-95.8316414177707,34.9177271798144],[-95.8311964178237,34.9177961794331],[-95.8310304173268,34.917887180057],[-95.8309744174457,34.9181391800358],[-95.8308074178065,34.9182991793577],[-95.8303354175002,34.9182761801142],[-95.8300024173398,34.9181851795144],[-95.8297244170433,34.9182541800245],[-95.8296414167948,34.9182991794139],[-95.8295994175475,34.9183331800908],[-95.8301744173149,34.9194891796249],[-95.8315364177084,34.9220931805108],[-95.8321524184827,34.923316180447],[-95.8327014188367,34.924382180312],[-95.8331754184033,34.9253451808079],[-95.8332624188535,34.9255281811824],[-95.8333604189162,34.9257341808226],[-95.8332444189339,34.925751180716],[-95.8331484189796,34.9257641813225],[-95.8317174182862,34.9260011806731],[-95.8273944175089,34.9266611817611],[-95.8266754174489,34.9267711814927],[-95.8265004165299,34.9267971818056],[-95.8259884170744,34.9268841813617],[-95.8245824166419,34.9271351813592],[-95.8243074164832,34.9271841818425],[-95.8231124159394,34.9273841821666],[-95.8218544160727,34.9276031815748],[-95.8202914155547,34.9278631819967],[-95.8182044150228,34.9281821824774],[-95.8165654145773,34.9284371826714],[-95.815501414712,34.9286291826189],[-95.8149024139214,34.9287371822521],[-95.8121914132381,34.929163182321],[-95.8098744128361,34.9295401828002],[-95.8095424127321,34.9295911824795],[-95.8076894122573,34.9298761831735],[-95.8070534124485,34.929979182577],[-95.8038844112166,34.930493183145],[-95.8003724102706,34.9310701839483],[-95.7994464105068,34.9312231838821],[-95.7987424102427,34.9313291834278],[-95.7982414103972,34.9314051833734],[-95.7962454095873,34.9317081840083],[-95.7930594084668,34.9322301840482],[-95.7918734083397,34.9324221840015],[-95.7908634082785,34.9325861844486],[-95.7901004079781,34.932716184209],[-95.7897514079855,34.9327751842595],[-95.7878654077775,34.9330411840753],[-95.7872294070695,34.9331461844708],[-95.7863034073057,34.9333001844508],[-95.785743406524,34.933393184287],[-95.7843094065918,34.9336481844711],[-95.7839094060321,34.9336961849141],[-95.7837334059656,34.9337171849956],[-95.7832514061026,34.9338031845039],[-95.7828004058836,34.9339611846462],[-95.7823674065074,34.9342331846699],[-95.7823534058591,34.9342451852261],[-95.7819964064137,34.9345681849093],[-95.7818494059086,34.9348021849584],[-95.781830405929,34.934832185449],[-95.7817284057107,34.9350461854693],[-95.781656405994,34.9353971855358],[-95.7816294056799,34.9359411855425],[-95.7816444064093,34.9364161850506],[-95.7819564064947,34.9364981852347],[-95.7823144060187,34.9366291849873],[-95.782596406513,34.9367321852459],[-95.7832194066387,34.9369151855946],[-95.7840204069306,34.9371771850957],[-95.7840564068023,34.9371901856958],[-95.784607407188,34.9373971853605],[-95.7848374070701,34.9375081850927],[-95.785154407391,34.9376421858854],[-95.786706407464,34.9382961855129],[-95.7881324079921,34.938991185246],[-95.789497408385,34.9396241857089],[-95.7904404089806,34.9400801860911],[-95.7912424084256,34.9404271859302],[-95.7921434088656,34.9407911856523],[-95.7924924088717,34.9409241854979],[-95.7929004089175,34.9410791854599],[-95.7948374097618,34.9417941860944],[-95.7957104097984,34.9421001858304],[-95.7959094100386,34.9421701854644],[-95.7965104100448,34.9423731858408],[-95.7970914109217,34.9425701859403],[-95.8005374116337,34.9438021861566],[-95.8013564118635,34.9440981863316],[-95.8034324119609,34.9448391863643],[-95.8043464129993,34.9451411859132],[-95.8050034129043,34.9453421861943],[-95.8050504123868,34.9453561859409],[-95.8057264131714,34.9455361861481],[-95.806766412852,34.9457491860669],[-95.8069414128757,34.9457791856488],[-95.8079374132106,34.9459471861843],[-95.8092714139304,34.9461021861016],[-95.8103524146027,34.9461701856004],[-95.8116964148766,34.9461811860447],[-95.812553415048,34.9461701854941],[-95.8149444153051,34.9460841858935],[-95.8167644160665,34.9460561854087],[-95.8196864166655,34.9459581852269],[-95.8202714168144,34.9459571851524],[-95.8203584163523,34.9459561851019],[-95.8204464168359,34.9459561850976],[-95.8211734172746,34.9459541849699],[-95.822173416882,34.9459311856554],[-95.8237014175911,34.945890185482],[-95.8244184175657,34.9458831851233],[-95.8250484180024,34.9458771848151],[-95.8270884181735,34.9458411848484],[-95.8273504186328,34.9458491852061],[-95.8284174186535,34.9458841849764],[-95.8286624192232,34.9458851850109],[-95.8300004192184,34.9458881850852],[-95.8309284190854,34.9458831848088],[-95.8316704193231,34.9459201846874],[-95.8329094201335,34.9460691843315],[-95.8334954203354,34.9461611849653],[-95.8334954203443,34.9462861844574],[-95.8334944203112,34.9464721849751],[-95.8334924203437,34.9482301854288],[-95.8334914204132,34.9498551851208],[-95.8334884204504,34.9523301854957],[-95.8335154208596,34.9531211861436],[-95.8243884184864,34.953087186809],[-95.8217624172174,34.9530791865655],[-95.8202124172834,34.9530741864089],[-95.8201424178772,34.9564791875765],[-95.8201394177479,34.9566171876706],[-95.8066634142458,34.956619187515],[-95.8024534132655,34.9566191877184],[-95.802495412764,34.9601091883194],[-95.8005994129719,34.960098188801],[-95.7991574126522,34.9601211890363],[-95.7927764108173,34.9601011893179],[-95.7926514104221,34.9601801893842],[-95.7925384105764,34.960160189363],[-95.7921894105773,34.9601271896507],[-95.7913294102641,34.9601021894341],[-95.7896194101051,34.9601021895167],[-95.7857684086859,34.9601071899342],[-95.7838694087564,34.9601211897748],[-95.7832814084679,34.960117189618],[-95.7826844077624,34.9601181896931],[-95.7820554082718,34.9601311894261],[-95.78106240719,34.960152189547],[-95.7806274077021,34.9601561897532],[-95.779124407251,34.9601721896673],[-95.7790174067856,34.9601731897187],[-95.7784884065358,34.9601781899757],[-95.7772714067565,34.9601841903123],[-95.7760554061242,34.9601911897958],[-95.7751234060716,34.9601981901649],[-95.7734914059322,34.9601951901049],[-95.7729174053935,34.9601901899011],[-95.7725274052939,34.960187189781],[-95.7717874051501,34.960170189929],[-95.7717934054452,34.960405190017],[-95.771794405521,34.9608191902988],[-95.7717964056944,34.9619501905017],[-95.7695304049316,34.9619401910475],[-95.7693704047062,34.9619391910089],[-95.7686744048054,34.9619361909036],[-95.7660954039169,34.9619291907041],[-95.7660964039891,34.9622931913689],[-95.7661104037747,34.9627941911815],[-95.7661224043597,34.9631941908145],[-95.7660904038072,34.963644190966],[-95.7660324038212,34.9637251911217],[-95.7660264035436,34.9637341915387],[-95.7658574038027,34.9637671912761],[-95.7654864036852,34.9637691913866],[-95.7650204036586,34.9637691914091],[-95.76476940371,34.9637691914212],[-95.7646544037716,34.9637511914927],[-95.7646224031866,34.9637461912628],[-95.7645464032575,34.9637191909157],[-95.7645354036328,34.9635241908812],[-95.7645664032206,34.962805190866],[-95.7629364031746,34.9628141913614],[-95.7613884024345,34.9628201908147],[-95.7605384025861,34.9628111913383],[-95.7597624025722,34.9628021909591],[-95.7595224022343,34.962803191017],[-95.7584924021333,34.9628051911593],[-95.7585244017997,34.9625391914329],[-95.7587014018752,34.9619941913726],[-95.7589744018831,34.9611291908813],[-95.7590764020988,34.9608791909929],[-95.7592534021822,34.9604451906759],[-95.7593284020466,34.9602151908155],[-95.759374402365,34.9599891911416],[-95.7594024018414,34.9596601911965],[-95.7594284021312,34.9594271903002],[-95.7594724023521,34.9591331910754],[-95.7595184017727,34.9589271905289],[-95.7595434020292,34.9588781909571],[-95.760271402411,34.9574231901073],[-95.7603814020992,34.9571851898748],[-95.7609794018598,34.9558931902826],[-95.7613034024492,34.9552371895728],[-95.7616134023914,34.9546111893532],[-95.7621574023599,34.9535181890846],[-95.7621924021773,34.9534191898952],[-95.7623494022323,34.9529811893939],[-95.7625214020789,34.9524791895261],[-95.7628724020964,34.951468189466],[-95.7630744024304,34.9509011892853],[-95.7632244021619,34.9504791886258],[-95.7635634025241,34.949495188917],[-95.7639144025417,34.9484851889032],[-95.7642394022577,34.9475421883953],[-95.7642664026047,34.9474611882411],[-95.7642934020525,34.9473821881796],[-95.7644274019466,34.947034188249],[-95.7645604026936,34.9466851882721],[-95.7647234021393,34.9464141883078],[-95.7648584020839,34.9461241883645],[-95.7653314023625,34.9451031878356],[-95.7658084028257,34.9440711876964],[-95.7659454028626,34.9437761875216],[-95.7665644027081,34.9426271873545],[-95.7668234029868,34.9420511867543],[-95.7673134022498,34.9409571873413],[-95.7677634023614,34.9399411870449],[-95.7682424029197,34.9389411865886],[-95.7682644030373,34.9388951862565],[-95.7685464025611,34.9379981860818],[-95.768590402792,34.9378441861442],[-95.7689114032078,34.9367051864546],[-95.7689684031388,34.9365031860927],[-95.7691384028806,34.9358291863555],[-95.7691734026962,34.935706186055],[-95.7693144029046,34.9352121856597],[-95.7694934030632,34.9345301855516],[-95.7696044027802,34.9340441855282],[-95.7696694030629,34.9335711852095],[-95.7696764024783,34.9334321850689],[-95.769680402657,34.9333361851207],[-95.7696844028374,34.9332651854305],[-95.7697044028353,34.9328391854915],[-95.7696864028584,34.9322561854799],[-95.7696714030262,34.9317501854358],[-95.769670402974,34.9316681852366],[-95.7696614025116,34.9310351847083],[-95.7696554021977,34.9305341848953],[-95.7696884027934,34.9300371852657],[-95.7697274027875,34.9298141848317],[-95.7698614026586,34.9291421842895],[-95.7699454029203,34.9286291848159],[-95.7699934024225,34.9282661841949],[-95.7700194027246,34.9282061841138],[-95.770081402892,34.9280681840168],[-95.7700974027319,34.928029184009],[-95.7705484028854,34.926950184393],[-95.7708234020983,34.9262451841147],[-95.7709394029592,34.9259371842383],[-95.7710124027242,34.9256131836231],[-95.7710414022503,34.9253301840091],[-95.7711344029245,34.9247491840847],[-95.7712284027489,34.9242131835457],[-95.771301402505,34.9237641834385],[-95.7715474021122,34.9222201829879],[-95.7716414028356,34.9216791831167],[-95.7716594027636,34.9215761828437],[-95.7718034021731,34.9205361832495],[-95.7718434022117,34.9202871825111],[-95.7720974021896,34.9187401828205],[-95.7722524021095,34.9177051825579],[-95.7724044018899,34.9166661821103],[-95.7726054021134,34.9151941822973],[-95.772743402163,34.9144231816679],[-95.7727914025714,34.9141581819869],[-95.7728974020403,34.9134411820605],[-95.7730064025528,34.9127991811097],[-95.7731224024872,34.912107181441],[-95.7732394024617,34.9113281813415],[-95.7733004016651,34.9109321809907],[-95.7734704022784,34.9098661810908],[-95.7735374017529,34.9093691805601],[-95.7735814019715,34.9090421807068],[-95.7737764019417,34.9079221810035],[-95.7738304017218,34.9075541801507],[-95.773293402,34.9075541801766],[-95.7721724012763,34.9075551802768],[-95.7720934012101,34.9075551802807],[-95.7714624016259,34.9075571804036],[-95.7713754011886,34.9075571804078],[-95.7713104017716,34.907557180411],[-95.7708094010215,34.9075581804814],[-95.7703074011241,34.9075581805056],[-95.7689864010185,34.907564180847],[-95.7684154006196,34.9075681810596],[-95.7679044003045,34.9075621808065],[-95.7679164009193,34.9083841810919],[-95.7679324008193,34.9091931807754],[-95.7679244004892,34.9097681813172],[-95.7679424004975,34.9107951812011],[-95.7679374003806,34.9124151815616],[-95.7670234002637,34.912426182115],[-95.7663044001968,34.9124401818984],[-95.7650363998498,34.9124301814965],[-95.7637973999477,34.9124101815295],[-95.7629253990807,34.9124231821734],[-95.7629263990123,34.910806181952],[-95.7629263990041,34.9106901819773],[-95.7615523991394,34.9107081819775],[-95.761580398614,34.9103531817279],[-95.7616383985786,34.909971181126],[-95.761697398576,34.9093971815273],[-95.7614703988409,34.909396181492],[-95.7601673986697,34.9093881811843],[-95.7592383987553,34.9093821818506],[-95.7582943981452,34.9093741815256],[-95.7563493978804,34.9093801818971],[-95.7562043974501,34.9093611819237],[-95.7552413977581,34.9093601819238],[-95.7540543966713,34.9093591819346],[-95.7540743967915,34.9106551816823],[-95.7540773969408,34.9107981820077],[-95.7540793970437,34.9109421823793],[-95.7540983971189,34.9122581821538],[-95.754108397635,34.9129961821476],[-95.754111396888,34.9131821826651],[-95.7541053975352,34.9135501826162],[-95.7540923969914,34.9143821824666],[-95.7540833975125,34.914934182843],[-95.7540833976384,34.9167071830924],[-95.7528733972845,34.9167161835674],[-95.7514243966384,34.9167151835909],[-95.7507723969798,34.9167201829544],[-95.7500163960951,34.9167181828983],[-95.7497163965729,34.916729183422],[-95.749716396582,34.916857183053],[-95.7496653960317,34.9170851837191],[-95.7494773963406,34.9175631833759],[-95.7491783960205,34.9183511839008],[-95.7489593966908,34.9188341837907],[-95.7488253958971,34.9191791835824],[-95.7485113966827,34.9200051840688],[-95.7472413962192,34.9196601843447],[-95.7464693954783,34.9194671844394],[-95.7462303960819,34.919407184371],[-95.7454203953767,34.9192041840046],[-95.7451783958401,34.9191291841411],[-95.744986395026,34.919071184163],[-95.7449663950045,34.9191641839731],[-95.7448763953477,34.9194491836828],[-95.7447173952021,34.9199181838208],[-95.7446533949438,34.9200821842224],[-95.7445483954894,34.9203491839987],[-95.7444993950237,34.9204621847362],[-95.7444563957347,34.9205621839722],[-95.7442833949287,34.9208741840366],[-95.7441143952086,34.9212011847953],[-95.7438973950623,34.9215431844522],[-95.7435863950687,34.9221011842215],[-95.7430733947236,34.9229791844271],[-95.7425633954131,34.9238031848304],[-95.741756394814,34.9231351845186],[-95.7407283947428,34.9222521850551],[-95.7406643944717,34.9222351851704],[-95.7389773935491,34.9217951846653],[-95.7375933932059,34.921607185021],[-95.7371153935177,34.9215431847788],[-95.7364233929041,34.9215581846074],[-95.7364233929152,34.9217141846354],[-95.7352933926876,34.921916185049],[-95.7348563931163,34.922054185164],[-95.7341773931186,34.922250185278],[-95.7340673925161,34.9222791848273],[-95.7338123923873,34.9223551847611],[-95.7325933925404,34.9227181854385],[-95.732257392253,34.9228011857001],[-95.7321813923273,34.9228201856842],[-95.7316743922053,34.9229241851277],[-95.7312603918954,34.9229691854325],[-95.7307213920825,34.922992185624],[-95.7305253919869,34.9230001851045],[-95.7298843919368,34.9229721856376],[-95.7290143911513,34.9228271852615],[-95.7284643917156,34.9226831858155],[-95.7280003908715,34.9225281858562],[-95.7267533905664,34.9220611858784],[-95.7264243905887,34.9219331853639],[-95.7253683901491,34.9214821852184],[-95.7253743903503,34.9203961852996],[-95.7241553904763,34.9203781854242],[-95.7238293897471,34.9203731852084],[-95.7231373900312,34.9203631856781],[-95.7230933898595,34.9213521856044],[-95.7224813893573,34.9213481854486],[-95.7208453890311,34.9213311856396],[-95.7206813895098,34.9211921855072],[-95.7198313887116,34.9204721854879],[-95.7188383884664,34.9196111852426],[-95.7187213884293,34.9195091850223],[-95.7175553882454,34.9185081854981],[-95.7168203882909,34.917891184846],[-95.7161633874615,34.9173381853547],[-95.7159303874337,34.9171341849142],[-95.7156003873981,34.9168431849469],[-95.7151093870808,34.9164111847546],[-95.7145813868438,34.9159441847421],[-95.7143573872277,34.9156601850938],[-95.7139503871938,34.9150191851134],[-95.7130763869979,34.9131251846996],[-95.7129033861433,34.9127511844792],[-95.7115423857716,34.9098031838532],[-95.7110643860264,34.9089371833515],[-95.7107863856971,34.9085461841477],[-95.7104253860179,34.9081891838242],[-95.7099603851076,34.9077551835379],[-95.7095163851763,34.9073941839324],[-95.7094143849377,34.9073231833481],[-95.7087303846604,34.9068471838257],[-95.7077253847732,34.90619918355],[-95.7072903843656,34.9059181831514],[-95.7067163847002,34.9055471830893],[-95.7061503845068,34.9051801832119],[-95.7053003837276,34.9047281830101],[-95.7041963837545,34.904200182899],[-95.7041023838887,34.904155183518],[-95.7031163830992,34.9037201832105],[-95.7023413831078,34.9033781836013],[-95.7021713833128,34.903303182835],[-95.7012113828317,34.9028971829696],[-95.7010373828513,34.9028241831954],[-95.7001983825891,34.9024701830337],[-95.7000743822309,34.9024171832838],[-95.6984723816425,34.9018321832556],[-95.6981903820475,34.901729182997],[-95.6970783817161,34.9013801830799],[-95.6965383818431,34.9012111833752],[-95.6958053811095,34.9009821827005],[-95.6953783810858,34.9008821834871],[-95.6945383807884,34.9006861834461],[-95.6931403806846,34.9003481831528],[-95.6923103799513,34.9001471828797],[-95.691940379874,34.900063183505],[-95.690698379814,34.8997821831452],[-95.6902083795665,34.8996801829429],[-95.6895223792201,34.8995381826967],[-95.689334379492,34.8994961834592],[-95.6875053791806,34.8990831833113],[-95.6858793783997,34.8987981827848],[-95.6843823782104,34.8985871829802],[-95.6835643780387,34.8984571832958],[-95.6823183777991,34.898260183228],[-95.6777163765634,34.8973901836385],[-95.6771133764705,34.8972731836465],[-95.6766143758059,34.8971761836761],[-95.6751233758893,34.8968871829578],[-95.6747773760265,34.8968151832382],[-95.6745693753708,34.8967711830096],[-95.6738893753023,34.8966261835235],[-95.6722503748034,34.8961371834451],[-95.6716943750882,34.895975183166],[-95.6706213747692,34.8956621831151],[-95.6691113739608,34.8952221835004],[-95.6683903737854,34.8950171830369],[-95.6676003740059,34.8947911834032],[-95.6672873738757,34.8947311833383],[-95.6669003730136,34.8946971835813],[-95.6666663729533,34.8946891832222],[-95.6662543736311,34.8946741834468],[-95.6640023726193,34.8946871832576],[-95.6607473718569,34.8946731836651],[-95.6601203715604,34.8946991839997],[-95.6587913710868,34.8947551839583],[-95.6576753705978,34.8948011834437],[-95.6571823711193,34.8948251836792],[-95.6558133705901,34.8948901840565],[-95.654848369909,34.8949371835809],[-95.6536553703438,34.8949561836186],[-95.653180369897,34.8949181836807],[-95.6527253694765,34.8948531842904],[-95.6526213700485,34.8948391836472],[-95.6519203699047,34.8946831836528],[-95.6517263698977,34.8946311839525],[-95.6505073691023,34.8943051842061],[-95.650142369259,34.8942511844214],[-95.6498303691782,34.8942341836493],[-95.6494503686423,34.8942231840575],[-95.6486283682924,34.8941991838852],[-95.6483283687693,34.8941991838996],[-95.6472253679803,34.89419718386],[-95.6462963680659,34.894195183812],[-95.6460263681354,34.894195183825],[-95.6450323679028,34.8941681844212],[-95.6440163675493,34.8941411841193],[-95.6439323672511,34.894140184077],[-95.6425033666321,34.8941311846283],[-95.6422083673394,34.8941111846159],[-95.6415533666387,34.8940661843625],[-95.6414623669149,34.8940621841816],[-95.640179366768,34.8940071843947],[-95.6401353665104,34.8937841839647],[-95.6400643668053,34.8936451847271],[-95.6400173664188,34.893566184669],[-95.6399413664883,34.8935191842953],[-95.6382863661586,34.8932011840407],[-95.6371813652601,34.8929621847195],[-95.6366403653457,34.8928641847048],[-95.6365183650824,34.8928421845913],[-95.6350693653123,34.8925191840955],[-95.6347423645345,34.8924841842893],[-95.6343983647636,34.892400184014],[-95.6336993647173,34.8923111844235],[-95.6333183641298,34.89222718415],[-95.6328813645418,34.8921301841766],[-95.6327963641959,34.8921111842003],[-95.6317583637093,34.8919111848828],[-95.6306473634324,34.8916811841799],[-95.6302473637632,34.8916071843702],[-95.6293203630302,34.8914351845452],[-95.6283873629153,34.8912231846671],[-95.6265923623859,34.8908671844585],[-95.6252543623718,34.8906071841761],[-95.6250123619369,34.8905491842004],[-95.6244843617254,34.8904421846676],[-95.6237673617396,34.8902971842839],[-95.6225263617284,34.8900531847377],[-95.6220463610461,34.8899641842373],[-95.6212273608264,34.8898131844801],[-95.620680360633,34.8897061849482],[-95.6204523608483,34.8896611846743],[-95.6170793599629,34.888992184439],[-95.6169713603501,34.888988184259],[-95.616877359589,34.8889991847728],[-95.6167833597284,34.8890271842751],[-95.6167033596191,34.8890741846563],[-95.6166093597621,34.8891541847674],[-95.6164983600194,34.8892801843112],[-95.6158903596777,34.8889261850376],[-95.6154323600015,34.8886371842696],[-95.6149863590813,34.8883201849026],[-95.6137973587308,34.8873311841358],[-95.6133893586703,34.8869701845285],[-95.6132803590046,34.8868741845856],[-95.6120523586377,34.8857921840114],[-95.6119073582002,34.8856731839047],[-95.6108043582467,34.8847681843249],[-95.6107633581416,34.8847341845513],[-95.610258358076,34.8843251845248],[-95.6098503580191,34.8840151836815],[-95.608989357622,34.8834651843386],[-95.6081723574672,34.8829211843719],[-95.6065673567062,34.8818671842128],[-95.6056663562473,34.8812381839121],[-95.6053313568841,34.8810181836348],[-95.6045573560198,34.8803941835595],[-95.6038903556256,34.8798371838831],[-95.6030593557067,34.8790921836042],[-95.6023943554004,34.878466183431],[-95.6023683550918,34.8784351837956],[-95.6015433554489,34.8776581829341],[-95.6010983554677,34.8772481828585],[-95.6003813545463,34.8765891829585],[-95.5997643546716,34.8760231828631],[-95.5996443544948,34.8759121831255],[-95.5987213538955,34.875008182684],[-95.5984193542493,34.8745791826211],[-95.5983443543606,34.8744671828351],[-95.5982493544403,34.8743071826263],[-95.5981523544242,34.8741031830784],[-95.5980513542195,34.8738551823929],[-95.5979393543936,34.8734601829958],[-95.5979023535609,34.8732301822412],[-95.5978453535788,34.87271018245],[-95.5978373540931,34.87251118223],[-95.5978203541758,34.8721121826431],[-95.5978243534515,34.8719631820396],[-95.597835353932,34.8715431823784],[-95.5978343538444,34.8709591823193],[-95.5978513536679,34.8700301824738],[-95.5978503535972,34.869685181789],[-95.5978543537663,34.8694531818392],[-95.5978593539748,34.8691221818023],[-95.5978603539493,34.868103181388],[-95.5978533535269,34.8667171810693],[-95.5978623538314,34.8651171807341],[-95.5978673531202,34.8644961807603],[-95.5978543533892,34.8641071807369],[-95.5978383535324,34.8639071813703],[-95.5976883528114,34.8630561806475],[-95.5974983529547,34.862506180373],[-95.5973473531226,34.8621631806873],[-95.5972703531392,34.8620231805043],[-95.5969973530342,34.8615231807501],[-95.5965233525893,34.8608551804217],[-95.596112352382,34.8603831801718],[-95.5957703526799,34.8599611804349],[-95.5954933524007,34.8596201799485],[-95.5950313525184,34.8590391800503],[-95.5943853521794,34.8582051801384],[-95.5940433515789,34.8577951800578],[-95.5933973521546,34.8571801794935],[-95.5927893518038,34.8566961795968],[-95.5923273510427,34.8564041795893],[-95.5913473514272,34.8559231798492],[-95.5909333511039,34.8557811795898],[-95.5904253509173,34.8556271796786],[-95.5899423509937,34.8555161799584],[-95.5895033504149,34.8554381799654],[-95.5890153502626,34.8553741797235],[-95.5881613502267,34.8553401799889],[-95.587316349711,34.8553391799831],[-95.5867563498205,34.8553221801221],[-95.5862503497363,34.8553071803512],[-95.5861793500409,34.8553051802619],[-95.5861813501218,34.8551371796781],[-95.5862303495218,34.8526631793448],[-95.5862663493871,34.8525841792826],[-95.58626134914,34.8523691792211],[-95.5862513495494,34.8519961790389],[-95.5862643492438,34.8518671793609],[-95.5863073494339,34.8517911794374],[-95.5863613492363,34.8517361795863],[-95.5865123499389,34.851669179175],[-95.5872463497935,34.8515271788606],[-95.5880733503613,34.8513521788124],[-95.5882653502695,34.8513171789814],[-95.5883683496349,34.851100178822],[-95.5886423497145,34.8505831791538],[-95.5888173497114,34.8502311790358],[-95.5888823500176,34.8500871786608],[-95.588885350156,34.850077179097],[-95.5889033500865,34.8500071785531],[-95.5889403499733,34.8495751783351],[-95.5888993498389,34.849126178233],[-95.5887073498414,34.8478921786651],[-95.5886553501069,34.8475951784065],[-95.5885093495731,34.8467651786558],[-95.5884113494923,34.8463011778619],[-95.5883563496273,34.846126177856],[-95.5881053496389,34.8455631778817],[-95.5877613498352,34.8450131776145],[-95.5874203492691,34.8444331777567],[-95.5867393490702,34.8430951778938],[-95.5866813490682,34.8429501774784],[-95.5866643491713,34.8428381776896],[-95.5866683493512,34.8427581775827],[-95.5867223491511,34.8426691779561],[-95.5868493487393,34.8425821775192],[-95.5869873488381,34.842502177406],[-95.587345349241,34.8423411771292],[-95.5879393488907,34.8420891771244],[-95.5882293497406,34.8419731771358],[-95.5883563493301,34.8419051775786],[-95.5884633497888,34.8418091776254],[-95.5885043489867,34.8417311776093],[-95.5884643489007,34.8413091769586],[-95.5883513489899,34.840365177324],[-95.5882713488014,34.839288176926],[-95.5882233491793,34.8379521762259],[-95.5882203490269,34.8377621764225],[-95.5882403490475,34.8376551768633],[-95.5882733487712,34.8375421761265],[-95.5883973491128,34.8373581765947],[-95.5885473488668,34.8372501760838],[-95.5887083491337,34.8371811764787],[-95.5890093495986,34.8371251765695],[-95.5893273490538,34.8370771761305],[-95.5895993490752,34.8370501766661],[-95.5898513490669,34.8370001761377],[-95.5900683492329,34.8369331766225],[-95.5902033491941,34.8368751766287],[-95.5906093491137,34.83655317609],[-95.5911403494223,34.8360621758145],[-95.5917653495883,34.8354991757983],[-95.5923943499429,34.8349781759279],[-95.593070349778,34.8344421753607],[-95.5941093502383,34.833608175368],[-95.5943533498487,34.8334131753211],[-95.5949393500169,34.8330211751301],[-95.5950543508485,34.8329531755735],[-95.5955603509103,34.8326511750567],[-95.596239350898,34.8323051751924],[-95.5967163505168,34.8320391754444],[-95.5971633505476,34.83183817511],[-95.5977913508766,34.8316131745551],[-95.5981903513846,34.8314861749512],[-95.5986373514228,34.8313891749354],[-95.598915351721,34.8313421745447],[-95.5995373517791,34.831221175208],[-95.5998043515654,34.831147174467],[-95.6000813518137,34.8310511745056],[-95.600324351384,34.8309441749358],[-95.6006153513773,34.8307761743382],[-95.6011423515073,34.830383175003],[-95.6013973516238,34.8301301749683],[-95.6015873523265,34.8299231743683],[-95.601669351623,34.8297871743629],[-95.6017153519503,34.8296841740885],[-95.6017493516981,34.8292531748162],[-95.601740352158,34.828940174714],[-95.6012973513832,34.8287111740251],[-95.6013293519179,34.8280011744258],[-95.6008033518001,34.8279091737887],[-95.6004173519022,34.8281381745173],[-95.5999483517621,34.8285051744445],[-95.5995893513015,34.8285051744617],[-95.5992863516103,34.8280931742865],[-95.5987893510323,34.8279091738851],[-95.5984023510831,34.8280691741169],[-95.5980433506241,34.8280921742996],[-95.5977393509026,34.8279091739353],[-95.597711350497,34.8278181742199],[-95.5980743511303,34.8276351738237],[-95.5982693511688,34.827474174454],[-95.5985223511796,34.8270381740404],[-95.5984673513109,34.8268091742323],[-95.5983023508408,34.8266261738613],[-95.5983053509317,34.8259401735759],[-95.5976153503662,34.825322173774],[-95.5972563507968,34.8252071738627],[-95.5968423504819,34.8251841737169],[-95.5965933506308,34.8252531742255],[-95.5963183504892,34.8255501736005],[-95.5963193505565,34.8258481739079],[-95.5964883503256,34.8262141737583],[-95.5965193499967,34.8266711742314],[-95.5963533504102,34.8269231742156],[-95.5960783502493,34.8269461743943],[-95.5960223503471,34.8269001740659],[-95.5958013499861,34.826831174479],[-95.5956083500435,34.8270371741334],[-95.5951113503972,34.8273121742991],[-95.5948073497892,34.8273121743136],[-95.5946973500791,34.8272441747678],[-95.5947263496093,34.8270151740563],[-95.5940083495502,34.8264871739262],[-95.593621349585,34.8264191743936],[-95.5931783497127,34.8262361740359],[-95.5932073492332,34.8258701741759],[-95.593430349674,34.8257551742368],[-95.5935993494028,34.8255481736379],[-95.5936283498355,34.8253651741569],[-95.5931853490655,34.8252051739647],[-95.5926213489906,34.8252051739917],[-95.5922713489474,34.8252051740084],[-95.5908283485854,34.8252971738404],[-95.5906613489219,34.8251141743687],[-95.590661348901,34.8248161740613],[-95.5900513484868,34.8247481745394],[-95.5896623484464,34.8249311740376],[-95.589107347901,34.8250921743238],[-95.5888573479872,34.8249311740761],[-95.5888573479776,34.8247941740283],[-95.5883023483185,34.8247711738892],[-95.587914348323,34.8249321741674],[-95.5871363482278,34.825092174418],[-95.5865263478394,34.8253901747546],[-95.5858043476416,34.8255271748369],[-95.5857213473528,34.825001174769],[-95.5855263472708,34.8245431742575],[-95.5848603469624,34.8245431742894],[-95.5844443474477,34.824429174427],[-95.5842493473834,34.8242231738918],[-95.5840553473671,34.8240401744215],[-95.5838333469709,34.8241311741488],[-95.5836113465764,34.8242461740879],[-95.5832503469208,34.8242231739396],[-95.5830563469045,34.8240401744693],[-95.5830563468867,34.8237881744929],[-95.5831393471322,34.823697173873],[-95.5828893463224,34.8235821739564],[-95.5824173469167,34.823582173979],[-95.5821123462527,34.8234451739457],[-95.5818903467044,34.8228041739559],[-95.5817233461367,34.8225521739876],[-95.5817513465214,34.8223461743411],[-95.5820843466466,34.8219341741355],[-95.5821953463774,34.821637173869],[-95.5820563462137,34.8214541734967],[-95.5819173460549,34.8213391735748],[-95.5815013465498,34.8213621737603],[-95.5810853461582,34.8215681743247],[-95.5808073458535,34.8215231740531],[-95.5806683456979,34.8214541735631],[-95.5804183457826,34.8212711740954],[-95.579808345386,34.8214541736042],[-95.5795863458811,34.8214311743485],[-95.5790583456643,34.8212481739948],[-95.5786423452663,34.8213631739432],[-95.5784483452758,34.8215461743314],[-95.5784763456974,34.8218661738575],[-95.5785873454684,34.8221411739941],[-95.5785593450837,34.82234717454],[-95.5783653451043,34.8226901742422],[-95.5782543453656,34.8228731746264],[-95.5777543455688,34.8229881745789],[-95.5772553449094,34.8229651744371],[-95.5770333453949,34.8228051742344],[-95.5768383453323,34.822622174764],[-95.5768103449058,34.822233173842],[-95.5766163448959,34.8221411740883],[-95.5761163450942,34.8221871744433],[-95.5757563446017,34.8223931741057],[-95.5756723443245,34.8226911744172],[-95.5757843450363,34.822897174057],[-95.5756173444927,34.822988174681],[-95.5753953449894,34.8229881746916],[-95.5753123447345,34.8229431744107],[-95.5750903443399,34.8230571743036],[-95.5750623448497,34.8231941743527],[-95.5752293445084,34.8233091742732],[-95.5751733446143,34.8233781747726],[-95.5750903443673,34.8234461743277],[-95.5740073445186,34.8236291747584],[-95.5734253445325,34.8239731745255],[-95.5731753437501,34.8242481746793],[-95.5729813437659,34.8245221747842],[-95.5729253438862,34.8247971749288],[-95.5727593442981,34.8250261747474],[-95.5723983437608,34.8252551754748],[-95.5722593436116,34.8252781747476],[-95.5720093437011,34.8251631748311],[-95.5717593437874,34.8250031746296],[-95.5715653437406,34.8243851748041],[-95.571315343822,34.8241561750053],[-95.5710383435636,34.8241111747337],[-95.5706493435087,34.8240881745867],[-95.570344343773,34.8243621746969],[-95.5702883430053,34.8247971750548],[-95.5700113436542,34.8248661746654],[-95.5697893432693,34.8251181755517],[-95.5696223436299,34.8252781748737],[-95.5693173429739,34.825255175622],[-95.5691783428054,34.825003174753],[-95.5685953427552,34.8250951754431],[-95.5682903429905,34.82495817541],[-95.5682623425688,34.8246371749382],[-95.5684283430611,34.8244771747169],[-95.5684283430467,34.8242711750717],[-95.568150342737,34.8241571752028],[-95.5678173425635,34.8238821750768],[-95.5675163429309,34.8229851749292],[-95.5674273423965,34.8229231747608],[-95.5673903424432,34.8224101743932],[-95.5674483424297,34.8223351745153],[-95.5676713428596,34.822064174548],[-95.5677803425093,34.8219331747727],[-95.5680303423783,34.8214571743059],[-95.5682403422018,34.8211361747221],[-95.5683853426183,34.8209571745215],[-95.5686633429036,34.8207241745122],[-95.5691843427659,34.8204811740284],[-95.5696933429748,34.8202921742466],[-95.5699583426667,34.8201941741932],[-95.5705683430601,34.8199671744459],[-95.5707513434477,34.8198951738015],[-95.5710373432131,34.8197831739983],[-95.5722033432942,34.8193241742747],[-95.5730443436014,34.81899817353],[-95.5747493443847,34.81837017405],[-95.5753763446705,34.8181891737337],[-95.577109344964,34.8177091730108],[-95.5782523448891,34.817411173548],[-95.5784013446016,34.8173731735802],[-95.5793713455031,34.8171601735646],[-95.5796793453922,34.8170881729142],[-95.5797653457821,34.8170731731149],[-95.5797513451158,34.8168311727029],[-95.579737345292,34.8157791725598],[-95.5797463447614,34.8150861728493],[-95.5797273447292,34.8143681728819],[-95.5797313448052,34.8128091726464],[-95.5797223452669,34.8125211719029],[-95.5797283445963,34.8118161725363],[-95.5797233451574,34.8103011716404],[-95.5797343446567,34.8087131718603],[-95.5797313445063,34.8085531716471],[-95.5797073441575,34.8066271715079],[-95.5797343445025,34.8065171709103],[-95.5796243447948,34.8064821710937],[-95.5791823440824,34.8064821711148],[-95.5788793444266,34.8065741708922],[-95.5785753447179,34.8065741709067],[-95.5782713440938,34.8063451711105],[-95.5776933442724,34.8063921715155],[-95.5772513435792,34.8066671716786],[-95.5769773435017,34.8072161719292],[-95.5767303437577,34.8074911711835],[-95.576151343909,34.807811171638],[-95.5752403439413,34.8079721719411],[-95.5748813434952,34.8081781716034],[-95.5744143434526,34.8086141720273],[-95.5737243429434,34.8087971715399],[-95.573359343125,34.80909917205],[-95.5733103435535,34.809140172152],[-95.5727563430563,34.8093281718896],[-95.5724083431226,34.8095681722262],[-95.5724673432719,34.8111511726708],[-95.5718613430497,34.8111761720586],[-95.5716343424157,34.8111831723935],[-95.5711493424072,34.8111831724167],[-95.5711213429073,34.811183172418],[-95.5664953415184,34.8111841726853],[-95.5663223415896,34.8111841726935],[-95.5647323406989,34.8111801725842],[-95.5624303400635,34.8111611727138],[-95.5603213402845,34.8111431728804],[-95.5598163393481,34.8111371726267],[-95.5587283392547,34.8111391727713],[-95.5565423386049,34.811150173385],[-95.555254338229,34.8111381728908],[-95.5523013379807,34.8111201730978],[-95.5511163378851,34.8111131737296],[-95.5498843374099,34.8111271735373],[-95.5486893368501,34.811115173938],[-95.5472283365469,34.8111271736641],[-95.5468153362797,34.8111221734523],[-95.5463973366798,34.8111171732408],[-95.5447443355643,34.8110971741923],[-95.5405973348071,34.8111311741658],[-95.5400733347892,34.8111411737545],[-95.5397473349601,34.8111481740941],[-95.5393173348038,34.8111451739758],[-95.5387193340513,34.8111421738655],[-95.5366313334499,34.8111591738529],[-95.5355643334323,34.8111791739305],[-95.533925332968,34.8111871743792],[-95.533768332881,34.8111761738773],[-95.5336383331433,34.8111161747029],[-95.533284332909,34.8110371746593],[-95.5323353329505,34.8108121741797],[-95.5312723321915,34.8104391740478],[-95.5308973318751,34.8102521744008],[-95.5307683321697,34.8099911740139],[-95.5305673318164,34.8096311744427],[-95.5303003320058,34.8093591744524],[-95.5297863315233,34.8089561738046],[-95.5296113314949,34.8088601738647],[-95.5293703320122,34.8088941736517],[-95.5286823315903,34.8090011741421],[-95.5285453315344,34.8090321737852],[-95.5283713315558,34.8089861743617],[-95.5281163313885,34.8085151741504],[-95.5279563311549,34.8083981741369],[-95.5278173310009,34.8083521738124],[-95.5276523314434,34.8083591741444],[-95.5274503310819,34.8085421745329],[-95.5272093307173,34.8088251741575],[-95.5269473311735,34.8090511738419],[-95.5266743311122,34.8091711740149],[-95.5260223305634,34.8093121742791],[-95.5255643309083,34.8093221747639],[-95.5251323306503,34.8091891740226],[-95.5244013300303,34.8092611746931],[-95.5233923300893,34.8104901749864],[-95.5229393297572,34.8103631745239],[-95.5226893298633,34.8104861748348],[-95.5226623304227,34.8106691743158],[-95.5229943305579,34.8110591743704],[-95.5230503304681,34.8112191745812],[-95.5229943305771,34.8113331744661],[-95.5231613302632,34.8118371753101],[-95.523049330478,34.8120201747951],[-95.5229113303864,34.8122031751807],[-95.5227993306349,34.8128671753522],[-95.522577330258,34.8132331752214],[-95.5226333301715,34.8134391748639],[-95.5226883300305,34.8135311755236],[-95.5227163304506,34.8138281748842],[-95.522327330423,34.8141941756607],[-95.5219943302784,34.8143321757707],[-95.5219663299065,34.8147211757962],[-95.5218833305636,34.814858175848],[-95.5215773298789,34.8150871756734],[-95.5215213300345,34.8158651757244],[-95.52143832981,34.8162541757526],[-95.5212163303356,34.8166661759529],[-95.5207713304186,34.8171701759269],[-95.5202443302722,34.8173301761655],[-95.5196893297056,34.8171921760978],[-95.5185503290391,34.8171001763892],[-95.5174953295589,34.8168481764632],[-95.5167183286089,34.8169851765481],[-95.5164683287225,34.8172141763709],[-95.5162463292272,34.8173281762637],[-95.5157193290792,34.817466176383],[-95.5153303290451,34.8177401764972],[-95.5151363290481,34.8178321762694],[-95.5150253284196,34.8181521767015],[-95.5149873284573,34.8181701766374],[-95.5144143288838,34.8184491769919],[-95.5142413280661,34.8185991767505],[-95.5141323284138,34.8186941766576],[-95.5141333284046,34.817901176814],[-95.5141363280886,34.8114151750881],[-95.5141453266244,34.7974051730389],[-95.5141463266491,34.797096172222],[-95.5141493264005,34.7915611713593],[-95.5141193263276,34.7847011703045],[-95.5141593258367,34.7768811688649],[-95.5141323253798,34.7753931683203],[-95.5141373255441,34.7744261685141],[-95.5141523251518,34.771730167795],[-95.514163324713,34.7710211682427],[-95.5141723250152,34.7693731674828],[-95.5141743250769,34.76892916761],[-95.5141763251447,34.7685721672685],[-95.5141643245696,34.7683071675901],[-95.5141643245196,34.7675921668612],[-95.5141663245853,34.7672041668831],[-95.5141963244837,34.7587111657598],[-95.514201323745,34.757690165252],[-95.5142013237427,34.7576571655227],[-95.5142173241701,34.7531531647298],[-95.5142343237456,34.748661163593],[-95.5142593235188,34.7416841625132],[-95.5142723229772,34.7381701616919],[-95.514273322996,34.7377751613897],[-95.5142983227771,34.7309051607671],[-95.5143203215756,34.7248331593205],[-95.5143233216685,34.724169159154],[-95.5143723212065,34.7107301565557],[-95.5143793205024,34.7088711559188],[-95.514381320567,34.7084661560529],[-95.5143903207714,34.7054051555209],[-95.5143953209437,34.7045481554115],[-95.5144823188262,34.6807241513198],[-95.5144843186766,34.6772311505711],[-95.5144863184229,34.6722401497122],[-95.5144863184163,34.6721451498102],[-95.5144853183642,34.6720611495183],[-95.5144883184665,34.6715301492144],[-95.5144883181199,34.6665331480776],[-95.5144923177175,34.6580521466083],[-95.5144983162046,34.6451751448484],[-95.5144993158226,34.6389861433794],[-95.5145013158093,34.6374521434008],[-95.5145003154795,34.6333541425188],[-95.5145033155803,34.6328011420954],[-95.5145043154869,34.6307791420051],[-95.5145053155249,34.6306581417986],[-95.5145043154721,34.630564141943],[-95.5145063153338,34.627224141083],[-95.5144883153512,34.6265401408905],[-95.5144833150541,34.6255961412498],[-95.5144823149983,34.6254601412482],[-95.5144823149939,34.6253961409829],[-95.5144823149909,34.6253531407906],[-95.5144813149273,34.625104140953],[-95.5144873151988,34.6250061409119],[-95.5144903153344,34.6249561403953],[-95.514492315424,34.6249101409634],[-95.5145073152023,34.6246491405694],[-95.5145093149206,34.6192301396778],[-95.514512314676,34.6136741387381],[-95.5145163133664,34.6050431366172],[-95.5145163132993,34.6040701365328],[-95.5145183130568,34.5992101363417],[-95.5145183127085,34.5941591354013],[-95.5297693166939,34.5941481341728],[-95.5494523220606,34.5940971335812],[-95.5499463224864,34.5940961335116],[-95.5665273261001,34.5941651323269],[-95.5669113268168,34.5941091324139],[-95.5670083268175,34.5940951326604],[-95.5671633268094,34.5940731325338],[-95.5683383264434,34.5941141325781],[-95.5683873269172,34.5941161326684],[-95.5684163264635,34.5941171327133],[-95.5697933273716,34.5941641321265],[-95.5700183270133,34.5941561326448],[-95.5703503271203,34.5941441320735],[-95.5703653278159,34.5941441320728],[-95.570385327844,34.5941431320256],[-95.5704863271316,34.5941391327349],[-95.5707193271443,34.5941301323072],[-95.5710183275196,34.5941191326832],[-95.5721333279663,34.5941301322405],[-95.5755233286952,34.5941641318561],[-95.5763693292565,34.5941581324377],[-95.5764813290545,34.5941571323861],[-95.5787163292781,34.5941461317714],[-95.5788753294569,34.5941451317176],[-95.5789153295132,34.5941451317157],[-95.5789823299224,34.5941451317125],[-95.5804843303282,34.5941381322168],[-95.5895023321401,34.594074131526],[-95.5896213322626,34.5940731314741],[-95.5896553320407,34.5940731314725],[-95.5896803323007,34.594072131425],[-95.5896943320506,34.5940721314243],[-95.5898353322941,34.5940711313714],[-95.5900003327511,34.5940701313173],[-95.601664335859,34.5939871305211],[-95.6059823364509,34.5939561306806],[-95.606228337067,34.5939541305764],[-95.6063803369212,34.5939531305229],[-95.6063923365784,34.5939531305223],[-95.6068783366329,34.5939501303605],[-95.6069673371629,34.59394913031],[-95.608320336954,34.593941130775],[-95.6088473371112,34.5939381306112],[-95.6093513371012,34.5939351304485],[-95.6095203377438,34.5939341303943],[-95.6095933375318,34.5939341303908],[-95.6106113379755,34.593928130065],[-95.6111273376226,34.593925130801],[-95.6114893382222,34.5939231306914],[-95.6118223383761,34.593921130583],[-95.6118393382651,34.5939211305822],[-95.6118593382933,34.5939211305813],[-95.6118763381824,34.5939211305805],[-95.6118873377931,34.59392113058],[-95.6119603384804,34.5939201305302],[-95.6252693414305,34.5938381297025],[-95.6255173412405,34.5938431299223],[-95.6258753416551,34.5938511293764],[-95.6449833464343,34.5938471291881],[-95.6449963470371,34.5938471291875],[-95.6450233464906,34.5938471291863],[-95.6450773462968,34.5938471291837],[-95.6451853468086,34.5938471291786],[-95.6454013469329,34.5938471291684],[-95.6458443467921,34.5938471291475],[-95.6467843472162,34.5938471291031],[-95.6547023492806,34.5938461286828],[-95.6628093511167,34.5938521276783],[-95.662824350913,34.5938521276776],[-95.6628533513585,34.5938521276762],[-95.6629093512576,34.5938521276736],[-95.6630093513983,34.5938521276688],[-95.6631743509561,34.593852127661],[-95.6634113511549,34.5938521276498],[-95.6636883514099,34.5938521276367],[-95.6639473517296,34.5938521276245],[-95.67088635336,34.5938571275281],[-95.6717583533205,34.5937401274657],[-95.6718173533585,34.5937381273703],[-95.675260354741,34.593707127571],[-95.6783933552413,34.5937311276348],[-95.6895463580367,34.5937281269688],[-95.6927143592591,34.593731126958],[-95.6930633592555,34.5937271267563],[-95.6950633593732,34.5937291267544],[-95.6951873597275,34.5937281267022],[-95.6979213606068,34.5937041263611],[-95.6986443608606,34.5937101266047],[-95.6998603605947,34.5937211261572],[-95.7004183612909,34.5937311265938],[-95.7023633615554,34.5937251262241],[-95.702704361181,34.5937241261617],[-95.7031823617632,34.5937131256298],[-95.7097923634248,34.5937261259192],[-95.7120303637871,34.5937241257208],[-95.7130513643701,34.5937241256725],[-95.7247793677488,34.5937211249791],[-95.7303323689552,34.5937181245776],[-95.7308573690197,34.593719124599],[-95.7344213697199,34.5937221245694],[-95.7358913704399,34.5937191243609],[-95.7361953701485,34.5937191243465],[-95.7391413709676,34.5937181241609],[-95.7420223714705,34.5937161239321],[-95.7437473723248,34.5937171238968],[-95.7447473728333,34.5937201239884],[-95.7448403726494,34.593720123984],[-95.7451333727466,34.593712124499],[-95.7453873728346,34.5937171238192],[-95.7468973727114,34.5937121244156],[-95.7478873736555,34.5937161236547],[-95.749168373705,34.5937171236404],[-95.7500593736549,34.5937141234593],[-95.7507843740006,34.5937101241392],[-95.7529663744641,34.5937141233218],[-95.7531263746889,34.5937071238895],[-95.753421374879,34.5937031236903],[-95.7570033755144,34.593707123706]]]},"properties":{"OBJECTID":182,"ID":3,"DISTRICT":"2","NAME":"Pittsburg","Shape_Leng":2.10066750457,"COUNTYFP":"121","Shape__Area":2237699479.0898438,"Shape__Length":253164.60646743266}},{"type":"Feature","id":183,"geometry":{"type":"Polygon","coordinates":[[[-96.0916374800997,34.8504861549896],[-96.0917834796805,34.8505561546261],[-96.0918414796758,34.8506071551859],[-96.0918944803446,34.8507451543779],[-96.0918844799052,34.8510871549239],[-96.0918864800238,34.8514511546892],[-96.0918884801403,34.8517851548643],[-96.0918964806052,34.8531091550087],[-96.0918844801504,34.854542155704],[-96.0918104803244,34.8546581556822],[-96.0917064800031,34.8547271552845],[-96.091555480199,34.8547781558544],[-96.0906744798133,34.8547671553876],[-96.090628480378,34.8547661553435],[-96.0903884800402,34.8547631552162],[-96.0895794793952,34.8547411560353],[-96.0890154793214,34.8547421552095],[-96.0890094799548,34.8549161560711],[-96.0890064798235,34.8550261557681],[-96.0890154794235,34.8561801561357],[-96.0890154795094,34.8573901563985],[-96.0890324794724,34.8584321560769],[-96.0890184798092,34.8596531568496],[-96.0890184798099,34.8596631564133],[-96.0890184798107,34.8596741569226],[-96.0890124796221,34.8609361568952],[-96.0890324797284,34.8620371566071],[-96.089013479834,34.8632671568974],[-96.0890094807285,34.8658101577218],[-96.0890234805674,34.867063158176],[-96.0890074808186,34.8683831581363],[-96.0890104810218,34.8692851585283],[-96.0890084814539,34.876668159504],[-96.089006481369,34.8767781601002],[-96.0890204811529,34.877256159747],[-96.0890184812529,34.8799661602091],[-96.0890274817149,34.8805941605054],[-96.0890224817168,34.8838791606093],[-96.0890214817302,34.8847201608751],[-96.0890294823352,34.8880081620165],[-96.0890334817231,34.8894371616263],[-96.0890244822508,34.8900801617188],[-96.0890434823046,34.891092162706],[-96.0890514819105,34.8929771627431],[-96.0890404823625,34.8938591631089],[-96.0890474827252,34.8943931626507],[-96.0890464827284,34.8950891633979],[-96.0890464827292,34.8951011630542],[-96.0890444827322,34.8964451632255],[-96.0890254828605,34.8979901637104],[-96.0891134824694,34.8983361635374],[-96.0889664829668,34.9000161639834],[-96.0889624829191,34.901950164491],[-96.0889594828905,34.9035011643535],[-96.0889524835471,34.9046501644901],[-96.0889474836483,34.9093221658564],[-96.0889434836325,34.9117021663283],[-96.088941483642,34.9131351661235],[-96.0889394836126,34.9140231667666],[-96.0889364836501,34.9164991671865],[-96.0889354836282,34.9168421668789],[-96.0889274845943,34.9229771685296],[-96.0889264846566,34.9245001679949],[-96.0889194848084,34.93117116928],[-96.0889944847544,34.9320861693708],[-96.0889954848202,34.9323581702725],[-96.0889824851932,34.9334291703955],[-96.0889844855703,34.937409171199],[-96.0889674857107,34.9378211704894],[-96.0889594853579,34.9380751705582],[-96.0889664856925,34.9382151707443],[-96.0889924851371,34.938741170814],[-96.0889424855894,34.9397611712755],[-96.0889274859376,34.9417831713608],[-96.0889234857886,34.9422931715906],[-96.0889454859938,34.9434721722152],[-96.0889534855497,34.9446511719413],[-96.0889524864836,34.9457831721898],[-96.0889464862164,34.9459371721254],[-96.0889154857335,34.9467101728414],[-96.088916485787,34.9468111721215],[-96.0889214860716,34.9475481729678],[-96.0889334866836,34.9483241729214],[-96.0889204861281,34.9489861729942],[-96.088951486676,34.9491211729477],[-96.0889884865965,34.9491691724702],[-96.0890864867958,34.9512841732584],[-96.0890864868426,34.9519381729602],[-96.0890864876496,34.963213175159],[-96.0890864879007,34.966720175647],[-96.0890864880639,34.9689971767455],[-96.0890874882521,34.9709781767303],[-96.0890884883663,34.9719241773604],[-96.0890844887525,34.9799001788079],[-96.08908448913,34.9851641797017],[-96.0890844896573,34.9925131808984],[-96.0890744892439,34.9932141809778],[-96.0890014899573,35.00019718232],[-96.0889824900596,35.0013671825298],[-96.0888874905814,35.00736118395],[-96.0888634904756,35.0088621841959],[-96.0888234905989,35.0113591846895],[-96.0888504909879,35.0118641846861],[-96.088841490762,35.0145271847697],[-96.0888264912375,35.0183071853064],[-96.0888004917104,35.0291361875391],[-96.0888054929399,35.042988190332],[-96.0887994931585,35.0498811911],[-96.0871214927149,35.0502791916217],[-96.0870174932899,35.0503041909856],[-96.0866234930122,35.0503991918058],[-96.0858904932079,35.0505781911355],[-96.0826184917092,35.0512311918496],[-96.0810534920005,35.0515101922524],[-96.0801404910426,35.0516751918421],[-96.07828849063,35.0521561926177],[-96.0773464910286,35.0523681925861],[-96.0767804908709,35.0524951921982],[-96.07624049012,35.0526181925232],[-96.0732504900176,35.0534151926958],[-96.0729194899729,35.0536411923833],[-96.0724434894964,35.0538271929239],[-96.0714114893557,35.0545521932649],[-96.0701084892559,35.0555191931319],[-96.0692464889297,35.056591193342],[-96.0686784887771,35.0580741936803],[-96.0683744891493,35.0591901941016],[-96.0682184891513,35.0597671938431],[-96.06804048902,35.0601721937164],[-96.0675624885163,35.0612661940271],[-96.0669054887157,35.0625071948569],[-96.0666744888436,35.0631761943648],[-96.0656324884051,35.0661991949776],[-96.0648584886958,35.0691171961121],[-96.0643614891628,35.0709481963704],[-96.0643104886104,35.0711401962688],[-96.0642364888087,35.0715931965606],[-96.0641924885867,35.0718661966115],[-96.0641344886253,35.0722861962741],[-96.0640954886364,35.0725771962587],[-96.0640424889046,35.0729641970913],[-96.0639874890815,35.0733731971438],[-96.0638494890687,35.074639197307],[-96.063761488726,35.0765891976588],[-96.0635174891919,35.0778311976154],[-96.0635464888207,35.0789751975181],[-96.0635164892835,35.0797421979561],[-96.0634974893378,35.080241197677],[-96.0633214894897,35.0832801989881],[-96.0632274896878,35.084118199119],[-96.0631854895666,35.0845041990054],[-96.0631394892628,35.0849301989451],[-96.0630764890809,35.0855051985895],[-96.063007489521,35.086093198836],[-96.06292948955,35.0867701996061],[-96.0627144895668,35.0880761998262],[-96.061890489265,35.089987200207],[-96.0614094895014,35.090801200145],[-96.0611734893783,35.0912031998822],[-96.0609504889571,35.091583200399],[-96.0596754892967,35.0931072008712],[-96.0581374891337,35.0946622009928],[-96.056578488888,35.0961042012797],[-96.054941488605,35.0973052012048],[-96.0548774883319,35.097262201915],[-96.0544714884084,35.0975142019107],[-96.0536574875707,35.0980382019285],[-96.0528044876061,35.0983362022769],[-96.0514714870029,35.0991422018861],[-96.0511934876119,35.099293201696],[-96.0506284875136,35.0996012024933],[-96.0477564866385,35.1010992027391],[-96.0473984862419,35.1013382030299],[-96.0471854862673,35.1014812024662],[-96.0471314864637,35.1015172023369],[-96.047070486336,35.1015592024857],[-96.0470044868751,35.1015942023107],[-96.0465114865152,35.1018572028197],[-96.0448934861824,35.1026222032427],[-96.0437564856639,35.1032742029071],[-96.0418644852381,35.1043542035379],[-96.0414134850408,35.1048052037556],[-96.0405624852273,35.105909203648],[-96.0402464849846,35.1062152043406],[-96.0392194851273,35.1076512043238],[-96.0390304844757,35.107915203965],[-96.0379514849084,35.1093982043281],[-96.0373874848976,35.1102742044425],[-96.036873484502,35.1110742046333],[-96.0357984842449,35.1128882050321],[-96.0357144839634,35.1131172057457],[-96.0355944847033,35.1132472054749],[-96.0355484843801,35.1134042055513],[-96.0352154842648,35.113936205916],[-96.0351284847299,35.1139782051668],[-96.0350484846202,35.1140172051777],[-96.0343814843338,35.1149512061837],[-96.0336464844727,35.1156282060866],[-96.0332934843321,35.1162002056063],[-96.0328714836916,35.1167972062867],[-96.0328964839555,35.1168502060412],[-96.0329304837384,35.1169182064898],[-96.0323314838947,35.1176752064925],[-96.0316354840598,35.1185772069179],[-96.0310894839597,35.1191112064863],[-96.0307824832422,35.1195162063659],[-96.0306344835855,35.1196812068176],[-96.0299764836967,35.1203422068753],[-96.0289274827502,35.1208252068051],[-96.0283574832973,35.1208292070182],[-96.0279764827165,35.120833207222],[-96.0262514827446,35.120590206848],[-96.0249764820465,35.1202022069335],[-96.0249404821716,35.1201462070406],[-96.0247934816495,35.120139207623],[-96.0243474816448,35.1200472069827],[-96.0243114817659,35.1199362072414],[-96.0242414821159,35.1199202074034],[-96.0220944814322,35.1192902071194],[-96.0200214805748,35.1185502071351],[-96.0193104808598,35.1182962071015],[-96.018251480287,35.1179252070642],[-96.0181384804438,35.1179392068185],[-96.0174874799138,35.1176832066894],[-96.0169314801972,35.1174982071448],[-96.0155364793248,35.1170362074074],[-96.0146304795628,35.1168162071589],[-96.013878478846,35.1165642072199],[-96.0133114786404,35.1166722068518],[-96.0123214785997,35.1167202073238],[-96.0113014780799,35.1169452069987],[-96.0103694780635,35.1174442076636],[-96.0099664782895,35.1178402071312],[-96.0098134783999,35.117990207788],[-96.0097614777907,35.1180402074074],[-96.0092214779826,35.1187652077244],[-96.009015478345,35.1190792078828],[-96.0089194775219,35.1195142082417],[-96.0089074778986,35.1199822083257],[-96.0088904781393,35.121772208461],[-96.0088864779853,35.1222072079161],[-96.009101478153,35.1234492087495],[-96.0094334783346,35.1244722084313],[-96.0095334785208,35.1251002087228],[-96.0103094787125,35.1275682096318],[-96.0103894788535,35.1279602088907],[-96.0111774797026,35.1318202103931],[-96.0122164795498,35.1349752107198],[-96.0128494802358,35.1364902106819],[-96.0130334807063,35.136928211166],[-96.0136614803553,35.1397432110602],[-96.0136464807078,35.1417932115414],[-96.0135024803624,35.1423052118702],[-96.0133774808933,35.1427512118405],[-96.0127534808478,35.1443102121026],[-96.0122984804872,35.1450662120519],[-96.0122704809907,35.1451122123843],[-96.0118084802798,35.1455142121326],[-96.0112484804165,35.1458652122226],[-96.0102644798068,35.1466322127071],[-96.0091344796087,35.1472272133296],[-96.0051074791352,35.1487762132953],[-96.0038604788856,35.1490722135705],[-96.0002854777123,35.1495652140871],[-95.9975854775342,35.1499012135873],[-95.9947854763206,35.1503012142568],[-95.9906854750834,35.1508012142238],[-95.9902864754693,35.1508442144354],[-95.9860844739954,35.1513012151146],[-95.9844584741482,35.1514812145345],[-95.9837174739656,35.1515632147698],[-95.9833834737681,35.1516012147468],[-95.9832844736737,35.1516012147517],[-95.9831844735402,35.1517012148897],[-95.9830844733995,35.1517012148946],[-95.9829844732588,35.1517012148995],[-95.9826844737359,35.1517012149142],[-95.9824404732126,35.1517012149261],[-95.9823844733137,35.1517012149289],[-95.9818844735093,35.1517012149533],[-95.9811844734235,35.1517012149876],[-95.9805844725863,35.1518012151501],[-95.9798844725077,35.1519012153175],[-95.9790844722883,35.1520012154897],[-95.978684472632,35.1521022156887],[-95.9779844725534,35.1522022149568],[-95.9771844723269,35.1522022149959],[-95.9762844719667,35.1523022151731],[-95.9752844714586,35.1523022152221],[-95.9743844710986,35.1524022153992],[-95.9737844711534,35.1524022154286],[-95.9727844706454,35.1524022154776],[-95.9717844710438,35.1525022156596],[-95.9709844708172,35.1525022156988],[-95.9701844705906,35.1525022157379],[-95.9695844697461,35.1525022157673],[-95.9688844696602,35.1525022158016],[-95.9682844697151,35.1525022158309],[-95.9676844697772,35.1526022159934],[-95.9665404697795,35.1525142155725],[-95.9663844697389,35.1525022159239],[-95.966197469161,35.1525022159331],[-95.9655584692059,35.1525022159644],[-95.9649844686679,35.1525022159925],[-95.9636844686296,35.152402215923],[-95.9624844687392,35.1524022159817],[-95.9612844679424,35.1523022159073],[-95.9605844678492,35.1522022158084],[-95.9593844679516,35.1521022166334],[-95.9583834673826,35.1519022164161],[-95.9573834668599,35.1517022161988],[-95.9560834668216,35.1516022161293],[-95.9548834660247,35.1515022160549],[-95.9538834664159,35.1515022161039],[-95.9527834657597,35.1514022160246],[-95.9517834652371,35.1512022167066],[-95.9504834651915,35.151002216504],[-95.9489834648571,35.150702216178],[-95.9478834641864,35.1504022167318],[-95.9465834641263,35.1500022162629],[-95.9452834640589,35.1495022165602],[-95.9443834636698,35.1492022162049],[-95.9434834632733,35.1488022166157],[-95.9425834628768,35.1484022161273],[-95.9416834624876,35.1481022166712],[-95.9381834619854,35.1471022164105],[-95.9378834615559,35.1470022162921],[-95.9372814614891,35.1466032158353],[-95.9364794611551,35.1464032165076],[-95.9357784610084,35.1462042163219],[-95.9348834608509,35.1459022158737],[-95.9337774607938,35.145500216202],[-95.9329854600173,35.1452032159803],[-95.9320894598136,35.1449042165703],[-95.9313854595202,35.1446022161127],[-95.9306764598944,35.1443002165548],[-95.9293734587958,35.143900216086],[-95.9284654589349,35.143600215731],[-95.9273764587744,35.1433022163767],[-95.9263834585765,35.1431042162516],[-95.9255854584279,35.1429022159318],[-95.9243564580845,35.1428002166654],[-95.9233824578754,35.1427002165799],[-95.9224824575074,35.1426932162998],[-95.9212914571288,35.1426072159738],[-95.9200854569601,35.1426072160328],[-95.9190804562189,35.142593216333],[-95.917793455885,35.142507216911],[-95.9164904557209,35.1425932164596],[-95.9151874555578,35.1426932166565],[-95.913385454745,35.1429002164356],[-95.912364455076,35.1431002167517],[-95.9112944540268,35.1432002169372],[-95.9105624542627,35.1433002171061],[-95.9098794540657,35.1433002171395],[-95.9087774542305,35.1434002173266],[-95.9079734538255,35.143500217499],[-95.9066704536768,35.1438002170628],[-95.9058744527502,35.1439932170438],[-95.9049894531,35.1442932174864],[-95.9049374524893,35.144322217033],[-95.9040964530933,35.1447932172965],[-95.9040324528253,35.1448212176966],[-95.9038704525125,35.1448922173944],[-95.9038574528094,35.1448982176728],[-95.9033964521302,35.1451002180542],[-95.9023994526961,35.1455942175915],[-95.9014824524757,35.146094218302],[-95.9007604522985,35.1465042184335],[-95.9006654514941,35.146557218194],[-95.9005344517194,35.1466262177976],[-95.8999824522214,35.1469022180122],[-95.8995524520866,35.1471892178308],[-95.8987824514896,35.1477022182366],[-95.897982451299,35.1482022189414],[-95.8971814510621,35.1487022187469],[-95.8965484514106,35.1490542188867],[-95.8962814507307,35.1492022185573],[-95.8953814504066,35.1498022185007],[-95.894581450216,35.1503022192055],[-95.8935814506577,35.151002219287],[-95.8926814503409,35.1517022193637],[-95.8921814505653,35.1521022199206],[-95.8912814502557,35.1529022192311],[-95.8904814500869,35.153702219436],[-95.8899814494121,35.154102219993],[-95.8892814493767,35.1548022200599],[-95.8883814490743,35.1557022204028],[-95.8877814491943,35.156602220731],[-95.8873814495668,35.1571022205169],[-95.8869814490472,35.157702220436],[-95.8864814492789,35.1582022211261],[-95.8860814487594,35.1588022210451],[-95.8856814491246,35.1592022206979],[-95.8852814485978,35.1597022213831],[-95.8847814488513,35.1605022215734],[-95.883581449113,35.1626032217762],[-95.8835814491203,35.1627032219093],[-95.8833814488605,35.1630032223185],[-95.8830814484817,35.1636032222327],[-95.8827814490095,35.1643032222799],[-95.8822814483709,35.1652032226033],[-95.8818814487797,35.1662032221556],[-95.8812814480221,35.1674032228832],[-95.8808814484163,35.1682032230685],[-95.8803814486699,35.1690032232587],[-95.8798814480386,35.1700032237152],[-95.879826448193,35.1701002237121],[-95.8794814484256,35.1707032237673],[-95.8788814485674,35.1719032235956],[-95.8782814478098,35.1731032243233],[-95.8779814483449,35.1739032245037],[-95.8779174480824,35.1740062238795],[-95.8774814476991,35.1747032246939],[-95.8773814475728,35.1749032240657],[-95.8768814478409,35.1759032245221],[-95.8763814481089,35.1769032249786],[-95.8759814475966,35.1776032250307],[-95.8755814479837,35.1783032250829],[-95.8752814475832,35.178603225497],[-95.8746574475242,35.1799812254735],[-95.8745184473951,35.1802782257408],[-95.8742954478605,35.1804842253965],[-95.8737674477217,35.1813772253971],[-95.8735444473044,35.1818122257623],[-95.8732934473757,35.1820872259158],[-95.8730714469982,35.1824302256189],[-95.8706704474291,35.1859922269711],[-95.8702814473988,35.1863032269995],[-95.8698814468574,35.1866032265191],[-95.8691814467931,35.1869032269528],[-95.8681814462992,35.187103227268],[-95.8674814462202,35.1872032274354],[-95.8666814460006,35.1873032267085],[-95.8658814457737,35.1873032267476],[-95.8647844452572,35.1872162272701],[-95.8637814454935,35.1870032273504],[-95.8633814449231,35.1869032272367],[-95.8625814446889,35.1868032271428],[-95.8618814446028,35.1868032271771],[-95.8609814442351,35.1868032272211],[-95.8602804440952,35.1867032271223],[-95.8594804438683,35.1867032271615],[-95.8587804437822,35.1867032271958],[-95.8579984434906,35.1867032272341],[-95.8574804437434,35.1866032271263],[-95.8567804436572,35.1866032271606],[-95.8556804430151,35.1867032273476],[-95.8551804432178,35.1868032275052],[-95.8544804431534,35.1871032279389],[-95.8534804426667,35.1874032274879],[-95.8527804425878,35.1875032276553],[-95.8518804422419,35.1878032280988],[-95.8509804418887,35.1880032284091],[-95.8503804419505,35.1881032276723],[-95.8494804415973,35.1883032279826],[-95.8485804412295,35.1883032280267],[-95.8482804417138,35.1884032281745],[-95.8477804410098,35.188403228199],[-95.8473804413387,35.1883032280854],[-95.8471804410499,35.1882032279621],[-95.8464804409492,35.1880032286294],[-95.845906440397,35.1878122279085],[-95.8458804409893,35.1878032283925],[-95.8454804404116,35.1876032281458],[-95.8450804407332,35.1874032278991],[-95.8445804400148,35.1872032285566],[-95.8440804401884,35.1869032281817],[-95.8438224399001,35.1866962285033],[-95.8435804403547,35.1865032285729],[-95.8431804397771,35.1863032283262],[-95.8428804402395,35.1861032280747],[-95.8423804395138,35.1858032276997],[-95.8419804398354,35.1856032283524],[-95.8409804392905,35.1851032277356],[-95.8409804392832,35.1850032276025],[-95.8408804391352,35.1849032283736],[-95.8399804387384,35.1845032278851],[-95.8396804392081,35.1844032277666],[-95.8393844389685,35.1843662278668],[-95.8388804389738,35.1843032276726],[-95.8386724383238,35.1843382284039],[-95.8382804381364,35.1844032278351],[-95.8372804385344,35.1845032280172],[-95.8359804376252,35.1848032284802],[-95.8344804373338,35.1851032280537],[-95.8330804371759,35.1853032283885],[-95.8318804373068,35.1856032288467],[-95.8307804366647,35.1857032290336],[-95.8295804367884,35.1859032284593],[-95.8282794358328,35.1862032289224],[-95.8273794354867,35.1865032293658],[-95.8265304356996,35.1866992285891],[-95.8260794354769,35.1868032289295],[-95.8252794352716,35.1871032293681],[-95.8242794347921,35.1875032290503],[-95.8233694348995,35.1880492291923],[-95.8232794352263,35.1881032289988],[-95.8224794350283,35.1885032295705],[-95.8219794343389,35.1887032298612],[-95.8212794342816,35.1891032295287],[-95.8204794340764,35.1894032299673],[-95.8197794340119,35.1897032295016],[-95.8190794339547,35.1901032300685],[-95.8177794339739,35.1908032301647],[-95.8168794336351,35.1912032307413],[-95.81587943317,35.1918032306898],[-95.8155954335044,35.1920062302095],[-95.8151794331201,35.1923032304904],[-95.8140794325142,35.1929032304438],[-95.8132794323307,35.1935032312818],[-95.8122794327577,35.1940042311434],[-95.8116394327767,35.1942892308797],[-95.8113794324189,35.1944042308207],[-95.8102794317985,35.1948042314071],[-95.8094104319878,35.1950652309428],[-95.809279432211,35.1951042309561],[-95.8083794318649,35.1954042313996],[-95.806679431299,35.1958042320154],[-95.8054794305232,35.1960042314411],[-95.8041794305132,35.1963042319041],[-95.8032794301526,35.1964042320813],[-95.8020794302689,35.1965042322732],[-95.8006794301108,35.1967042317087],[-95.7997794297429,35.1967042317527],[-95.7984794288336,35.1970042322158],[-95.7975794293723,35.1971042323929],[-95.7959784288717,35.1971042324713],[-95.7948784282294,35.1972042326583],[-95.7932784277824,35.1973042328697],[-95.7920784278841,35.1972042327953],[-95.7913784268913,35.1971042326964],[-95.7904784274154,35.1970042326073],[-95.7894784268921,35.19680423239],[-95.7884784263689,35.1966042330719],[-95.7875784259863,35.1964042328497],[-95.7863784260663,35.1960042323758],[-95.7855784258101,35.1956042327817],[-95.7847784255612,35.1953042324214],[-95.783978425305,35.1949042328273],[-95.7834784254785,35.1946042324523],[-95.7827784244566,35.1941042327201],[-95.7824784249189,35.1939042324685],[-95.7819784241859,35.1935042328597],[-95.7819604242491,35.1934862320272],[-95.7814784243448,35.1930042322185],[-95.7803784245219,35.19200423184],[-95.7803784245147,35.1919042326063],[-95.7802784243666,35.1918042324779],[-95.7798784237743,35.1914042319649],[-95.7794784240669,35.1908042320849],[-95.7788784231857,35.1903042323478],[-95.7784784234928,35.1899042318348],[-95.7776784232149,35.1892042318412],[-95.7770784232331,35.1887042321041],[-95.7763784230959,35.1880042321056],[-95.7756784229588,35.1873042312078],[-95.7751784222185,35.1868042314658],[-95.7745784222149,35.1860042313292],[-95.7741784216226,35.1856042317155],[-95.7735784216336,35.1850042309459],[-95.7729784216517,35.1845042312087],[-95.7721784213665,35.1837042310819],[-95.7716784215183,35.1831042312068],[-95.7712784209188,35.1826042305606],[-95.7708784212259,35.1822042309468],[-95.7705324204375,35.1817722307482],[-95.7704784206263,35.1817042311999],[-95.7702784203157,35.1813042306771],[-95.7699784207709,35.1810042302923],[-95.7697784204675,35.1807042308019],[-95.7693784207673,35.180204231055],[-95.7690784203086,35.1797042304039],[-95.7688784200125,35.1795042301473],[-95.7684784203123,35.1790042304004],[-95.7676774199953,35.1784042305399],[-95.767077420028,35.1781042301698],[-95.7660774194902,35.1777042305853],[-95.7654774195301,35.1775042303483],[-95.7639774191876,35.1771042298889],[-95.7625774181011,35.1769042305904],[-95.7618774180075,35.1768042304914],[-95.7614774183435,35.176804230511],[-95.7612774180619,35.1768042305207],[-95.761177417921,35.1768042305256],[-95.7604774178347,35.1768042305598],[-95.7599774180227,35.1767042304511],[-95.7595774174594,35.1767042304706],[-95.7590774176547,35.1767042304951],[-95.7585774169506,35.1767042305195],[-95.7579774170051,35.1767042305488],[-95.7577774167307,35.1768042306917],[-95.7568774172693,35.1769042308689],[-95.7566774169949,35.1770042310118],[-95.7562774164389,35.1771042302652],[-95.755977416923,35.177204230413],[-95.754712416801,35.1783842311468],[-95.7542524161837,35.1788042308293],[-95.7518784159658,35.1809742315866],[-95.7502774156155,35.1830502324508],[-95.7495754154845,35.1837152317967],[-95.7485794153412,35.1861982325887],[-95.7480264149878,35.1877222330263],[-95.7471024154048,35.1890922335468],[-95.7458254147413,35.190478233926],[-95.7439014146523,35.1918882336493],[-95.7433834149267,35.1920902340335],[-95.7422934138723,35.1925152339782],[-95.7400004136775,35.1928112343046],[-95.7362864123241,35.1929452343948],[-95.7351784121937,35.1928212350034],[-95.7342104122615,35.1927122345008],[-95.7319284116374,35.1924562344513],[-95.7297744106431,35.1920512346918],[-95.729041410807,35.1918042349832],[-95.7277954105507,35.1913852345312],[-95.7277474101224,35.1913702347384],[-95.7276744103327,35.1913482346228],[-95.7275414104567,35.1912992350586],[-95.7275284102185,35.1839252336033],[-95.7274854093349,35.1744292319315],[-95.7274674090203,35.169192230489],[-95.7274304084983,35.1608362294351],[-95.7275414078496,35.1553022277254],[-95.7275314071632,35.1522232272676],[-95.7364874097127,35.1523622269709],[-95.736512409881,35.1510932266736],[-95.7364884095751,35.1498172269539],[-95.7364864091862,35.1457202261292],[-95.7364864091582,35.1453332261983],[-95.736479409707,35.1449752258118],[-95.7346814090651,35.1449942258798],[-95.7321964080398,35.1450082257498],[-95.7302554079621,35.1450442257125],[-95.7282754069758,35.1450892260938],[-95.727239406597,35.1451022258469],[-95.7245074058093,35.1451272262382],[-95.7228064060665,35.1451212260433],[-95.7198984052063,35.145085226317],[-95.7189854051332,35.1450652263349],[-95.7189454050771,35.1450682264758],[-95.718920404786,35.1446382263539],[-95.718923404873,35.1439162262016],[-95.7189074048721,35.1417262264332],[-95.7189204045358,35.1411752261034],[-95.7189264047941,35.1408992259154],[-95.7189254046647,35.1397492257328],[-95.7189194043146,35.138754225532],[-95.7189194042896,35.1384072256544],[-95.7189254045249,35.1378122250865],[-95.7189084045368,35.136442225511],[-95.7189324037794,35.135448225355],[-95.7189144037696,35.1344172243874],[-95.7189294032862,35.1305432239933],[-95.7179584032227,35.130541223948],[-95.7181944033598,35.1303282239675],[-95.7182494032026,35.1301912239173],[-95.7186674036864,35.1299852242521],[-95.7196144035328,35.1299392238749],[-95.7205624043414,35.1301222242074],[-95.7211744039392,35.130053223681],[-95.7214814046763,35.1299152235721],[-95.7220944043271,35.1299382237078],[-95.7234034047566,35.1296632235026],[-95.7237374049506,35.1295712237236],[-95.7239044045847,35.1293422239051],[-95.7238484046642,35.1290452236471],[-95.7237654053068,35.1289762231545],[-95.7237654052986,35.1288622232725],[-95.7238764050386,35.128702223054],[-95.7239594052771,35.1285182235243],[-95.7241544053137,35.1283352231362],[-95.724377404827,35.1278322232198],[-95.7245444053637,35.1276492228331],[-95.7247954053108,35.1276262235546],[-95.7250734047047,35.1275112227134],[-95.7251294054866,35.1272822229003],[-95.7256864051904,35.1266412228738],[-95.7266324058386,35.1258862229463],[-95.7272624053203,35.1251032226371],[-95.7278374058735,35.1246652221157],[-95.7281994055123,35.1238112221297],[-95.7282544053303,35.123331222387],[-95.7280314057626,35.123079222422],[-95.7278634051646,35.1230562222646],[-95.7277524054212,35.1231712221984],[-95.7271674052769,35.1232402227235],[-95.7265824051045,35.1229192222795],[-95.726108404682,35.1225762226101],[-95.7261084046672,35.1223702220659],[-95.7260244052486,35.1220962219748],[-95.7259684053347,35.1218902223327],[-95.7258854050747,35.1217752224084],[-95.725494404914,35.1215702219296],[-95.725049404942,35.1212952218098],[-95.7249374042183,35.1209292219573],[-95.7245754045031,35.1207232223301],[-95.7241854043804,35.1204032219228],[-95.7239344043986,35.119945221415],[-95.723739404334,35.1197392217796],[-95.7237114039168,35.1194882218514],[-95.7235154037975,35.1191672213884],[-95.7233764036368,35.1190302213475],[-95.7232924042281,35.1188932213041],[-95.7227074040342,35.1182752214986],[-95.7226794036021,35.1178172218792],[-95.7225124039234,35.1174282218639],[-95.722205404046,35.1170162216898],[-95.7217324036666,35.1166272216893],[-95.7216794029758,35.1161882211521],[-95.7216444031373,35.1159942211652],[-95.7136454009086,35.1159582216864],[-95.7123544012937,35.115954221564],[-95.7119594009627,35.1159602218611],[-95.7106544007002,35.1159802219513],[-95.7083093998703,35.1159702216023],[-95.7073983998913,35.1159692216004],[-95.7058633988546,35.1159802221844],[-95.7055923988778,35.1159822222901],[-95.7032673989764,35.1159862216891],[-95.7012913981711,35.1159702219438],[-95.7012703981223,35.1163282223318],[-95.7012733983996,35.1182452229516],[-95.7012733985054,35.119714222615],[-95.7012793988903,35.1211932227411],[-95.7012803989518,35.1214022234242],[-95.7012863984,35.1223632229502],[-95.7013153989481,35.1237852240335],[-95.7013213984425,35.125387223559],[-95.6998263983624,35.1254112238436],[-95.6991313985339,35.1257732244496],[-95.6987143980914,35.1259102245174],[-95.6982433978311,35.1258872243749],[-95.6980483977748,35.1257962237685],[-95.697132397564,35.1257962238131],[-95.6962143972473,35.1256142244248],[-95.6952983970365,35.1256142244693],[-95.6948543971571,35.1259802243489],[-95.6948263967662,35.1260952242787],[-95.6942993966433,35.1265762240906],[-95.694022397299,35.1267372243636],[-95.6933833964539,35.1268742244422],[-95.6926613962779,35.127309224832],[-95.6923553964781,35.1273322250124],[-95.6921893968673,35.1272402243584],[-95.6913003961133,35.127287224779],[-95.6908833965785,35.1275392247752],[-95.6905503964291,35.1276072252418],[-95.6892723955889,35.1271962251612],[-95.6882443955801,35.1271962252112],[-95.6878003956693,35.1271282247825],[-95.6873543956427,35.1267392247807],[-95.6871033947846,35.1266012246991],[-95.6863793953838,35.1266012247343],[-95.6859893952777,35.1265102250368],[-95.6857103949049,35.1261662244123],[-95.68470839429,35.1259832249817],[-95.6840103943078,35.1261442252751],[-95.6835643943323,35.1264642248237],[-95.682645393984,35.126487225034],[-95.6821723936508,35.1267392250329],[-95.6813083940577,35.1268072255253],[-95.680834393655,35.1267392250981],[-95.6803893936945,35.1266242251914],[-95.6798323930169,35.126235225195],[-95.6796373929439,35.1259142247319],[-95.6796923927689,35.1255302249372],[-95.6799333931225,35.1251032249412],[-95.6800893931327,35.1246932248372],[-95.6801173935186,35.1245082243645],[-95.6800053928196,35.1244852251038],[-95.6798103927681,35.1244622249477],[-95.6796283933312,35.1246012250968],[-95.6796153927292,35.1246122247074],[-95.6792533930378,35.1247382251627],[-95.6791753930159,35.1247102247694],[-95.6790583929833,35.1246732248607],[-95.6786743931531,35.1245502245806],[-95.6785343929498,35.1244642251025],[-95.6779203923945,35.1250152245623],[-95.6772213924061,35.1257322254164],[-95.677217392174,35.1250862251857],[-95.6771233922638,35.1244262252104],[-95.6771413921417,35.1236282251359],[-95.6771923925489,35.1214182244378],[-95.6771923925344,35.1212172241251],[-95.677331392675,35.1210752247386],[-95.6773313926706,35.1210142246124],[-95.67911139248,35.1210212239505],[-95.6793293926949,35.1209922243959],[-95.6793303927132,35.1206012242797],[-95.6793343928401,35.1197892235576],[-95.6796713931719,35.1196792238444],[-95.6801173931507,35.1194042236811],[-95.68025639329,35.1192442234613],[-95.6803403926525,35.1187402235053],[-95.6802843927386,35.1185342238632],[-95.6799223930118,35.1181682240227],[-95.6793423921734,35.1178682236513],[-95.6793443922385,35.1174842238592],[-95.6792013928019,35.1174902232446],[-95.6788823923974,35.1174872240206],[-95.6788633924119,35.1174362234589],[-95.6788633923526,35.1166122230808],[-95.6785853920411,35.1164742230004],[-95.6779443919828,35.1163372229839],[-95.6766073920399,35.1164282236648],[-95.6759503912309,35.1161692233968],[-95.6757083916923,35.1160702233216],[-95.6755773910093,35.1160162235259],[-95.6747133913734,35.1154902234968],[-95.6732093907833,35.1142312228371],[-95.6726243906158,35.1139792228895],[-95.6712323898979,35.1137502231468],[-95.6704523896805,35.1134982232088],[-95.6702013897235,35.1133842233389],[-95.6698393900033,35.113109223215],[-95.668614389809,35.1125142236062],[-95.6675833887485,35.1123312232776],[-95.6656343882589,35.1118042232549],[-95.664659388,35.1116672232547],[-95.6641023882498,35.1116672232818],[-95.6636833876997,35.1115982228056],[-95.6633493883984,35.1115982228218],[-95.6631543883404,35.1114842229492],[-95.6628483876215,35.1112322229881],[-95.6625413877654,35.1111172230747],[-95.661956387588,35.1107282230796],[-95.6609263874715,35.1105222234847],[-95.6602573870124,35.1103622233041],[-95.6590883867747,35.1105672229595],[-95.6571383863063,35.1109792232434],[-95.6564973862612,35.1110252236057],[-95.6563863865244,35.111231223256],[-95.6560793857723,35.1111622236736],[-95.6554953856428,35.1107962238439],[-95.6543533857233,35.1105212237579],[-95.6531003851694,35.1104752234878],[-95.652570384866,35.1103832237507],[-95.6522083851474,35.1101312237923],[-95.6517353847959,35.1101312238153],[-95.6511783850539,35.1102452237245],[-95.6508443848451,35.1101312238586],[-95.650510384623,35.1098332235678],[-95.6491173838652,35.1096952235416],[-95.647056383622,35.1097862233583],[-95.6465833832624,35.1096722234992],[-95.6459433831351,35.107932223011],[-95.6458873832312,35.1078642234626],[-95.6458593828271,35.1077952229674],[-95.6453583829297,35.1071542229922],[-95.6445793827257,35.1064442234331],[-95.6439103822484,35.1060322232765],[-95.6433533824767,35.1057342229965],[-95.6431863819333,35.1058262227674],[-95.6427973819092,35.1062312235507],[-95.642007382106,35.1056822233524],[-95.6657453876624,35.0944682201201],[-95.6661283843332,35.0512252118175],[-95.6551703808831,35.0414772106915],[-95.6518173798594,35.0384942103415],[-95.648482378878,35.0370032107197],[-95.6441643773099,35.0359782102374],[-95.6396603761197,35.0350982101821],[-95.6354733753047,35.0351072108014],[-95.6328933742822,35.033894210524],[-95.6320513737679,35.0319672103801],[-95.6324803736845,35.0292682095058],[-95.6341133745874,35.026710208806],[-95.6471503767077,35.0152762066986],[-95.6487283768062,35.0119832061462],[-95.6480703766493,35.0089092050495],[-95.6469803762494,35.0059142049331],[-95.6414703741283,35.0030172041716],[-95.6372743735867,35.0001022043118],[-95.6361503727232,35.0001022043661],[-95.6358213726596,34.9987722039586],[-95.6355933727919,34.9975642037986],[-95.6357523729173,34.9968132031948],[-95.6365823726574,34.9956932034608],[-95.6375223730135,34.9947342030816],[-95.6385093728425,34.9936532024477],[-95.6391153729885,34.9925602021759],[-95.6394543732656,34.990379201906],[-95.6387503728663,34.9885942020342],[-95.6374933720372,34.9872892019295],[-95.6364453719301,34.9863052013882],[-95.6349133718455,34.9851072017541],[-95.6334733706429,34.9840692014295],[-95.6319483708514,34.9824282010697],[-95.6309203698522,34.9811502013047],[-95.6317873704599,34.9807472005909],[-95.6328423707472,34.9797032007673],[-95.6334793705268,34.9785342005726],[-95.6338463703378,34.9768311999489],[-95.6347273706116,34.9752481994604],[-95.6360113706979,34.9737991997606],[-95.6389473718635,34.9725161986735],[-95.6412593719961,34.9715931989956],[-95.6447563730678,34.9698931983598],[-95.6460013731574,34.9686311983266],[-95.6474833734632,34.967611197795],[-95.6502693739901,34.9666401976706],[-95.6518703744115,34.9655231971389],[-95.6545323753953,34.9633171964986],[-95.654549375278,34.9632281968738],[-95.6549943752025,34.9628391968285],[-95.6553833752492,34.9627481961938],[-95.6563983755446,34.9626091960046],[-95.6568073756218,34.9625521960439],[-95.6568343757422,34.959284195824],[-95.6568443752286,34.9581871953956],[-95.656902375219,34.9581691954588],[-95.6574933756329,34.9579771955341],[-95.6584353752291,34.9576731949037],[-95.6598193764118,34.9570131948567],[-95.6601413760325,34.9566861949899],[-95.66045837631,34.9562071952805],[-95.6609603762183,34.9563591950992],[-95.6609843764324,34.9563651944765],[-95.6613933764909,34.956043194837],[-95.6636723769198,34.9555171946556],[-95.6641443772117,34.9553331942078],[-95.6648953769246,34.9547611946683],[-95.6653123773411,34.9542581947422],[-95.6655903776361,34.9541661940666],[-95.6661183778482,34.9542811939696],[-95.6665623777573,34.9543271942793],[-95.6667853772971,34.9541891941746],[-95.6668123776401,34.9540521941256],[-95.6667073772616,34.9539701939314],[-95.66636837771,34.9537091944542],[-95.6663683776904,34.9534341943126],[-95.6664383773215,34.9531831943794],[-95.6664513770217,34.9531371940477],[-95.6667573776996,34.9528161935601],[-95.6670353779914,34.952679193499],[-95.6689523778548,34.9526331939748],[-95.6693973778135,34.9527251937163],[-95.6696473786234,34.9528391935863],[-95.6697033785565,34.9533201942697],[-95.6700643782138,34.9533661936841],[-95.6707033781188,34.952656194056],[-95.6706763786361,34.9522441938679],[-95.6707033780765,34.9520611934878],[-95.6710373782771,34.9520611934717],[-95.671288378247,34.9523591937669],[-95.6716223784459,34.9523361935852],[-95.6717613785788,34.9520841936024],[-95.6717053786717,34.9519701937229],[-95.6717613785495,34.951672193413],[-95.6727063791276,34.9505741928933],[-95.6732623788021,34.9501621935765],[-95.6735123786849,34.9498871934228],[-95.6736513788194,34.9496581927062],[-95.6736513788064,34.9494751932267],[-95.6734293792805,34.9491551928109],[-95.672790378406,34.9488801927],[-95.6722613790433,34.9487141931338],[-95.6719563783688,34.9484301925902],[-95.6719563783486,34.9481461929311],[-95.6725463787119,34.9478951929728],[-95.672705378873,34.9476441930353],[-95.6728453790164,34.9468891922472],[-95.6730113786028,34.9466371922631],[-95.6734573785964,34.9465681926442],[-95.6744023792624,34.9467061926927],[-95.6745413794083,34.9466371921893],[-95.6747083790475,34.9464771928674],[-95.6747363794288,34.9462251919905],[-95.6749303794192,34.9460421925017],[-95.6754863791294,34.9461341922378],[-95.6764033794206,34.9466141919341],[-95.6770433794486,34.9469811927071],[-95.6774043800051,34.9470261920751],[-95.6783213802297,34.9465691924561],[-95.6784053796188,34.9464311923581],[-95.6784333800049,34.9462481919779],[-95.6786273799741,34.9457671921819],[-95.6784883798054,34.9455161922588],[-95.6780713802297,34.9451951918061],[-95.678016379455,34.9448751922815],[-95.678155379596,34.9447381922272],[-95.6788773797968,34.9446461915301],[-95.6790443803255,34.9443481921142],[-95.6792113799534,34.9440281916797],[-95.6799063806357,34.9430211917879],[-95.6800173803824,34.9429521912859],[-95.6802673802441,34.9423801917706],[-95.6803513804999,34.9417851911984],[-95.6802393797669,34.9412811912515],[-95.6801563803998,34.9410751916105],[-95.680101380526,34.9407781913522],[-95.6803513803699,34.9399541909614],[-95.6815743803454,34.938787190831],[-95.6821853807636,34.9382601906838],[-95.6825193809511,34.9380771902889],[-95.6831023810027,34.9380081906635],[-95.683325380554,34.9380311908183],[-95.6836303812229,34.9382371904486],[-95.6844093813854,34.938375190505],[-95.6846313808902,34.9383981906599],[-95.6851593810859,34.9382831907061],[-95.6861603815972,34.9376651899241],[-95.6867713811194,34.9371841901079],[-95.6876053819654,34.936360189689],[-95.6878553818175,34.935651190126],[-95.6881333820994,34.9353761899709],[-95.6885503816329,34.9351021898554],[-95.6890783817831,34.9343461899016],[-95.6891053821083,34.9339571898765],[-95.6889943814509,34.9338661892659],[-95.6886053813945,34.9338201898529],[-95.6878553816695,34.9335681890135],[-95.6876323812125,34.9334541891421],[-95.6876603816018,34.9333161890468],[-95.6877433818342,34.9330421889474],[-95.6880763819753,34.9328591894519],[-95.6886873815381,34.9329501891391],[-95.6887143819088,34.9332021891139],[-95.6889093819829,34.9335451896965],[-95.6894873818526,34.9341801893909],[-95.6880873819034,34.93732719037],[-95.6885963821332,34.9374351899499],[-95.6902113824083,34.9377801896574],[-95.6924053832861,34.9357641897427],[-95.692488382645,34.9358561895015],[-95.6925983832528,34.935901189781],[-95.6929873833027,34.9358561894775],[-95.6932933830943,34.9357181893687],[-95.6935703833527,34.9357641896865],[-95.694098383568,34.9359241898743],[-95.6952093838413,34.9361071893003],[-95.6959863839223,34.93640518957],[-95.6962083843426,34.9366551894429],[-95.6963203841553,34.9368611899819],[-95.6966523843021,34.9374111893499],[-95.697707384665,34.9374331894183],[-95.6979853840672,34.9374331894049],[-95.6982073844812,34.9375941896537],[-95.6982343848501,34.9378221894167],[-95.6980953847059,34.9379141900856],[-95.6979573846358,34.938395189879],[-95.6976783842992,34.9385551901056],[-95.6972613847479,34.9385781902913],[-95.6967873843666,34.9388071901247],[-95.6967043841212,34.9388981898453],[-95.6967043841391,34.9391501898214],[-95.6969823844585,34.9394021897842],[-95.6977593845347,34.9396311904566],[-95.6981753849568,34.9398601902471],[-95.6987873845986,34.9404091904547],[-95.6991193847063,34.9404091904387],[-95.6991193846982,34.9402941905103],[-95.6994253853858,34.9401101900704],[-95.6999253851905,34.9401101900464],[-95.7005093853063,34.9402921903507],[-95.7013693856212,34.940338189741],[-95.7025633860991,34.9398571898968],[-95.7032023860236,34.939422189511],[-95.7035913860686,34.9393071895639],[-95.7038123864263,34.9393301897188],[-95.7040343859394,34.9394681898021],[-95.7041183862652,34.9398571898218],[-95.7044513864453,34.9402231896641],[-95.7051183868096,34.9403601896795],[-95.7053673866836,34.9406121896437],[-95.7062563865397,34.9405891894353],[-95.7065053873048,34.940726189471],[-95.7070603870027,34.9412971898005],[-95.7071443873139,34.9414801901752],[-95.7072003872356,34.941801189746],[-95.707810387679,34.9422811903563],[-95.7087263878814,34.9421661903837],[-95.7096703875724,34.9418921902428],[-95.7100633878059,34.9418211896346],[-95.7108153884954,34.9416861896433],[-95.7112913880881,34.9417091897859],[-95.7116823882405,34.9418011895299],[-95.7144323889666,34.9418241895629],[-95.7146493891374,34.9418261896451],[-95.7152893891506,34.9419861898274],[-95.7161513895923,34.9425121898573],[-95.7172353894998,34.9425121898051],[-95.7174293895227,34.9427861898911],[-95.7174853903487,34.9431751899122],[-95.7175963901101,34.9433131900008],[-95.7184583905176,34.9433581893447],[-95.7185693902969,34.9437471902625],[-95.7186803900583,34.9438851894517],[-95.7188583902245,34.9439621894109],[-95.7189943902403,34.944021189438],[-95.7191473901457,34.9440881898347],[-95.7199563907977,34.9441941902067],[-95.7202503909561,34.9443941895598],[-95.7223823909002,34.9443921893644],[-95.7234563912309,34.9442191893968],[-95.7236723913614,34.9443071898634],[-95.72510139198,34.9443141892192],[-95.7253903919083,34.94453918973],[-95.7251553918345,34.9449921900303],[-95.7247863918328,34.9453191898993],[-95.7246653916497,34.9457721901941],[-95.7243543916341,34.9460201899999],[-95.7233723919563,34.9459651901988],[-95.7229673911744,34.9461501897904],[-95.7226563911611,34.9464301901786],[-95.7226603914155,34.9473981900295],[-95.7227733912642,34.9474601901965],[-95.7232613914081,34.9474091905097],[-95.7238813922626,34.9471501901796],[-95.7245013922539,34.9473971898944],[-95.7248943925101,34.9476451905656],[-95.7252033924491,34.947625190524],[-95.7255793928048,34.9477121900373],[-95.7257583921232,34.9478621897789],[-95.7259123920793,34.9479901903018],[-95.7260043927541,34.9480691903577],[-95.726105392918,34.9477411904553],[-95.7263633922421,34.947040190363],[-95.7265953921732,34.9465361895003],[-95.7268303922508,34.9461361898552],[-95.7270563928136,34.9457821896424],[-95.7273863927966,34.9453321894764],[-95.7277133926438,34.9449301897343],[-95.7283143925816,34.9441691895456],[-95.7285333928252,34.9438921893008],[-95.7287013925064,34.9436701889069],[-95.7295043927972,34.9426101892542],[-95.7296643930081,34.9424071888411],[-95.729836392875,34.9421891886322],[-95.7298683934567,34.9421481885311],[-95.7303013928133,34.9415991891725],[-95.7304513934596,34.9413951887135],[-95.7308043936109,34.9409591882954],[-95.7311383928835,34.9405581885992],[-95.7315163932914,34.9400751887018],[-95.73198439337,34.9395011881841],[-95.7322173933639,34.9392291881701],[-95.7322713931658,34.9391671879949],[-95.7327673936404,34.938550188183],[-95.7332063932694,34.9379191877256],[-95.7335433935793,34.9375021881878],[-95.7338423939257,34.9370861877989],[-95.7341413933801,34.9367721876358],[-95.7342483938315,34.9365751875031],[-95.7343463938719,34.9364681879403],[-95.7346283934376,34.9361581879633],[-95.7350343942436,34.9356591873236],[-95.7352113943424,34.9354421871608],[-95.7352583938199,34.9353841871712],[-95.7355393942336,34.9350051875968],[-95.7355903938958,34.9349361870978],[-95.735732394172,34.9347451872411],[-95.7362263945514,34.9340921875611],[-95.7363363942461,34.9339451870452],[-95.7367243942158,34.9334241871865],[-95.736940394315,34.9330701869741],[-95.7373043940636,34.9324461868445],[-95.737436394772,34.9322051864719],[-95.7378083939883,34.9315251864471],[-95.7385963944695,34.9302771861849],[-95.7389983941809,34.9296411863971],[-95.7390653945824,34.9295341859366],[-95.7394553946363,34.9288921858715],[-95.7398193943846,34.9282631855104],[-95.7399673949345,34.9280081862875],[-95.7401453950734,34.9277001855088],[-95.740260394998,34.9275251854949],[-95.740340395102,34.9274031861379],[-95.7407453949537,34.926783185292],[-95.7408203948264,34.9266701854526],[-95.7413523951486,34.9257261857877],[-95.7417573949994,34.9250931852393],[-95.742015395244,34.924689185408],[-95.7425633954131,34.9238031848304],[-95.7426343951127,34.9238651849995],[-95.742712395137,34.923926185122],[-95.7431453954556,34.9242611853227],[-95.7438113958006,34.924780185038],[-95.7445823956392,34.9255831853066],[-95.7448133955766,34.925822185569],[-95.7464233965985,34.92728718587],[-95.7468243963268,34.9275421850663],[-95.7470593964435,34.9276921857045],[-95.7471753964339,34.9277901857396],[-95.7473533966,34.9278661856525],[-95.7490933973043,34.9286141851265],[-95.7502303969902,34.9288771855571],[-95.7502733971861,34.9288831858328],[-95.7522093979639,34.9293141859092],[-95.7540463986615,34.9299451853575],[-95.7544903985758,34.9300671855886],[-95.7549823989186,34.9302051856589],[-95.7553123989397,34.930291185128],[-95.75592639864,34.9303621856877],[-95.7560863988665,34.9303791855678],[-95.7564313986789,34.9303951853926],[-95.7567553993146,34.9303911851918],[-95.7570203990132,34.930391185179],[-95.7573293989512,34.9303581854349],[-95.757501399731,34.9303301850295],[-95.7575273991323,34.9302491857747],[-95.7575383996313,34.9300921856999],[-95.7579153990593,34.9291281851165],[-95.7579453995457,34.9290511851473],[-95.7583373996653,34.9280291845759],[-95.7586793992739,34.9271361845835],[-95.7588543992637,34.9266891845639],[-95.7590223998295,34.9262601844787],[-95.7591883994035,34.9258351845788],[-95.7593513997381,34.9254171841039],[-95.7595353992432,34.9249311840769],[-95.759716399509,34.9244531844204],[-95.7583583994601,34.9240921839598],[-95.7569913989937,34.9237311843989],[-95.7556253985739,34.923371183985],[-95.7540873982686,34.9229701843791],[-95.7525373974064,34.9225621844496],[-95.7510243973613,34.9221631840357],[-95.7507633969441,34.9220951844973],[-95.7500153964159,34.9218881839427],[-95.7495273971589,34.9217641845205],[-95.7496453963137,34.921453184505],[-95.7498383971337,34.9209411841731],[-95.74994239654,34.9206511842313],[-95.7500703970621,34.920399184249],[-95.7499983964196,34.9203791842258],[-95.7490353967111,34.9201471843227],[-95.7485113966827,34.9200051840688],[-95.7488253958971,34.9191791835824],[-95.7489593966908,34.9188341837907],[-95.7491783960205,34.9183511839008],[-95.7494773963406,34.9175631833759],[-95.7496653960317,34.9170851837191],[-95.749716396582,34.916857183053],[-95.7497163965729,34.916729183422],[-95.7500163960951,34.9167181828983],[-95.7507723969798,34.9167201829544],[-95.7514243966384,34.9167151835909],[-95.7528733972845,34.9167161835674],[-95.7540833976384,34.9167071830924],[-95.7540833975125,34.914934182843],[-95.7540923969914,34.9143821824666],[-95.7541053975352,34.9135501826162],[-95.754111396888,34.9131821826651],[-95.754108397635,34.9129961821476],[-95.7540983971189,34.9122581821538],[-95.7540793970437,34.9109421823793],[-95.7540773969408,34.9107981820077],[-95.7540743967915,34.9106551816823],[-95.7540543966713,34.9093591819346],[-95.7552413977581,34.9093601819238],[-95.7562043974501,34.9093611819237],[-95.7563493978804,34.9093801818971],[-95.7582943981452,34.9093741815256],[-95.7592383987553,34.9093821818506],[-95.7601673986697,34.9093881811843],[-95.7614703988409,34.909396181492],[-95.761697398576,34.9093971815273],[-95.7616383985786,34.909971181126],[-95.761580398614,34.9103531817279],[-95.7615523991394,34.9107081819775],[-95.7629263990041,34.9106901819773],[-95.7629263990123,34.910806181952],[-95.7629253990807,34.9124231821734],[-95.7637973999477,34.9124101815295],[-95.7650363998498,34.9124301814965],[-95.7663044001968,34.9124401818984],[-95.7670234002637,34.912426182115],[-95.7679374003806,34.9124151815616],[-95.7679424004975,34.9107951812011],[-95.7679244004892,34.9097681813172],[-95.7679324008193,34.9091931807754],[-95.7679164009193,34.9083841810919],[-95.7679044003045,34.9075621808065],[-95.7684154006196,34.9075681810596],[-95.7689864010185,34.907564180847],[-95.7703074011241,34.9075581805056],[-95.7708094010215,34.9075581804814],[-95.7713104017716,34.907557180411],[-95.7713754011886,34.9075571804078],[-95.7714624016259,34.9075571804036],[-95.7720934012101,34.9075551802807],[-95.7721724012763,34.9075551802768],[-95.773293402,34.9075541801766],[-95.7738304017218,34.9075541801507],[-95.7737764019417,34.9079221810035],[-95.7735814019715,34.9090421807068],[-95.7735374017529,34.9093691805601],[-95.7734704022784,34.9098661810908],[-95.7733004016651,34.9109321809907],[-95.7732394024617,34.9113281813415],[-95.7731224024872,34.912107181441],[-95.7730064025528,34.9127991811097],[-95.7728974020403,34.9134411820605],[-95.7727914025714,34.9141581819869],[-95.772743402163,34.9144231816679],[-95.7726054021134,34.9151941822973],[-95.7724044018899,34.9166661821103],[-95.7722524021095,34.9177051825579],[-95.7720974021896,34.9187401828205],[-95.7718434022117,34.9202871825111],[-95.7718034021731,34.9205361832495],[-95.7716594027636,34.9215761828437],[-95.7716414028356,34.9216791831167],[-95.7715474021122,34.9222201829879],[-95.771301402505,34.9237641834385],[-95.7712284027489,34.9242131835457],[-95.7711344029245,34.9247491840847],[-95.7710414022503,34.9253301840091],[-95.7710124027242,34.9256131836231],[-95.7709394029592,34.9259371842383],[-95.7708234020983,34.9262451841147],[-95.7705484028854,34.926950184393],[-95.7700974027319,34.928029184009],[-95.770081402892,34.9280681840168],[-95.7700194027246,34.9282061841138],[-95.7699934024225,34.9282661841949],[-95.7699454029203,34.9286291848159],[-95.7698614026586,34.9291421842895],[-95.7697274027875,34.9298141848317],[-95.7696884027934,34.9300371852657],[-95.7696554021977,34.9305341848953],[-95.7696614025116,34.9310351847083],[-95.769670402974,34.9316681852366],[-95.7696714030262,34.9317501854358],[-95.7696864028584,34.9322561854799],[-95.7697044028353,34.9328391854915],[-95.7696844028374,34.9332651854305],[-95.769680402657,34.9333361851207],[-95.7696764024783,34.9334321850689],[-95.7696694030629,34.9335711852095],[-95.7696044027802,34.9340441855282],[-95.7694934030632,34.9345301855516],[-95.7693144029046,34.9352121856597],[-95.7691734026962,34.935706186055],[-95.7691384028806,34.9358291863555],[-95.7689684031388,34.9365031860927],[-95.7689114032078,34.9367051864546],[-95.768590402792,34.9378441861442],[-95.7685464025611,34.9379981860818],[-95.7682644030373,34.9388951862565],[-95.7682424029197,34.9389411865886],[-95.7677634023614,34.9399411870449],[-95.7673134022498,34.9409571873413],[-95.7668234029868,34.9420511867543],[-95.7665644027081,34.9426271873545],[-95.7659454028626,34.9437761875216],[-95.7658084028257,34.9440711876964],[-95.7653314023625,34.9451031878356],[-95.7648584020839,34.9461241883645],[-95.7647234021393,34.9464141883078],[-95.7645604026936,34.9466851882721],[-95.7644274019466,34.947034188249],[-95.7642934020525,34.9473821881796],[-95.7642664026047,34.9474611882411],[-95.7642394022577,34.9475421883953],[-95.7639144025417,34.9484851889032],[-95.7635634025241,34.949495188917],[-95.7632244021619,34.9504791886258],[-95.7630744024304,34.9509011892853],[-95.7628724020964,34.951468189466],[-95.7625214020789,34.9524791895261],[-95.7623494022323,34.9529811893939],[-95.7621924021773,34.9534191898952],[-95.7621574023599,34.9535181890846],[-95.7616134023914,34.9546111893532],[-95.7613034024492,34.9552371895728],[-95.7609794018598,34.9558931902826],[-95.7603814020992,34.9571851898748],[-95.760271402411,34.9574231901073],[-95.7595434020292,34.9588781909571],[-95.7595184017727,34.9589271905289],[-95.7594724023521,34.9591331910754],[-95.7594284021312,34.9594271903002],[-95.7594024018414,34.9596601911965],[-95.759374402365,34.9599891911416],[-95.7593284020466,34.9602151908155],[-95.7592534021822,34.9604451906759],[-95.7590764020988,34.9608791909929],[-95.7589744018831,34.9611291908813],[-95.7587014018752,34.9619941913726],[-95.7585244017997,34.9625391914329],[-95.7584924021333,34.9628051911593],[-95.7595224022343,34.962803191017],[-95.7597624025722,34.9628021909591],[-95.7605384025861,34.9628111913383],[-95.7613884024345,34.9628201908147],[-95.7629364031746,34.9628141913614],[-95.7645664032206,34.962805190866],[-95.7645354036328,34.9635241908812],[-95.7645464032575,34.9637191909157],[-95.7646224031866,34.9637461912628],[-95.7646544037716,34.9637511914927],[-95.76476940371,34.9637691914212],[-95.7650204036586,34.9637691914091],[-95.7654864036852,34.9637691913866],[-95.7658574038027,34.9637671912761],[-95.7660264035436,34.9637341915387],[-95.7660324038212,34.9637251911217],[-95.7660904038072,34.963644190966],[-95.7661224043597,34.9631941908145],[-95.7661104037747,34.9627941911815],[-95.7660964039891,34.9622931913689],[-95.7660954039169,34.9619291907041],[-95.7686744048054,34.9619361909036],[-95.7693704047062,34.9619391910089],[-95.7695304049316,34.9619401910475],[-95.7717964056944,34.9619501905017],[-95.771794405521,34.9608191902988],[-95.7717934054452,34.960405190017],[-95.7717874051501,34.960170189929],[-95.7725274052939,34.960187189781],[-95.7729174053935,34.9601901899011],[-95.7734914059322,34.9601951901049],[-95.7751234060716,34.9601981901649],[-95.7760554061242,34.9601911897958],[-95.7772714067565,34.9601841903123],[-95.7784884065358,34.9601781899757],[-95.7790174067856,34.9601731897187],[-95.779124407251,34.9601721896673],[-95.7806274077021,34.9601561897532],[-95.78106240719,34.960152189547],[-95.7820554082718,34.9601311894261],[-95.7826844077624,34.9601181896931],[-95.7832814084679,34.960117189618],[-95.7838694087564,34.9601211897748],[-95.7857684086859,34.9601071899342],[-95.7896194101051,34.9601021895167],[-95.7913294102641,34.9601021894341],[-95.7921894105773,34.9601271896507],[-95.7925384105764,34.960160189363],[-95.7926514104221,34.9601801893842],[-95.7927764108173,34.9601011893179],[-95.7991574126522,34.9601211890363],[-95.8005994129719,34.960098188801],[-95.802495412764,34.9601091883194],[-95.8024534132655,34.9566191877184],[-95.8066634142458,34.956619187515],[-95.8201394177479,34.9566171876706],[-95.8201424178772,34.9564791875765],[-95.8202124172834,34.9530741864089],[-95.8217624172174,34.9530791865655],[-95.8243884184864,34.953087186809],[-95.8335154208596,34.9531211861436],[-95.8334884204504,34.9523301854957],[-95.8334914204132,34.9498551851208],[-95.8334924203437,34.9482301854288],[-95.8334944203112,34.9464721849751],[-95.8334954203443,34.9462861844574],[-95.8334954203354,34.9461611849653],[-95.8329094201335,34.9460691843315],[-95.8316704193231,34.9459201846874],[-95.8309284190854,34.9458831848088],[-95.8300004192184,34.9458881850852],[-95.8286624192232,34.9458851850109],[-95.8284174186535,34.9458841849764],[-95.8273504186328,34.9458491852061],[-95.8270884181735,34.9458411848484],[-95.8250484180024,34.9458771848151],[-95.8244184175657,34.9458831851233],[-95.8237014175911,34.945890185482],[-95.822173416882,34.9459311856554],[-95.8211734172746,34.9459541849699],[-95.8204464168359,34.9459561850976],[-95.8203584163523,34.9459561851019],[-95.8202714168144,34.9459571851524],[-95.8196864166655,34.9459581852269],[-95.8167644160665,34.9460561854087],[-95.8149444153051,34.9460841858935],[-95.812553415048,34.9461701854941],[-95.8116964148766,34.9461811860447],[-95.8103524146027,34.9461701856004],[-95.8092714139304,34.9461021861016],[-95.8079374132106,34.9459471861843],[-95.8069414128757,34.9457791856488],[-95.806766412852,34.9457491860669],[-95.8057264131714,34.9455361861481],[-95.8050504123868,34.9453561859409],[-95.8050034129043,34.9453421861943],[-95.8043464129993,34.9451411859132],[-95.8034324119609,34.9448391863643],[-95.8013564118635,34.9440981863316],[-95.8005374116337,34.9438021861566],[-95.7970914109217,34.9425701859403],[-95.7965104100448,34.9423731858408],[-95.7959094100386,34.9421701854644],[-95.7957104097984,34.9421001858304],[-95.7948374097618,34.9417941860944],[-95.7929004089175,34.9410791854599],[-95.7924924088717,34.9409241854979],[-95.7921434088656,34.9407911856523],[-95.7912424084256,34.9404271859302],[-95.7904404089806,34.9400801860911],[-95.789497408385,34.9396241857089],[-95.7881324079921,34.938991185246],[-95.786706407464,34.9382961855129],[-95.785154407391,34.9376421858854],[-95.7848374070701,34.9375081850927],[-95.784607407188,34.9373971853605],[-95.7840564068023,34.9371901856958],[-95.7840204069306,34.9371771850957],[-95.7832194066387,34.9369151855946],[-95.782596406513,34.9367321852459],[-95.7823144060187,34.9366291849873],[-95.7819564064947,34.9364981852347],[-95.7816444064093,34.9364161850506],[-95.7816294056799,34.9359411855425],[-95.781656405994,34.9353971855358],[-95.7817284057107,34.9350461854693],[-95.781830405929,34.934832185449],[-95.7818494059086,34.9348021849584],[-95.7819964064137,34.9345681849093],[-95.7823534058591,34.9342451852261],[-95.7823674065074,34.9342331846699],[-95.7828004058836,34.9339611846462],[-95.7832514061026,34.9338031845039],[-95.7837334059656,34.9337171849956],[-95.7839094060321,34.9336961849141],[-95.7843094065918,34.9336481844711],[-95.785743406524,34.933393184287],[-95.7863034073057,34.9333001844508],[-95.7872294070695,34.9331461844708],[-95.7878654077775,34.9330411840753],[-95.7897514079855,34.9327751842595],[-95.7901004079781,34.932716184209],[-95.7908634082785,34.9325861844486],[-95.7918734083397,34.9324221840015],[-95.7930594084668,34.9322301840482],[-95.7962454095873,34.9317081840083],[-95.7982414103972,34.9314051833734],[-95.7987424102427,34.9313291834278],[-95.7994464105068,34.9312231838821],[-95.8003724102706,34.9310701839483],[-95.8038844112166,34.930493183145],[-95.8070534124485,34.929979182577],[-95.8076894122573,34.9298761831735],[-95.8095424127321,34.9295911824795],[-95.8098744128361,34.9295401828002],[-95.8121914132381,34.929163182321],[-95.8149024139214,34.9287371822521],[-95.815501414712,34.9286291826189],[-95.8165654145773,34.9284371826714],[-95.8182044150228,34.9281821824774],[-95.8202914155547,34.9278631819967],[-95.8218544160727,34.9276031815748],[-95.8231124159394,34.9273841821666],[-95.8243074164832,34.9271841818425],[-95.8245824166419,34.9271351813592],[-95.8259884170744,34.9268841813617],[-95.8265004165299,34.9267971818056],[-95.8266754174489,34.9267711814927],[-95.8273944175089,34.9266611817611],[-95.8317174182862,34.9260011806731],[-95.8331484189796,34.9257641813225],[-95.8332444189339,34.925751180716],[-95.8333604189162,34.9257341808226],[-95.8332624188535,34.9255281811824],[-95.8331754184033,34.9253451808079],[-95.8327014188367,34.924382180312],[-95.8321524184827,34.923316180447],[-95.8315364177084,34.9220931805108],[-95.8301744173149,34.9194891796249],[-95.8295994175475,34.9183331800908],[-95.8296414167948,34.9182991794139],[-95.8297244170433,34.9182541800245],[-95.8300024173398,34.9181851795144],[-95.8303354175002,34.9182761801142],[-95.8308074178065,34.9182991793577],[-95.8309744174457,34.9181391800358],[-95.8310304173268,34.917887180057],[-95.8311964178237,34.9177961794331],[-95.8316414177707,34.9177271798144],[-95.8324744177145,34.9175211792299],[-95.8331694184517,34.9172921793859],[-95.8338084184069,34.9172921793551],[-95.8342524183157,34.9173371796185],[-95.8345564180143,34.9171991795098],[-95.8348084180012,34.9170851796156],[-95.8349474181259,34.9167191788514],[-95.8351414181211,34.91660517896],[-95.8361144191693,34.9165131791502],[-95.8364194189095,34.9163071794905],[-95.836808418956,34.9162151788096],[-95.8374194194178,34.9163071794422],[-95.8378644193714,34.916330178687],[-95.8382814189046,34.9160551785253],[-95.8385584191482,34.9158951791981],[-95.8393924191465,34.9158031784957],[-95.8398644194413,34.915665178379],[-95.8403644201158,34.9152531790649],[-95.8418094196377,34.9147041787584],[-95.8421144202755,34.9144751789331],[-95.8421704201615,34.9142921785517],[-95.8420584203554,34.9141771786287],[-95.8420864198357,34.9139031785321],[-95.8430304203913,34.9131471785584],[-95.8432754200522,34.9130131777385],[-95.8434474199278,34.9129181778284],[-95.8441414206333,34.9128951785288],[-95.8451134207512,34.913020177974],[-95.8451714207503,34.9131241782896],[-95.8451994211836,34.9136041780285],[-95.8453654207943,34.9136961777834],[-95.8454214207013,34.9138101785621],[-95.8456714206101,34.9139021783129],[-95.8461154214165,34.9139241784107],[-95.8468104212544,34.9136951785667],[-95.8473104210539,34.913626178046],[-95.8476714216266,34.9139011781701],[-95.8485334220321,34.9139241782941],[-95.8491994223676,34.9143121782394],[-95.8494774217925,34.9146331777993],[-95.8495614221166,34.9149991785528],[-95.8496724218746,34.915090178264],[-95.8496724218812,34.9151821780268],[-95.8498394224456,34.915388178563],[-95.8501174218525,34.9154561781006],[-95.850355422095,34.9154191781748],[-95.8505614226525,34.9153881785282],[-95.8506454220561,34.9154561780752],[-95.8508954228593,34.9154791782287],[-95.8509784222068,34.9154101786274],[-95.8515354228559,34.9154101786005],[-95.8516184230882,34.9151361785012],[-95.8521744227883,34.9150901781433],[-95.8522854225365,34.9150431777605],[-95.8523124228763,34.9148601782798],[-95.8526184226758,34.9148371780995],[-95.8530634226407,34.9150201784568],[-95.8534534227807,34.9155921779411],[-95.8538024236791,34.915627177746],[-95.854295423133,34.9152621779104],[-95.8546254231304,34.9150181782889],[-95.8564394235119,34.9135631773868],[-95.8570924240798,34.9130511779322],[-95.8575824242925,34.9126661771707],[-95.8590154241141,34.9115121767331],[-95.8596294246734,34.9110181772144],[-95.8596364235684,34.9035551752291],[-95.8596344231416,34.8988501750303],[-95.8596344231182,34.8985201750403],[-95.8598784234156,34.8953391743422],[-95.8599214233837,34.8921361735346],[-95.8599514229707,34.8920571734728],[-95.8599814234508,34.8918911738797],[-95.8599994233697,34.8916581738831],[-95.860004422684,34.8914011736753],[-95.859991422921,34.8905631735486],[-95.8599624233156,34.8897281726621],[-95.859942423219,34.8887641729973],[-95.8599014230673,34.888072172437],[-95.859901423046,34.8877721729365],[-95.859900422971,34.8873691722647],[-95.8599164227722,34.8867851722051],[-95.8599274223737,34.8866531723884],[-95.8599304225046,34.8865371724136],[-95.8599364227769,34.8864551722141],[-95.8596044226691,34.8864511729443],[-95.8596194222904,34.883983171993],[-95.8596464224168,34.880790171649],[-95.8601814220432,34.8807571709947],[-95.8602374228334,34.8806431711099],[-95.8602924226747,34.8804831717934],[-95.8607094222063,34.8801851714661],[-95.8611254225745,34.8796581713284],[-95.8615974228532,34.8792921714475],[-95.8620964225934,34.8790401714474],[-95.863013422832,34.8787881705278],[-95.8647074231331,34.878581170755],[-95.8650404232773,34.8784441706913],[-95.8650954230618,34.8774831702624],[-95.8656784239912,34.8771161703299],[-95.8658994234042,34.876498170485],[-95.866121423792,34.87629216993],[-95.8668714234872,34.87613217058],[-95.8671214242773,34.8759711703085],[-95.8672594234564,34.8756051704436],[-95.8675094242569,34.8755911697835],[-95.8678704239262,34.8758111700592],[-95.868343424274,34.8757651697054],[-95.868898423917,34.8755681704504],[-95.8691484247112,34.8754651701662],[-95.8685924241036,34.8753961696963],[-95.8686094239717,34.8751011704265],[-95.8686824237389,34.8748071703011],[-95.8688764246373,34.8747491703044],[-95.8697374240947,34.8747381697536],[-95.8701534244955,34.8746691701363],[-95.8704034243879,34.8745311700303],[-95.8710144248399,34.8744851696698],[-95.8715144246459,34.8745081698112],[-95.8719584254442,34.874416170027],[-95.8730134249104,34.8744841695272],[-95.8737354250896,34.8740951694688],[-95.8744294257803,34.8738651695785],[-95.8749364258915,34.873613169578],[-95.8749504256349,34.8735221689615],[-95.8752784255385,34.8732611694522],[-95.8755984259654,34.8729311694468],[-95.875681426201,34.8727031687792],[-95.8761114263484,34.8725881688301],[-95.8770004261846,34.8722911694258],[-95.8775184259231,34.8722731694668],[-95.8776144260788,34.875101169993],[-95.8776844272733,34.8842151710724],[-95.8797724278739,34.8842171710645],[-95.8920104306198,34.8842301701775],[-95.8951984318692,34.8842321701165],[-95.9031414341903,34.8842421701967],[-95.9104744351909,34.8840801695376],[-95.91065543549,34.8840711700115],[-95.9126294361989,34.8840601694071],[-95.9148094365675,34.8840411693216],[-95.9171954374974,34.8840431692993],[-95.919603437646,34.8840061692688],[-95.9250144394608,34.8840131693321],[-95.9252064393731,34.884039168728],[-95.9252764390238,34.8840661690753],[-95.9254354392062,34.8841171687309],[-95.9256544394739,34.8841791688929],[-95.9259184400275,34.8842111685631],[-95.9264174397873,34.8842361687972],[-95.9265444393818,34.8842421690688],[-95.9269294401526,34.8843001690376],[-95.9271394399981,34.884295168796],[-95.9273044395534,34.8842601689662],[-95.9273914399875,34.8842171687699],[-95.9274754402788,34.8841221688641],[-95.9275694401354,34.8840391686141],[-95.9276404398282,34.8840041687888],[-95.9278314396902,34.8839761683826],[-95.9284114405057,34.8839651687447],[-95.930121440663,34.8839541690523],[-95.9303984409192,34.8839711689267],[-95.9304714407098,34.8840081688376],[-95.9305104407281,34.884126168903],[-95.9305124408341,34.8843121685211],[-95.9322984409159,34.884265168957],[-95.933344441756,34.8842311682317],[-95.9345854417458,34.8841901680724],[-95.938343442439,34.884068168538],[-95.9395174429198,34.8840361678992],[-95.9409894437295,34.8839981678675],[-95.9410744431734,34.8839811679757],[-95.9416594433235,34.8840001679278],[-95.9436034444447,34.8840611679604],[-95.9455394442893,34.8840331683693],[-95.945699444514,34.8840261680375],[-95.946018444916,34.8840001677177],[-95.9481684456943,34.8840141673629],[-95.9487224453044,34.8840091680039],[-95.9491794458121,34.8840021676578],[-95.9498574457763,34.8839931681078],[-95.9503974456369,34.8839941681281],[-95.9524304463846,34.8839971672696],[-95.9540274466971,34.8839791672585],[-95.9547964472839,34.883970167704],[-95.9583574478457,34.8840031672616],[-95.9597504485915,34.8840001670555],[-95.9624624493497,34.8839941675462],[-95.9627724493362,34.883993167485],[-95.9651144500224,34.8839751665387],[-95.965896450314,34.8839831668713],[-95.9674784499331,34.8839981665902],[-95.9700474512539,34.8839851667637],[-95.9734944519227,34.8839881667364],[-95.9748044524171,34.8839891667195],[-95.976774452941,34.883991166717],[-95.9792384529891,34.8839671663863],[-95.9832364540322,34.8840241661345],[-95.9832964541151,34.8840031660587],[-95.983310454759,34.8839281661829],[-95.9833054544969,34.8835021662452],[-95.9832764539206,34.8816611655476],[-95.9832794540433,34.8814301656445],[-95.9832864543333,34.8809421655336],[-95.983303454141,34.8797971655812],[-95.9833214539524,34.8780521648294],[-95.9833034539293,34.8768161651621],[-95.983297453625,34.876450164405],[-95.9832924542701,34.8761341650635],[-95.9832904541417,34.8756331643512],[-95.9832884540056,34.8750221648412],[-95.9832964534665,34.8748701640988],[-95.983300453618,34.8743911644047],[-95.9833204534753,34.8719841635802],[-95.9832994532434,34.8697671634605],[-95.9833214533549,34.869634163597],[-95.9833284536762,34.8695881632656],[-95.98336245345,34.869528163184],[-95.9834784534299,34.8694791636078],[-95.9836914534135,34.8694601636171],[-95.9863944537541,34.8694561633017],[-95.9891634553554,34.8694331630026],[-95.9907904552613,34.8694301627853],[-95.9920334553464,34.8694281626328],[-95.9930214561965,34.8694211631604],[-95.9946214566483,34.869410162574],[-95.9972234568024,34.8694141626337],[-95.9980104573247,34.869408162318],[-96.000024458089,34.8693931624257],[-96.0002874576953,34.8694021628297],[-96.0006684582773,34.8694161625602],[-96.0007684575186,34.8694151625091],[-96.0010854578296,34.8694131624012],[-96.0016764582561,34.8694081621412],[-96.0026164586789,34.8694001626249],[-96.0040954589181,34.869426162858],[-96.0068394593607,34.8694141621701],[-96.0091744597235,34.8694181622427],[-96.010672460841,34.8694051624679],[-96.011560460651,34.869398162101],[-96.0131624611957,34.8693901616534],[-96.0142144614171,34.8693941617878],[-96.0151394620434,34.8693841621796],[-96.0156614619681,34.8693791619229],[-96.0160934622158,34.8693741616705],[-96.0175784618319,34.8693721615063],[-96.0177484625203,34.8693661621197],[-96.0178754621141,34.8693621619284],[-96.0183704625858,34.8693621619045],[-96.0185924620883,34.8693551615697],[-96.0190984630689,34.8693401617501],[-96.0197514627676,34.8692561614269],[-96.0203674625448,34.8691111618785],[-96.0211534630011,34.8688281613287],[-96.0216574629736,34.8685881609847],[-96.0225034634987,34.8680851610382],[-96.0232234635688,34.8674701613083],[-96.0238934640106,34.8667491611699],[-96.0243544637677,34.8662261612153],[-96.0247454638751,34.8656911607086],[-96.0249454641372,34.8654191606964],[-96.0252984642795,34.8648611609252],[-96.0258054643558,34.8641211608143],[-96.026083463726,34.8636761599832],[-96.0265804642457,34.863046160469],[-96.0274744642731,34.862184160087],[-96.0291194649137,34.8607741594782],[-96.0295994646477,34.8601821599255],[-96.0297584648081,34.8599241596641],[-96.0300904648772,34.8593841589287],[-96.0304584647965,34.8585551592005],[-96.0308004644092,34.8577221592884],[-96.0310174645477,34.8572731591745],[-96.0311704644243,34.8569351588067],[-96.0312624650501,34.8563271585319],[-96.0312964647969,34.8558851587508],[-96.0313074643655,34.8552911582288],[-96.031200464767,34.8548321585668],[-96.0311744644515,34.8547041580377],[-96.0310294648716,34.8539941584479],[-96.0309524648656,34.8535341578387],[-96.0309454644878,34.8527841581889],[-96.031011464811,34.8522291576712],[-96.0311254646656,34.8517201574822],[-96.0313114642617,34.8512131573824],[-96.0316224642572,34.8506851581029],[-96.0319964644748,34.8501381579407],[-96.0323154648508,34.8497451577166],[-96.0327764646134,34.8492991577297],[-96.0333134651995,34.8488131576859],[-96.0335194648466,34.8486271571584],[-96.0342444651483,34.8480091572894],[-96.0343574649856,34.8479121572896],[-96.0355254651156,34.8468631563305],[-96.0364124657224,34.8460651562139],[-96.0370104655374,34.8455421562528],[-96.0385124658516,34.8442681565516],[-96.0390554658129,34.8437291558523],[-96.0393414655615,34.8433871561923],[-96.0395074660478,34.8431471558646],[-96.0396744656666,34.8427021559382],[-96.0397464662675,34.8421381559029],[-96.0397464662596,34.8420261561133],[-96.0397414659622,34.8411011555558],[-96.0397484662256,34.8402371551239],[-96.0398974659408,34.8402401552556],[-96.0500384685618,34.8402441549523],[-96.0518024694236,34.8402291550722],[-96.052209469411,34.8402201546359],[-96.0533084691119,34.8401971544174],[-96.0547354696362,34.8402071548116],[-96.0574204700396,34.840185154563],[-96.0580544706612,34.8401791542547],[-96.0625074721142,34.8401771539476],[-96.0634734719456,34.8401951538351],[-96.0659294725245,34.8402181538823],[-96.0660634724434,34.8402201539684],[-96.0661984724085,34.8402211540082],[-96.0677054730456,34.8402341536381],[-96.0710254741181,34.8402241539145],[-96.0711094735168,34.8402241539105],[-96.0711924737684,34.8402231538602],[-96.0724044742147,34.8402271539869],[-96.0755904753673,34.840201153529],[-96.0759514750206,34.840199153419],[-96.0784454755619,34.8402081537155],[-96.0809044762779,34.8402041534118],[-96.0815714766303,34.8401861534456],[-96.082408476772,34.8401631532397],[-96.0830164770876,34.8401631532104],[-96.0839414768151,34.8401641532121],[-96.0880754787633,34.8401631529666],[-96.0887884785522,34.8401631529322],[-96.0908344790007,34.8401411527144],[-96.0915734790964,34.8401481530029],[-96.0919394789809,34.8401371524759],[-96.0919374789216,34.8406071526525],[-96.0918864797825,34.8480501546105],[-96.0918854797427,34.8481431544197],[-96.0918804795668,34.848932154077],[-96.0919184795727,34.8495291547355],[-96.091911480156,34.849650154942],[-96.0919024797495,34.8498041548778],[-96.091843479725,34.849994154684],[-96.0917484798354,34.8502651546449],[-96.0917384802724,34.8502841546257],[-96.0916374800997,34.8504861549896]]]},"properties":{"OBJECTID":183,"ID":4,"DISTRICT":"3","NAME":"Pittsburg","Shape_Leng":1.97698930684,"COUNTYFP":"121","Shape__Area":1625996884.6015625,"Shape__Length":241419.76364330496}}],"source":{"service":"https://services7.arcgis.com/cpyRdAfuizCFzBhp/arcgis/rest/services/Pittsburg_County_Data/FeatureServer/2","publisher":"OU Center for Spatial Analysis (contracted by the Oklahoma State Election Board)","retrieved":"2026-09-01","crs":"EPSG:4326","note":""}}