{"type":"FeatureCollection","features":[{"type":"Feature","id":4147,"geometry":{"type":"Polygon","coordinates":[[[-95.9860844739954,35.1513012151146],[-95.9844584741482,35.1514812145345],[-95.9837174739656,35.1515632147698],[-95.9860844739954,35.1513012151146]]]},"properties":{"OBJECTID":4147,"COUNTYFP10":"121","FULLNAME":"Canadian Riv","MTFCC":"H3010","Shape__Area":0.35546875,"Shape__Length":531.7935527458516}},{"type":"Feature","id":4148,"geometry":{"type":"MultiPolygon","coordinates":[[[[-95.5004133598164,35.3008842655297],[-95.5003733597611,35.3008982661799],[-95.5003983591212,35.300889265762],[-95.5004043593993,35.3008872656691],[-95.5004133598164,35.3008842655297]]],[[[-95.5001213588654,35.300884265544],[-95.5001323593755,35.3008852655898],[-95.5001383596539,35.3008862656358],[-95.500147359172,35.3008872656817],[-95.5001543594967,35.3008882657277],[-95.5001213588654,35.300884265544]]],[[[-95.4915753573388,35.3007982664778],[-95.4919203571559,35.3008732663359],[-95.4919263574343,35.3008752664282],[-95.4915753573388,35.3007982664778]]],[[[-95.5093293608673,35.2934642642043],[-95.5093163611662,35.2934972639341],[-95.5093263607287,35.2934712636292],[-95.5093293608673,35.2934642642043]]],[[[-95.5548653695088,35.2498052542365],[-95.5545273700365,35.2500072537126],[-95.5548563699907,35.2498052542369],[-95.5548653695088,35.2498052542365]]],[[[-95.5640803721093,35.24616125235],[-95.5638693722193,35.2461972531277],[-95.5640663723595,35.2461632524432],[-95.5640733717847,35.2461622523966],[-95.5640803721093,35.24616125235]]],[[[-95.5652503723973,35.2460052522649],[-95.5652193718592,35.2460082524052],[-95.5652433720727,35.2460052522652],[-95.5652503723973,35.2460052522649]]]]},"properties":{"OBJECTID":4148,"COUNTYFP10":"121","FULLNAME":"Eufaula Lk","MTFCC":"H2030","Shape__Area":16.58984375,"Shape__Length":255.89868253393894}},{"type":"Feature","id":4149,"geometry":{"type":"Polygon","coordinates":[[[-95.5784353492231,34.873391183434],[-95.5789343489089,34.8723611833858],[-95.5789593491574,34.872197182986],[-95.5789903487821,34.8719951835245],[-95.5793513492935,34.8714001829388],[-95.5797123489201,34.8710111828974],[-95.579961348731,34.8703701828852],[-95.5800723493787,34.8703241825487],[-95.5801283492664,34.8701641832321],[-95.5802943488546,34.8699351825141],[-95.5811833495667,34.8692941824712],[-95.5812153492483,34.8692411827137],[-95.5814053490441,34.8689271825557],[-95.5822103494985,34.8688581829198],[-95.5825993495421,34.8687211828534],[-95.5827873501531,34.8685301820951],[-95.5828493494267,34.8684691828652],[-95.5827103501494,34.868103182114],[-95.5823493495621,34.8676221823443],[-95.5823213491387,34.8672791826528],[-95.5825433495203,34.8669811823347],[-95.5832373493028,34.866615182443],[-95.5842093502636,34.865928182065],[-95.5847093500604,34.8658141821588],[-95.5851253504841,34.8660651820688],[-95.5854593506976,34.8662481815324],[-95.5862643502688,34.8664081817072],[-95.5863753509327,34.8665911820808],[-95.5863203501953,34.8667971817285],[-95.5858203504487,34.867622182178],[-95.5858203504632,34.8678281818232],[-95.5857373502178,34.8679191824431],[-95.5856183501883,34.8692391824102],[-95.5855993502216,34.8694531824266],[-95.5857103508741,34.8694761825868],[-95.5857103509,34.8698421824453],[-95.585793350275,34.870162182868],[-95.5858773505764,34.8702081822958],[-95.586043351114,34.8706891829741],[-95.58618235038,34.8708951826126],[-95.5861983511266,34.8709601829233],[-95.5862383511945,34.8711241824206],[-95.586405350858,34.8713071827915],[-95.5865443510298,34.8716041830459],[-95.586433351283,34.8716731826486],[-95.5859333505918,34.8718561830514],[-95.5849613505303,34.8725431834295],[-95.5847673505253,34.8725201832732],[-95.5846553507046,34.8722001828519],[-95.5845443500489,34.8721311832599],[-95.5842943501496,34.8721771827037],[-95.5841003501591,34.8723601830919],[-95.5838223498898,34.8728181836259],[-95.5835453505501,34.8730471834499],[-95.5832393498477,34.873024183299],[-95.5829343500814,34.8728641831003],[-95.5824063498677,34.8727271830778],[-95.5817953494167,34.8727961836038],[-95.5812403497753,34.8730251834411],[-95.5811003495882,34.8731671837271],[-95.5808793492478,34.8733911833168],[-95.5806573497784,34.8738721840138],[-95.5803793495027,34.8742381838856],[-95.5803523491781,34.8746381835209],[-95.5801573491381,34.8747761836243],[-95.5797803496644,34.8751041835401],[-95.5796793494974,34.8753901841961],[-95.5796513491047,34.8754811839141],[-95.5797353494061,34.8755271842411],[-95.5797073490161,34.8756561839199],[-95.5793183489677,34.8757251844352],[-95.5786793490071,34.8756561839691],[-95.5785683492512,34.8755961838944],[-95.5785133493897,34.8754701843586],[-95.5787243492564,34.8751041835907],[-95.579018349371,34.8746841839159],[-95.5791293491138,34.8745591835192],[-95.5790183493379,34.8742151837853],[-95.57865734877,34.8740091841574],[-95.5784353492538,34.8738261837891],[-95.5784633487456,34.8737121839056],[-95.578407348845,34.8736891837428],[-95.5784353492231,34.873391183434]]]},"properties":{"OBJECTID":4149,"COUNTYFP10":"121","FULLNAME":"Dow Lk","MTFCC":"H2030","Shape__Area":557335.5,"Shape__Length":4011.2011557958035}},{"type":"Feature","id":4150,"geometry":{"type":"Polygon","coordinates":[[[-95.8689004211105,34.8345961629743],[-95.8686224216922,34.8343671622778],[-95.868233421641,34.834390162462],[-95.8674014208638,34.8348711622886],[-95.8672624207212,34.8349861631231],[-95.86729042113,34.8351231631694],[-95.8674294212872,34.8352151629256],[-95.8674024209554,34.8355121631878],[-95.867318420667,34.8356491632395],[-95.8672914212459,34.8361071628619],[-95.8671524211082,34.8362901632474],[-95.8670414213599,34.8363361626845],[-95.8656264205039,34.836497163012],[-95.8650714208308,34.8362691632744],[-95.8643494206175,34.8361771626469],[-95.86393342022,34.8362921634947],[-95.8637394202346,34.8365441634801],[-95.8637394202426,34.8366581633622],[-95.8640164205154,34.836910163325],[-95.8645444207335,34.8371161629446],[-95.8646004206421,34.8372531629897],[-95.8644614205173,34.8376191637539],[-95.8645174204421,34.8379851636095],[-95.8647114204728,34.8383741636239],[-95.8647394208769,34.8384431632199],[-95.8647954207806,34.8385111636676],[-95.8647674204026,34.8388091630768],[-95.8646844210598,34.8389461631285],[-95.8641844203546,34.8389241639326],[-95.8639904203594,34.839038163824],[-95.8638244207569,34.8390611639975],[-95.8636574201974,34.8389241639579],[-95.8636294206879,34.8387871639115],[-95.8633794198669,34.8385121637819],[-95.862970419775,34.8383571638198],[-95.8626574196408,34.8382381637212],[-95.8624354201264,34.8380781635187],[-95.8621574197814,34.8374601636977],[-95.8614354195649,34.8373231636846],[-95.8610194191723,34.8375061631841],[-95.86082541919,34.8378041635006],[-95.8600204196325,34.8378271637048],[-95.8599094189703,34.8376671634969],[-95.8586324190581,34.8369811632735],[-95.8586304187988,34.8346241629652],[-95.8586584191398,34.8338001625852],[-95.8589634188768,34.8335481625944],[-95.8597124185305,34.8334561627955],[-95.8599624193175,34.8332501631385],[-95.8607664187818,34.8325631627689],[-95.861071419431,34.8324941622576],[-95.8611274193316,34.8325171624204],[-95.8612384191235,34.8330891628177],[-95.8614054196782,34.833158162407],[-95.8616274191828,34.8331801625156],[-95.8618494195788,34.8330891627884],[-95.8627094198509,34.8325391624638],[-95.8627644196874,34.8323101626505],[-95.8628474199181,34.8320131623856],[-95.863180420051,34.8317151620624],[-95.8638104195873,34.8316951620055],[-95.863930419756,34.8316921618608],[-95.8640684198312,34.8312801625641],[-95.8646794202799,34.8311881618726],[-95.865039419876,34.8310281616421],[-95.8658164198932,34.8304321618897],[-95.8659554200294,34.830226162238],[-95.866565420435,34.8301801618776],[-95.8669264209653,34.8298591613874],[-95.8669254208931,34.8294931615293],[-95.867369420797,34.8294701613424],[-95.8675084209412,34.8293791616192],[-95.8683414208945,34.8293091619355],[-95.8686464206235,34.8289431611633],[-95.8689234208768,34.8289201618837],[-95.8691734207903,34.8290801611857],[-95.8693954211927,34.829080161175],[-95.8700054215708,34.8286451616901],[-95.8702554214568,34.8284161609682],[-95.870366421197,34.828256161649],[-95.8704214210044,34.8276151607472],[-95.8702544213328,34.8273171613472],[-95.8700044214146,34.8270891606956],[-95.8695324210858,34.8267461610256],[-95.8695324210777,34.8266311610971],[-95.8697824209766,34.826585160754],[-95.8700324208869,34.8267001606705],[-95.8703924213935,34.8266991606069],[-95.8708364212651,34.8262191608452],[-95.8710584216626,34.8261501612372],[-95.8711414210214,34.8262411609498],[-95.8711984210523,34.8274541613496],[-95.8713094217145,34.8276141615575],[-95.8715034217339,34.8278431613588],[-95.8718364218878,34.8278431613427],[-95.871975422032,34.8277511615732],[-95.8722804217577,34.8273391613692],[-95.8725304216582,34.8273161611917],[-95.8727804215815,34.8276141614868],[-95.8729464220849,34.8276141614789],[-95.8736124223587,34.8271331607609],[-95.8737514224996,34.8269951606603],[-95.8737234220763,34.8266521609689],[-95.873500421613,34.8264461604353],[-95.8734734221418,34.8261941604605],[-95.8736114222348,34.8260341611399],[-95.8742214217055,34.8254841608273],[-95.8746934219712,34.8249351605675],[-95.8748184223671,34.8248661600649],[-95.8752774220908,34.825178160099],[-95.8755994226429,34.8253051605675],[-95.8757654222423,34.8252371601092],[-95.8760314228718,34.8250311604514],[-95.8765304225847,34.8243911604738],[-95.8767534230302,34.824345160132],[-95.8770024229054,34.8246201602618],[-95.8769744225176,34.8247801604763],[-95.8767244226331,34.8250311604181],[-95.876613422901,34.8253061605651],[-95.8766134229156,34.8255121602101],[-95.8769184226881,34.8257641601716],[-95.8783884235163,34.8272981609763],[-95.8784434234092,34.827870160477],[-95.8784154230376,34.8282591605021],[-95.8780544234324,34.8289461608504],[-95.877915423314,34.8294031613312],[-95.8779154233334,34.8296781614729],[-95.8788864234332,34.8302051615441],[-95.8795244242379,34.8301591611824],[-95.8798024236222,34.8299081612392],[-95.8800514243773,34.8299081612272],[-95.88019042364,34.8300681614337],[-95.8802734239095,34.8303201614059],[-95.8803564241676,34.8304111611185],[-95.8811064238532,34.8301141608216],[-95.8812734243513,34.8293821610971],[-95.8817724241319,34.8297021606002],[-95.8827734246734,34.829520161119],[-95.8833004248144,34.8292911612831],[-95.8835504246842,34.8288331607507],[-95.8836064245606,34.8285131603215],[-95.8838004245444,34.8282381610699],[-95.8839394246692,34.8278721603056],[-95.8842174249415,34.8274611601492],[-95.8845224246833,34.8272781606551],[-95.8850224253789,34.8271631607027],[-95.8853554255344,34.8271861599529],[-95.8857164252027,34.8273921604799],[-95.8859104252011,34.8273241600202],[-95.8861044251832,34.8270261606031],[-95.8864374253356,34.8270041604678],[-95.8865214256384,34.8270721600148],[-95.8873254260619,34.8272331602357],[-95.8876034254736,34.8273701602701],[-95.8875194261055,34.8278051606289],[-95.887325426133,34.8282401600938],[-95.8873524256043,34.828492160968],[-95.8875744260292,34.8288121604845],[-95.8876854258115,34.829247160834],[-95.8883234257783,34.830071161182],[-95.8893224262675,34.8304601611579],[-95.8901544261891,34.8305981612119],[-95.8905984270051,34.8307581605044],[-95.8907654266654,34.8308961605904],[-95.8909864270634,34.8314911611479],[-95.8911254272318,34.8317431611173],[-95.8916804269195,34.8321781614455],[-95.8918194270895,34.8324521606349],[-95.8918464274763,34.8329331613196],[-95.8919294268335,34.8330021609129],[-95.8919574272472,34.8332081614559],[-95.8920684270197,34.8335051608121],[-95.8922624270343,34.833665161016],[-95.8929284273421,34.8336661610303],[-95.8932334280009,34.833734161466],[-95.8931784272669,34.8339861614447],[-95.8932894279274,34.8341241615334],[-95.8934004276838,34.8341921610791],[-95.8934284280911,34.8343071610062],[-95.8932614275526,34.8344671612275],[-95.8929564278091,34.8346271614553],[-95.8927064279409,34.8351071612077],[-95.8925114278978,34.8351991618792],[-95.8918734270995,34.8353361619575],[-95.8917894277088,34.8354501618437],[-95.8918174272216,34.8356341613681],[-95.8922614271432,34.8358631620567],[-95.8922614271529,34.8360001621043],[-95.8918724271194,34.836274161319],[-95.8919564274272,34.836412161409],[-95.8920664271405,34.8365261621851],[-95.8921774277913,34.8365261621798],[-95.8923994273041,34.8366641613638],[-95.8928434281379,34.8370761615318],[-95.8928714276604,34.8373961619569],[-95.8926774276798,34.8377161623926],[-95.8923714278852,34.8378081621702],[-95.8922884276302,34.8377621618431],[-95.8923444274936,34.8372591619345],[-95.8920384276924,34.8372581619029],[-95.8919274279474,34.8373501616712],[-95.891428427303,34.8375331620739],[-95.8907344275002,34.8376011616583],[-95.8906234268446,34.8375331621125],[-95.8903734269003,34.8369381615565],[-95.8902074272881,34.836823161636],[-95.8899294269803,34.8367311618865],[-95.8892914270361,34.8362281620113],[-95.8885144269541,34.8359071615759],[-95.8874044257914,34.835197162032],[-95.8869884262609,34.83485416146],[-95.8867384263539,34.8347851618747],[-95.886378425844,34.8347391615609],[-95.8860444256518,34.834853161459],[-95.8858224261698,34.8351511617769],[-95.8855454259326,34.83540216172],[-95.8851004259889,34.8355171616698],[-95.884712425971,34.8353561623283],[-95.8841294249882,34.8349671614332],[-95.8836024248165,34.8347611618135],[-95.8831584249158,34.8348291622852],[-95.8827144250234,34.835012161786],[-95.8826864246469,34.83533316226],[-95.8826034252977,34.8353781616495],[-95.8821584244547,34.8354931624986],[-95.8810214247476,34.8349201621044],[-95.8809654248421,34.8348281623442],[-95.880216424239,34.8342101616465],[-95.8797164244249,34.8340731616228],[-95.8793274243769,34.8341411620919],[-95.87877242384,34.8344161622602],[-95.8783004235419,34.8345071619995],[-95.8777174234713,34.8343011623824],[-95.8765524234054,34.8343001623921],[-95.8763574233477,34.8341861625193],[-95.8761364229739,34.8339341616545],[-95.8760804230588,34.8337051618467],[-95.8759974228055,34.8336821616851],[-95.8759984227645,34.8324461620164],[-95.8758594226042,34.8323091619753],[-95.8752774225838,34.8321581622068],[-95.8749044223597,34.831961162097],[-95.8747264230693,34.8315491619163],[-95.8744484227599,34.8314351620474],[-95.8739214226044,34.831458161339],[-95.8728394219153,34.8318021620293],[-95.8721174217312,34.8321231616374],[-95.8718964222923,34.8323741615778],[-95.8718964223004,34.8324891624056],[-95.8721464222219,34.8327631624889],[-95.8723684217719,34.8334271617444],[-95.8725354223314,34.8335641617841],[-95.8732844229102,34.8338381618435],[-95.8734794229728,34.8340211622129],[-95.8741734227821,34.8340441623451],[-95.8741734228079,34.8344101622033],[-95.8736634225524,34.8345881623751],[-95.8734494225358,34.8347981622156],[-95.8734804222007,34.8351661621649],[-95.8733974228612,34.8353491625477],[-95.8734524227317,34.8356011625212],[-95.8738144224641,34.8360581629779],[-95.8742024224915,34.8363551623209],[-95.8742034225524,34.8365611628652],[-95.8740924228139,34.83674416235],[-95.8740924228527,34.8372941626333],[-95.8742874229233,34.8375911628848],[-95.8745924226975,34.8378661630118],[-95.8747824234388,34.8382091626954],[-95.8748094229084,34.8384381634039],[-95.8748654228235,34.8386661631655],[-95.8748374233512,34.8390551631907],[-95.8747964232615,34.8392391627184],[-95.874538422998,34.8393761627785],[-95.8738994230398,34.8393311634237],[-95.8728724230702,34.8392171635909],[-95.8724844230557,34.8391031628281],[-95.8724844230427,34.8389201633486],[-95.8725954227877,34.8388281635804],[-95.8725944227317,34.8386911635328],[-95.8721504228133,34.8385081631753],[-95.8718174226416,34.8382561632152],[-95.8718174226174,34.8379131626232],[-95.8722604224522,34.837569162863],[-95.8722604224408,34.8374091626497],[-95.8719834221713,34.837203163018],[-95.8713164217945,34.8368831626236],[-95.8704834217893,34.8362201625444],[-95.8696504218101,34.8359231623236],[-95.869400421887,34.835626162974],[-95.869372421478,34.8354881628813],[-95.8692894212231,34.8354431626005],[-95.8691784214506,34.8351451622986],[-95.8689004211105,34.8345961629743]]]},"properties":{"OBJECTID":4150,"COUNTYFP10":"121","FULLNAME":"Brown Lk","MTFCC":"H2030","Shape__Area":3328910.91015625,"Shape__Length":15744.071354499636}},{"type":"Feature","id":4151,"geometry":{"type":"Polygon","coordinates":[[[-95.7913984110673,34.9769361927044],[-95.7915654115926,34.9765921920581],[-95.7902864107396,34.976638192451],[-95.7896744111551,34.9768901924566],[-95.7889794104031,34.9769131926558],[-95.7884234106913,34.9767981927543],[-95.7881454103784,34.9766381925545],[-95.7881174108639,34.9764321920116],[-95.7872834099285,34.9759971925965],[-95.787339410717,34.9758591924999],[-95.7875334107024,34.9756081925608],[-95.787533410691,34.9754481923476],[-95.7864484098445,34.9755391921166],[-95.7858364102582,34.975768192856],[-95.7846414097116,34.9759291922739],[-95.784307409516,34.9759971927404],[-95.7840574096283,34.9762031923974],[-95.7838344092089,34.9766151925974],[-95.7834724095234,34.9768211931592],[-95.7830284096177,34.9768211931807],[-95.7825554092535,34.9766381928248],[-95.782527408838,34.9764091930157],[-95.7830564090637,34.9760661923982],[-95.7831394093056,34.9759281923003],[-95.7831954091752,34.9755161921083],[-95.7830844094008,34.9751961925867],[-95.7831674096133,34.9746471923458],[-95.7833624096467,34.9744181925259],[-95.7837234092892,34.9742581922953],[-95.7841134093706,34.9740061923004],[-95.7841964096093,34.9738231919177],[-95.7844464095066,34.9737541923083],[-95.7846694090464,34.9736171922498],[-95.7846974093982,34.9729531920832],[-95.7851424092833,34.9720151918012],[-95.7853644096776,34.9719011919084],[-95.7854764094804,34.971969191454],[-95.7854484100018,34.9722671917625],[-95.7852814094781,34.9726331916287],[-95.7851974092012,34.9729311919399],[-95.7852254096509,34.9736401923885],[-95.7851424094155,34.973869192203],[-95.7846694091019,34.9743951922972],[-95.7845304098652,34.9746011919489],[-95.7845304098881,34.9749221924215],[-95.7846134092454,34.9749901919685],[-95.7851414094492,34.974990191943],[-95.7862534097474,34.9748751919608],[-95.787506410281,34.9746471921361],[-95.7892574105297,34.9744641916727],[-95.7897584112931,34.9746471920272],[-95.7905364113959,34.9746011916585],[-95.7911484109804,34.9743491916529],[-95.7912874111099,34.9740521922846],[-95.7916494117014,34.9739381914858],[-95.7921774119247,34.9742121915555],[-95.7926494113334,34.9742581918637],[-95.7936504118769,34.9740981916022],[-95.7954304125776,34.9740071917996],[-95.7958474121369,34.974098191496],[-95.7961804122909,34.9740981914799],[-95.7965144124832,34.9739841915816],[-95.7974324127733,34.9738011911585],[-95.7976824126788,34.9738471914775],[-95.7983774134341,34.9738701916095],[-95.7991004136776,34.9737321914806],[-95.7994614133446,34.9739151918418],[-95.7994894137519,34.9740301917688],[-95.7993224132135,34.9741901910908],[-95.7992394129814,34.9744651912364],[-95.7993504136404,34.9745791920124],[-95.7994064135541,34.9747851916546],[-95.7991284132657,34.9749681920468],[-95.7990444129741,34.9750601918137],[-95.7990164134906,34.9752891916255],[-95.7989334132421,34.9753341919143],[-95.7981824134987,34.9754721920446],[-95.7972374128722,34.9758831922331],[-95.7970144124413,34.97613519222],[-95.796986412966,34.9764781919139],[-95.7961244125978,34.9769821919076],[-95.7959854124618,34.9771881924586],[-95.7955684129286,34.9774631926203],[-95.7942064118581,34.9779891927574],[-95.7937894123298,34.9783321924702],[-95.79331641199,34.9784921927062],[-95.7930664120746,34.9783091923396],[-95.7929824117618,34.9781031926988],[-95.7922044116117,34.9774851920029],[-95.7913424111831,34.9771421923521],[-95.791314411675,34.977027192425],[-95.7913984110673,34.9769361927044]]]},"properties":{"OBJECTID":4151,"COUNTYFP10":"121","FULLNAME":"Lk Talawanda No 1","MTFCC":"H2030","Shape__Area":592691.6875,"Shape__Length":5620.637364990846}},{"type":"Feature","id":4152,"geometry":{"type":"Polygon","coordinates":[[[-95.675727368524,34.7905551638358],[-95.675033367791,34.7901891640104],[-95.674673368177,34.7900971633654],[-95.6742293682778,34.7901891640488],[-95.6737293676075,34.7906701638597],[-95.673119368104,34.7907611636056],[-95.6723703675376,34.7906691638784],[-95.6724533677765,34.7904861634955],[-95.6733693679694,34.7902351635218],[-95.6736193678589,34.7900521640302],[-95.6740073678512,34.7898461634672],[-95.6745343680022,34.7897541636791],[-95.6758663686362,34.7900061635917],[-95.6764763681606,34.7902121632077],[-95.6769203689656,34.7902121631865],[-95.677142368456,34.7900291636963],[-95.6777803691728,34.7887241634996],[-95.6776413690059,34.7884951627962],[-95.6775863682267,34.7881061627747],[-95.6776693684576,34.787809163409],[-95.6780853688378,34.7874431626313],[-95.6780853688233,34.7872371629861],[-95.6777803690587,34.7870991629066],[-95.6773923681318,34.786802162664],[-95.6764763678923,34.7863901625181],[-95.6760053685074,34.7860231626358],[-95.6758113675856,34.7857491625495],[-95.6757833680311,34.7849701624564],[-95.6755333681047,34.7846271627754],[-95.6755613675949,34.7844901627263],[-95.67545036784,34.7844441624005],[-95.6754233674761,34.7842841621884],[-95.6752843682102,34.7840781625499],[-95.6752283673829,34.7836661623629],[-95.6753393680146,34.7833911622157],[-95.6757003676412,34.7830021621744],[-95.6764213677715,34.7825671617847],[-95.677365368362,34.7822931625434],[-95.6777533683478,34.7819951622175],[-95.6782803684892,34.7817661623816],[-95.678863368536,34.781629162306],[-95.6796393685557,34.7817201619856],[-95.6803613687645,34.7817431621166],[-95.6809993686607,34.7815601617072],[-95.6816643688936,34.7811481614858],[-95.6824413698527,34.7811481614487],[-95.6835793695328,34.7806681616537],[-95.6836623697781,34.7805761618868],[-95.6837733694687,34.779706161171],[-95.6842443696998,34.7793171611244],[-95.6854093697197,34.7786531609029],[-95.6860473705105,34.7784021609425],[-95.687296370867,34.7782871609543],[-95.6877393707167,34.7781501608854],[-95.6881003703273,34.7775321610333],[-95.6881833705564,34.7772111605563],[-95.6887663705824,34.7767771602196],[-95.6894043704689,34.7764561606155],[-95.6898203708684,34.7763651599796],[-95.6911253711303,34.7763421606511],[-95.6917353715202,34.7760671604801],[-95.692012371756,34.775792160325],[-95.692068371647,34.7756781604401],[-95.6923173714917,34.7755181602149],[-95.6922903711598,34.7758151604773],[-95.6920953711567,34.7764791606525],[-95.6918183718217,34.7767761600276],[-95.691485371674,34.7768681607057],[-95.6905413710548,34.776731160703],[-95.6898483712948,34.7767541609017],[-95.6893483706069,34.7769831607363],[-95.6889603706227,34.7773031602822],[-95.6887943710409,34.7776231607168],[-95.6886553708967,34.7777151604864],[-95.6884333705407,34.778379160663],[-95.6879893706575,34.7786991611109],[-95.6875733702516,34.7786991611307],[-95.6872683704919,34.7786311606949],[-95.6866023701885,34.7786991611771],[-95.6855203704059,34.7791571608502],[-95.6848273697755,34.7795921612385],[-95.684466370144,34.7799121616824],[-95.6843283700574,34.7801641616653],[-95.6844383697851,34.7804851612338],[-95.6843283700991,34.7807591613346],[-95.6839113696678,34.7810571616619],[-95.6825803691315,34.7815371614662],[-95.6816643689258,34.7816061620066],[-95.6815263688311,34.781743162061],[-95.6813043693423,34.7819491617168],[-95.6809153693037,34.7821551622798],[-95.6807213693052,34.7822241618865],[-95.6802223686459,34.7822011617447],[-95.6793903687207,34.7820181623049],[-95.6786413681672,34.7821091620573],[-95.6774203682386,34.7826361622338],[-95.6763943683646,34.783231161952],[-95.6760613682443,34.7837121626543],[-95.6760613682732,34.7841241628439],[-95.676227367887,34.7842611628838],[-95.6763933684195,34.7846731621662],[-95.6764493683907,34.7857031630872],[-95.6769483681795,34.7861381625193],[-95.6778083685184,34.7865271625023],[-95.6785573691169,34.7870761627039],[-95.678723368742,34.7873741630034],[-95.6786403685031,34.7875571633863],[-95.6783073692676,34.7878321626447],[-95.6781693691825,34.7881061627469],[-95.678196368652,34.7883351634556],[-95.678280368955,34.788404163049],[-95.6783073693238,34.7886331628584],[-95.6783633692276,34.7887011633062],[-95.6784183691284,34.789388163635],[-95.6783073693977,34.7896861630484],[-95.6781683692646,34.7899371638843],[-95.6777523688957,34.7904641640224],[-95.6773903692119,34.7906981640819],[-95.6768093683549,34.7907841635948],[-95.676531368948,34.790716164057],[-95.675727368524,34.7905551638358]]]},"properties":{"OBJECTID":4152,"COUNTYFP10":"121","FULLNAME":"Brushy Crk","MTFCC":"H3010","Shape__Area":260976.609375,"Shape__Length":8180.955243788617}},{"type":"Feature","id":4153,"geometry":{"type":"Polygon","coordinates":[[[-95.7670543858483,34.699963142461],[-95.7671483857034,34.6998561428984],[-95.767205385654,34.6999321428171],[-95.7674673861447,34.7003901424261],[-95.7673873860416,34.7005271424778],[-95.7672143861334,34.7008211426083],[-95.7670203862004,34.7018281433758],[-95.7669643854229,34.7021251427403],[-95.7668263853345,34.7023541434569],[-95.7666043858458,34.7025601431127],[-95.7663273856036,34.7027431435048],[-95.7659113852042,34.7028341432413],[-95.7655513856096,34.7030171436373],[-95.7651623855806,34.7033601433488],[-95.7643313848523,34.7038861434603],[-95.7629733848548,34.7042511433372],[-95.7613083841424,34.7050751437958],[-95.7608653843167,34.7055551435577],[-95.7606703842926,34.7059211443249],[-95.7602823843085,34.706242143917],[-95.7597833846014,34.7069741445572],[-95.7582023842238,34.7083231450375],[-95.7578413836851,34.7085291446998],[-95.7576753840984,34.7087801446377],[-95.7577583834557,34.7088491451305],[-95.7577583834621,34.7089411448934],[-95.7580913836288,34.7091241443572],[-95.7589503839225,34.709536144506],[-95.7592833840829,34.7096281451523],[-95.7594493846184,34.7100861447659],[-95.7586733846068,34.7101081449222],[-95.75834038444,34.7099251445591],[-95.7581743839253,34.709765145253],[-95.7573693834362,34.7093291448898],[-95.7570093838081,34.7090321446457],[-95.7570373832743,34.7085511448573],[-95.7572873840551,34.7082541445843],[-95.7589513837931,34.707018143936],[-95.7590893838846,34.7068351444498],[-95.759645384465,34.7065151439966],[-95.7600613839331,34.7059661437394],[-95.7601443841721,34.7057831442558],[-95.7603383841626,34.7056001438676],[-95.7605603845379,34.7052111438329],[-95.761142384511,34.7046851437333],[-95.7626113851354,34.7039761432125],[-95.7643023852645,34.7032901437461],[-95.7649123856367,34.7027631435988],[-95.7653843850229,34.7024891434808],[-95.7660213857735,34.7023291432371],[-95.7662703856214,34.702215143343],[-95.7663543858987,34.7019171430316],[-95.7663543858316,34.7009561426044],[-95.7666053857467,34.7004761428517],[-95.7670543858483,34.699963142461]]]},"properties":{"OBJECTID":4153,"COUNTYFP10":"121","FULLNAME":"Brushy Crk","MTFCC":"H3010","Shape__Area":129944.46484375,"Shape__Length":4130.266414614785}},{"type":"Feature","id":4154,"geometry":{"type":"Polygon","coordinates":[[[-95.7555763849697,34.7371391501328],[-95.7563813853852,34.7365211502596],[-95.7568253852731,34.7362691502622],[-95.7574353856774,34.7362011497827],[-95.7582403861345,34.7361781495787],[-95.7589053864169,34.7364761498545],[-95.7597093859315,34.7364991499817],[-95.760014386597,34.7366601493274],[-95.7600693864575,34.7367741501063],[-95.7603203864158,34.7369121501884],[-95.7607363868295,34.7370251500045],[-95.7611523863343,34.7370031498654],[-95.7612623869275,34.7368421496005],[-95.7612903863938,34.7363621498585],[-95.7611803866789,34.7362241497697],[-95.7611803866725,34.7361331491537],[-95.7610153861914,34.7357891494224],[-95.7609043864319,34.7356751495454],[-95.7607653862523,34.7352631493624],[-95.7608763868872,34.7350341495464],[-95.7613203868039,34.7351941497385],[-95.7615963870415,34.735607149062],[-95.7617073868106,34.735858149886],[-95.7618733864308,34.7360871496888],[-95.7619563866985,34.7363161494956],[-95.7618443869471,34.7369801496668],[-95.7615943870625,34.7372331497014],[-95.761094386373,34.7374381502234],[-95.7608723868683,34.7374151500684],[-95.759596386116,34.7369111501767],[-95.7588203860981,34.736842149717],[-95.7580703854728,34.7365681496572],[-95.7572943854611,34.7365901498135],[-95.7566833859275,34.7369101502693],[-95.7562953850408,34.7371861495767],[-95.755823385653,34.7374371504285],[-95.755351385358,34.7375751505451],[-95.7546853850564,34.7376661502935],[-95.7543523849152,34.7378491497889],[-95.7543513848912,34.7381691502157],[-95.7545123851748,34.7383411500776],[-95.7556003852875,34.7386271506769],[-95.755849385161,34.7388791506413],[-95.7559613858952,34.7394061507541],[-95.7558223857733,34.7398181509503],[-95.7553783849891,34.740114150287],[-95.7544643848925,34.7404111505917],[-95.7540213850621,34.7408231508025],[-95.7539373848281,34.7417391509487],[-95.7540493855462,34.7420361512045],[-95.7541883848056,34.7421511511264],[-95.7548813854856,34.7424261512352],[-95.7552423851555,34.7426551510286],[-95.7553803852902,34.743089151331],[-95.7553263855144,34.7435231516424],[-95.7552153857771,34.7437291512929],[-95.7551873854053,34.7441181513183],[-95.7551873854454,34.7446911517676],[-95.755326385609,34.7448741512405],[-95.7554093858703,34.7450111512843],[-95.7555203856283,34.7451031519412],[-95.7555753854904,34.7452401519864],[-95.7558523857631,34.7454921519495],[-95.7558523857711,34.7456061518317],[-95.7559083856749,34.7456751514264],[-95.7559913859427,34.7459041512332],[-95.7559633855868,34.7465221519686],[-95.7558243863434,34.7466361518574],[-95.755741386103,34.746797152121],[-95.7554913862103,34.7469341521807],[-95.754631385915,34.7471621519862],[-95.754076385389,34.7475971523678],[-95.7541043858234,34.7481001522728],[-95.7541873860912,34.7483291520795],[-95.754408385596,34.7490161524005],[-95.7543533857659,34.7493371519767],[-95.7542143856248,34.7494741520311],[-95.7539363853367,34.7496641527474],[-95.7536873854856,34.7497331523566],[-95.75313238583,34.7497551525024],[-95.7532163852216,34.7496521522261],[-95.753493385461,34.7494281526337],[-95.7537153858458,34.7491761526469],[-95.7536873853954,34.7484441520319],[-95.7536323854995,34.7478261521998],[-95.7538823853601,34.7472311516193],[-95.7542983857417,34.7468871518602],[-95.7547143861332,34.7466831522878],[-95.7550743857374,34.7466371519395],[-95.7554063858371,34.7465231520415],[-95.7554893860823,34.7464311513752],[-95.7555173855517,34.745996151918],[-95.7554343861929,34.745905151306],[-95.7554073858176,34.7455841517337],[-95.7552403861591,34.7454701518594],[-95.7551573858945,34.7452871514844],[-95.7548253857597,34.74489715143],[-95.7546863855833,34.7445311515781],[-95.7547143859488,34.7440511509367],[-95.7547973852452,34.7432501516184],[-95.7546863854791,34.743043151033],[-95.753799384783,34.7425851514538],[-95.7535773852686,34.7424251512511],[-95.7533843852878,34.742082150668],[-95.7535493848183,34.7416931506361],[-95.7534393850746,34.7411431512569],[-95.7535503848055,34.7408471510368],[-95.7537443847895,34.7405721508857],[-95.7542713849068,34.7400001504576],[-95.7549923850385,34.7395891502799],[-95.7551023856254,34.7393371502984],[-95.7550193853593,34.7391311506571],[-95.7546593848397,34.7389481502954],[-95.7540493853059,34.7386041505853],[-95.7539473850679,34.738540150325],[-95.7536333848746,34.7382381507466],[-95.753661385248,34.7378711499411],[-95.753829384929,34.7376431501687],[-95.7543563850718,34.7374371504984],[-95.755243384827,34.7373001504083],[-95.7555763849697,34.7371391501328]]]},"properties":{"OBJECTID":4154,"COUNTYFP10":"121","FULLNAME":"Brushy Crk","MTFCC":"H3010","Shape__Area":191941.78125,"Shape__Length":6639.531249166968}},{"type":"Feature","id":4155,"geometry":{"type":"Polygon","coordinates":[[[-95.994805452697,34.820130153565],[-95.9948334530848,34.8199701542498],[-95.9952494525844,34.8198781535676],[-95.9955274528743,34.8197171532947],[-95.995887453376,34.8196491537264],[-95.9959984531323,34.8197171532721],[-95.9964154536132,34.8201291534413],[-95.9966374531162,34.8201291534306],[-95.9966924529008,34.8191681539012],[-95.996775453146,34.819076153235],[-95.9969414536445,34.8190071536297],[-95.9971354536573,34.819144153668],[-95.9977184537245,34.8193041538532],[-95.9978294534825,34.8193961536107],[-95.9978304535483,34.8196701537059],[-95.9976084531589,34.8198541532424],[-95.9975254538179,34.8200141534595],[-95.9974974534397,34.8203111537217],[-95.9977194538679,34.8206771535692],[-95.9977484534853,34.8216841543249],[-95.9974434537727,34.8222791540083],[-95.9971664535373,34.8225541541632],[-95.9959184532543,34.8230351540097],[-95.9946424534829,34.8236771541171],[-95.9941984526913,34.8238601545172],[-95.9939484527795,34.8237231544815],[-95.9932814523884,34.8231971544423],[-95.9930034529671,34.8229231543604],[-95.9924204519974,34.8227171547434],[-95.9921424525858,34.8225801547092],[-95.9923924524312,34.8217791544843],[-95.9928354522561,34.8212981537771],[-95.9932514526373,34.8209541540182],[-95.9943334524169,34.8204731541796],[-95.994805452697,34.820130153565]]]},"properties":{"OBJECTID":4155,"COUNTYFP10":"121","FULLNAME":" ","MTFCC":"H2030","Shape__Area":235356,"Shape__Length":2140.6797116668754}},{"type":"Feature","id":4156,"geometry":{"type":"Polygon","coordinates":[[[-95.7346113812806,34.7623701555929],[-95.7332523811758,34.7618671557515],[-95.7322813811,34.7616841554189],[-95.7315873803703,34.7613641559247],[-95.7309773808477,34.7611811555749],[-95.7300623806566,34.7607931556408],[-95.7297013800842,34.7605181555162],[-95.7295903803246,34.7604041556393],[-95.7283143795994,34.760290155818],[-95.7273713799436,34.7604041557452],[-95.7268723793006,34.7606111554605],[-95.7263453791496,34.7607021561016],[-95.7256523793817,34.7606111555187],[-95.7256243789777,34.7605421559227],[-95.7256313792991,34.7604961555912],[-95.7260133790228,34.7604281560219],[-95.72656737952,34.7602441555702],[-95.7267893790103,34.76006115608],[-95.7272603792575,34.7599011558443],[-95.728120379556,34.7597181554243],[-95.7295623798949,34.7599691552854],[-95.7305613803955,34.7605181554751],[-95.7311153809152,34.7606551554965],[-95.7315043809843,34.7608841552887],[-95.7347773817617,34.7620501560575],[-95.7351373813691,34.7620501560404],[-95.735332381406,34.7618661556059],[-95.7354703814975,34.7616831552203],[-95.7354983818837,34.7615001557395],[-95.7359133821886,34.7607221556715],[-95.7365513820558,34.7601261550263],[-95.7373823818751,34.7594621548207],[-95.7375763818592,34.7591881547159],[-95.7375763817806,34.7580661549286],[-95.7373533821974,34.7575851542529],[-95.7372983823095,34.7570821543493],[-95.7373813816362,34.7567161544868],[-95.7375743815659,34.7563271544535],[-95.7377413821061,34.7561891543515],[-95.7378523818401,34.7559371543699],[-95.7381843819332,34.7557311547089],[-95.7387673819847,34.7556621541844],[-95.7395713824051,34.7557761540283],[-95.7398203822563,34.7557081544652],[-95.7404303826621,34.755662154105],[-95.7410403830743,34.7557071543607],[-95.741262382571,34.7556151536879],[-95.7413183824571,34.7554321542056],[-95.7401523822981,34.7547691541416],[-95.7397643822626,34.7543571539705],[-95.739570382232,34.7539681539558],[-95.7395423826954,34.7534421538853],[-95.739735382601,34.7527091541127],[-95.7400953821844,34.7523661535033],[-95.740290382226,34.7522511535655],[-95.7402903822437,34.7525031535418],[-95.7400963822499,34.7526401535988],[-95.7399853825209,34.7529611540771],[-95.7399303826988,34.7533961535356],[-95.7399303827212,34.7537161539623],[-95.7400133820784,34.7537851535557],[-95.740069381987,34.7539221536008],[-95.7402073821009,34.754059153642],[-95.7406523829875,34.7545631535733],[-95.7409013828579,34.7547691541059],[-95.7417893826978,34.7551801542069],[-95.7419003833584,34.7553181542956],[-95.7418173831307,34.7556611539925],[-95.7413733832556,34.7560961543689],[-95.7409853832586,34.7562341544815],[-95.7399323829888,34.7562111543661],[-95.7395713824453,34.7563491544775],[-95.7388783826821,34.756326154345],[-95.7384343818676,34.7561891543184],[-95.7380743822666,34.7562811540985],[-95.737824382398,34.7567611547505],[-95.7376863823289,34.7572651547096],[-95.7377973821094,34.7576771548939],[-95.7379643817839,34.7580201545789],[-95.738048382151,34.7590041551675],[-95.7379373824171,34.7592561551491],[-95.7378263826848,34.7595311552962],[-95.7374383818318,34.7602861551973],[-95.7362743818425,34.7607221556543],[-95.7361073822064,34.7609281553074],[-95.7359423818102,34.7617971550801],[-95.7358033816771,34.7620491559623],[-95.7355813821868,34.7622321554525],[-95.7351933821899,34.7623701555651],[-95.7346113812806,34.7623701555929]]]},"properties":{"OBJECTID":4156,"COUNTYFP10":"121","FULLNAME":"Brushy Crk","MTFCC":"H3010","Shape__Area":168758.10546875,"Shape__Length":6235.301587091585}},{"type":"Feature","id":4157,"geometry":{"type":"Polygon","coordinates":[[[-95.508272352142,35.1670082407802],[-95.5078543516232,35.166733240659],[-95.5076823517406,35.1667332406674],[-95.5076313511741,35.1667332406698],[-95.5070733514102,35.1671912412173],[-95.5064883512769,35.1674192410099],[-95.5061253515464,35.167648240838],[-95.5059863514154,35.1679232409864],[-95.5057353514862,35.1681972410938],[-95.505623350802,35.168380241478],[-95.5056083510135,35.168488241083],[-95.5052333506939,35.1682662416149],[-95.5054843506165,35.1679002408453],[-95.5055403513818,35.1674422412216],[-95.5054013512161,35.1672362406841],[-95.5052063511463,35.1669612414514],[-95.5051233508796,35.1667552409111],[-95.5054853505737,35.166664241177],[-95.5057083510343,35.1668242413793],[-95.506042351245,35.1669612414107],[-95.5063213515981,35.1670302409944],[-95.5068783513371,35.1668702407541],[-95.5071573516654,35.1665962406453],[-95.5075203513762,35.1660922406756],[-95.5075203513679,35.1659782407935],[-95.5076983515163,35.1658052408691],[-95.5081063515228,35.1654062403626],[-95.5088593513432,35.1650402404679],[-95.5088593513151,35.1646512404442],[-95.5086923516363,35.1642622404287],[-95.5086083513365,35.1642392402673],[-95.50858035183,35.1641472405058],[-95.5081073514503,35.1637582405051],[-95.5077173513422,35.1636432405958],[-95.5074703515788,35.1636452407003],[-95.5068383510801,35.1640892406032],[-95.5059313513248,35.1646252402822],[-95.5056573512186,35.1647652404821],[-95.5052163505509,35.1647462405232],[-95.5045353504035,35.1641602404051],[-95.5042913507516,35.1637772406711],[-95.5040523504141,35.1631432401079],[-95.5040303502638,35.1627372401975],[-95.5038713500586,35.162374240486],[-95.5037333499459,35.1622612406569],[-95.5023033501871,35.1623672402382],[-95.5022503495181,35.1622322402857],[-95.502196349707,35.1621642407374],[-95.5022003498761,35.16193724012],[-95.5023413501051,35.1617342406071],[-95.5023753498571,35.1613722400331],[-95.5022943496914,35.1612812403205],[-95.50224234996,35.1610332405322],[-95.5024893497249,35.1610542396939],[-95.5027623498127,35.1613012403244],[-95.5027813498353,35.1618672404481],[-95.5029173498519,35.1619342399462],[-95.5038243505264,35.1616732404087],[-95.5040993507004,35.1618302404696],[-95.5044203503488,35.1625312405336],[-95.5046273501211,35.1634352401092],[-95.5048973509871,35.1639332406696],[-95.5052243508844,35.164225240683],[-95.5055533508531,35.1642222405281],[-95.5058013506595,35.1641752401387],[-95.5070643507146,35.1633352407567],[-95.5070633515525,35.1631262400736],[-95.5071723512032,35.1630122401862],[-95.5071703510988,35.1628502398806],[-95.5072803507974,35.1627572400661],[-95.5074723516107,35.1628012402953],[-95.5075523508387,35.1630032406504],[-95.5076983513115,35.1629662398296],[-95.5081073513859,35.1628652405294],[-95.5082193511939,35.1630032406179],[-95.5081353518181,35.163323240149],[-95.5086923516,35.1637582404767],[-95.5087203520075,35.1638732404037],[-95.5090263518256,35.1641022401993],[-95.5093893516056,35.1645602407019],[-95.5093603521023,35.165155240372],[-95.5092493514694,35.165406240307],[-95.5084963516457,35.1657272408163],[-95.5083013516074,35.165887241039],[-95.508217351319,35.1660242410907],[-95.5082173513438,35.1663672407832],[-95.5087183521376,35.1669632404737],[-95.5088293519158,35.1673292412258],[-95.5088013515513,35.1678102410136],[-95.5087173521639,35.1679702412309],[-95.5086053515177,35.168679240787],[-95.50835435161,35.1692512412016],[-95.5083263521234,35.1694352416279],[-95.5082433518765,35.1695032411829],[-95.5076393517335,35.1693442410455],[-95.5075463519155,35.1693202417375],[-95.5076403517744,35.169268241124],[-95.5077133515596,35.1692282410672],[-95.5080203513795,35.1688392410286],[-95.5081603515453,35.1684042415664],[-95.5083283520642,35.1673292412502],[-95.508272352142,35.1670082407802]]]},"properties":{"OBJECTID":4157,"COUNTYFP10":"121","FULLNAME":"Lick Crk","MTFCC":"H3010","Shape__Area":146576.9921875,"Shape__Length":5177.170445950862}},{"type":"Feature","id":4158,"geometry":{"type":"Polygon","coordinates":[[[-95.6943833954942,35.1064932205829],[-95.6947263960501,35.1056322202736],[-95.6956693957347,35.1059142206934],[-95.695936396431,35.1059912206481],[-95.696104396123,35.1059222210426],[-95.6964103959046,35.1056472208862],[-95.696688396193,35.105464220494],[-95.6968833962411,35.105441220319],[-95.6969953960539,35.1056472208578],[-95.69685639604,35.1075472206975],[-95.6969673967025,35.1077072209052],[-95.6974413962141,35.1078902212609],[-95.6976083967755,35.1080502205665],[-95.6978243969026,35.1080882205167],[-95.6979433970373,35.1082562210944],[-95.6979623970209,35.1082822213979],[-95.6985273971188,35.1079592208053],[-95.6994743969916,35.1082792211855],[-95.7004213977407,35.1082792211394],[-95.7008943972009,35.1083932209985],[-95.701314397796,35.1084422205487],[-95.7013253974068,35.1084432205945],[-95.7016743974067,35.1084852207234],[-95.7018133975525,35.1084162211194],[-95.7019533977381,35.1082562208994],[-95.7018133974948,35.1076152209067],[-95.7017023977317,35.107455220699],[-95.7017023977201,35.1072942204396],[-95.7015073976506,35.1070202203539],[-95.7015073976374,35.1068372208745],[-95.7017573975381,35.1068142206968],[-95.7020083975001,35.106997220164],[-95.7025093973594,35.107111220921],[-95.7026493975649,35.1072262208426],[-95.7026493975764,35.1073862201563],[-95.7029833977918,35.1075922206843],[-95.7030943975566,35.1077752210576],[-95.7032893976196,35.1079582205274],[-95.7037913984362,35.1082322205982],[-95.7045433982263,35.108095220514],[-95.7047383982859,35.1082322205521],[-95.7047383983041,35.1084842205281],[-95.7049053988606,35.1085762202827],[-95.705155398763,35.1085762202706],[-95.7054343982066,35.1085072206597],[-95.7056293982433,35.1083242202716],[-95.7055733983228,35.1080262208666],[-95.7055733983097,35.107843220488],[-95.7059073985003,35.1077062204241],[-95.7059353988813,35.1074542204468],[-95.7059913987737,35.1073622206813],[-95.7063253989594,35.1071562201208],[-95.7063253989298,35.1067442199318],[-95.7076063989899,35.1068812199171],[-95.7077453991671,35.1072482207139],[-95.7079403992185,35.1072702199243],[-95.7085543997985,35.1070642202496],[-95.709027399234,35.1068352204162],[-95.7093333999298,35.106767219951],[-95.7095013996383,35.106927220156],[-95.7098353998372,35.1069042199742],[-95.7100853997181,35.106606219655],[-95.7104193999171,35.1065832203725],[-95.7106984002699,35.1066522199563],[-95.7108653999156,35.1065832203508],[-95.7110603999406,35.1062402197496],[-95.7118953999874,35.1061712201117],[-95.7122574005723,35.1059652195499],[-95.7124244002112,35.1058042201817],[-95.7129813999532,35.1056902193732],[-95.7134834007386,35.105530220035],[-95.7135104001755,35.1053012193239],[-95.7133714009125,35.1051402199706],[-95.7132324007518,35.1050032199298],[-95.7132044003131,35.1044542196945],[-95.7132874005534,35.1042942194773],[-95.713705400156,35.1043392197418],[-95.714652400905,35.1043392196957],[-95.7153534010189,35.1040772192227],[-95.7155714012302,35.1039962190592],[-95.7160444006804,35.1039722197237],[-95.7165184010979,35.1042472189428],[-95.7167404015021,35.1042702190975],[-95.7168524012952,35.1042012194948],[-95.7168794016084,35.1036522192568],[-95.7171024011514,35.1035602194832],[-95.7174644017659,35.1037662191105],[-95.7176314014396,35.1040862195286],[-95.7182164015939,35.1041552190974],[-95.7191074015478,35.1042002193388],[-95.7194974016308,35.1039712195095],[-95.7196924016855,35.1040402190972],[-95.7200544022902,35.1041092186769],[-95.7204164019823,35.103994218731],[-95.7208064020802,35.1039712194458],[-95.7210014021316,35.1039942187025],[-95.7221984027434,35.1034442192607],[-95.722532402934,35.1033072191968],[-95.723312403133,35.1033062191126],[-95.7235074031729,35.1031692190555],[-95.723506403054,35.1021622182988],[-95.7236734026931,35.1020022189769],[-95.7238964031502,35.1021162188481],[-95.7239524030822,35.1025742184662],[-95.7241474031336,35.1025972186222],[-95.7243704026684,35.1023912189665],[-95.7246764033773,35.1025052188336],[-95.7247884031935,35.1027572188042],[-95.7246494030575,35.1029632184558],[-95.7239814026911,35.103444219174],[-95.723981402701,35.1035812192215],[-95.7241204028583,35.1036722189313],[-95.7247604028585,35.1036492187346],[-95.7252344032397,35.1034202189011],[-95.7254844030926,35.1027332185585],[-95.7257624033859,35.1026192186629],[-95.7258744031905,35.102710218374],[-95.7258464037269,35.1032142183272],[-95.726403403482,35.1032822187504],[-95.7272944043188,35.1030992183285],[-95.727433403557,35.1029162188423],[-95.7276284035953,35.1027562186197],[-95.7283524038755,35.102481218443],[-95.7290764041475,35.102091218338],[-95.7295774039689,35.1016792181246],[-95.729828404817,35.1016792181124],[-95.7298284048335,35.1019082179228],[-95.7291324040795,35.1025492179561],[-95.7290494047485,35.1028472182671],[-95.7292714042516,35.10284621821],[-95.7295224041955,35.1027782186468],[-95.7299954045187,35.102388218554],[-95.7305804046169,35.1016792180758],[-95.7306074049169,35.1009462183122],[-95.7304404043571,35.1008092182727],[-95.729382403845,35.1006492181111],[-95.7291594042872,35.1005352182399],[-95.7291864046301,35.100398218191],[-95.7295214039761,35.1003752180092],[-95.7297994042627,35.1001682183045],[-95.7304394042448,35.0998942181782],[-95.7313304050865,35.0997792182065],[-95.7315824050965,35.0999852178391],[-95.7316104046012,35.1000532173887],[-95.7316664045068,35.1001452180482],[-95.7318884049094,35.1001452180374],[-95.7319724052026,35.1000762175367],[-95.7320274050337,35.0997782181263],[-95.7322224050834,35.0997782181168],[-95.7323624052872,35.0998702178728],[-95.7326124051896,35.0998702178606],[-95.7326404046647,35.0995262181206],[-95.7329464053621,35.0994812178209],[-95.7332254048205,35.0996182178549],[-95.7334204048637,35.0995262180826],[-95.7341164056606,35.0994802177177],[-95.735369405295,35.0992512178463],[-95.7361764058337,35.0990672173821],[-95.7362414061499,35.0990652172864],[-95.7365004055695,35.0990552177101],[-95.7368174058803,35.0990442171854],[-95.736956406026,35.0989752175814],[-95.7373184065911,35.0984942168781],[-95.7376244063875,35.0984262173123],[-95.7380424060082,35.0987232175527],[-95.7391564064424,35.0992032172385],[-95.739629406792,35.0991802170499],[-95.7413284073292,35.0990192176072],[-95.7414674074915,35.0991792169143],[-95.7412724074532,35.0993392171369],[-95.7410504070573,35.0994312169105],[-95.7408274075192,35.0995912171345],[-95.740855407024,35.0996602176296],[-95.7410504070836,35.0997972176678],[-95.7424704072993,35.1000022171973],[-95.7427214072564,35.1001172171134],[-95.7434734079604,35.1001852175271],[-95.7436124081194,35.1002992174024],[-95.7435574082949,35.1006892174749],[-95.7439754079156,35.1009862177152],[-95.7441424084852,35.1012602178023],[-95.7443654080348,35.1012602177914],[-95.7446154079273,35.1011232177317],[-95.7447824084607,35.1008942170138],[-95.7448104079441,35.1006652172021],[-95.7446704086216,35.1003222175164],[-95.7445864082706,35.099589216859],[-95.7445304083601,35.0994292166486],[-95.7444744084265,35.0989492169113],[-95.7445864082179,35.098857217143],[-95.7447814082676,35.0988572171335],[-95.7449204084266,35.0989712170088],[-95.7450604086814,35.0997722172146],[-95.7450884082044,35.1000932167864],[-95.7452554087691,35.1002992173225],[-95.7454224084197,35.100298217268],[-95.7456454088537,35.100092216713],[-95.7456444087661,35.0995202172102],[-95.7455614085045,35.0993832171667],[-95.7455324079996,35.0985592167901],[-95.7457824087535,35.0978952166129],[-95.7460054082718,35.0974602162475],[-95.7462274086562,35.0972082162608],[-95.7470064087561,35.0964762165069],[-95.7475904087913,35.095537216172],[-95.7479244089605,35.0951022158012],[-95.7483144090336,35.094735215878],[-95.7485644089326,35.094689216434],[-95.7486764087372,35.0947812161915],[-95.7486204088531,35.0949872158391],[-95.7480924086822,35.0954452163848],[-95.7479254090596,35.0958342164165],[-95.7478144084186,35.0959722165157],[-95.7477304090478,35.0963612165433],[-95.7473974089267,35.0968192161803],[-95.747425408438,35.0969792163921],[-95.7474804082972,35.0970702161059],[-95.7477034087511,35.0971392165916],[-95.748065408453,35.0971622167396],[-95.7483164092911,35.0970242166335],[-95.7485944086851,35.0969092166916],[-95.7486784089898,35.0970012164503],[-95.7486224091107,35.0972762165946],[-95.7487344089135,35.0973442161401],[-95.7489844088142,35.0973212168617],[-95.7502764093548,35.09704821675],[-95.7502764093672,35.0972202166193],[-95.7502764093878,35.0975062163708],[-95.7497364095381,35.0976642165176],[-95.7488454086998,35.0978252168203],[-95.7483164093439,35.0977562163495],[-95.7472024089263,35.097505216474],[-95.7467574089676,35.0974142167792],[-95.7464504082321,35.0975742170072],[-95.7462844086444,35.0978032168256],[-95.7459224081271,35.0989482167945],[-95.7460064084418,35.0991772166008],[-95.7460624083457,35.0992452170484],[-95.7462574083905,35.0991772165886],[-95.746452408432,35.0990622166508],[-95.7467584082499,35.0992912173457],[-95.7469534083028,35.0993362167216],[-95.7469534083193,35.0995652174314],[-95.7458684084413,35.1006192168195],[-95.7452004080963,35.1013972177984],[-95.7444494083923,35.1020842172661],[-95.7443384086391,35.1020612180053],[-95.7439754079847,35.1019472172415],[-95.7432794080362,35.1012842171568],[-95.7430564075542,35.1008262175468],[-95.7427214072909,35.1005972177527],[-95.7416634076782,35.1004382176374],[-95.7403544072174,35.100278217488],[-95.7401034072539,35.1000722178553],[-95.7390174063476,35.0999812172923],[-95.738850406707,35.1001192173943],[-95.7387394069719,35.10034821721],[-95.7385724064318,35.1004852172658],[-95.738433406281,35.1004852172725],[-95.738349406869,35.1003022177973],[-95.738265406533,35.0997762177303],[-95.7381264063723,35.0996382176432],[-95.7377364062778,35.0997072172594],[-95.7376254065344,35.0998222171931],[-95.7370124060042,35.1000742171989],[-95.7368174059528,35.1000512179422],[-95.7363724059908,35.0999142179163],[-95.7358984056079,35.1001202175842],[-95.735620406204,35.1000972174322],[-95.7355364058911,35.0998912177914],[-95.735453405636,35.0998462175107],[-95.734395405147,35.1000062177752],[-95.7332534052741,35.100373217735],[-95.7328914055886,35.1005792182968],[-95.7327804049508,35.1007622177816],[-95.7328364048663,35.1009912175893],[-95.7329194051231,35.1010602180818],[-95.7335884055655,35.1009912175527],[-95.733699405322,35.1010592179976],[-95.7336444054941,35.101403217739],[-95.7340064052077,35.1015862181],[-95.7339504053219,35.1017692175821],[-95.7337274057788,35.1018602182088],[-95.7326414048825,35.1019072177397],[-95.7325864050513,35.102204218003],[-95.7324754053063,35.1022962177713],[-95.7324474049269,35.1025702178678],[-95.7325034048275,35.1025932180306],[-95.7325034048424,35.1027992185748],[-95.7323364052001,35.1029142185112],[-95.7322804053241,35.1032342180409],[-95.7316964052361,35.1034412186598],[-95.731640405347,35.1035782187101],[-95.7309444045599,35.1037612182233],[-95.7308884046709,35.1038992183199],[-95.7304424046872,35.1041052188858],[-95.7303034045513,35.1043112185374],[-95.7301914047583,35.1043802190394],[-95.7298014046588,35.1043802190584],[-95.7295514047811,35.104723218763],[-95.7293284043405,35.1048382187022],[-95.7291334043055,35.1050442192559],[-95.7287444042541,35.105067218541],[-95.7285214047193,35.1052732190961],[-95.7278804046612,35.1051362190796],[-95.7276574041924,35.104861218949],[-95.7269614042487,35.1042662184152],[-95.7266554035496,35.1042892185956],[-95.7266274040713,35.104587218904],[-95.7268224041408,35.1048612189896],[-95.7268784040579,35.1051132189628],[-95.7267664042649,35.1051822185656],[-95.7246784036563,35.1050912189506],[-95.7228404029616,35.1051602195367],[-95.7224224024696,35.1052522193198],[-95.7213924023715,35.105298219701],[-95.7199714021373,35.1054822192957],[-95.7193874020509,35.1057112191346],[-95.7191364021153,35.1058942195254],[-95.7189414020705,35.1059632191322],[-95.7185514019677,35.1059172197194],[-95.7181894013598,35.1058032198549],[-95.7179394014607,35.1058492192989],[-95.7172704019307,35.1061012193074],[-95.7164074014815,35.1061242195149],[-95.715572401443,35.1063072199342],[-95.7154884011515,35.106399219701],[-95.715572401471,35.1066962199576],[-95.7154604007852,35.1068562201762],[-95.7148204008064,35.1071772197806],[-95.7146534011756,35.1074522199302],[-95.7146254007962,35.1077262200267],[-95.7139294009134,35.1079782200365],[-95.7137064004777,35.1081622204723],[-95.7135954007293,35.1082072198632],[-95.7117024002842,35.1096962205447],[-95.7112564003253,35.110245220803],[-95.7107274000881,35.1104282203081],[-95.7104214002917,35.1104972208196],[-95.709474399546,35.1105432211967],[-95.7086393995124,35.1107952212132],[-95.7077463994772,35.1109092211388],[-95.7069663992765,35.1108872210575],[-95.7065213993309,35.1109782207956],[-95.7057133987508,35.1112302208109],[-95.7036523985228,35.1115282212182],[-95.7026223984494,35.1119182213381],[-95.7017033981209,35.1122152216435],[-95.7012463976244,35.1123842213962],[-95.7008403976931,35.1125362212587],[-95.7001863979645,35.1128582218094],[-95.6991693976026,35.1133602217182],[-95.6987513971122,35.1134752216669],[-95.6976653971199,35.1135892216017],[-95.695882396304,35.1140242220431],[-95.6954583964283,35.1140502223681],[-95.6947683959093,35.1140932225938],[-95.6946293966677,35.1142302226482],[-95.694573395876,35.1143222224137],[-95.6931813960955,35.1146202227885],[-95.6917043959523,35.1146662222921],[-95.6913983952598,35.114780222189],[-95.6903683951616,35.1148262225702],[-95.6900333949064,35.1147122227044],[-95.6900613952858,35.1144372225616],[-95.6902843948189,35.1142082227403],[-95.6912033951095,35.1133842223175],[-95.6912863953514,35.1132472222659],[-95.6914263955386,35.1131092221652],[-95.6915373952803,35.1129722221122],[-95.6915313950004,35.1129482219006],[-95.6915093957723,35.1128582222315],[-95.6916493950651,35.1127892217281],[-95.6917883951994,35.1125602219109],[-95.6922333951318,35.1122852217478],[-95.6923733953076,35.1119882214802],[-95.6925953956937,35.111759221659],[-95.6928743960119,35.1113472214564],[-95.6933753958467,35.1111182216216],[-95.6941553960292,35.1108892217732],[-95.6944613958208,35.1107522217108],[-95.6947403961506,35.1105002217212],[-95.6949623955929,35.1096532211667],[-95.6951023957718,35.109401221184],[-95.6950743962621,35.1092642211378],[-95.6951573956113,35.109218221702],[-95.6952133963486,35.1083712211556],[-95.6954633962296,35.1080742208827],[-95.6954913956899,35.1075242205983],[-95.6956863957215,35.1072722206129],[-95.6956863956886,35.1068152210384],[-95.6952383955893,35.1067042204177],[-95.6943833954942,35.1064932205829]],[[-95.6980823963613,35.1092632209451],[-95.6983603966745,35.109424221191],[-95.6986113966099,35.1092402207539],[-95.6986943968404,35.1089432213885],[-95.6983883970208,35.1086912214274],[-95.6981933969777,35.1087832211997],[-95.6979983969559,35.1091722212327],[-95.6980823963613,35.1092632209451]]]},"properties":{"OBJECTID":4158,"COUNTYFP10":"121","FULLNAME":"Rock Crk","MTFCC":"H3010","Shape__Area":2401057.75390625,"Shape__Length":22271.851531195996}},{"type":"Feature","id":4159,"geometry":{"type":"Polygon","coordinates":[[[-95.8364344025096,34.6863331367211],[-95.8361844026027,34.686265137182],[-95.8350764024854,34.6863111366665],[-95.8349934022305,34.6862651372387],[-95.8350204025593,34.6859221366451],[-95.8351034019085,34.6858761372094],[-95.8351034018974,34.685716136996],[-95.8346324025065,34.6852581364976],[-95.8346054021458,34.6851441366167],[-95.834383401729,34.6849381369821],[-95.8343004023655,34.6847781367727],[-95.8338294020786,34.6843661366056],[-95.8336344020018,34.6839771365907],[-95.8333024018799,34.6837711360621],[-95.8330254016186,34.6836791363123],[-95.8330254016042,34.6834731366672],[-95.8332464019474,34.6832901362777],[-95.8332464019203,34.6829011362536],[-95.8330804014089,34.6827871363793],[-95.832997401146,34.6826261361236],[-95.8329414012343,34.6824431366467],[-95.8331354012375,34.6824431366375],[-95.8335514016495,34.6825351363806],[-95.8337174012472,34.6824431366098],[-95.8337174012137,34.6819631359697],[-95.833911401209,34.681848136032],[-95.8341334016129,34.681871136187],[-95.8344104018742,34.6819621358905],[-95.8346874021229,34.6818711361606],[-95.8349644014689,34.6817331360533],[-95.8352414017254,34.6817561362057],[-95.8356014022384,34.6818481359516],[-95.8356844024965,34.6819391356643],[-95.8356844025875,34.6832441367299],[-95.8357954023566,34.6834961367009],[-95.8360734026803,34.683816136215],[-95.8368484026819,34.6843191360844],[-95.8375134029657,34.6846401365257],[-95.8378744026226,34.6846851367933],[-95.8387054033874,34.6846851367538],[-95.8391484032528,34.6847761364494],[-95.8398964037867,34.6850741367211],[-95.8398964037995,34.6852571362007],[-95.8397304033088,34.6854401365876],[-95.8386774030506,34.6855781367317],[-95.8379024031112,34.6859671367927],[-95.837320403111,34.6861041368682],[-95.8371824030148,34.6862191368033],[-95.8370714023846,34.6865161370697],[-95.836877402391,34.686654137173],[-95.836600403029,34.686562136524],[-95.8364344025096,34.6863331367211]]]},"properties":{"OBJECTID":4159,"COUNTYFP10":"121","FULLNAME":"Pittsburg Lk","MTFCC":"H2030","Shape__Area":211143.1640625,"Shape__Length":2445.127706678611}},{"type":"Feature","id":4160,"geometry":{"type":"Polygon","coordinates":[[[-95.845906440397,35.1878122279085],[-95.8478194409507,35.1874532282812],[-95.8489064418899,35.1873612284653],[-95.8500774422345,35.187361228408],[-95.8510244420721,35.1872002281023],[-95.8518604421516,35.1869482280856],[-95.8530594428454,35.1862612276968],[-95.8536444429463,35.1855972275036],[-95.8543404427937,35.1848642277078],[-95.8547864427489,35.1842692271187],[-95.8551764428217,35.1839032272418],[-95.8552594430635,35.1837662271903],[-95.8560124428529,35.1829872270606],[-95.8571824430746,35.1819342268155],[-95.8575724431541,35.1816592266551],[-95.8584634439705,35.1812012260917],[-95.8589934433361,35.1807662266108],[-95.8598294433989,35.1802852258846],[-95.8602464438378,35.1801022263849],[-95.8610544443858,35.1794152260153],[-95.8610824438707,35.1792092263692],[-95.8608594443195,35.1791862262146],[-95.8605254441241,35.1792552258282],[-95.8599674434451,35.1794842256658],[-95.8585464432316,35.1799432263014],[-95.8578224429584,35.1803092261946],[-95.8558994428906,35.1813622264765],[-95.8554264425728,35.1818202270195],[-95.855231442538,35.1820262266738],[-95.8541444425547,35.1828962265363],[-95.8532804420861,35.1832862266481],[-95.850772441841,35.1839502269354],[-95.8497414417302,35.1844542278367],[-95.8489604415149,35.1848662271644],[-95.8486544408343,35.1851412273207],[-95.8477064409684,35.1855532275559],[-95.845755440455,35.1859662278865],[-95.8444464400443,35.1864932280676],[-95.8438224399001,35.1866962285033],[-95.8435804403547,35.1865032285729],[-95.8431804397771,35.1863032283262],[-95.8428804402395,35.1861032280747],[-95.8423804395138,35.1858032276997],[-95.8419804398354,35.1856032283524],[-95.8409804392905,35.1851032277356],[-95.8409804392832,35.1850032276025],[-95.8408804391352,35.1849032283736],[-95.8399804387384,35.1845032278851],[-95.8396804392081,35.1844032277666],[-95.8393844389685,35.1843662278668],[-95.840236438909,35.1843662278251],[-95.8409604391971,35.1842052275303],[-95.8412954394324,35.1840452282002],[-95.842019439719,35.1838622277862],[-95.8433574397091,35.1837932272242],[-95.8462014403537,35.1845932272508],[-95.8467304406055,35.1846152273441],[-95.8476224405922,35.1844782272529],[-95.8482914410328,35.1843862274574],[-95.8494904417283,35.1837222272342],[-95.8501034413573,35.1834472270629],[-95.8508274416438,35.1832642275483],[-95.8513294415262,35.1830582269796],[-95.8515244415776,35.1830802270893],[-95.8537544424288,35.1825302266976],[-95.8542554422599,35.1822562265781],[-95.8546174428311,35.1818662264908],[-95.8547844424584,35.1815462269559],[-95.8550354423854,35.1812482266369],[-95.8558434429252,35.1804472263852],[-95.856094442864,35.1803102263255],[-95.8563444427479,35.1800582263375],[-95.8569854427694,35.1796912264021],[-95.8604414437645,35.1784082261885],[-95.8606634441537,35.1782252257991],[-95.8609984443905,35.1780882257353],[-95.8613884444567,35.1776302260957],[-95.8620844442809,35.1765772249745],[-95.8625584446368,35.1760052254488],[-95.863255444534,35.1753182250847],[-95.8635334448271,35.1752032251427],[-95.8635614443353,35.1753182250697],[-95.8633114444595,35.1756842249396],[-95.8628934440109,35.1763712252902],[-95.8626144445906,35.1767602253271],[-95.8626154446503,35.1769432257056],[-95.8628934440524,35.176943225692],[-95.8638134444117,35.1764392256954],[-95.865512444905,35.1756832247857],[-95.8672404449662,35.1752242250342],[-95.8679094453867,35.1748582251438],[-95.869747445976,35.1733472243462],[-95.8701094456612,35.1731402246375],[-95.8716414464775,35.1720182238782],[-95.8728394462338,35.1714452242708],[-95.8742594472305,35.1700262232564],[-95.874705447194,35.1695452234486],[-95.8748824472933,35.1693392237952],[-95.8749244465314,35.1691792235802],[-95.875281446886,35.1689982232767],[-95.8757644467601,35.1684282229439],[-95.8764714471095,35.1675822233118],[-95.8765834468941,35.1673992229279],[-95.8768344468261,35.1671702231053],[-95.8780894473724,35.1658432227611],[-95.8782844473956,35.1654772228938],[-95.8784524479486,35.1648822223183],[-95.8786474479934,35.1648142227578],[-95.8791494478342,35.1640362226867],[-95.8800974476519,35.1629612223333],[-95.8803484475772,35.1626402218487],[-95.8807674480591,35.1617712220652],[-95.8808234479431,35.1615652215184],[-95.8812134479943,35.1609012213348],[-95.8818554480356,35.1601692215879],[-95.8821334483254,35.160008221315],[-95.8821894482194,35.1599402217613],[-95.8827474479758,35.1593912214977],[-95.8843644482207,35.1580412209703],[-95.8863714485151,35.15600522014],[-95.8875704491858,35.1549992202709],[-95.889271449684,35.1530322199522],[-95.8900794493394,35.1524372193453],[-95.8903024497682,35.1521622191931],[-95.8905254492829,35.1516822194425],[-95.8905534496705,35.1515222192281],[-95.8908884498824,35.1510412194257],[-95.8912784499519,35.1506292192178],[-95.8933974500709,35.1489602191854],[-95.8937874501536,35.1487312184568],[-95.8939824501916,35.1485712191335],[-95.894483450021,35.1482732188023],[-95.8951954506237,35.1477232184848],[-95.8964074510028,35.1467872182586],[-95.8968804513357,35.1465352182597],[-95.8979964508966,35.1461002178509],[-95.8983764514179,35.1459122181216],[-95.8998694513525,35.1451722179627],[-95.8999694514896,35.1451222174416],[-95.9000054513591,35.1451042175058],[-95.9009004514417,35.1443712177003],[-95.9016554522497,35.1439582174283],[-95.9026064522661,35.143706217406],[-95.9042824526052,35.1431322168297],[-95.9048414524296,35.1428802168266],[-95.9052324525586,35.1426502169509],[-95.9063514531496,35.1421002166136],[-95.9081944531392,35.1415262169285],[-95.9088354540815,35.1414582164469],[-95.9090304541428,35.1416182166504],[-95.9092254541991,35.1417102164036],[-95.910395454497,35.1417102163464],[-95.9114824545316,35.1415502169796],[-95.9172214561901,35.1404532162728],[-95.9178894556932,35.1404762164057],[-95.9200904561681,35.1408882164869],[-95.9202014568256,35.1409792161979],[-95.9206754563319,35.141094216103],[-95.921706457405,35.1414602159104],[-95.9224304568202,35.141666216419],[-95.9246584576977,35.1427652159296],[-95.9250484578003,35.1428112162416],[-95.9255784580934,35.1427652158847],[-95.9258844578812,35.1425822163905],[-95.9262474584608,35.1416672162787],[-95.9262474584458,35.1414612157347],[-95.9263024582951,35.1414152163003],[-95.926442458464,35.1410262153709],[-95.9265254578031,35.1408432158876],[-95.9268044581309,35.1405682157327],[-95.9273614587652,35.1403622160607],[-95.9276404582086,35.1402942155968],[-95.9285314590597,35.1403172157187],[-95.9296744590197,35.1405232153076],[-95.9298974594867,35.1407742152262],[-95.9311784595825,35.1414152160619],[-95.9317914592578,35.1417812158896],[-95.9322374601769,35.1420792152753],[-95.9333514597213,35.1426972159537],[-95.9349954604596,35.1432922155412],[-95.937279461206,35.1439782157133],[-95.937614461466,35.1441612160754],[-95.9376424609775,35.144322215434],[-95.9377254612341,35.1443902158802],[-95.9378644614197,35.1448712156594],[-95.9381154613998,35.1453062160014],[-95.9402054621181,35.1456492155914],[-95.9432694630431,35.1460612156303],[-95.9449694636737,35.1465642154523],[-95.9461394640096,35.1470902163651],[-95.9466404638804,35.1473652155825],[-95.9490364644512,35.1484172156067],[-95.9514054655453,35.1491492161056],[-95.952547465464,35.1494242161909],[-95.9534944662321,35.1496982162395],[-95.9562254661121,35.1502242161766],[-95.9616874676341,35.1507722160992],[-95.9656154690373,35.1509312160736],[-95.9662004691829,35.1508862157603],[-95.9693764698889,35.1510682159371],[-95.971800470784,35.1510902150383],[-95.9729984705881,35.1511812155955],[-95.9748094718263,35.1510892148447],[-95.9807714730891,35.1507662148874],[-95.9830284734194,35.1505822143521],[-95.9866774744047,35.1497792147683],[-95.9896304755396,35.1496642146955],[-95.9911634755769,35.1495712139121],[-95.9930304758013,35.1492962136795],[-95.9931414764437,35.1491812137458],[-95.9937544760908,35.1491582135503],[-95.9956484766595,35.1487682133881],[-96.0002854776194,35.1482852132826],[-96.0016354781687,35.1482632130973],[-96.0038644789825,35.1478522128457],[-96.005870479336,35.1472812132915],[-96.0058424789501,35.147464212772],[-96.0049504789871,35.1479222133354],[-96.0049504789971,35.1480592133829],[-96.0053964790018,35.1481512131237],[-96.0074584792459,35.1474652127392],[-96.0096044797731,35.1465742127522],[-96.0100224802498,35.146276212425],[-96.0108584802791,35.1453392121711],[-96.0119744806642,35.1438752117865],[-96.0122254805679,35.1432572119409],[-96.0123644806737,35.1426392121007],[-96.0126434801138,35.1425252122051],[-96.0128104806702,35.1426162119133],[-96.0135024803624,35.1423052118702],[-96.0133774808933,35.1427512118405],[-96.0127534808478,35.1443102121026],[-96.0117224807606,35.1451332124841],[-96.0112484804165,35.1458652122226],[-96.0102644798068,35.1466322127071],[-96.0091344796087,35.1472272133296],[-96.0051074791352,35.1487762132953],[-96.0038604788856,35.1490722135705],[-96.0002854777123,35.1495652140871],[-95.9975854775342,35.1499012135873],[-95.9947854763206,35.1503012142568],[-95.9906854750834,35.1508012142238],[-95.9902864754693,35.1508442144354],[-95.9860844739954,35.1513012151146],[-95.9837174739656,35.1515632147698],[-95.9833834737681,35.1516012147468],[-95.9832844736737,35.1516012147517],[-95.9831844735402,35.1517012148897],[-95.9830844733995,35.1517012148946],[-95.9829844732588,35.1517012148995],[-95.9826844737359,35.1517012149142],[-95.9824404732126,35.1517012149261],[-95.9823844733137,35.1517012149289],[-95.9818844735093,35.1517012149533],[-95.9811844734235,35.1517012149876],[-95.9805844725863,35.1518012151501],[-95.9798844725077,35.1519012153175],[-95.9790844722883,35.1520012154897],[-95.978684472632,35.1521022156887],[-95.9779844725534,35.1522022149568],[-95.9771844723269,35.1522022149959],[-95.9762844719667,35.1523022151731],[-95.9752844714586,35.1523022152221],[-95.9743844710986,35.1524022153992],[-95.9737844711534,35.1524022154286],[-95.9727844706454,35.1524022154776],[-95.9717844710438,35.1525022156596],[-95.9709844708172,35.1525022156988],[-95.9701844705906,35.1525022157379],[-95.9695844697461,35.1525022157673],[-95.9688844696602,35.1525022158016],[-95.9682844697151,35.1525022158309],[-95.9676844697772,35.1526022159934],[-95.9665404697795,35.1525142155725],[-95.9663844697389,35.1525022159239],[-95.966197469161,35.1525022159331],[-95.9655584692059,35.1525022159644],[-95.9649844686679,35.1525022159925],[-95.9636844686296,35.152402215923],[-95.9624844687392,35.1524022159817],[-95.9612844679424,35.1523022159073],[-95.9605844678492,35.1522022158084],[-95.9593844679516,35.1521022166334],[-95.9583834673826,35.1519022164161],[-95.9573834668599,35.1517022161988],[-95.9560834668216,35.1516022161293],[-95.9548834660247,35.1515022160549],[-95.9538834664159,35.1515022161039],[-95.9527834657597,35.1514022160246],[-95.9517834652371,35.1512022167066],[-95.9504834651915,35.151002216504],[-95.9489834648571,35.150702216178],[-95.9478834641864,35.1504022167318],[-95.9465834641263,35.1500022162629],[-95.9452834640589,35.1495022165602],[-95.9443834636698,35.1492022162049],[-95.9434834632733,35.1488022166157],[-95.9425834628768,35.1484022161273],[-95.9416834624876,35.1481022166712],[-95.9381834619854,35.1471022164105],[-95.9378834615559,35.1470022162921],[-95.9372814614891,35.1466032158353],[-95.9364794611551,35.1464032165076],[-95.9357784610084,35.1462042163219],[-95.9348834608509,35.1459022158737],[-95.9337774607938,35.145500216202],[-95.9329854600173,35.1452032159803],[-95.9320894598136,35.1449042165703],[-95.9313854595202,35.1446022161127],[-95.9306764598944,35.1443002165548],[-95.9293734587958,35.143900216086],[-95.9284654589349,35.143600215731],[-95.9273764587744,35.1433022163767],[-95.9263834585765,35.1431042162516],[-95.9255854584279,35.1429022159318],[-95.9243564580845,35.1428002166654],[-95.9233824578754,35.1427002165799],[-95.9224824575074,35.1426932162998],[-95.9212914571288,35.1426072159738],[-95.9200854569601,35.1426072160328],[-95.9190804562189,35.142593216333],[-95.917793455885,35.142507216911],[-95.9164904557209,35.1425932164596],[-95.9151874555578,35.1426932166565],[-95.913385454745,35.1429002164356],[-95.912364455076,35.1431002167517],[-95.9112944540268,35.1432002169372],[-95.9105624542627,35.1433002171061],[-95.9098794540657,35.1433002171395],[-95.9087774542305,35.1434002173266],[-95.9079734538255,35.143500217499],[-95.9066704536768,35.1438002170628],[-95.9058744527502,35.1439932170438],[-95.9049894531,35.1442932174864],[-95.9049374524893,35.144322217033],[-95.9040964530933,35.1447932172965],[-95.9040324528253,35.1448212176966],[-95.9038704525125,35.1448922173944],[-95.9038574528094,35.1448982176728],[-95.9033964521302,35.1451002180542],[-95.9023994526961,35.1455942175915],[-95.9014824524757,35.146094218302],[-95.9007604522985,35.1465042184335],[-95.9006654514941,35.146557218194],[-95.9005344517194,35.1466262177976],[-95.8999824522214,35.1469022180122],[-95.8995524520866,35.1471892178308],[-95.8987824514896,35.1477022182366],[-95.897982451299,35.1482022189414],[-95.8971814510621,35.1487022187469],[-95.8965484514106,35.1490542188867],[-95.8962814507307,35.1492022185573],[-95.8953814504066,35.1498022185007],[-95.894581450216,35.1503022192055],[-95.8935814506577,35.151002219287],[-95.8926814503409,35.1517022193637],[-95.8921814505653,35.1521022199206],[-95.8912814502557,35.1529022192311],[-95.8904814500869,35.153702219436],[-95.8899814494121,35.154102219993],[-95.8892814493767,35.1548022200599],[-95.8883814490743,35.1557022204028],[-95.8877814491943,35.156602220731],[-95.8873814495668,35.1571022205169],[-95.8869814490472,35.157702220436],[-95.8864814492789,35.1582022211261],[-95.8860814487594,35.1588022210451],[-95.8856814491246,35.1592022206979],[-95.8852814485978,35.1597022213831],[-95.8847814488513,35.1605022215734],[-95.883581449113,35.1626032217762],[-95.8835814491203,35.1627032219093],[-95.8833814488605,35.1630032223185],[-95.8830814484817,35.1636032222327],[-95.8827814490095,35.1643032222799],[-95.8822814483709,35.1652032226033],[-95.8818814487797,35.1662032221556],[-95.8812814480221,35.1674032228832],[-95.8808814484163,35.1682032230685],[-95.8803814486699,35.1690032232587],[-95.8798814480386,35.1700032237152],[-95.879826448193,35.1701002237121],[-95.8791174477327,35.1706952234148],[-95.8786704477097,35.1709932237434],[-95.8784474481701,35.1711302238019],[-95.8778064481437,35.1714272240937],[-95.8752814471168,35.1721792239594],[-95.8748694469097,35.1723602242655],[-95.8743734473288,35.1728862243605],[-95.873872446625,35.173527224384],[-95.8731484464018,35.1745812246536],[-95.872424447091,35.175817224356],[-95.8723414468642,35.1761602249516],[-95.8722584466424,35.1765722251444],[-95.8721744463609,35.1768012249588],[-95.8721194465315,35.1771212253875],[-95.8722304471891,35.1772132251448],[-95.8727044466872,35.1772132251216],[-95.8739584472452,35.1766862249432],[-95.8752814473793,35.1757952249962],[-95.8768564474934,35.1746992245393],[-95.8779174480824,35.1740062238795],[-95.8774814476991,35.1747032246939],[-95.8773814475728,35.1749032240657],[-95.87730244751,35.1749512244932],[-95.8752814474307,35.1765042245462],[-95.8741264469786,35.1771892248402],[-95.8737084474028,35.177510225333],[-95.87315144679,35.1780132252654],[-95.8714514471414,35.1786552253939],[-95.8703924466331,35.1791822255628],[-95.8689444460967,35.180052225443],[-95.868247446178,35.1804422255467],[-95.8671604461599,35.1808312256231],[-95.86599044591,35.1814952258449],[-95.8641234448237,35.1822972261946],[-95.8623404449216,35.1829162261617],[-95.8615044448572,35.1833742267224],[-95.8609464441881,35.1837402266075],[-95.8604444443257,35.1842212273174],[-95.8598594442215,35.1848392271795],[-95.8598594442415,35.1851142273208],[-95.8607514442498,35.1852742274901],[-95.8613664449058,35.1854802271048],[-95.8631504449257,35.1858452268288],[-95.8642934457804,35.1859822268204],[-95.8678054458698,35.1860032267213],[-95.8691434467508,35.1858192271303],[-95.8699794468269,35.1855212267826],[-95.8705364465535,35.1852012263293],[-95.8711494470651,35.1846972263478],[-95.8722074474822,35.1835522263455],[-95.8723744471094,35.183231225865],[-95.872486446904,35.1831862264741],[-95.8727094473246,35.1827962263936],[-95.8730714469982,35.1824302256189],[-95.8706704474291,35.1859922269711],[-95.8705094471632,35.1860702269929],[-95.8690324470407,35.1863912266382],[-95.8669144459677,35.1866672269295],[-95.8648794460273,35.186691227241],[-95.8639314452257,35.1866002275709],[-95.8606684440396,35.1858462269967],[-95.8596654442947,35.1858922273768],[-95.8589124435677,35.1861442273894],[-95.8579984434906,35.1867032272341],[-95.8574804437434,35.1866032271263],[-95.8567804436572,35.1866032271606],[-95.8556804430151,35.1867032273476],[-95.8551804432178,35.1868032275052],[-95.8544804431534,35.1871032279389],[-95.8534804426667,35.1874032274879],[-95.8527804425878,35.1875032276553],[-95.8518804422419,35.1878032280988],[-95.8509804418887,35.1880032284091],[-95.8503804419505,35.1881032276723],[-95.8494804415973,35.1883032279826],[-95.8485804412295,35.1883032280267],[-95.8482804417138,35.1884032281745],[-95.8477804410098,35.188403228199],[-95.8473804413387,35.1883032280854],[-95.8471804410499,35.1882032279621],[-95.8464804409492,35.1880032286294],[-95.845906440397,35.1878122279085]],[[-95.8621164442985,35.1811542264349],[-95.8610554445302,35.1807652264636],[-95.8603864440897,35.1808572262591],[-95.8601634436459,35.1809262258672],[-95.8593834434953,35.18159022607],[-95.8591884434589,35.181773226458],[-95.8590494433181,35.1819102265123],[-95.8584924436015,35.1823682270594],[-95.8570164436583,35.1845202269389],[-95.8569324433735,35.1847032273216],[-95.8566544431053,35.1851612269557],[-95.8563754436784,35.1854592272762],[-95.8562924434416,35.185665226925],[-95.8563764437447,35.1857332273711],[-95.8568774435874,35.1856192274646],[-95.8578524437743,35.1847722268738],[-95.8579924439548,35.1845432270567],[-95.8582144434363,35.184245226739],[-95.8586884438055,35.1838562266925],[-95.8607224445091,35.1825962267142],[-95.8615594446284,35.1822532260817],[-95.8622284441396,35.1817492260974],[-95.862422444123,35.1814742259466],[-95.8624224441163,35.1813832262302],[-95.8621164442985,35.1811542264349]],[[-95.869221446174,35.1776032253616],[-95.8702234457745,35.1762072245332],[-95.8703904463111,35.1760242250459],[-95.8714484467082,35.1746042249023],[-95.8722564463403,35.1736892247687],[-95.8724514463834,35.1735972240971],[-95.8729244466896,35.1729792242404],[-95.873369446615,35.1726122243146],[-95.873759446686,35.1722232242723],[-95.8737594466628,35.1719032238463],[-95.8735924470056,35.1718112240917],[-95.8732574467622,35.1718572244391],[-95.8727004461313,35.1721092244421],[-95.872338446446,35.1723152241046],[-95.8706674463851,35.1735292246335],[-95.8696084459033,35.1744222246601],[-95.8686064453553,35.1751552244709],[-95.8679654453339,35.1755212252594],[-95.8673524457066,35.1758192246968],[-95.8666274453738,35.1760032251571],[-95.8652624450625,35.1765072251754],[-95.8650394446236,35.1766442252339],[-95.8642874448806,35.1774232253634],[-95.864259444488,35.1775142250813],[-95.8642044446388,35.177560225415],[-95.8641484447581,35.1778122253935],[-95.8640654445113,35.1778802258478],[-95.8640654445612,35.1785672252786],[-95.8642604446241,35.1787502256476],[-95.8646234452784,35.1788642255118],[-95.8651524455367,35.1789782253679],[-95.8665464454324,35.1790012254652],[-95.8673824455284,35.1789772252124],[-95.8677164457205,35.1788632253141],[-95.8679674456625,35.178771225539],[-95.8686364460765,35.1783132249865],[-95.869221446174,35.1776032253616]],[[-95.9309834597003,35.1437262160454],[-95.9322654598177,35.1440242162895],[-95.9325434601174,35.1440012161104],[-95.9324884602251,35.1434522158768],[-95.9324044599104,35.1432232160707],[-95.9322654597397,35.1429482159362],[-95.9319864593755,35.1427202161859],[-95.9319034600114,35.1425592159307],[-95.9314294595858,35.1421702159306],[-95.9293964587747,35.1413012153677],[-95.9278354583014,35.1408892152553],[-95.9272224586559,35.14093421557],[-95.9269154579256,35.1411632153953],[-95.9267204579141,35.1416892154755],[-95.9265534583266,35.1425592161922],[-95.9264414585518,35.1428792157244],[-95.9264974584658,35.1430852162657],[-95.9272494582735,35.1432002161573],[-95.9285864591294,35.1433142159738],[-95.9309834597003,35.1437262160454]],[[-95.9346054604134,35.144024216175],[-95.9346894607331,35.1443222155784],[-95.9349674610559,35.1446192158254],[-95.9371404611499,35.1452832158836],[-95.9374744613453,35.14521421627],[-95.9374194614778,35.1450082157286],[-95.9373634615738,35.1449392161342],[-95.9371964609975,35.1445732162846],[-95.9369734614314,35.1443442155859],[-95.935914460852,35.1438872160636],[-95.9347164601368,35.1436352161464],[-95.9345494604913,35.1437042157518],[-95.9345494605094,35.1439552156813],[-95.9346054604134,35.144024216175]]]},"properties":{"OBJECTID":4160,"COUNTYFP10":"121","FULLNAME":"Canadian Riv","MTFCC":"H3010","Shape__Area":5662689.3359375,"Shape__Length":63883.217967736666}},{"type":"Feature","id":4161,"geometry":{"type":"Polygon","coordinates":[[[-95.6568513750111,34.9505631940475],[-95.6568333750681,34.9504571936373],[-95.6568333750258,34.9498621939684],[-95.6567773751219,34.9497931934745],[-95.6567503747594,34.9496561943274],[-95.6561943740993,34.948855194141],[-95.6561663745703,34.9484431939529],[-95.6563053747064,34.9482371934018],[-95.6566953747815,34.947893193644],[-95.656853374902,34.9477231938595],[-95.6575013743259,34.9470241929416],[-95.6579743746496,34.946635192895],[-95.658224374526,34.9462691930247],[-95.658252374891,34.9457881932366],[-95.658085374328,34.9456051928658],[-95.6575293745966,34.9452161928687],[-95.6570323740012,34.9447881928618],[-95.6569183741034,34.9446891927804],[-95.6568553747717,34.9445851933642],[-95.6568073743388,34.9445061933062],[-95.656779373912,34.9441171932837],[-95.656835374694,34.9438881925711],[-95.6568593740066,34.9438631932111],[-95.657057374181,34.9436591927498],[-95.6572523742259,34.9435901931431],[-95.6575023741348,34.9436821928939],[-95.6574743746626,34.9440711929191],[-95.6574183747783,34.9442771925669],[-95.6575023741836,34.944369193225],[-95.6574743746952,34.9445291925403],[-95.6581413750905,34.9451011929108],[-95.6584193745188,34.945468192802],[-95.6587523746941,34.9457651930469],[-95.6589193752717,34.9461541930627],[-95.6590023746274,34.9462001933898],[-95.6590303750591,34.9466581930097],[-95.6590023746843,34.9470011936031],[-95.6588633754491,34.9472301934204],[-95.6588073746639,34.9474131938018],[-95.6586963749285,34.9476421936178],[-95.6585013748983,34.9479171937689],[-95.6583073749209,34.9482831936365],[-95.6582233746569,34.948763193381],[-95.6583903752214,34.9489691939173],[-95.6584183747343,34.9491531934417],[-95.6585573748981,34.9493361938138],[-95.6585843752639,34.9495191941913],[-95.6588623755948,34.949931193468],[-95.6588623756061,34.9500911936812],[-95.6593073755876,34.9505031938492],[-95.6596683752383,34.9504571935007],[-95.6596963756244,34.9502741940198],[-95.6596963755204,34.9488101936874],[-95.659780375812,34.9487181939205],[-95.6598363756769,34.9482371932317],[-95.6598913755132,34.9480081934185],[-95.6602803755419,34.947665193707],[-95.6603923753351,34.9475971932513],[-95.6611423759384,34.947551192884],[-95.6615873758678,34.9472311933354],[-95.6617543754989,34.9469561931857],[-95.6620323757857,34.9467501935273],[-95.6623933763407,34.9467731927761],[-95.6625323756035,34.9469331929826],[-95.6627273756875,34.94741419276],[-95.6627823764459,34.9475051933732],[-95.6627823764654,34.9477801935149],[-95.6627543761558,34.9490391933506],[-95.6626153760261,34.9493361936183],[-95.661948375717,34.9499771936504],[-95.6585003752423,34.9534101944799],[-95.6583613751013,34.9535471945344],[-95.6580833757056,34.9536391943106],[-95.6578883756444,34.9534781949598],[-95.6576103753119,34.9530431946183],[-95.6575553754446,34.9528371940766],[-95.6574723751262,34.9518991938197],[-95.6575833748632,34.9516931941693],[-95.657472375092,34.951418194033],[-95.6568883749434,34.9507771940611],[-95.6568513750111,34.9505631940475]]]},"properties":{"OBJECTID":4161,"COUNTYFP10":"121","FULLNAME":" ","MTFCC":"H2030","Shape__Area":385264.9375,"Shape__Length":4540.280999925811}},{"type":"Feature","id":4162,"geometry":{"type":"Polygon","coordinates":[[[-95.6842623948015,35.133056226016],[-95.6837883943872,35.1328272262287],[-95.6834263946984,35.1329872264594],[-95.6832583950361,35.1334682262539],[-95.6830353945937,35.1335592259813],[-95.6829233947808,35.1333532263419],[-95.6828403944861,35.1327582257782],[-95.6827283946831,35.1326892261864],[-95.6821433945271,35.1325982264984],[-95.6816423937832,35.1326892262393],[-95.6814753941276,35.1326212257972],[-95.681168394255,35.1322772260733],[-95.681141393894,35.1321632261926],[-95.6810293940877,35.1320482262697],[-95.6806393939254,35.1311792256258],[-95.680138394056,35.1309272256742],[-95.6794413932026,35.1308352259454],[-95.679163393779,35.1305382256982],[-95.678940393325,35.1304692261118],[-95.6787453932819,35.1305612258841],[-95.6787453932917,35.1306982259316],[-95.6790793935204,35.1310872259389],[-95.6792743935883,35.1313392259054],[-95.6793303935121,35.1316822264944],[-95.67829939345,35.1328722267807],[-95.677909393357,35.1329642265625],[-95.6777693931548,35.1328952260727],[-95.6774353929229,35.1324602266337],[-95.6772683932442,35.1320712266183],[-95.6768503927206,35.1317282260469],[-95.6766273931694,35.1317052258922],[-95.6765723924438,35.1320712266522],[-95.6768223932621,35.1323002264504],[-95.6768503927751,35.1324832268277],[-95.6767943928828,35.1325752265932],[-95.6765993928313,35.1325522264372],[-95.676098392947,35.1320942259415],[-95.6760143926406,35.1319792260172],[-95.6759873922548,35.131522226444],[-95.6760153926392,35.1313162258985],[-95.6759993927271,35.1303542263265],[-95.6759873921178,35.1296222257118],[-95.6760983927143,35.1288672258249],[-95.6761543926017,35.1287062255627],[-95.6763213922309,35.1284092252939],[-95.6766003925607,35.1281572253044],[-95.6771293928045,35.1280662255621],[-95.6772413925959,35.1279742257938],[-95.6772133930581,35.1274482257241],[-95.6780213926829,35.1264182256618],[-95.678355392862,35.1261202253385],[-95.6785223924929,35.1258462252352],[-95.6792223934251,35.1251032249758],[-95.6796163928109,35.1251032249567],[-95.6799333931225,35.1251032249412],[-95.6796923927689,35.1255302249372],[-95.6796373929439,35.1259142247319],[-95.6798323930169,35.126235225195],[-95.6803893936945,35.1266242251914],[-95.680834393655,35.1267392250981],[-95.6813083940577,35.1268072255253],[-95.6821723936508,35.1267392250329],[-95.682645393984,35.126487225034],[-95.6835643943323,35.1264642248237],[-95.6840103943078,35.1261442252751],[-95.68470839429,35.1259832249817],[-95.6857103949049,35.1261662244123],[-95.6859893952777,35.1265102250368],[-95.6863793953838,35.1266012247343],[-95.6871033947846,35.1266012246991],[-95.6873543956427,35.1267392247807],[-95.6878003956693,35.1271282247825],[-95.6876883949786,35.1272192245045],[-95.6855433944358,35.1272882251055],[-95.6854883945997,35.1275172249186],[-95.6853483944042,35.127540225091],[-95.6852093951495,35.1274942247666],[-95.6850423945863,35.1273112252955],[-95.6848473945431,35.1274022250215],[-95.6847633942912,35.128043225025],[-95.6847083944485,35.1281812251216],[-95.6841783941632,35.1283412253605],[-95.6838153944115,35.1282722248816],[-95.6827843942371,35.1279062250737],[-95.6813643940556,35.128180225238],[-95.6810853937242,35.128409225062],[-95.6810013934409,35.1286152256103],[-95.6810573933499,35.1287532257015],[-95.6812243939114,35.1289132259065],[-95.6825893943045,35.129531225674],[-95.6831743944886,35.1300122254318],[-95.6834013942465,35.1303282256618],[-95.6834533948646,35.1304012254417],[-95.6841503948367,35.1307442259996],[-95.684652394764,35.1311562261642],[-95.6845963948865,35.1314542255746],[-95.684485395153,35.1317052255096],[-95.6844853952009,35.1323692256746],[-95.6847073947289,35.1327122262556],[-95.685097394855,35.1330792261409],[-95.6853483948087,35.1331472256797],[-95.6853203953369,35.1335362266038],[-95.6852923949461,35.1336512265336],[-95.6851533948101,35.1338572261852],[-95.6849023948663,35.1339252266477],[-95.684067394859,35.1345432265223],[-95.6838723948125,35.1345892268629],[-95.6837603950112,35.1345432265372],[-95.6836213948505,35.1344062264964],[-95.683621394829,35.1341082261894],[-95.684094395159,35.1338112259057],[-95.6843453950814,35.1334452260355],[-95.6842623948015,35.133056226016]]]},"properties":{"OBJECTID":4162,"COUNTYFP10":"121","FULLNAME":"Eufaula Reservoir","MTFCC":"H2030","Shape__Area":709041.984375,"Shape__Length":6513.440622868149}},{"type":"Feature","id":4163,"geometry":{"type":"Polygon","coordinates":[[[-95.5171113188373,34.673534149246],[-95.5169653192502,34.6733751499851],[-95.5169123185799,34.6732151497741],[-95.5169063191736,34.6728201494722],[-95.5168723193878,34.6727101497767],[-95.5167733192823,34.6725511496141],[-95.5166073187707,34.6724351496471],[-95.5163813190781,34.6723801498092],[-95.5162873192152,34.6723751495822],[-95.5159553191099,34.6724131495586],[-95.5159483187823,34.6723691493204],[-95.5160023185813,34.6722651489993],[-95.5161543184295,34.6721771494142],[-95.5164343188246,34.6721881490109],[-95.5167133191806,34.6723031498256],[-95.5168533193869,34.6724351496354],[-95.5170123186819,34.6726551490221],[-95.5171253194687,34.6732761498903],[-95.517251319025,34.6733971491915],[-95.5173573194479,34.6734521499343],[-95.5176433192219,34.6734631495308],[-95.5178503189251,34.6734081496724],[-95.5181893193458,34.6732381498792],[-95.5184553190745,34.6730021497316],[-95.5185283197592,34.672963149721],[-95.5185683198167,34.6729801496069],[-95.5185943192276,34.6730351494542],[-95.51830831947,34.6732601490935],[-95.5182623191395,34.6733201491758],[-95.5182893194942,34.6733481495716],[-95.5188543196082,34.6732431491799],[-95.5193133192967,34.6730461490302],[-95.519565319288,34.6729911491697],[-95.5198053196273,34.6730081490461],[-95.5202243201835,34.6731671491934],[-95.5204163200979,34.6732221490329],[-95.5204563201535,34.673211149421],[-95.5205163202395,34.6732331495375],[-95.5206893201684,34.6732331495293],[-95.5217073205973,34.673008148956],[-95.5225053207262,34.6729261496182],[-95.5227043200622,34.6729261496088],[-95.5229833204048,34.6728491496278],[-95.5231903210016,34.67271214957],[-95.5232363204331,34.67265714882],[-95.5232503201708,34.6724811487644],[-95.523130320874,34.6720911486994],[-95.5231043205508,34.6718491491871],[-95.5231843206292,34.6713551487939],[-95.5233033207366,34.6711351484947],[-95.5235763207903,34.6709041485783],[-95.5241083202577,34.6705751486087],[-95.5246343212419,34.6701961490224],[-95.525033320833,34.6698121483113],[-95.5256653213309,34.6693451482428],[-95.525751320816,34.6692511483831],[-95.5258513209478,34.6691201486083],[-95.5259843208005,34.6688341479506],[-95.5260913212396,34.6684551483841],[-95.5264373210281,34.6674551479328],[-95.5265503208351,34.6669171481988],[-95.5266833206989,34.6667911477546],[-95.5270893215329,34.6666811480383],[-95.5272553211306,34.6665871481748],[-95.5274153213461,34.6664451478878],[-95.5276743216434,34.6661211481627],[-95.5278343209588,34.6659671473201],[-95.5282463211568,34.6656431475877],[-95.5284993211812,34.6653961478307],[-95.5290713215951,34.6649341470973],[-95.5292103217348,34.6647751478229],[-95.5293173212964,34.6647091474599],[-95.5295233218571,34.6647201470602],[-95.5295963216417,34.6646711474859],[-95.5296233219922,34.6646381477554],[-95.5296233219651,34.6642481476847],[-95.5296763217162,34.6641211471979],[-95.5297433221215,34.6640661473462],[-95.5298623213426,34.6640331476113],[-95.5299623214842,34.6640441472165],[-95.5300023215424,34.6640721476118],[-95.530068321909,34.6641271474572],[-95.5303543217073,34.6644891471173],[-95.5305403222479,34.6646161475926],[-95.5306403223898,34.6646321474294],[-95.5307933222898,34.6646211469129],[-95.5313453218098,34.6646441470523],[-95.5321293222123,34.6649021472695],[-95.5323493225252,34.6649461474977],[-95.5326013225185,34.664919147135],[-95.5326753223475,34.6648421471636],[-95.5327483221227,34.6646551474952],[-95.5328083221858,34.664347147621],[-95.5327553223878,34.6637981473856],[-95.5328613227974,34.6636601472864],[-95.5330343227191,34.6635561469596],[-95.5331943229409,34.6635071473812],[-95.5333863228512,34.6635011470944],[-95.5335793228224,34.663705146638],[-95.5340053228168,34.6640511473492],[-95.5341513232994,34.6641551467616],[-95.534284323175,34.6641991469939],[-95.5343773229912,34.6641991469895],[-95.5345433225925,34.6641551467431],[-95.5353883230802,34.6637541470224],[-95.5358863236821,34.6636171469509],[-95.5364453235202,34.6635461472344],[-95.5367313232884,34.6634741465852],[-95.5377083236062,34.6631291467531],[-95.5380673240554,34.6629641462911],[-95.5382543237322,34.6629361467845],[-95.5384463236536,34.6630901467111],[-95.5386863240137,34.6634091470804],[-95.5391983244085,34.6638921469362],[-95.5397163241884,34.6644641473152],[-95.5399553244961,34.6646951472074],[-95.5402743249133,34.6648821468572],[-95.540534324384,34.6649371466935],[-95.5407073243124,34.6649311473068],[-95.540866324485,34.6648381465906],[-95.5409793243202,34.6647061467688],[-95.5409263245477,34.6645251464849],[-95.5408263244008,34.6644371469119],[-95.5405073248893,34.6643431470713],[-95.5402883246182,34.6642331464853],[-95.5401953247948,34.6641291470703],[-95.5401353246966,34.6639311468989],[-95.5401753247445,34.6638101466906],[-95.540268324552,34.6636841471476],[-95.54040832474,34.6635521464253],[-95.5405343242834,34.6634861469608],[-95.5407343245597,34.6634091469834],[-95.5411133250435,34.6633381463762],[-95.5416643245048,34.6631841464144],[-95.542276324986,34.6628821467919],[-95.5424623246146,34.6628271460351],[-95.5426153245142,34.6628111461865],[-95.5427153246566,34.662833146301],[-95.5427953247723,34.6628771465358],[-95.5431013254951,34.6631951468557],[-95.5432203247241,34.6632781461963],[-95.5435003251211,34.6633161461438],[-95.5438923253096,34.6632611462767],[-95.544258325183,34.663080145973],[-95.5447703255386,34.6629981466487],[-95.5453683253797,34.6628281459439],[-95.5456273256857,34.6626301466567],[-95.5459003257364,34.6623551465017],[-95.5462663256139,34.6622341462779],[-95.5466853261369,34.6619161459237],[-95.5470903260187,34.6617131463981],[-95.5475763260676,34.661625145898],[-95.547948326231,34.6616141462703],[-95.5480543266469,34.6615701460268],[-95.54842032651,34.6612401460188],[-95.5487193259742,34.6610591457182],[-95.5489783262867,34.6609551453873],[-95.5491983265931,34.6609041457135],[-95.5492643269548,34.6608891459152],[-95.5495173269955,34.6608781453939],[-95.5500223270463,34.6610811457758],[-95.5502223264305,34.6611081461171],[-95.550381326606,34.6610591456395],[-95.5505143264736,34.6609881459431],[-95.5507213270681,34.6608171461099],[-95.5509473267473,34.6606801460513],[-95.5511133272483,34.6606421451833],[-95.5514053273016,34.6606691455203],[-95.5516913270821,34.6607731458254],[-95.5521373270848,34.6608341459306],[-95.5522763272314,34.6607731457977],[-95.552908327732,34.6603451457363],[-95.5533203279415,34.6601861455496],[-95.5533873274467,34.6601201451886],[-95.5535133278745,34.6598401457083],[-95.5534533277603,34.6594111456334],[-95.5534733277724,34.6591801448296],[-95.5535733278989,34.658972145087],[-95.5537463278155,34.6587961450238],[-95.5539323274406,34.6586911455494],[-95.5545043278746,34.6585211448458],[-95.5547763278888,34.6583891450165],[-95.5550823276735,34.6581481446355],[-95.5553083282463,34.6579281452306],[-95.5557273278723,34.6576421445594],[-95.5559863281851,34.65754314446],[-95.5562193281954,34.6574991451097],[-95.5570103280007,34.6574331447145],[-95.5572163285531,34.6573241450539],[-95.5573293283864,34.657164144835],[-95.5573493284074,34.6570601445155],[-95.5573233280792,34.6567471444138],[-95.5572703283049,34.6565381446321],[-95.5570043285252,34.6560381448769],[-95.5564983284154,34.6556531441624],[-95.5564383283161,34.6554391441494],[-95.5564853277844,34.6552471442508],[-95.5565983276155,34.655055144349],[-95.5569113277281,34.6548621443914],[-95.5569973281174,34.654840144268],[-95.5570703279059,34.6548461445424],[-95.5572703281967,34.6549781443493],[-95.5576953281463,34.6553461442806],[-95.5578153283171,34.6553731446257],[-95.5578883281048,34.6553681443907],[-95.5579283281592,34.6553401439917],[-95.5579943285166,34.6552631440208],[-95.5581073283423,34.6549941441512],[-95.5583733280268,34.6541211441878],[-95.5585733282872,34.653813144307],[-95.5587923285346,34.6535821443931],[-95.5591843287094,34.6533301434987],[-95.5596503287255,34.653176143541],[-95.5597963282924,34.6530441437177],[-95.5598563283689,34.6529291437863],[-95.559935328409,34.6525501433218],[-95.559882328622,34.6521591432073],[-95.559849328885,34.6520831432873],[-95.5599093289558,34.6518851440096],[-95.5600753285497,34.6517361433982],[-95.5603083285555,34.6516271437363],[-95.5606473289844,34.6515771432039],[-95.5607403287965,34.6515171431195],[-95.5607533284962,34.6514621432703],[-95.5607203287618,34.6514231432648],[-95.5606473289691,34.6513571438097],[-95.5605203284729,34.651319143855],[-95.5604343289771,34.6512581437327],[-95.5604213283697,34.6511931434217],[-95.5604543289943,34.6510991435645],[-95.5605673288333,34.6510221435913],[-95.5609923287512,34.6509341430941],[-95.561132328943,34.6508571431196],[-95.5612253287536,34.6507751429159],[-95.5613653289339,34.6505331433958],[-95.5614643290212,34.6504291430724],[-95.5615773288602,34.6503521430993],[-95.5617373290817,34.6502971432431],[-95.5620563294829,34.6502531429895],[-95.5622493294163,34.6499121433797],[-95.5623623292534,34.6498081430558],[-95.5623953289852,34.6498081430542],[-95.5624423293696,34.649858142669],[-95.5624483287527,34.6499181427488],[-95.5624023293429,34.6502861436017],[-95.5623623292904,34.6503411434521],[-95.5622753288557,34.650379143417],[-95.5618433295122,34.6504621436831],[-95.5615313294482,34.6506871433236],[-95.5612923291764,34.650973143087],[-95.5611993293644,34.6510331431714],[-95.5609993290873,34.6510991435387],[-95.5607273290667,34.6511381435587],[-95.560634329255,34.6512041430217],[-95.5606473289612,34.6512421438811],[-95.5608403289277,34.6513791430205],[-95.5608933286937,34.6514671434952],[-95.560913328733,34.6516271437077],[-95.5608533286529,34.6516921431228],[-95.5608133285982,34.651714143244],[-95.5605673288813,34.6517141432556],[-95.5604143289832,34.6517531432699],[-95.560175328697,34.6518301432491],[-95.5600483291088,34.6519181437322],[-95.5600423288401,34.6520551437804],[-95.56010832834,34.6525821438959],[-95.5600883292386,34.652978143346],[-95.5599823288371,34.6532311442732],[-95.5600093291937,34.6532861441204],[-95.5601483284551,34.6534291435403],[-95.5604083288284,34.6535331438466],[-95.5605873290381,34.6535711437989],[-95.5608733288129,34.6535931439046],[-95.5610323289923,34.6535991441749],[-95.5614513295343,34.6535551439165],[-95.5617113289915,34.65341714381],[-95.5617903290529,34.6533461441162],[-95.561843329706,34.6532581436366],[-95.5618773294719,34.65308214358],[-95.5618573294274,34.6528461434459],[-95.5619503292303,34.652654143545],[-95.562063329064,34.652500143604],[-95.5621233291332,34.6522801433076],[-95.5622223292212,34.6521871434937],[-95.5624283297746,34.6520931436282],[-95.5627213289743,34.6521101435022],[-95.5631663298383,34.6522911437676],[-95.5641303296258,34.6529941438955],[-95.5642173300734,34.6531431435955],[-95.5641773300201,34.6531871438361],[-95.5641043302317,34.6531811435617],[-95.5638313301486,34.6529891436781],[-95.5635253294304,34.6527361436699],[-95.5630473297241,34.6524121439796],[-95.5627813290702,34.6522751439443],[-95.5626483291965,34.6522581431635],[-95.5625213296049,34.6522971431766],[-95.5622823293285,34.6525161434352],[-95.5621963289544,34.6527581438521],[-95.5620893294027,34.6529671436414],[-95.5621363288965,34.6531431436941],[-95.5621363289053,34.653269144132],[-95.5620163296474,34.6534391439148],[-95.5618633288554,34.653555143897],[-95.5616173291442,34.653637144108],[-95.5612653290132,34.653709143861],[-95.5608733288228,34.6537361442303],[-95.560680328867,34.6537531441272],[-95.5603543290324,34.653681143507],[-95.5597293288055,34.6533741437115],[-95.5595773289508,34.6533681434409],[-95.5592913282869,34.6534941438924],[-95.5590113288018,34.6536371442313],[-95.5588193289042,34.6538241439053],[-95.5585063288288,34.6545551444908],[-95.5583533280592,34.6549941441395],[-95.5582003281787,34.6552851441303],[-95.5580543286148,34.6554611441922],[-95.5579143284215,34.6555161440474],[-95.5576883287331,34.6555221443359],[-95.5575893286352,34.6554721447235],[-95.5570243284794,34.6549721440831],[-95.5569113277369,34.6549891439763],[-95.5568573279333,34.6550271439396],[-95.5567243280733,34.6552081442324],[-95.5566713283233,34.6553511445606],[-95.5566913283581,34.6554451444152],[-95.5567913285083,34.6555821444584],[-95.5571773284452,34.6559121444308],[-95.5573163286086,34.6560931447107],[-95.5575693286836,34.6565761445787],[-95.5576493288207,34.6569281446849],[-95.5575693287244,34.6571641448237],[-95.5574493285668,34.657329144375],[-95.5572563286193,34.6574661444321],[-95.5570503280667,34.6575711448067],[-95.5568313287064,34.6576261446656],[-95.5563653277799,34.6576201444099],[-95.556269327826,34.6576401444412],[-95.5559603278902,34.6577081449063],[-95.5555143279133,34.6580211450302],[-95.5552423279083,34.6582851446759],[-95.5549363281217,34.6584991447061],[-95.5544773275375,34.6587461453722],[-95.5539393277843,34.6589661447918],[-95.5538453279282,34.6590591455049],[-95.5537663278745,34.6592411449421],[-95.5537523272398,34.6594501456263],[-95.5537863279343,34.6596971453697],[-95.5537523272759,34.6599711454672],[-95.5536133280432,34.6602411453843],[-95.5534603272507,34.6603501450423],[-95.5532743276244,34.6604381455283],[-95.5528553270884,34.6605701453645],[-95.5524423277464,34.6609381453355],[-95.552210326887,34.6610371454336],[-95.5519973269026,34.661048145953],[-95.5517183274475,34.6609551452576],[-95.5514723268274,34.6609001454207],[-95.5512593268365,34.6608171460844],[-95.5511533273167,34.6608171460894],[-95.5509803273951,34.6609221455632],[-95.55075432682,34.6611081460919],[-95.5502153270197,34.6613171459017],[-95.5500163267844,34.6613171459111],[-95.5496833266142,34.6610861460233],[-95.5495443264623,34.6610701461884],[-95.5494343267582,34.6610861460351],[-95.5492443269422,34.6611141455419],[-95.5490453267107,34.6611691453998],[-95.548812326705,34.6612791460073],[-95.5481743259273,34.6617241459567],[-95.5480743266884,34.6617621459223],[-95.5474823262171,34.6618001459111],[-95.5470833257055,34.6618771458978],[-95.5468443263216,34.6619981461155],[-95.5466783258272,34.6621301459398],[-95.5464783255565,34.6622891461165],[-95.5462123258173,34.6623721463747],[-95.5461263254301,34.6624271462273],[-95.5458273259708,34.662679146218],[-95.5453283253344,34.6629871461129],[-95.5447563258001,34.663163146195],[-95.5444243256949,34.6632011461715],[-95.5442513257702,34.6632611462597],[-95.5440183257652,34.6633821464772],[-95.5438523252655,34.6634371463336],[-95.5435333248627,34.663459146468],[-95.5433203248768,34.6634481468681],[-95.5431013255092,34.6633991464084],[-95.5426493252091,34.6630631461613],[-95.5425953254017,34.6630471463224],[-95.5424493249264,34.6630471463293],[-95.5423033244535,34.663085146297],[-95.5415113246212,34.6634311461666],[-95.5412923243616,34.6634861469249],[-95.5407803249023,34.6635251469562],[-95.5406673241605,34.663552146413],[-95.5405673249232,34.6636131465441],[-95.5403683247046,34.6638541469201],[-95.5403483246837,34.6639591463866],[-95.5403683247172,34.6640361463535],[-95.5404943242708,34.6641181465469],[-95.5407133245392,34.6641891471259],[-95.5409133248289,34.6643051470913],[-95.5411063247989,34.6644921467471],[-95.5411993246303,34.66471114699],[-95.5411193245276,34.6648541473194],[-95.5410393244214,34.6649481471788],[-95.5407663243621,34.6650961468496],[-95.5404343242568,34.6651341468262],[-95.5401353247736,34.665041147031],[-95.5398693241162,34.6648541473786],[-95.5394433241157,34.6644201470895],[-95.5388053241732,34.6639421465719],[-95.5385533241571,34.6636401469903],[-95.5383733238838,34.6633541463474],[-95.5381873242396,34.663184146579],[-95.5381473241821,34.6631671466931],[-95.5379543233276,34.663194147053],[-95.5376093235289,34.6633761465028],[-95.5369173238305,34.6636231471799],[-95.5365583233745,34.6636891466554],[-95.5358803234134,34.6637551470454],[-95.5354743234776,34.663848146874],[-95.5352813235271,34.6639411466924],[-95.5350753229783,34.6641011469157],[-95.5348023229188,34.6642491474858],[-95.5344303227645,34.6643921469298],[-95.5342703225391,34.6643911468911],[-95.5340783226239,34.6643261474879],[-95.533852322923,34.6641501474436],[-95.5335863222599,34.6638801466463],[-95.5332673227446,34.6637321470035],[-95.5331273225466,34.6637211474002],[-95.5329543226224,34.6637871468669],[-95.5329143225717,34.6638691470682],[-95.5329813221002,34.6641381469292],[-95.5329413229718,34.6645511471675],[-95.5329673223823,34.6646001476363],[-95.532934322654,34.6646491472086],[-95.5329013229329,34.6648031471458],[-95.532748322147,34.6650061475588],[-95.5325083227164,34.6651221475451],[-95.5323753228457,34.6651491470029],[-95.5321623219611,34.665149147013],[-95.5318373221726,34.6650721470605],[-95.531445321967,34.6648801471826],[-95.531199322245,34.6648081474579],[-95.5304473215445,34.6647921476521],[-95.530374321755,34.6647701475362],[-95.5302483222002,34.664671147455],[-95.5299893218518,34.6642591472773],[-95.5298763220032,34.6641981471563],[-95.5298163219195,34.6642091476685],[-95.5297493215306,34.6645001476552],[-95.5297623221464,34.6646871473195],[-95.5297163218179,34.6647751477989],[-95.5296493214114,34.6648131477628],[-95.5295303212903,34.6648351469884],[-95.5294173214452,34.6648241473838],[-95.5293433216135,34.6648631473944],[-95.5291173219441,34.6651431477787],[-95.5287383214819,34.6655271475895],[-95.5279073216659,34.6662521479218],[-95.5276673213401,34.6664281479881],[-95.5274143213184,34.6667141477521],[-95.5272083216662,34.6668351479683],[-95.5268163214818,34.6669501479155],[-95.5266703210151,34.6670761483603],[-95.5266433206681,34.6671591477079],[-95.5266503210064,34.6673561478355],[-95.5266303209901,34.6675271476599],[-95.526470320796,34.6679771478183],[-95.5263963209833,34.6682901479247],[-95.5261833210434,34.6689441485376],[-95.525964320805,34.6693061482216],[-95.5253923212868,34.6697131482072],[-95.5250863206111,34.6700751487946],[-95.5247203207423,34.670322148557],[-95.5241153205987,34.6708111487435],[-95.5236423202671,34.6710971485179],[-95.5235033210244,34.6712231489624],[-95.5233433208192,34.6715141489536],[-95.5233303202377,34.6718221488255],[-95.5233563205605,34.6720581489593],[-95.5234693204388,34.6725471491118],[-95.5234023209431,34.6727501495208],[-95.5231303209365,34.6729921490472],[-95.5228503205498,34.6731021496568],[-95.5226183205866,34.6731571495164],[-95.5223653205474,34.6731901492576],[-95.5216673205543,34.6732001497537],[-95.5212013205325,34.6732721495121],[-95.5208353197548,34.6733811491803],[-95.5203373200439,34.6733981490916],[-95.5200643199703,34.673343149256],[-95.5196853194689,34.6731611498405],[-95.5195853193269,34.6731451491044],[-95.5195123195396,34.6731561496172],[-95.5192733192545,34.6732491494378],[-95.5189933197648,34.673326149419],[-95.5182683194273,34.6734581492697],[-95.5179033195965,34.6735841497249],[-95.5177363190484,34.6736111491842],[-95.5173713192092,34.6736171494793],[-95.5171113188373,34.673534149246]]]},"properties":{"OBJECTID":4163,"COUNTYFP10":"121","FULLNAME":"North Jackfork Crk","MTFCC":"H3010","Shape__Area":210476.96875,"Shape__Length":17884.31522317443}},{"type":"Feature","id":4164,"geometry":{"type":"Polygon","coordinates":[[[-96.013878478846,35.1165642072199],[-96.0133114786404,35.1166722068518],[-96.0123214785997,35.1167202073238],[-96.0113014780799,35.1169452069987],[-96.0103694780635,35.1174442076636],[-96.0099664782895,35.1178402071312],[-96.0098134783999,35.117990207788],[-96.0097614777907,35.1180402074074],[-96.0092214779826,35.1187652077244],[-96.009015478345,35.1190792078828],[-96.0089194775219,35.1195142082417],[-96.0085854782508,35.1199262075474],[-96.0084174776894,35.1204062081946],[-96.0083894782194,35.1208182083846],[-96.0087504779261,35.1215502080824],[-96.0088904781393,35.121772208461],[-96.0088864779853,35.1222072079161],[-96.009101478153,35.1234492087495],[-96.0094334783346,35.1244722084313],[-96.0095334785208,35.1251002087228],[-96.0103094787125,35.1275682096318],[-96.0103894788535,35.1279602088907],[-96.0096174789272,35.1265952086853],[-96.0092834786756,35.1258862091518],[-96.0087654779796,35.1251002087603],[-96.0085814784102,35.1246882085806],[-96.0085264785177,35.1241362091075],[-96.0083874783439,35.1238162086884],[-96.0082484781253,35.1228772083895],[-96.0080534780425,35.1224202088249],[-96.0078314775705,35.1214582083646],[-96.0079724776598,35.1193302078632],[-96.0089764782257,35.1175692072235],[-96.0097294780067,35.1166772072584],[-96.010426477839,35.1150982069659],[-96.0108444783308,35.1150072072291],[-96.0108444783573,35.1153732070867],[-96.0102864777613,35.1167462068284],[-96.0112614779943,35.116540207136],[-96.0129874788895,35.1164722075007],[-96.013878478846,35.1165642072199]]]},"properties":{"OBJECTID":4164,"COUNTYFP10":"121","FULLNAME":"Canadian Riv","MTFCC":"H3010","Shape__Area":155562.46875,"Shape__Length":4509.109942914946}},{"type":"Feature","id":4165,"geometry":{"type":"Polygon","coordinates":[[[-95.9891714513238,34.8199721537152],[-95.9891994517003,34.8196521541869],[-95.9893104514389,34.8194691538027],[-95.9892264511311,34.8193311537129],[-95.9873674512455,34.8191491543691],[-95.9873394508383,34.8190351535891],[-95.9877004513734,34.8187831535956],[-95.989254451493,34.8188051536402],[-95.9896424515107,34.8189651538347],[-95.9896984514339,34.8193081535246],[-95.9899484513537,34.819560154388],[-95.9905034519195,34.8196971544089],[-95.9913354518229,34.8195821535412],[-95.9920294525118,34.8193301535318],[-95.9925284522405,34.8189181533186],[-95.9928064525336,34.8188031533769],[-95.9933334526938,34.8188491536826],[-95.9936944523586,34.8190091538784],[-95.9944434529614,34.8196261536303],[-95.9943884531283,34.8199011537745],[-95.9935844527506,34.8203821535997],[-95.9928354522124,34.8206801539429],[-95.9924744525816,34.8210011544329],[-95.9917264521512,34.8221681545399],[-95.9916154524013,34.8221911547108],[-95.9914214523917,34.822099154058],[-95.9909484520102,34.8216651546716],[-95.9905604519845,34.8213901545486],[-95.9898104513336,34.8207501546312],[-95.9895324519107,34.8204531543838],[-95.9893384518963,34.8202931541799],[-95.9891714513238,34.8199721537152]]]},"properties":{"OBJECTID":4165,"COUNTYFP10":"121","FULLNAME":" ","MTFCC":"H2030","Shape__Area":147961.09765625,"Shape__Length":2162.663743566275}},{"type":"Feature","id":4166,"geometry":{"type":"Polygon","coordinates":[[[-96.0631394892628,35.0849301989451],[-96.0630764890809,35.0855051985895],[-96.063007489521,35.086093198836],[-96.0617274895401,35.0863911992053],[-96.0610874886595,35.0866661993777],[-96.0609204890288,35.0869401994808],[-96.0605864888551,35.0873061993549],[-96.0605304889794,35.0876271998299],[-96.0601404889067,35.0879931997066],[-96.0600294891884,35.0884511993324],[-96.0597784892598,35.0887261994859],[-96.059444489154,35.0900311996656],[-96.0594444891755,35.0903281999261],[-96.0601954889529,35.0906712004808],[-96.0605854890454,35.0905801998461],[-96.0608914888498,35.0906262001621],[-96.0611704892073,35.090763200196],[-96.0614094895014,35.090801200145],[-96.0611734893783,35.0912031998822],[-96.0605574895936,35.0912442000119],[-96.0603624895523,35.0913581999033],[-96.0599454891369,35.0918612007282],[-96.0593884894155,35.0922502007786],[-96.0582744890436,35.0926162006906],[-96.0578844889843,35.0931662009922],[-96.0575224884429,35.0939672012218],[-96.0568264885808,35.0944932013265],[-96.056520488831,35.0952022008912],[-96.0557124882801,35.0958432009296],[-96.0553784881162,35.0963462017504],[-96.0552944878447,35.0967122016122],[-96.0551004878696,35.0971012016449],[-96.0548774883319,35.097262201915],[-96.0544714884084,35.0975142019107],[-96.0536574875707,35.0980382019285],[-96.0528044876061,35.0983362022769],[-96.0514714870029,35.0991422018861],[-96.0511934876119,35.099293201696],[-96.0513684876088,35.0989552022267],[-96.0518974878172,35.0983832017992],[-96.0529564874057,35.0975822015356],[-96.054320487539,35.0952712014953],[-96.0553514885205,35.094378200571],[-96.0563814885265,35.0930742004036],[-96.0572724884117,35.0921822004317],[-96.057745488693,35.0912201999374],[-96.0578854888271,35.0903512001678],[-96.0581634881727,35.0895732001078],[-96.0593334883575,35.0880171999578],[-96.060836488653,35.0858651991781],[-96.0609484893122,35.0853381990556],[-96.0617274894177,35.084698199065],[-96.0627024896324,35.0842401984976],[-96.0632274896878,35.084118199119],[-96.0631854895666,35.0845041990054],[-96.0621734894306,35.0849041986879],[-96.062145489048,35.0851331993988],[-96.0625624895032,35.0851781987638],[-96.0631394892628,35.0849301989451]],[[-96.0584694890353,35.0918162005155],[-96.0585534884389,35.0918842000623],[-96.0587754888412,35.0918842000515],[-96.0592494891872,35.0911752004786],[-96.0594724887381,35.0911982006332],[-96.0591374885395,35.0918612007676],[-96.0592774887382,35.091884200027],[-96.0598894891966,35.0912892003292],[-96.0599734894765,35.0910382003957],[-96.0593324885015,35.0906492004038],[-96.0589984891956,35.0905801999236],[-96.0589434884752,35.0910152002805],[-96.0585814888116,35.0915182002033],[-96.0584694890353,35.0918162005155]]]},"properties":{"OBJECTID":4166,"COUNTYFP10":"121","FULLNAME":"Canadian Riv","MTFCC":"H3010","Shape__Area":342738.33984375,"Shape__Length":6472.660217702163}},{"type":"Feature","id":4167,"geometry":{"type":"Polygon","coordinates":[[[-95.7104853949346,35.0447042090284],[-95.7105553954591,35.044374209035],[-95.7106023949274,35.0441882085151],[-95.7106813949714,35.0438772085017],[-95.7108413951967,35.0438772084939],[-95.7111393955263,35.0438762084332],[-95.7114493955163,35.0439192086103],[-95.7117403955248,35.0439672081206],[-95.712163395356,35.0439672081001],[-95.7121933958098,35.0434352086489],[-95.7123683958176,35.0432422086981],[-95.7127623960967,35.0431612085261],[-95.7130413955338,35.0430002082531],[-95.7130963962662,35.0427262081552],[-95.713486396364,35.0427032079707],[-95.714404396646,35.0424052085185],[-95.7148943959698,35.0421642081286],[-95.7159903963954,35.0416262074488],[-95.7164913971261,35.0413512081822],[-95.7168523967719,35.0412372073833],[-95.7175493966864,35.0407792077286],[-95.7177993965542,35.04029820793],[-95.7180503973876,35.0400922073736],[-95.7186623969838,35.0400012076274],[-95.7191073969096,35.0396342077015],[-95.7191353973006,35.0395202069187],[-95.7190233974714,35.0390852074687],[-95.7187173967248,35.0384442074839],[-95.7186613968013,35.0381012068947],[-95.7189953970051,35.0381472072097],[-95.7194963968808,35.0384902068779],[-95.7198303970927,35.0386502070749],[-95.7201083973959,35.038673207227],[-95.7205253978335,35.0384672066625],[-95.7208043972656,35.0382382068385],[-95.7210263976599,35.0381232068994],[-95.721304397945,35.0378942070754],[-95.7225843978798,35.0369322065412],[-95.7230293977992,35.0364752069449],[-95.7238363983034,35.0358112067407],[-95.7244753982277,35.035376206355],[-95.7268963988968,35.0341622057894],[-95.7276473986502,35.0341612057067],[-95.7297613995141,35.0335432057702],[-95.7301233992112,35.0334972054215],[-95.7309853996287,35.0336802057584],[-95.7318484000646,35.0334732060254],[-95.7331284000666,35.0334502057979],[-95.7346584008736,35.033472205843],[-95.735632401094,35.0337242057718],[-95.736077401046,35.0337232057039],[-95.7365224009768,35.0334262054215],[-95.7369124010681,35.0333112054743],[-95.7370234017271,35.033425205351],[-95.7370234017403,35.0336092057759],[-95.7367454014568,35.0338602057191],[-95.7367454014716,35.0340662053641],[-95.7376084019469,35.0344092059141],[-95.7378594018956,35.0344092059019],[-95.7378034019737,35.0340892054783],[-95.7380814013742,35.0340662052993],[-95.7386664015464,35.0343862056973],[-95.7386944019668,35.0346832059567],[-95.7390284021788,35.0348442053006],[-95.7395844018825,35.0348432052274],[-95.7398624021775,35.0347522054974],[-95.7402804026728,35.034706205146],[-95.7404474023413,35.0349572050676],[-95.7405584021061,35.0351402054409],[-95.7409754025583,35.0351402054207],[-95.7413664026844,35.0348652052603],[-95.7424514026301,35.0347502052793],[-95.742562403286,35.0348192057705],[-95.742535402943,35.0349562058195],[-95.7419224024029,35.0350712057776],[-95.7417834031581,35.0351632055471],[-95.7417844032208,35.0353922053575],[-95.7423404029228,35.0353682051188],[-95.7428694031599,35.0351852056137],[-95.7432584031901,35.0348652051685],[-95.7435914033031,35.0342922056031],[-95.7437614030758,35.0340542053677],[-95.7440644036068,35.033628205415],[-95.7443984037828,35.033285204807],[-95.7445924037681,35.0330332048216],[-95.7445084034421,35.0326442048021],[-95.7444804029396,35.0312022045911],[-95.7443684031056,35.0306992046908],[-95.7442844027992,35.0305842047665],[-95.7442284028609,35.0300352045324],[-95.7441444034162,35.0293942045368],[-95.7440054032425,35.0290742041173],[-95.7437544032676,35.0287082042713],[-95.7435874026947,35.0283872038068],[-95.7435314027826,35.0282042043302],[-95.7429744029736,35.0273812040251],[-95.7430024024652,35.0272662040954],[-95.7428914027086,35.0271972036042],[-95.7427794028927,35.0269462036799],[-95.74272340206,35.0264652038961],[-95.7426684021877,35.0261912038036],[-95.7423054024149,35.025825203963],[-95.7423594021227,35.024451203299],[-95.7421644020534,35.0241772032132],[-95.7421084021199,35.0236962034294],[-95.7421924023968,35.0233992031646],[-95.7425264016963,35.0233752029365],[-95.7425264017094,35.0235592033615],[-95.7428604019115,35.0235812034646],[-95.7429434021501,35.0233982030819],[-95.7434724023823,35.0231462030803],[-95.743556402669,35.0229862028631],[-95.7435004027619,35.0228722029836],[-95.7434444019504,35.0226882034607],[-95.7436674023813,35.0224372026208],[-95.7437504026151,35.0221852026408],[-95.7440564023934,35.0218642030527],[-95.7441114022379,35.0217502031679],[-95.744222402874,35.0215442026183],[-95.7444454024186,35.0214752030102],[-95.7447234027349,35.0216812026417],[-95.7447514022527,35.0219332026163],[-95.7450854024712,35.0221842025299],[-95.745085402481,35.0223212025775],[-95.7450024031417,35.0225052030065],[-95.7450024031744,35.0229622034805],[-95.7451144029823,35.0231002026696],[-95.7460324033052,35.0233742027204],[-95.7463944030203,35.0235802032471],[-95.7475354037953,35.0238992026726],[-95.7477854037173,35.024174202802],[-95.7478974035399,35.0245172033884],[-95.7483144040134,35.0248152036753],[-95.74895440403,35.0250202032429],[-95.7494834042851,35.0250892028146],[-95.7497334041759,35.0249282034423],[-95.7498804037754,35.0246082030089],[-95.7502764041509,35.0245762033068],[-95.7506864042958,35.0248182028],[-95.7509284047248,35.024795203522],[-95.751151404258,35.0245672028477],[-95.7513464042848,35.0242462032649],[-95.7514304045355,35.023583203142],[-95.7517644047195,35.0233542024161],[-95.7520154046322,35.0228502024519],[-95.7521264043575,35.0224842025885],[-95.7521544047387,35.0222332026574],[-95.7522384041309,35.0221412028905],[-95.75257240432,35.0219812026611],[-95.7526004046962,35.0216612022335],[-95.7528784049797,35.021409202244],[-95.7529904047579,35.021134202097],[-95.7533524044419,35.0209062023153],[-95.7534074051742,35.0206312021711],[-95.7538254047604,35.0204482017721],[-95.7538814046398,35.0201742016742],[-95.7542424051864,35.0200822018939],[-95.7542984050821,35.0200362024594],[-95.7542434052016,35.0196472024385],[-95.7549104046471,35.0195102023585],[-95.7551054046886,35.0193962015677],[-95.7554674052605,35.0190072015265],[-95.7560244049859,35.018664201807],[-95.7566364054748,35.0184812013986],[-95.757220405576,35.0184592012511],[-95.7583614063363,35.0185742020235],[-95.759585406459,35.0188262019402],[-95.7603634065897,35.0191692015951],[-95.7609194063196,35.0195362014726],[-95.7620324067152,35.0201312019865],[-95.763005406912,35.0207042014886],[-95.7639234072268,35.0208652017036],[-95.7640344078892,35.0210252019114],[-95.7640344078974,35.0211392017935],[-95.7641464077019,35.0212312015509],[-95.7647024073941,35.0210712022101],[-95.7649254078299,35.0208882018206],[-95.7650924074657,35.0206822012683],[-95.7653704077672,35.0206822012548],[-95.7653704077819,35.0208882017991],[-95.7654814075368,35.0209342021247],[-95.765704407984,35.0209112019484],[-95.7667064085068,35.0198132014263],[-95.7669844078942,35.019607201768],[-95.7673464084578,35.0191042009454],[-95.7677644080177,35.0185542015414],[-95.7678474082515,35.0183032007083],[-95.7682094088281,35.0179822011175],[-95.7684874082221,35.017868201222],[-95.7685714085268,35.0179602009808],[-95.7685154086622,35.0184402007236],[-95.7684314083739,35.0185782008216],[-95.768320408642,35.0188522009222],[-95.7682364083553,35.0190122011394],[-95.7682084088866,35.0194472014955],[-95.7684034089413,35.0195162010833],[-95.7691544086799,35.019310201402],[-95.7692664084582,35.0190362013014],[-95.7695444087252,35.0185552015014],[-95.7696844088355,35.0173422010927],[-95.7695174082381,35.0166782009357],[-95.7692954086661,35.0157172005205],[-95.7690174083319,35.0152592009131],[-95.7685174084912,35.014755200086],[-95.7684054077791,35.0145492004465],[-95.7681554078671,35.014412200411],[-95.7678494080788,35.0145952008045],[-95.7675994081781,35.0146182000828],[-95.7672094080639,35.0144122004568],[-95.7660134074346,35.0140682007759],[-95.7657084076683,35.0139082005775],[-95.765680407256,35.0137252002001],[-95.7663474076056,35.0136562005706],[-95.7666544074385,35.0134502000114],[-95.7668764078215,35.0131761999054],[-95.7668494074457,35.0128552003335],[-95.7664594073185,35.0124662003287],[-95.7648474071433,35.0115732004312],[-95.76245540673,35.0101302002882],[-95.7619834063891,35.0096261994598],[-95.7613994062666,35.0093511993465],[-95.7607034054502,35.0091221995697],[-95.7601204053594,35.0086411998115],[-95.7593414051855,35.0083431995421],[-95.7593414051676,35.0080921996124],[-95.7599814051661,35.0080461992503],[-95.7611774058068,35.0085502000438],[-95.7618444061696,35.0086651999398],[-95.762067405711,35.0085511991477],[-95.7621224064499,35.0083681996656],[-95.7620394061915,35.0082761999068],[-95.7616224057245,35.0080701993828],[-95.761261406051,35.0077951992586],[-95.7612334056322,35.0075201991185],[-95.7616504060795,35.0074521995473],[-95.761873405634,35.0075211991338],[-95.7622344061872,35.0075211991163],[-95.7624014058296,35.0074061991798],[-95.7625964058531,35.0070401993123],[-95.7625964058401,35.0068571989336],[-95.7624024058186,35.006605198967],[-95.7623744062993,35.0063311988731],[-95.7622914060147,35.0058731992561],[-95.7620134056985,35.0056671987253],[-95.7617634057798,35.005438198927],[-95.7607344056939,35.005003198622],[-95.7604004054803,35.0048191991125],[-95.7603454056097,35.0045681991854],[-95.7607624051593,35.0045221988342],[-95.761707405835,35.00479719893],[-95.7617914061282,35.0047281993287],[-95.761791406107,35.0044311990679],[-95.7617084058421,35.0042481986932],[-95.7613464052212,35.0039501984036],[-95.7612074059632,35.0038581986475],[-95.760985405546,35.0036521990133],[-95.7609574051321,35.0034461984704],[-95.7612354054336,35.0034461984569],[-95.762375406182,35.0040421990159],[-95.7624314061448,35.0049351989889],[-95.7625424059045,35.0050491988656],[-95.7627364059079,35.0050491988563],[-95.7628764061001,35.0049811992985],[-95.7629594063469,35.0049121987978],[-95.7630434057179,35.0045231987701],[-95.7632654061155,35.0044541991621],[-95.7634324057743,35.0045691990824],[-95.7634324057841,35.00470619913],[-95.7634884065873,35.0047751987246],[-95.7635434064563,35.0050041985324],[-95.7636544062144,35.0050951991429],[-95.763682406625,35.0052561985017],[-95.7638774066862,35.0054161987054],[-95.7642664067491,35.0055531987342],[-95.7644614068087,35.0056911988187],[-95.7644604067721,35.0058281988664],[-95.7645444061889,35.0060801988383],[-95.7648494068791,35.0065831987292],[-95.7649614066984,35.0068811990309],[-95.7647104067694,35.0071561991846],[-95.7647104067825,35.0073391995633],[-95.7650444069894,35.0074301992637],[-95.7657954067526,35.0075681993213],[-95.7662394075871,35.0079801994889],[-95.7662114072485,35.0088271991348],[-95.7661554073577,35.0089411990197],[-95.7661834068789,35.0092391993254],[-95.7665724069565,35.0095821998984],[-95.7667114071285,35.0098801992994],[-95.7663504074795,35.0099481997672],[-95.7658214072407,35.0101082000061],[-95.765570407315,35.0104291995915],[-95.7655154074836,35.0107261998549],[-95.7656544076475,35.0109092002269],[-95.7667664080147,35.0117571998639],[-95.7675724076501,35.012169200014],[-95.7681564077611,35.0122841999141],[-95.7687684082581,35.0122152002872],[-95.7688804080643,35.0123302002102],[-95.7688524085759,35.0124902004247],[-95.7683794082411,35.0127182002117],[-95.7680454080669,35.0130852001323],[-95.7680454080783,35.0132452003455],[-95.7684064077502,35.013497200304],[-95.7687404079572,35.0135882000043],[-95.769157408411,35.0136112001497],[-95.769853408302,35.0134742000684],[-95.7701034081929,35.0133141998431],[-95.7705204086386,35.0132232001064],[-95.7707434090956,35.0133371999776],[-95.7709714088751,35.0133101996159],[-95.7714664093461,35.0132941997504],[-95.7726574087787,35.012723200236],[-95.773045409665,35.012449200122],[-95.77312640891,35.0122431995738],[-95.7730414094289,35.0117411997185],[-95.7726764086509,35.0111921994995],[-95.7726194086859,35.010918199407],[-95.7732564094594,35.0110791996356],[-95.7734224090652,35.0111021997931],[-95.7734484093422,35.0106901996027],[-95.7736684096307,35.0103941993775],[-95.7741114094834,35.0103021995933],[-95.7742234092881,35.010395199397],[-95.774219409132,35.0108071995863],[-95.774024409102,35.0110821997373],[-95.7739944095258,35.0113111995492],[-95.7741324096432,35.0114941999212],[-95.7747144096534,35.0114961990863],[-95.7753234100081,35.0113821991747],[-95.7754334097166,35.0114281995005],[-95.7754324096866,35.011657199311],[-95.7751534093452,35.0117481999403],[-95.774817409963,35.011910199363],[-95.7742024093399,35.0121621993689],[-95.774200409275,35.0125511993925],[-95.7740614091243,35.0125511993993],[-95.7738084090765,35.0124611997413],[-95.7737244096972,35.0127351998406],[-95.7741084095824,35.0136291998439],[-95.7743284099119,35.0139052000211],[-95.7747434093916,35.0141792000962],[-95.7747424102545,35.0143182002365],[-95.7742124099645,35.0144091999787],[-95.7741834095288,35.0145462000277],[-95.7742374093466,35.0147082003308],[-95.7745414099708,35.0149372001266],[-95.7752614100901,35.015006199689],[-95.7780044104668,35.0146872000755],[-95.7789494111149,35.0145762002865],[-95.7803964116404,35.0141871992935],[-95.7817594118792,35.013958199417],[-95.7829554115797,35.013890199808],[-95.7844574119938,35.0140051996636],[-95.7846244125568,35.0141881991349],[-95.7841514122155,35.0143251992054],[-95.7840954123427,35.0146911999655],[-95.784040412495,35.0147601995655],[-95.7840404125245,35.0151721997546],[-95.7842904124432,35.0154011995529],[-95.7847354124067,35.0155611997446],[-95.7852364122512,35.0154702000038],[-95.7854304122462,35.015355200066],[-95.7856254122567,35.0148061998198],[-95.7865444125521,35.0140501998473],[-95.7871564129967,35.0132491996049],[-95.7876014129192,35.0128371993942],[-95.7877684134543,35.0126311988419],[-95.7879634134614,35.012036199164],[-95.7880744131934,35.0117621990634],[-95.7881304130416,35.0110521985644],[-95.7882694131514,35.0104801990547],[-95.788631412791,35.0096331984933],[-95.788993413348,35.0090381988073],[-95.7903844129868,35.0074141981952],[-95.7906354138037,35.0069791978283],[-95.7909134131829,35.0066591982879],[-95.7913864135078,35.0062921974613],[-95.7921374141261,35.0058121976848],[-95.7924714134027,35.0054691979761],[-95.7925544136314,35.0051481974994],[-95.7928054135753,35.005080197037],[-95.7929444137391,35.0052631974089],[-95.7931104142426,35.0052631974009],[-95.7942234145709,35.0049201976545],[-95.7944464141073,35.004737197265],[-95.7945014139305,35.0043251970732],[-95.7944184145747,35.0042791976454],[-95.7944184145698,35.0042101971488],[-95.7942794144043,35.0040041975106],[-95.793973413689,35.0037981969812],[-95.7928054134558,35.0034091970142],[-95.7919714134393,35.0032491968413],[-95.7892734124058,35.0029281973987],[-95.7874654121626,35.0024241975343],[-95.7870204122106,35.0024241975558],[-95.7861024119254,35.0026751975299],[-95.7859914121689,35.002607197085],[-95.7860474120564,35.0024461977221],[-95.7866034117306,35.0020351975524],[-95.7866034117027,35.0016451974825],[-95.7868264121467,35.0015771970214],[-95.7871874118104,35.0017141970515],[-95.7875214120125,35.0017371972008],[-95.7881614119716,35.001142196602],[-95.7887454120547,35.0008681964785],[-95.7897744129908,35.0006161964527],[-95.7901364126856,35.0005401965138],[-95.7901634130351,35.0004941970807],[-95.789864412631,35.0001011968864],[-95.7902594129623,35.0001011968673],[-95.7906374125052,35.000101196849],[-95.7906654129365,35.0005511969975],[-95.7905544131945,35.0006851969115],[-95.7899974125681,35.0010051964655],[-95.7899694130798,35.0011661967263],[-95.7896354128826,35.0012111970272],[-95.7890244124304,35.001257197388],[-95.7884954121901,35.0013941965619],[-95.7881894124085,35.0016691967182],[-95.788022412784,35.0020351974837],[-95.7881064121894,35.0021261971962],[-95.788440412398,35.0022411971084],[-95.7908314135903,35.0026531971818],[-95.791859413602,35.0026991974631],[-95.793222413885,35.003089197467],[-95.7941964141117,35.0034321971123],[-95.7948074145917,35.0037751967753],[-95.795280414073,35.0041871969415],[-95.7955304148698,35.0041191973784],[-95.7956974145268,35.0042101970868],[-95.795490414858,35.0047421974459],[-95.7944104142826,35.0053811974052],[-95.7940634143878,35.0055091970529],[-95.7929994136343,35.0058581979741],[-95.7920534138624,35.0062931974752],[-95.7914134138967,35.0067961974119],[-95.7912094134434,35.0069891982635],[-95.791052413368,35.0071391980213],[-95.7906064134172,35.007803198208],[-95.7893274135583,35.0091761979857],[-95.7889934134037,35.0098171989008],[-95.788853413241,35.0102971986477],[-95.7888264129112,35.0106181991217],[-95.7886594132885,35.0110071991533],[-95.7886584133142,35.012014199011],[-95.7885434133929,35.012235199356],[-95.7883244131596,35.0126541989805],[-95.7879904129919,35.0131121995169],[-95.7867664129907,35.0145541997885],[-95.7860704131293,35.0151041992059],[-95.7860154124086,35.0155391995633],[-95.7857924128754,35.0157671993383],[-95.7853194125357,35.0159281996207],[-95.7846514121315,35.0158822002212],[-95.7841794127178,35.0157671994164],[-95.7835944125474,35.015469200037],[-95.7828724122633,35.014394199764],[-95.7825104116653,35.0144161999008],[-95.7823154116353,35.0146912000518],[-95.7823154116517,35.0149201998622],[-95.7824264123108,35.0150341997389],[-95.7824264123255,35.0152402002831],[-95.7822044119247,35.0152631995601],[-95.781981411466,35.0151261995233],[-95.7818704117062,35.0150111996003],[-95.7818424112841,35.0146912000747],[-95.7818984120627,35.0144161999305],[-95.7815924113605,35.0143931997797],[-95.7800064115836,35.0147821998802],[-95.7797564107934,35.0149422001054],[-95.7797564108196,35.0153081999635],[-95.7794224115184,35.0153081999797],[-95.7789494111492,35.0150562000266],[-95.7783374106456,35.0150331998907],[-95.7780204103367,35.0150671996816],[-95.7766404102031,35.0152162003516],[-95.7755274098681,35.0154672003353],[-95.7750274100635,35.0154672003595],[-95.773636409391,35.0152152004508],[-95.7735254096297,35.0150782004086],[-95.7734704097017,35.0140252002225],[-95.7734424092583,35.0134071994905],[-95.7733594089886,35.0131551995185],[-95.773220409729,35.0130411996431],[-95.7728584091326,35.0130861999455],[-95.7725244089502,35.0133381999376],[-95.7716884088818,35.0137502001673],[-95.7711384085671,35.0138902003805],[-95.7707424091017,35.0140701997401],[-95.7706034089788,35.0144592006698],[-95.7705204087352,35.0145732005559],[-95.7703804085561,35.0148252005387],[-95.770130408675,35.0151222008116],[-95.7698524083867,35.0153052003044],[-95.7697964085074,35.0155802004487],[-95.7699074082934,35.0160612002297],[-95.7703244088094,35.0169532010382],[-95.7703244088209,35.017113200352],[-95.770435408584,35.017274200606],[-95.7705184088603,35.0176172011938],[-95.770546409302,35.0182122008611],[-95.7702114091387,35.0193792009481],[-95.7697944087341,35.0200432011335],[-95.7695994087203,35.0205462010486],[-95.7694594085299,35.0206382017175],[-95.7692654085249,35.0206152015614],[-95.7690144085679,35.0205002016452],[-95.7687364091674,35.0205232018242],[-95.7687364091822,35.0207292014691],[-95.7691814091604,35.0210952013056],[-95.7691534087744,35.0212782016857],[-95.7688474089927,35.021553201842],[-95.7687914091282,35.0220342016311],[-95.7688194086395,35.022194201843],[-95.7688744084954,35.0222402021714],[-95.7688744085134,35.0224912021011],[-95.7686244086127,35.0225142022787],[-95.7683464092008,35.0223772022446],[-95.7680954083544,35.022400201523],[-95.7680404084968,35.0223312019283],[-95.7680124089887,35.0222162020013],[-95.7677904085682,35.0219652020824],[-95.7673444085714,35.0219872022232],[-95.7672054084306,35.0221252014246],[-95.7665654084321,35.0221702017403],[-95.7664264082977,35.0223992015575],[-95.7664544087132,35.022628202266],[-95.7665934079761,35.022788201573],[-95.7665094085921,35.0229942021213],[-95.7660364082343,35.0229022023815],[-95.7655084080124,35.022650202431],[-95.7649804077808,35.0222612015337],[-95.7641174073301,35.0222612015755],[-95.7638114075386,35.0223982016379],[-95.7631714075155,35.0221002022612],[-95.7627264075585,35.0220312017861],[-95.7622534071942,35.0218482023297],[-95.7619754068944,35.0218712016094],[-95.7615584073349,35.0217792018667],[-95.7609744072288,35.0217332024633],[-95.7600564068993,35.0213662017041],[-95.7596114060315,35.0211372019152],[-95.7591944064802,35.0211602021009],[-95.7590274059418,35.0213202023222],[-95.7588324058937,35.0213432024971],[-95.7587484064899,35.0212742020046],[-95.7587214061143,35.0209542015796],[-95.7585264060514,35.0207712021097],[-95.7579704063331,35.0205652015923],[-95.75724740605,35.0201522022912],[-95.7551324051283,35.0206092019683],[-95.7547154046973,35.0209062022493],[-95.7546314053181,35.0211812023949],[-95.7543534050347,35.0214332023844],[-95.7540754047348,35.0214552025171],[-95.7540194048194,35.0212262027094],[-95.7537974053162,35.0212262027201],[-95.7536024052714,35.0212952023268],[-95.7530454046581,35.0217982022595],[-95.7529614043763,35.0220272020741],[-95.7530174051927,35.0222792029466],[-95.7533784048499,35.0223252023609],[-95.7532954046145,35.0225542021754],[-95.7529054045478,35.0230112026682],[-95.7529054045675,35.0232862028098],[-95.7531554044813,35.0234462030108],[-95.7533784049368,35.0235382027629],[-95.7533774049068,35.0237672025734],[-95.7529324049678,35.0239502029737],[-95.7529324049825,35.0241552025722],[-95.7533494054528,35.024407202528],[-95.7534054053698,35.0246592034006],[-95.7531814049434,35.0256202029381],[-95.7530984046982,35.0257122036043],[-95.7528754051372,35.0255522034019],[-95.7526814051027,35.0251172030566],[-95.7526534046871,35.0248882032475],[-95.7522924050168,35.0246592034546],[-95.7520694045695,35.0246812026853],[-95.7512624049711,35.0254362035054],[-95.7512894044443,35.0257112036457],[-95.7515954042637,35.0259632036068],[-95.7523194045718,35.0260782035002],[-95.7524304052293,35.0261692032113],[-95.7524304052441,35.0263752037555],[-95.750643404238,35.0267412037002],[-95.7502764042909,35.0265322030348],[-95.749880403918,35.0265992034581],[-95.7495124039591,35.0268742036174],[-95.7492064041578,35.0268742036322],[-95.7485944036362,35.0266002035666],[-95.747453403726,35.0257992034092],[-95.7459504032293,35.0251822036942],[-95.7454494033717,35.0250912031026],[-95.744893402772,35.0251372034607],[-95.7445034026922,35.0254122036211],[-95.744309402702,35.0255952040092],[-95.7441704025708,35.0258692032119],[-95.7441704025856,35.0260752037561],[-95.7441144026916,35.0261442033561],[-95.7442544029296,35.0267162037516],[-95.7443934030951,35.0269222033898],[-95.7444494030072,35.0271052037658],[-95.7447554028462,35.0276312038222],[-95.7449224034239,35.0280202038378],[-95.7449514030096,35.0285702041194],[-95.7450624027808,35.0288442042093],[-95.7450904031963,35.0290732040184],[-95.7457594037568,35.030652204246],[-95.7457874032697,35.0308352046233],[-95.7458714035728,35.0309042042165],[-95.7458444033282,35.0324142048806],[-95.7455104031655,35.0329412050143],[-95.7453994034286,35.0331472046646],[-95.7451774039468,35.0334452049824],[-95.7451774039647,35.0336962049121],[-95.745233403867,35.0337422052404],[-95.7456504034167,35.0336962048892],[-95.7459844035844,35.0332382052521],[-95.7461234037318,35.0331922049143],[-95.7463174037418,35.0332842046677],[-95.7462344035228,35.0337422051919],[-95.7465684037298,35.0338332048923],[-95.7466524040345,35.0339242046048],[-95.7464024041453,35.0341082050419],[-95.7458734039131,35.0343602050435],[-95.7454284039987,35.0348862051363],[-95.7450944038049,35.0349782049153],[-95.7450114035514,35.0349552056531],[-95.745122403267,35.0344522048428],[-95.7450114035088,35.0343602050853],[-95.7446214034159,35.0344522048671],[-95.7444474034499,35.0345802054057],[-95.7442484032252,35.0347272050266],[-95.7440934032399,35.0348412049162],[-95.7438704037182,35.0352302049507],[-95.7438434033754,35.0353682050459],[-95.7440934032875,35.0355052050814],[-95.7444554038888,35.0355282052294],[-95.7445664036469,35.0356192058399],[-95.744483403405,35.0357572050384],[-95.7441774036152,35.0359172052665],[-95.7438714038204,35.0360092059435],[-95.7434534033169,35.0359402054671],[-95.7430364028564,35.0358262056052],[-95.7424244032603,35.0359182053977],[-95.7421744033662,35.0360322052919],[-95.7419234025165,35.0360092060379],[-95.7415894032088,35.0359182054382],[-95.7410054022132,35.0360102052294],[-95.7408934024219,35.0361022058969],[-95.7405594022197,35.0360792057476],[-95.7393904019365,35.0356442054495],[-95.7374694018388,35.0350042055894],[-95.7353554009077,35.0346852053118],[-95.7344924004536,35.0346392059219],[-95.7320714006037,35.0347322058483],[-95.7283713990207,35.0351452062631],[-95.7274333987054,35.0353722060264],[-95.7269523988908,35.0354892060707],[-95.7259503983156,35.0358562060237],[-95.725311398388,35.0362452060783],[-95.7250053986112,35.036588206685],[-95.7250053986375,35.0369552065893],[-95.7255343989238,35.0374582064694],[-95.7260623991391,35.037618206657],[-95.7269253986791,35.0374572063557],[-95.7274373990312,35.0373312067925],[-95.7274813992722,35.0373202062811],[-95.7284283991235,35.0373432064008],[-95.7286783999317,35.0374342061052],[-95.7287063994397,35.0375482068852],[-95.7285673992988,35.0376862069859],[-95.7276493989987,35.0377322064622],[-95.7274383991102,35.0377852062282],[-95.7258403987776,35.0381902070701],[-95.7251453989231,35.0381902071038],[-95.7243103988535,35.0379392072145],[-95.7239203987376,35.0377102065236],[-95.7235863985437,35.037802207202],[-95.7227793980329,35.0383742067441],[-95.7215283976771,35.0397942068979],[-95.7208883977212,35.0404352078279],[-95.7207493975868,35.0406642076451],[-95.7204153974093,35.0409842071883],[-95.7200263973742,35.0412362071832],[-95.7196363972861,35.0413962074152],[-95.7192753976568,35.0417402080709],[-95.7185243970433,35.0422892074448],[-95.7177173974483,35.043091207743],[-95.7176823967332,35.0432112079045],[-95.7176333971715,35.0433882080078],[-95.717689397095,35.0437312085969],[-95.7173553969209,35.0440982085175],[-95.7174393972452,35.0444642083716],[-95.7176903972252,35.0448992087141],[-95.7177733975096,35.0453562082847],[-95.7177463971766,35.0456312084276],[-95.7172173969313,35.0457002089498],[-95.7170503972873,35.0457922087208],[-95.716939397534,35.0457692085606],[-95.7168553972178,35.0455172085886],[-95.7167703967929,35.0443952079073],[-95.7167143968807,35.0442122084307],[-95.7162973964317,35.044258208782],[-95.715156396623,35.0448762086714],[-95.7135153961415,35.045930208986],[-95.713348396509,35.0461822089702],[-95.7134593962752,35.0463872085634],[-95.7137103962306,35.0464792092134],[-95.7139883965534,35.0467762085614],[-95.7139603961806,35.0471432093664],[-95.7138493964306,35.047166208638],[-95.7134043964686,35.0470282085657],[-95.7128753961872,35.0465942091822],[-95.7124853960827,35.0465252087045],[-95.7118173956981,35.0467542094467],[-95.7115673958155,35.047029208701],[-95.7116513961546,35.0476012090993],[-95.7122633958081,35.0483102095196],[-95.7124583958662,35.0484252094385],[-95.7124303963843,35.0486762093696],[-95.7122083959802,35.0486542092611],[-95.7117903963743,35.0485622095185],[-95.711512396076,35.0486082089637],[-95.7113173960722,35.0492492098722],[-95.7110953956992,35.0496612091727],[-95.7110673962191,35.0499362093157],[-95.7110393958478,35.0503252093406],[-95.7112063964059,35.0504392101139],[-95.7122083961147,35.0505302097819],[-95.7122083961295,35.0507362094268],[-95.7118193961043,35.0511262095156],[-95.711708396369,35.0513542101844],[-95.7116523964915,35.0516532096412],[-95.7116803960176,35.0520192103972],[-95.7120983965589,35.0526142100455],[-95.7120423966731,35.0527972104269],[-95.7117923958878,35.0530262102495],[-95.7117643964159,35.0534152102745],[-95.7118763962401,35.0537822101735],[-95.7116253963127,35.0540792104464],[-95.7117373961254,35.0542852100859],[-95.7119873960476,35.0545602102153],[-95.7120433968655,35.0548342103078],[-95.7116533967743,35.054949210255],[-95.7112913961663,35.0548342103443],[-95.711069396632,35.0544002100466],[-95.710902396064,35.0541482100787],[-95.7109013960078,35.0540112100312],[-95.7107343963325,35.0536672103004],[-95.7104563959834,35.053004210195],[-95.7103723956803,35.0529352106018],[-95.7102893962704,35.0521342103931],[-95.7102333954672,35.0520652098992],[-95.7100383953796,35.0515392098374],[-95.710121395615,35.0513102100229],[-95.7102323952746,35.050027209972],[-95.7104273953162,35.0499132100805],[-95.7105943958612,35.0498442095757],[-95.7108443956914,35.0488372097059],[-95.7110113962167,35.048494209106],[-95.711039395687,35.0480822089154],[-95.710899395462,35.0476932088986],[-95.7114553958665,35.0449232083289],[-95.7113723956082,35.0448322086164],[-95.7109193952806,35.0447692084195],[-95.7106613950044,35.044730208425],[-95.7104853949346,35.0447042090284]]]},"properties":{"OBJECTID":4167,"COUNTYFP10":"121","FULLNAME":"Coal Crk","MTFCC":"H3010","Shape__Area":3117938.41796875,"Shape__Length":47782.66316493908}},{"type":"Feature","id":4168,"geometry":{"type":"Polygon","coordinates":[[[-95.6097233816292,35.2206162455498],[-95.6101293824426,35.2202252454139],[-95.6106593818336,35.2201342456715],[-95.6106873822227,35.2199962455763],[-95.6108543818502,35.219676245142],[-95.6111053817824,35.2194472453193],[-95.6113843821255,35.2193782457084],[-95.6116073825845,35.2195152457451],[-95.6118033826907,35.2196522457831],[-95.6128633823869,35.2196752458968],[-95.6133103824419,35.2198122459225],[-95.6135613832868,35.2197662455792],[-95.6135053824718,35.2195372457716],[-95.6130303829036,35.2192172453686],[-95.6130303828887,35.2190112457237],[-95.6131143822842,35.2189652453886],[-95.6134213830348,35.2190112457046],[-95.6139233829524,35.2192852457752],[-95.6141743828979,35.2192392454319],[-95.6145923833769,35.2189642452701],[-95.615038383359,35.2187352454379],[-95.6152893832746,35.2182772449056],[-95.6153163836092,35.2180262449747],[-95.6154283833939,35.2178422454436],[-95.6153723834567,35.217316244476],[-95.6152323832395,35.2170412452407],[-95.615232383223,35.2168132445774],[-95.6153433829613,35.2166292450464],[-95.6154833831519,35.2165382444237],[-95.6155383829332,35.2155542447292],[-95.6156773830425,35.2149812442741],[-95.615760383291,35.2149362448846],[-95.6160393827182,35.214638244564],[-95.6160393827115,35.2145462448012],[-95.6163183830429,35.2143172440779],[-95.6165133830745,35.2140652440924],[-95.6168193828577,35.2138132441016],[-95.6170153829572,35.2138592444231],[-95.6171263836166,35.213974244346],[-95.617043383388,35.2142942438769],[-95.6165413835384,35.2149582440663],[-95.6164583833115,35.2153012446621],[-95.616458383363,35.2160112442587],[-95.6165423836795,35.2162632442305],[-95.6167943837046,35.2166752444072],[-95.6168223832476,35.2172702449734],[-95.6169063835508,35.2173382445203],[-95.6169063835574,35.2174302451824],[-95.6172133834219,35.2176582449315],[-95.6172133834368,35.2178642445763],[-95.6167673834647,35.2182312454017],[-95.6164603836534,35.2187352453684],[-95.6164333833188,35.2189862452994],[-95.6171583837022,35.2194902452157],[-95.6173813841661,35.2196952457027],[-95.6174933839758,35.2198562450572],[-95.6175773842972,35.2201762454793],[-95.6176893841118,35.2204052452842],[-95.6177173836465,35.2208852450228],[-95.6180723839394,35.221128245464],[-95.6188333841826,35.2214802455358],[-95.6192243843369,35.2215942453987],[-95.6194753842759,35.2214572453389],[-95.6196703843125,35.2212742458501],[-95.620088384773,35.2207462456661],[-95.6201713850181,35.2206542449999],[-95.6202553844087,35.2205402451138],[-95.6210923844837,35.2195782455003],[-95.6212033851131,35.219280245188],[-95.621007384987,35.2188692450549],[-95.6210913843742,35.2187082447914],[-95.621146385093,35.2182512452143],[-95.6213693845845,35.2174482448984],[-95.6215643846144,35.2171742447937],[-95.6217033847536,35.2170132445276],[-95.6220383849973,35.2169672441801],[-95.622094384903,35.2170592448395],[-95.6221503848186,35.2172882446471],[-95.6222053846762,35.2173562441954],[-95.6222613845852,35.2174942442865],[-95.6224573846847,35.2175392445617],[-95.6228763852051,35.2171962448489],[-95.6230153853277,35.2168072448186],[-95.6233773849849,35.2162102441407],[-95.6234053853674,35.215981244329],[-95.6231813848671,35.2159132438897],[-95.6220273844131,35.2159462445746],[-95.6215293846877,35.2157652443129],[-95.6210843847206,35.2155622439294],[-95.6208353848462,35.2153102439657],[-95.6209493847057,35.2148782446438],[-95.6200613839731,35.2145842445653],[-95.6195353838403,35.2142902444693],[-95.6191753842092,35.2139692440144],[-95.618899383979,35.2136742438598],[-95.6188733836527,35.213400243766],[-95.6191253836447,35.2133552443682],[-95.6202783841215,35.2142762437849],[-95.6206143844167,35.2143002439802],[-95.6206723843837,35.2139582443313],[-95.6209803842763,35.213936244197],[-95.6210643845845,35.2140742442868],[-95.6215693846199,35.2140532441892],[-95.6216533849264,35.2141682441134],[-95.6217123849845,35.2144442442982],[-95.621882384791,35.2146742441466],[-95.6224443848083,35.2151562439517],[-95.622605385083,35.2151972440434],[-95.6228073845619,35.2152482445961],[-95.6233663852961,35.2151352438337],[-95.6233953848108,35.2147002443771],[-95.623590384834,35.2143332435641],[-95.6238983847167,35.2141742442815],[-95.6241213851474,35.2139222442947],[-95.6242893848146,35.2135102440975],[-95.6245973856016,35.2134182434204],[-95.6246803849508,35.2133732440309],[-95.6246813849557,35.2128012436288],[-95.6247803850352,35.2125952439791],[-95.6248503855785,35.2125262434791],[-95.6249213852788,35.2125952439722],[-95.6249633854611,35.2130542436372],[-95.6252713853581,35.2130912435365],[-95.6252713854054,35.2137432440452],[-95.6249083856749,35.2139692437343],[-95.6246843852194,35.2145192440281],[-95.6247123856351,35.2147482438371],[-95.6248113857329,35.214793244117],[-95.6249513850209,35.2146562440626],[-95.6252713854544,35.21441824382],[-95.6256783854192,35.2140882438102],[-95.6264483860309,35.2137682433464],[-95.6267003859946,35.2133332438789],[-95.6267003859348,35.212509243501],[-95.6274543857747,35.2117772437483],[-95.6277323860731,35.2117322434499],[-95.6278723862919,35.2120292437037],[-95.6281513857406,35.2120292436901],[-95.6286253861186,35.2117552435718],[-95.628960386344,35.2114572432486],[-95.6289883858107,35.2110002427734],[-95.6288773860175,35.2104272432298],[-95.6288773859909,35.2100612433719],[-95.6291003864416,35.2100842426272],[-95.6293233860096,35.2103362425922],[-95.6293783858839,35.2106342428964],[-95.629518386096,35.2108402434337],[-95.6296573862502,35.2108862428587],[-95.6299363865882,35.2107482427512],[-95.6302433864129,35.2104282432093],[-95.6302713867788,35.2099702426879],[-95.6307453862708,35.2098792429483],[-95.6309133868722,35.2099482425374],[-95.6311643868193,35.2099252423595],[-95.6312473870645,35.2098332425927],[-95.6312203866918,35.2095592424989],[-95.6311083868738,35.209284242363],[-95.6311923862461,35.2089182425009],[-95.63149938699,35.2088722421549],[-95.6318063868362,35.2088492428737],[-95.6319173865663,35.2085522426076],[-95.6320853871511,35.2083922423863],[-95.6323083866626,35.2078652422581],[-95.6323363870319,35.2074532420678],[-95.632560386608,35.2071792419617],[-95.6330893868569,35.2071562417703],[-95.6332853869548,35.2071792419263],[-95.6333963866999,35.2070882422043],[-95.6334813870278,35.2068592423898],[-95.6332293870176,35.206653241858],[-95.6332023865951,35.2056912422868],[-95.6331183871797,35.2054632416275],[-95.6331193871962,35.2050512414385],[-95.6331473866811,35.2048452417923],[-95.6332583873221,35.204707241693],[-95.6333423866795,35.2041352412868],[-95.6334823868435,35.2036772416592],[-95.6336213869861,35.2035632417704],[-95.6337623872263,35.2035172414325],[-95.6339573872845,35.2036322413513],[-95.6340693870808,35.2036092411803],[-95.6341253869582,35.2033112417699],[-95.6343203870048,35.2032662414756],[-95.6344313867664,35.2034032415178],[-95.6345983873214,35.2034722411069],[-95.6346823867153,35.2034032415055],[-95.6347943873795,35.2029462410263],[-95.6350453873117,35.2027172412037],[-95.6355473871796,35.2023052409902],[-95.6358823873885,35.2017792409028],[-95.6360773874317,35.2016872411305],[-95.6363003878939,35.2018702414982],[-95.6362443871089,35.2020532409802],[-95.6360213875841,35.2023972416291],[-95.635491387327,35.2029462409923],[-95.635240387413,35.2034262416438],[-95.6347103871742,35.2042272418821],[-95.6344033873362,35.2043642419447],[-95.6338453866435,35.2044102414037],[-95.6337053873589,35.2045932417891],[-95.633622387132,35.2049362414856],[-95.6335663872695,35.2054402414401],[-95.6336493866717,35.2061262417201],[-95.6339833869056,35.2065842422238],[-95.6340673872254,35.2068822425267],[-95.6338433876625,35.2073402421584],[-95.6337323870381,35.2077062420217],[-95.6331453868058,35.207843242098],[-95.6330613874135,35.2079342427179],[-95.633033387026,35.2080952420793],[-95.633647387651,35.2085072422383],[-95.6336193872584,35.2085982428555],[-95.6335083875134,35.2086902426237],[-95.6326983868104,35.2085292424039],[-95.632531387173,35.2087122427907],[-95.6323083867423,35.2089642427774],[-95.6320013869325,35.2094902428635],[-95.6319733865434,35.2096282429587],[-95.632084387201,35.2097192426698],[-95.6329483868092,35.2098572427214],[-95.6339813870419,35.2097432427889],[-95.6352923875597,35.2094002421332],[-95.6359063881299,35.2090572424108],[-95.6361293876745,35.2089882428026],[-95.6364363884285,35.2090802425504],[-95.6365473881751,35.2090112420484],[-95.6366593879167,35.2082332419961],[-95.6369943881704,35.2083252426418],[-95.6371053879353,35.2085082421157],[-95.6372453881342,35.2085312422744],[-95.6376353882621,35.2089202422788],[-95.6381933880488,35.2087832422039],[-95.6390293890135,35.2083262416894],[-95.6393643883229,35.207799242455],[-95.6399223889808,35.2072732414574],[-95.6399783888665,35.2070902419754],[-95.6401183890488,35.2068842414244],[-95.6402293887673,35.2064262417983],[-95.6404253888502,35.2062432414101],[-95.6405363886018,35.2062432414047],[-95.6406763888074,35.2063582413261],[-95.6406753887875,35.2067242420834],[-95.6405923885441,35.2068392420158],[-95.6405083891667,35.2071362422806],[-95.6398943886248,35.2078682420264],[-95.6398663891366,35.2080292422871],[-95.6399503885421,35.2081202419996],[-95.640284388756,35.2083032423618],[-95.6399493885521,35.2088982420465],[-95.6398103893057,35.2089672425498],[-95.6391963887139,35.2090122419653],[-95.6385833881868,35.2093102423022],[-95.6384433889022,35.2094932426877],[-95.6376063887905,35.2099502423029],[-95.6373283884773,35.2097902421035],[-95.6369933882319,35.2098132422853],[-95.6366023880975,35.2099732425175],[-95.6359333876547,35.2100412430005],[-95.635068388035,35.2103842427352],[-95.6349853877882,35.2104532423365],[-95.6348733880051,35.2106592428861],[-95.6347343878592,35.2107272424438],[-95.6341763871698,35.2108192431333],[-95.6340643873635,35.2107042432104],[-95.6340373878984,35.2105442429986],[-95.6338143874394,35.210407242962],[-95.6327813872017,35.2104522423979],[-95.6327533868141,35.2106122426123],[-95.6323073868204,35.2106812431307],[-95.6318323872971,35.2109782425152],[-95.6318603868151,35.2112302433891],[-95.6319163867291,35.2114362430312],[-95.6319993869858,35.2115042434774],[-95.6319993869992,35.211688243003],[-95.6317763874494,35.2116872429676],[-95.6314693866907,35.2115272427695],[-95.6313583869108,35.2111382427515],[-95.6312473871558,35.2110922433251],[-95.6308843865163,35.2111842431057],[-95.6304103870459,35.211572243106],[-95.6304933864149,35.2118012429123],[-95.6307443863821,35.2120532428759],[-95.6308553870463,35.2122362432491],[-95.630744386402,35.2123282430174],[-95.6303813866585,35.2123742433662],[-95.6302703869201,35.2125572437502],[-95.6294613862751,35.2125562437434],[-95.6290153862814,35.2126252433625],[-95.6289593863956,35.2128082437439],[-95.62870838647,35.213128243283],[-95.6287633863559,35.2135862438003],[-95.6283733862661,35.2137232438669],[-95.6282333860788,35.2138602439213],[-95.6281773862048,35.2142042436628],[-95.6278983858667,35.2143412437239],[-95.6276753863285,35.2145012439479],[-95.6275633865505,35.2147762440948],[-95.6273123857123,35.2149132441546],[-95.6269773863827,35.2151642441005],[-95.626977386401,35.2154162440764],[-95.6275633865904,35.2153252443313],[-95.6280653864764,35.2151652440937],[-95.6289013865749,35.2151652440529],[-95.6293203862258,35.2152342436297],[-95.6295713870806,35.2153262442795],[-95.6298503865244,35.2152572437693],[-95.6299893866669,35.2151432438805],[-95.6304073871675,35.2151662440256],[-95.6306583871246,35.2152802438953],[-95.6313553870822,35.2154182439551],[-95.6316903873425,35.2156012434181],[-95.6320533870878,35.2155792441804],[-95.6325553878798,35.2155102436593],[-95.6336433879851,35.2156712438655],[-95.6344523877274,35.2156252434949],[-95.6349823880127,35.2154652432559],[-95.6354843878905,35.2151912431363],[-95.6357073883395,35.2151912431254],[-95.6359583882966,35.2153052438944],[-95.6369903884813,35.2151682437965],[-95.637576388659,35.2149172438383],[-95.6383853892757,35.2145282428759],[-95.638803388867,35.2144142429735],[-95.6398913889174,35.2138192432521],[-95.6405053894726,35.2132702429855],[-95.6413693899436,35.2129042430854],[-95.6416483893774,35.2126982425276],[-95.6427643898569,35.2125162430401],[-95.6436013899817,35.2122412428578],[-95.6439913900582,35.2119212424126],[-95.6440753903298,35.2115552425506],[-95.6452193902858,35.2110512425429],[-95.6459443906226,35.2109142424599],[-95.6468923904824,35.2104112425081],[-95.6468923904742,35.2102972417268],[-95.6472553911154,35.2102282421117],[-95.6475903913508,35.2100682418823],[-95.6480923912353,35.2098852423785],[-95.6489563917261,35.2097942417205],[-95.6490403911217,35.2097482422846],[-95.6501553915647,35.2097022418991],[-95.6506853918549,35.2096112421567],[-95.6523023921907,35.2094972412963],[-95.6530003921863,35.2095202414277],[-95.6532513921285,35.209429241699],[-95.6536413921999,35.2090402416565],[-95.6537253924849,35.2088572412737],[-95.6542003929041,35.2085132415119],[-95.6544513928165,35.2080102415942],[-95.6545073926939,35.2077122412845],[-95.6545913929888,35.2076672409956],[-95.6548973927969,35.2077582415965],[-95.6555393928885,35.2077132412803],[-95.6557903928323,35.2076442407715],[-95.6560413927795,35.2076212414931],[-95.656124393033,35.2076442407552],[-95.6560963926421,35.2077582415379],[-95.6559853928971,35.2078502413061],[-95.6557343929549,35.2079412410349],[-95.6548973928434,35.2083992415958],[-95.6542283924505,35.2091542415098],[-95.6541723925763,35.2094972412049],[-95.6560963927815,35.2096812415358],[-95.6569043933916,35.2098412417094],[-95.657267393122,35.2096132410283],[-95.6578803937088,35.2101392419686],[-95.6585773936712,35.2103452415794],[-95.659051394084,35.2105512412011],[-95.6597213946047,35.2109182419718],[-95.6604183945605,35.2110322418198],[-95.6606973949268,35.211284241782],[-95.6611713944402,35.2114902414036],[-95.6617283950833,35.2113992416599],[-95.661868394386,35.211467241204],[-95.6619513946495,35.2116282414594],[-95.6621473947591,35.2118112418283],[-95.6631233950678,35.2119942412599],[-95.6638483954145,35.2119942412245],[-95.6646013952443,35.2117652413773],[-95.6649913953275,35.2115372415942],[-95.6657163956342,35.210987241276],[-95.6659113956674,35.2107582414562],[-95.6663303961645,35.2100952413171],[-95.6663583956045,35.2092712409379],[-95.6661913959505,35.209225240615],[-95.6661913959406,35.2090882405675],[-95.6659953958211,35.2087672410039],[-95.6658283952395,35.2083322406576],[-95.6659123955029,35.2078522409136],[-95.6659963957878,35.2076692405309],[-95.666135395912,35.2073022406199],[-95.6662193952743,35.2067992407104],[-95.6663313959517,35.2065242405635],[-95.6670283958262,35.2055172406722],[-95.6672793957468,35.2051282397372],[-95.667195395432,35.204899239931],[-95.6665823957761,35.2048082402445],[-95.6662753950156,35.2046252398809],[-95.6659133953152,35.2046252398985],[-95.6654663952784,35.2047392398024],[-95.6653833950117,35.2045332401616],[-95.6650483947547,35.2043962401305],[-95.665020395235,35.2041212399904],[-95.6648533946717,35.20393823962],[-95.664853394665,35.2038462398572],[-95.6646863950027,35.2036862396523],[-95.6646023946946,35.2035492396088],[-95.6646023946564,35.2030222394916],[-95.6648533945754,35.2026102401897],[-95.665077395069,35.2025872400132],[-95.665578394922,35.2026102401542],[-95.6656343948327,35.2027712395116],[-95.6652443947662,35.2032282400043],[-95.6652443947961,35.2036402401933],[-95.665299395553,35.2037092397879],[-95.6655503955035,35.2037322399411],[-95.6657733950615,35.2038462398122],[-95.6659963955271,35.2040752396117],[-95.6664423955374,35.2042362398493],[-95.6674183958428,35.2043732398492],[-95.6676693957883,35.2043272404051],[-95.6678093959723,35.2041442400197],[-95.667920395679,35.2035262401805],[-95.6681163957487,35.2031602394137],[-95.668590396105,35.2025882398878],[-95.669120396372,35.202176239673],[-95.6700963966426,35.2018332390336],[-95.6705143962354,35.2017412392504],[-95.6708763968235,35.2015812390196],[-95.6709883965983,35.2012612394873],[-95.6711833966283,35.2009862393364],[-95.6716853964811,35.2003682394781],[-95.6718803965309,35.2003682394686],[-95.6718523970775,35.2010092394692],[-95.6719923963804,35.2010782390597],[-95.6723543969686,35.2009182388289],[-95.6727733965962,35.2006662388325],[-95.6731073967752,35.2003682394086],[-95.6730793972438,35.1999332390555],[-95.6733583966642,35.1995442390185],[-95.6736373969774,35.1990642383656],[-95.6735543966675,35.1982632381573],[-95.6740283970205,35.1976452383003],[-95.6741113971943,35.1965692379425],[-95.6741953965849,35.1964552380564],[-95.6743343967291,35.1963632382868],[-95.6745303968336,35.1964782382055],[-95.6745573971996,35.1966612385828],[-95.6748923974515,35.1967292381174],[-95.6749763968388,35.1965692379002],[-95.6752553971354,35.1958602383363],[-95.6753103969548,35.1954022378136],[-95.6749203968319,35.1950812382596],[-95.6745583971199,35.1949212380641],[-95.6745023972092,35.1947612378538],[-95.674781396643,35.1945552381954],[-95.6749483971349,35.1937542379748],[-95.6750603969246,35.1936402380873],[-95.675199397077,35.1936622373005],[-95.6753663967377,35.1938002373861],[-95.6752833974482,35.1946692380529],[-95.6754223967064,35.1947612378089],[-95.6756733975462,35.1946472379146],[-95.6757013970411,35.1945782374166],[-95.6758683975944,35.1946242377395],[-95.6760913971639,35.1948982378237],[-95.6760913971905,35.1952652377279],[-95.6757563969933,35.1959512380284],[-95.6754223968491,35.1967292380915],[-95.6752273968225,35.1970502385735],[-95.6752273968358,35.1972332380528],[-95.6753103970942,35.1973242386645],[-95.6755613970381,35.197256238202],[-95.6758403973694,35.197027238378],[-95.6760353973911,35.1966382383451],[-95.6761483972288,35.1965462385768],[-95.6762873973614,35.1962952377411],[-95.6763153977506,35.1961572376458],[-95.6764263974922,35.1960202384922],[-95.6765103977755,35.195814237944],[-95.6766773974062,35.1955392377944],[-95.6769003978602,35.1956082382801],[-95.6770403971763,35.1958602382491],[-95.6771513978355,35.1959742381258],[-95.6779323980745,35.1958832383711],[-95.6786853979409,35.1961572375301],[-95.6791033984364,35.1961122381243],[-95.6794663981683,35.1959062375624],[-95.6796333987066,35.1957452381942],[-95.6798283987598,35.1957912376164],[-95.6800793987302,35.196089237911],[-95.6800793987584,35.1964782379344],[-95.6801353986623,35.196546238382],[-95.6803863986062,35.1964782379195],[-95.6805533982352,35.1961802376044],[-95.6807763986793,35.1961122380425],[-95.6811383983947,35.1963182376696],[-95.6812783986018,35.1964552377104],[-95.6811103989147,35.1965922377661],[-95.6806923984292,35.1967752381651],[-95.6806643989459,35.1970042379768],[-95.6808873985056,35.1971422380598],[-95.6813333984976,35.1970502382752],[-95.6813893983899,35.1969582376104],[-95.6816963991387,35.1969812377609],[-95.6822543989519,35.197210237544],[-95.6826723994425,35.1970962376415],[-95.6829513988762,35.1968902379831],[-95.683313399476,35.1968902379654],[-95.6835643994314,35.1969812376696],[-95.6835923998604,35.1973932378572],[-95.6848743999623,35.1974622382911],[-95.6856273998021,35.1973702375923],[-95.6858504002444,35.1972792378648],[-95.6863243997644,35.1975762381023],[-95.6872724005882,35.1979652380794],[-95.6877184005769,35.1978282380101],[-95.6879414001381,35.1979882382122],[-95.6883044007794,35.1979202377442],[-95.6887504007597,35.1976682377466],[-95.689084400937,35.1973472372578],[-95.6892524006075,35.1969812373917],[-95.6892804009784,35.1965922373669],[-95.6894754010249,35.1965462379257],[-95.6895304008809,35.1965922373547],[-95.689614401199,35.196867237492],[-95.6896984006277,35.1972792376768],[-95.6891684012684,35.1978052377737],[-95.6890844009935,35.1981262382502],[-95.6891964008014,35.198263237393],[-95.6912864015262,35.1986702381476],[-95.6914274017718,35.1986982376384],[-95.6921524021366,35.1989492375325],[-95.6927094018935,35.1990412381674],[-95.6932114017945,35.1990872375746],[-95.6948004026101,35.1986972374273],[-95.6962504023542,35.1980112370724],[-95.6968634028712,35.1975762375873],[-95.6973384032838,35.1971412372097],[-95.6984534027044,35.1954012366366],[-95.6984534026745,35.1949892364477],[-95.6985374029595,35.1948062369644],[-95.6987604033885,35.1945312368121],[-95.6989274030143,35.1941882362122],[-95.6988154031914,35.1938452365253],[-95.6987314028667,35.1934792366716],[-95.6991504034052,35.1933872368883],[-95.6995684029946,35.1932502368203],[-95.6997634030195,35.1929062361728],[-95.7009834037851,35.1921712362586],[-95.7009064037868,35.1918302357633],[-95.7009614036196,35.1915562356655],[-95.701603403711,35.1915102362024],[-95.7017704033517,35.1913732361467],[-95.7019094034958,35.1912812363771],[-95.7020214041716,35.1909832360647],[-95.7021044035174,35.1908922354449],[-95.7023554034646,35.1908692361664],[-95.7029134041439,35.1906402354294],[-95.7029134041306,35.1904572359502],[-95.7025784038654,35.1902052359907],[-95.7024674040971,35.1899762352865],[-95.7030524042432,35.1899302358261],[-95.703526403745,35.1899762352348],[-95.7039724037336,35.1898392351654],[-95.7040284045103,35.1895412357551],[-95.7045014039425,35.1892662355905],[-95.7046974040154,35.1889462351548],[-95.7050314041895,35.1885802352807],[-95.7053654043818,35.188465235336],[-95.7060624042877,35.1878932349],[-95.7067314047104,35.1875502351749],[-95.7071774047023,35.1874582353904],[-95.7074284046427,35.1873432345505],[-95.7075124049194,35.1870462351851],[-95.7089614055461,35.1867712349729],[-95.709156405581,35.1865652344192],[-95.7092124054252,35.1858102345352],[-95.7093794050709,35.1857412349298],[-95.7095744051322,35.185901234234],[-95.7096584054586,35.1862902342533],[-95.7097424057618,35.1863592347458],[-95.7100484055665,35.1864052350619],[-95.7104664051593,35.1863132343794],[-95.7117494061934,35.1861982343884],[-95.7123904062434,35.1862212345226],[-95.7126694056837,35.1861062345806],[-95.7126964060183,35.1858552346498],[-95.7124734064372,35.1854202343062],[-95.7124454060065,35.1849852339531],[-95.7126124056538,35.1849392345132],[-95.7128084057665,35.185168234314],[-95.7129754063447,35.1855572343292],[-95.7131424060069,35.1857172345342],[-95.7134214063565,35.185740234686],[-95.7142854068257,35.1853512346204],[-95.7148154062031,35.1850762344532],[-95.7149824067315,35.1847782341381],[-95.7157624069256,35.1847092345027],[-95.7161804065184,35.1846182338665],[-95.7170454070405,35.1843202335173],[-95.7173234073205,35.1840222340961],[-95.7174074076021,35.1837942334287],[-95.7181244075528,35.1834512337013],[-95.7181914070873,35.1837932333441],[-95.7196944075402,35.1837932332707],[-95.7204744077294,35.183655234038],[-95.7211714085578,35.1834032331288],[-95.7212544079169,35.1834952337869],[-95.7212544079268,35.1836322338344],[-95.7214224085265,35.1836782332579],[-95.7219794082833,35.1837692338466],[-95.7224814081891,35.1838842337503],[-95.7230394088866,35.1839062338423],[-95.7234014085821,35.1838382333744],[-95.7235404087412,35.1839522332495],[-95.7242374086968,35.1840662330976],[-95.7248234089124,35.1843412332103],[-95.7258544090553,35.1842722335627],[-95.7269414099865,35.1840652338184],[-95.7271644095212,35.1838592332634],[-95.7273874099701,35.1838592332525],[-95.7275284102185,35.1839252336033],[-95.7277784101293,35.184042233612],[-95.7280294100864,35.1841562334818],[-95.7281404098446,35.1842482332391],[-95.7283914098,35.1843392329434],[-95.7286984105471,35.1843392329284],[-95.7288654101911,35.1842482332037],[-95.7289764099311,35.1840872329389],[-95.7294504103271,35.1840642336496],[-95.7296174099695,35.1839502328601],[-95.7298684107943,35.1836292332747],[-95.7299794105277,35.1833772332934],[-95.7300914102876,35.182851233217],[-95.7303694105592,35.1824392330145],[-95.730843410942,35.1822332324472],[-95.7307594106637,35.1825072325464],[-95.7307044108161,35.1825762330457],[-95.7306764104435,35.1829422329049],[-95.7320984107489,35.1831022330486],[-95.7332694110822,35.182941232732],[-95.7349414112303,35.1822772324855],[-95.7356654114955,35.181796232664],[-95.7361394119098,35.1820252324511],[-95.736529412006,35.181979232101],[-95.7367244120458,35.181841232897],[-95.737616412018,35.1814982322618],[-95.7386194126394,35.1811312323086],[-95.7407374127925,35.1805582317569],[-95.740821413084,35.1804662319899],[-95.7417144130943,35.1800082323257],[-95.7429124137555,35.1795042314161],[-95.7445564134994,35.1787712315738],[-95.7450024143789,35.1785192315762],[-95.7451534141773,35.1783872317527],[-95.7462554139504,35.1774202309958],[-95.7468684144739,35.1770762312272],[-95.7474814141064,35.1768472313869],[-95.748401414491,35.1766862310826],[-95.7497114149684,35.1764342310428],[-95.7502774151203,35.1762182309074],[-95.751429415453,35.1757982302918],[-95.7524614156289,35.1755462302655],[-95.7542554160789,35.1754382305737],[-95.7551094161086,35.1753872308688],[-95.7560014169901,35.1751822303273],[-95.7566424170168,35.1748842299891],[-95.7570604165963,35.1746102298736],[-95.7575904168597,35.1741522302271],[-95.7580084173436,35.1739472297089],[-95.7591234168586,35.1735122301993],[-95.7599324174982,35.1734442297095],[-95.7600714176374,35.1732842294897],[-95.7607684175731,35.1731242301419],[-95.7628314178686,35.1724842291889],[-95.7634444184005,35.1722552293486],[-95.7658974187888,35.1715242295594],[-95.7661484187227,35.171318229003],[-95.7665114193571,35.1711582287722],[-95.7680994192616,35.1712502293567],[-95.7685734196725,35.1714332288129],[-95.7694374201995,35.1718452289595],[-95.7695204195719,35.1721202290969],[-95.7700284197711,35.172444228784],[-95.770775420273,35.1729222292941],[-95.7713044205564,35.1733792288425],[-95.7715274201126,35.1734712294938],[-95.7723084203531,35.1734032290053],[-95.7733394205257,35.1737462295466],[-95.773450421175,35.1737232293756],[-95.7735904213837,35.1738842296281],[-95.7747044209188,35.1743652293598],[-95.7750944210381,35.1746392294358],[-95.7750944210614,35.1749602290089],[-95.7748714215102,35.1749372297536],[-95.7746204215531,35.1748222289383],[-95.7745094208972,35.1747542293927],[-95.7742304214486,35.17475322936],[-95.7741474212035,35.1748452291269],[-95.774202421066,35.1749822291717],[-95.7745374213478,35.1754632298408],[-95.7749264214541,35.1761962295838],[-95.7749544218697,35.1764242293464],[-95.7754284213929,35.1767682299612],[-95.7764034216666,35.1771112296058],[-95.7771844219451,35.1775692300876],[-95.7776294219238,35.1779362299699],[-95.7789674228849,35.1788512299987],[-95.7800544229715,35.1794012302283],[-95.7802214235446,35.1797212297469],[-95.7807784233363,35.1802942301679],[-95.7809184235383,35.180362229712],[-95.7810014238051,35.1805682302521],[-95.7809454230101,35.1806142296865],[-95.7801934232003,35.1804772305751],[-95.7785764228072,35.1797902303239],[-95.7767374220247,35.1792862304622],[-95.7764034218077,35.1790572297689],[-95.7762634224981,35.1788962304157],[-95.775511421799,35.1788962304524],[-95.7754274214312,35.1779352300312],[-95.7753724215719,35.1778432302712],[-95.7752884221516,35.1775462300147],[-95.7750934220852,35.177317230214],[-95.7742574210464,35.1767452298528],[-95.7736724208308,35.1758292297409],[-95.7735334215711,35.1757152298657],[-95.7731994213705,35.1757142298357],[-95.7731154210873,35.1759202294846],[-95.7728644212182,35.177019230016],[-95.7728354208457,35.1780262298744],[-95.7727514214751,35.1784152299019],[-95.7726124213343,35.1785522299562],[-95.772389420882,35.1785062305354],[-95.7722224212165,35.1783002299994],[-95.7721384208968,35.178003229743],[-95.7721114204561,35.1767902302425],[-95.7719724211797,35.1764462296113],[-95.7718054206216,35.1763322297375],[-95.771359420628,35.1764002302096],[-95.7709684204987,35.176629230039],[-95.7704394202866,35.1771552301357],[-95.7704104207752,35.1776362299232],[-95.7708564208235,35.1783232302317],[-95.7714694205075,35.1788042299879],[-95.7724444208044,35.179468230105],[-95.7734204211328,35.1799262305772],[-95.7743394215389,35.180704230579],[-95.7745904215291,35.1812762309686],[-95.7745904215424,35.1814592304478],[-95.7747014222099,35.1816882302527],[-95.7748404223872,35.1820542310031],[-95.7748964222879,35.1820772302666],[-95.7749524222001,35.1822602306424],[-95.7753424223263,35.1826272305274],[-95.7758164218495,35.1829702310959],[-95.7766524228734,35.1833372309591],[-95.7778784230923,35.1836342311598],[-95.778937422755,35.183841230799],[-95.7802204238053,35.1839552306183],[-95.7818364241024,35.1839562305856],[-95.7824224242929,35.1838872309597],[-95.7831744240713,35.1835902306624],[-95.7837884246428,35.1832702302063],[-95.7845684248252,35.1830412303578],[-95.7854884252212,35.1830412303129],[-95.7867424249368,35.1832932302273],[-95.7877744251408,35.1834302302243],[-95.789836426387,35.1841402306193],[-95.7907284263922,35.1842552305039],[-95.7918434268364,35.1842322302839],[-95.7931264269958,35.1844612300314],[-95.7935994273603,35.1846442303868],[-95.7945474272629,35.1847362301032],[-95.7969444278416,35.1852402299376],[-95.7981434286054,35.1855132299277],[-95.8012664286709,35.1859262300101],[-95.8025764291697,35.1859712302307],[-95.8055594299307,35.1862922296579],[-95.8065904301035,35.1866392303843],[-95.8066464309032,35.1866582303618],[-95.8071204303981,35.1866122300076],[-95.8075944307824,35.1864292296058],[-95.80870943117,35.1856282293392],[-95.8094894313507,35.1853772293715],[-95.8101024309897,35.1852392292477],[-95.8103534309384,35.1852392292354],[-95.8106324312896,35.1852852295529],[-95.8106884312035,35.1854912291949],[-95.8107714314603,35.1855602296873],[-95.8111344312003,35.1854682299068],[-95.8113854320334,35.1852622293505],[-95.8115244312798,35.1851932297464],[-95.8117474317287,35.1851932297355],[-95.812472432085,35.1853312297939],[-95.8146464321731,35.185262229191],[-95.8157894329981,35.1849872289937],[-95.8184374334789,35.1848502288167],[-95.8204724343189,35.1848272285516],[-95.8215314339763,35.1849642285472],[-95.8220884346239,35.1849412292538],[-95.8242914351542,35.1848262292177],[-95.8251554347701,35.1850782291512],[-95.8272734358835,35.1853522291426],[-95.8279984362297,35.1853522291071],[-95.8292524359185,35.1852382282645],[-95.8300344362085,35.18521522896],[-95.8313444366639,35.1846652286133],[-95.8330724376263,35.1842302281744],[-95.8348844380074,35.1840692278265],[-95.8362504384051,35.1841152280906],[-95.837365437963,35.1842752282491],[-95.8386724383238,35.1843382284039],[-95.8382804381364,35.1844032278351],[-95.8372804385344,35.1845032280172],[-95.8359804376252,35.1848032284802],[-95.8344804373338,35.1851032280537],[-95.8330804371759,35.1853032283885],[-95.8318804373068,35.1856032288467],[-95.8307804366647,35.1857032290336],[-95.8295804367884,35.1859032284593],[-95.8282794358328,35.1862032289224],[-95.8273794354867,35.1865032293658],[-95.8265304356996,35.1866992285891],[-95.8241794354908,35.1866802287238],[-95.8222844348396,35.1865892291001],[-95.8207794342995,35.1866582296704],[-95.8204724344651,35.1868412291646],[-95.8204164336818,35.1870472297114],[-95.8204444341024,35.1873442290712],[-95.8206674345647,35.1875272294389],[-95.8211134345747,35.1876872296301],[-95.8220894348913,35.1879852298891],[-95.8233694348995,35.1880492291923],[-95.8232794352263,35.1881032289988],[-95.8224794350283,35.1885032295705],[-95.8219794343389,35.1887032298612],[-95.8212794342816,35.1891032295287],[-95.8204794340764,35.1894032299673],[-95.8197794340119,35.1897032295016],[-95.8190794339547,35.1901032300685],[-95.8177794339739,35.1908032301647],[-95.8168794336351,35.1912032307413],[-95.81587943317,35.1918032306898],[-95.8155954335044,35.1920062302095],[-95.8155664330593,35.192013230535],[-95.8148424327694,35.1921512306643],[-95.812751432908,35.1918762306253],[-95.8105214319667,35.1911902304506],[-95.809294431688,35.1907092307246],[-95.8088204312954,35.190778230345],[-95.8084584316051,35.1909152304103],[-95.8069524310119,35.1908932303647],[-95.8055864306158,35.1908702311654],[-95.8052244300278,35.1910302304968],[-95.8051684301338,35.1910992309961],[-95.8052244300494,35.1913282308036],[-95.8056144301721,35.1916482312106],[-95.8059214309307,35.1918082305093],[-95.8063674309525,35.1921292309598],[-95.8082354313624,35.1937542314581],[-95.8089604317453,35.1942572313279],[-95.8095734314092,35.1944632309427],[-95.809963431512,35.1945092312546],[-95.8115804327379,35.1942802313652],[-95.8116394327767,35.1942892308797],[-95.8113794324189,35.1944042308207],[-95.8102794317985,35.1948042314071],[-95.8094104319878,35.1950652309428],[-95.808513431727,35.1946232312076],[-95.8077894313789,35.1939602311247],[-95.8071474312561,35.1935712311328],[-95.8065904305752,35.1931362308058],[-95.8048624303906,35.1919002312232],[-95.8045834300195,35.1915802308108],[-95.8041094304946,35.1912132309299],[-95.8038364304156,35.1910832312198],[-95.8037744302361,35.1910532307333],[-95.8021574298896,35.1910072313806],[-95.8008754288806,35.1908242310649],[-95.7988964288006,35.1903212312564],[-95.7975584288085,35.1903662307072],[-95.7956334276884,35.190595231511],[-95.793403427716,35.1908692317152],[-95.790448426498,35.191144232001],[-95.7894174263685,35.191395231981],[-95.7882464260452,35.1916922313995],[-95.7870474262122,35.1918522316711],[-95.7854024254764,35.1919442324137],[-95.7838974249443,35.1921262319203],[-95.7837854251547,35.1922412318541],[-95.7838134246678,35.1924242322313],[-95.7845664254232,35.1925612322419],[-95.7846774251898,35.1927672318812],[-95.7845654253985,35.1928592325489],[-95.7840364251582,35.1929962326222],[-95.7840084247807,35.1932942320311],[-95.7838134247342,35.1933392323254],[-95.7830604248698,35.1930882324328],[-95.7826144248779,35.193179232171],[-95.7819604242491,35.1934862320272],[-95.7814784243448,35.1930042322185],[-95.7803784245219,35.19200423184],[-95.7803784245147,35.1919042326063],[-95.7802784243666,35.1918042324779],[-95.7798784237743,35.1914042319649],[-95.7794784240669,35.1908042320849],[-95.7788784231857,35.1903042323478],[-95.7784784234928,35.1899042318348],[-95.7776784232149,35.1892042318412],[-95.7770784232331,35.1887042321041],[-95.7763784230959,35.1880042321056],[-95.7756784229588,35.1873042312078],[-95.7751784222185,35.1868042314658],[-95.7745784222149,35.1860042313292],[-95.7741784216226,35.1856042317155],[-95.7735784216336,35.1850042309459],[-95.7729784216517,35.1845042312087],[-95.7721784213665,35.1837042310819],[-95.7716784215183,35.1831042312068],[-95.7712784209188,35.1826042305606],[-95.7708784212259,35.1822042309468],[-95.7705324204375,35.1817722307482],[-95.7704784206263,35.1817042311999],[-95.7702784203157,35.1813042306771],[-95.7699784207709,35.1810042302923],[-95.7697784204675,35.1807042308019],[-95.7693784207673,35.180204231055],[-95.7690784203086,35.1797042304039],[-95.7688784200125,35.1795042301473],[-95.7684784203123,35.1790042304004],[-95.7676774199953,35.1784042305399],[-95.767077420028,35.1781042301698],[-95.7660774194902,35.1777042305853],[-95.7654774195301,35.1775042303483],[-95.7639774191876,35.1771042298889],[-95.7625774181011,35.1769042305904],[-95.7618774180075,35.1768042304914],[-95.7614774183435,35.176804230511],[-95.7612774180619,35.1768042305207],[-95.761177417921,35.1768042305256],[-95.7604774178347,35.1768042305598],[-95.7599774180227,35.1767042304511],[-95.7595774174594,35.1767042304706],[-95.7590774176547,35.1767042304951],[-95.7585774169506,35.1767042305195],[-95.7579774170051,35.1767042305488],[-95.7577774167307,35.1768042306917],[-95.7568774172693,35.1769042308689],[-95.7566774169949,35.1770042310118],[-95.7562774164389,35.1771042302652],[-95.755977416923,35.177204230413],[-95.754712416801,35.1783842311468],[-95.7542524161837,35.1788042308293],[-95.7518784159658,35.1809742315866],[-95.7502774156155,35.1830502324508],[-95.7495754154845,35.1837152317967],[-95.7485794153412,35.1861982325887],[-95.7480264149878,35.1877222330263],[-95.7471024154048,35.1890922335468],[-95.7458254147413,35.190478233926],[-95.7439014146523,35.1918882336493],[-95.7433834149267,35.1920902340335],[-95.7422934138723,35.1925152339782],[-95.7400004136775,35.1928112343046],[-95.7362864123241,35.1929452343948],[-95.7351784121937,35.1928212350034],[-95.7342104122615,35.1927122345008],[-95.7319284116374,35.1924562344513],[-95.7297744106431,35.1920512346918],[-95.729041410807,35.1918042349832],[-95.7277954105507,35.1913852345312],[-95.7277474101224,35.1913702347384],[-95.7276744103327,35.1913482346228],[-95.7275414104567,35.1912992350586],[-95.7269734101825,35.1911082343374],[-95.7267204101348,35.1910232349111],[-95.7242644094882,35.1901172344541],[-95.722150408532,35.1894612347631],[-95.7189674083671,35.1888532346486],[-95.7182784078949,35.1889002350596],[-95.7172044075567,35.1889722348482],[-95.7161644070193,35.1893582347835],[-95.7147874071556,35.1913162355696],[-95.7136324068719,35.1943312358189],[-95.7123894069885,35.1971362362425],[-95.7098324064623,35.2004722370328],[-95.7082704060694,35.2018252376967],[-95.7071604058901,35.2023072375835],[-95.7037754054017,35.2024042377433],[-95.6971754033447,35.2030042379656],[-95.6934474023114,35.2041102389911],[-95.6912124021274,35.204674239132],[-95.6893984016596,35.2049302393817],[-95.6879284009457,35.2050332388263],[-95.6868314004324,35.2049992391045],[-95.6857544008349,35.2048042391222],[-95.6843244001457,35.2044712390635],[-95.6829153995328,35.2041622392154],[-95.6812903996873,35.2037492390596],[-95.6806923989238,35.2035952391536],[-95.6799873985959,35.2034652394646],[-95.6798303985132,35.2035132389966],[-95.6791143986102,35.2038752396036],[-95.6786323987904,35.2045592398186],[-95.6781973984797,35.205623239638],[-95.677468398927,35.2067272395251],[-95.6767013984839,35.2074522398536],[-95.6755143983309,35.2079342406434],[-95.6744433981656,35.2084732404692],[-95.6741963975351,35.2089162403069],[-95.6742343975268,35.2093032402358],[-95.6745953981142,35.2097722403481],[-95.6752813984797,35.210168240662],[-95.6765343981499,35.210428240947],[-95.6774943986186,35.2106472402474],[-95.6791083988698,35.2112872410208],[-95.6804963994626,35.2123452404733],[-95.6814723998408,35.2134842409981],[-95.6823394005887,35.21501824093],[-95.6827744001779,35.2164042412256],[-95.6809744006747,35.2210042420432],[-95.6768743996728,35.2248042437068],[-95.6720733984434,35.2273042436735],[-95.6650733967941,35.228904244348],[-95.6649953967761,35.2289302446562],[-95.6574733952643,35.231404245351],[-95.6507723932152,35.234704246476],[-95.6432723918986,35.2382042470073],[-95.6358743898885,35.2413242479269],[-95.6349723903543,35.2417042484771],[-95.6315723893513,35.2443042494079],[-95.6280713881538,35.2468042493111],[-95.6252713878724,35.2477042497474],[-95.6251713877242,35.2476042496191],[-95.6249713874498,35.247704249762],[-95.6246713879338,35.2478042499099],[-95.6242713873849,35.2480042501958],[-95.6231713876486,35.248204250516],[-95.6223713874282,35.248304249789],[-95.6210713865181,35.2486042502521],[-95.6195713862255,35.2489042507251],[-95.6182713862075,35.2491042501557],[-95.6166713857813,35.2495042507667],[-95.6156713852865,35.249704251082],[-95.614771384918,35.249704251126],[-95.6139713855897,35.2497042511652],[-95.6133713847445,35.2497042511946],[-95.6127713847986,35.2497042512239],[-95.612471384376,35.2497042512386],[-95.6120713847191,35.2498042513914],[-95.6115713849141,35.2498042514159],[-95.6112713844915,35.2498042514306],[-95.610871383928,35.2498042514501],[-95.6102713839748,35.2497042513463],[-95.6091703841484,35.2493042508675],[-95.60807038344,35.2485042507553],[-95.6071703830278,35.2479042508996],[-95.6060703832187,35.2471042507874],[-95.6052703829184,35.2461042503941],[-95.6046703820004,35.2451042508904],[-95.6040703819818,35.2441042504873],[-95.6036703822377,35.2430042499413],[-95.6035703820024,35.2417042500135],[-95.6033703816261,35.2404042500907],[-95.6034703816944,35.2394042496533],[-95.6039703814122,35.2382042489301],[-95.6045703821702,35.2370042491013],[-95.6052703821916,35.2361042487678],[-95.6067703824333,35.2351042482619],[-95.6077703820143,35.2347042485796],[-95.6087703825019,35.2344042481312],[-95.6101703826536,35.2341042485625],[-95.6117713831262,35.2337042479515],[-95.6134713836787,35.2331042479686],[-95.6154713846393,35.2323042477048],[-95.6172713844261,35.2316042475838],[-95.6181713847655,35.2312042470071],[-95.6188713848304,35.2309042474727],[-95.6198713853034,35.2304042467579],[-95.6201713857115,35.2302042473762],[-95.6206713854875,35.2298042468191],[-95.6217713860868,35.2291042467324],[-95.6226713855051,35.2284042466554],[-95.6229713858914,35.2279042468742],[-95.6229713858769,35.2277042466078],[-95.6229713858696,35.2276042464746],[-95.622471385854,35.2247042462343],[-95.6215713854275,35.2239042461122],[-95.6208713852899,35.2232042461134],[-95.6194713841446,35.2222042457494],[-95.6180713839348,35.2217042451519],[-95.6168713840214,35.2214042457104],[-95.6153713836925,35.2212042455173],[-95.6140713827533,35.2211042454477],[-95.6128713828615,35.2211042455063],[-95.6097233816292,35.2206162455498]],[[-95.7692414204086,35.1760562296751],[-95.769240420417,35.1768122296027],[-95.76943542048,35.1769952299718],[-95.7696864204304,35.177018230125],[-95.7698534200727,35.1769032301886],[-95.7701324203908,35.1764922300324],[-95.7702444201523,35.1759882300752],[-95.7702444201224,35.1755762298863],[-95.77010541996,35.1754162296801],[-95.769687420369,35.1755302295825],[-95.7694084200393,35.1757822295719],[-95.7692414204086,35.1760562296751]],[[-95.8090994314605,35.1882602297667],[-95.8093504314159,35.1883522304165],[-95.8104374314525,35.1882142302695],[-95.8106604319114,35.1883522303525],[-95.8114964320175,35.1884662301935],[-95.8120264323175,35.1885122295993],[-95.8136984324966,35.1882832297072],[-95.8153994331562,35.1885352295998],[-95.8163754334479,35.1884892301203],[-95.8173224332773,35.1882142299327],[-95.8179354338024,35.1878942294766],[-95.8181864337378,35.1877112299851],[-95.8181864337229,35.187505229441],[-95.8178804339016,35.1872302293147],[-95.8175454336481,35.1871382295683],[-95.8166814331428,35.1870242297286],[-95.8135594322595,35.1870932294786],[-95.810967431651,35.1868642297951],[-95.8099634309586,35.1868872300098],[-95.8094894314719,35.187047230246],[-95.8090714309933,35.1873222304078],[-95.8089324308575,35.1875282300593],[-95.808904431376,35.1877802300365],[-95.808987431636,35.1878942299144],[-95.8090154311558,35.1881692300544],[-95.8090994314605,35.1882602297667]]]},"properties":{"OBJECTID":4168,"COUNTYFP10":"121","FULLNAME":"Eufaula Lk","MTFCC":"H2030","Shape__Area":44097578.16015625,"Shape__Length":97392.39308279623}},{"type":"Feature","id":4169,"geometry":{"type":"Polygon","coordinates":[[[-95.5988613719247,35.1251032288843],[-95.619710377415,35.1251032278707],[-95.6252713789975,35.1251032276003],[-95.6268463791927,35.1251072277089],[-95.6271803794192,35.1254652271803],[-95.6276823793128,35.1254082272149],[-95.6278493798603,35.1253742274313],[-95.6282943798134,35.1253852279189],[-95.6283633803403,35.1257332278396],[-95.6285413796384,35.1262412279681],[-95.6289433803263,35.1266822276816],[-95.6291213805111,35.1270152278018],[-95.6294113804969,35.1273902280624],[-95.62974938,35.1276162277175],[-95.6301353808203,35.1277112276005],[-95.6314713807256,35.1277382278862],[-95.6315373810999,35.1278992281425],[-95.6313283804191,35.1281532282212],[-95.6311833809018,35.128326228144],[-95.6311523812918,35.1287272278253],[-95.6311673810944,35.1288152283015],[-95.6312233810001,35.1289072280617],[-95.6312793809073,35.129021227941],[-95.6313343807666,35.1291142277475],[-95.6313083814404,35.130236228434],[-95.6310013807181,35.130581228234],[-95.630639381087,35.1315432287237],[-95.6303333813301,35.1321622286189],[-95.6303063810021,35.1325062283591],[-95.6301113809969,35.1331252291482],[-95.6299443804716,35.1334682288488],[-95.6293883808123,35.1340872287561],[-95.6289143805004,35.1352792291081],[-95.6289433809889,35.1358752297207],[-95.6290263812522,35.1360352290305],[-95.6290263812572,35.1361042295271],[-95.6291373810155,35.1361962292845],[-95.6291943809692,35.1363112292101],[-95.6303643813459,35.1373892296],[-95.63095038156,35.1376422295937],[-95.631340381663,35.1376882299058],[-95.6320663820578,35.137712229183],[-95.6329303816743,35.1379662292095],[-95.6344083827571,35.1378312291826],[-95.635133382216,35.1379922294067],[-95.6351333822259,35.1381302295006],[-95.6344653827505,35.1384972294374],[-95.6338253819019,35.1392302301302],[-95.6334643822412,35.139139229532],[-95.6330743821416,35.1391392295509],[-95.6330743821582,35.1393692294077],[-95.6332133823155,35.1394602300168],[-95.6333533825309,35.1397122299859],[-95.633325382155,35.1400342296068],[-95.6329363821181,35.1402622302892],[-95.6327963819425,35.14056122975],[-95.6328533819258,35.1410872298184],[-95.6329923820899,35.1412712302366],[-95.633075382345,35.1413172305637],[-95.6331033818515,35.1414092303251],[-95.6336333821798,35.1418452298009],[-95.6336053826932,35.1420282301809],[-95.6328263825353,35.1419602306679],[-95.6325473822022,35.1421672303726],[-95.6324093821259,35.1425562304029],[-95.6324373825812,35.1433352304949],[-95.632521382,35.1436112306787],[-95.6326893826211,35.1439542303629],[-95.6327163820912,35.1441842311177],[-95.632883382661,35.1444592303517],[-95.6334313829287,35.1449492305281],[-95.6334973823964,35.1450092306048],[-95.6338033831071,35.1451462306375],[-95.6343043829831,35.1454892312049],[-95.6343863832694,35.1466092308942],[-95.6344403830873,35.1467692311047],[-95.6344403830956,35.146884231033],[-95.6346353831651,35.1471572310724],[-95.6347453828902,35.1474322312086],[-95.634829383195,35.1475242309673],[-95.6350793831321,35.1480042315945],[-95.6356353837864,35.1487112310254],[-95.6356903836507,35.1488722312821],[-95.6359403835746,35.1491692315306],[-95.6359683839836,35.1493062315768],[-95.6360243838876,35.1493742311251],[-95.636134383616,35.1496952315923],[-95.6363573840847,35.1499682316304],[-95.6364133839953,35.150129231887],[-95.6364963833544,35.1502202315995],[-95.6365233837221,35.1504262312431],[-95.6362443833757,35.1504482313759],[-95.6360493833176,35.1503332314571],[-95.635882383662,35.1502652319142],[-95.6355743837709,35.1503092312683],[-95.635435383635,35.1505152318193],[-95.635434383621,35.1509642319228],[-95.6354343836315,35.1511092314414],[-95.6356013833103,35.1514992315032],[-95.6359063839861,35.1517952317027],[-95.636212383814,35.1521612315459],[-95.6362123838206,35.1522522321617],[-95.6362393841833,35.1523902322543],[-95.6357933841763,35.1522742323013],[-95.6352073839506,35.1518622321408],[-95.6348173838525,35.1518832322327],[-95.6344543832311,35.1522262319429],[-95.6343423834463,35.152409232327],[-95.6343143830636,35.1526372320925],[-95.6342293836299,35.1527972323098],[-95.6342293836729,35.1533922319781],[-95.6343673838136,35.15389423273],[-95.6347003840025,35.1543742324539],[-95.635174383529,35.154762232408],[-95.6352843841535,35.1550372325442],[-95.6356463838738,35.1553112326217],[-95.6363423837897,35.1555162321864],[-95.6376223847065,35.1556992325027],[-95.6384303844139,35.1558132323453],[-95.6386253844735,35.1559492323371],[-95.638959384699,35.1562922329127],[-95.6393763851729,35.1565892322537],[-95.6399613853372,35.1567942327231],[-95.6410183858115,35.1570682327668],[-95.6416303854293,35.1572742323818],[-95.6422993858902,35.1574562326816],[-95.6432163861987,35.1581652330867],[-95.6435513864606,35.1583702326689],[-95.6436903866229,35.1585302328753],[-95.6441903864443,35.158758232615],[-95.6454713865115,35.158987232363],[-95.645805386722,35.1591232332473],[-95.6465013866164,35.1590312325512],[-95.6467793869263,35.1591452324198],[-95.6470863867741,35.1591452324048],[-95.6473363875693,35.1590532326298],[-95.6476983872731,35.1590992329432],[-95.6498143883111,35.1596002326531],[-95.6498973876702,35.1596922324118],[-95.6498413877778,35.1597832330304],[-95.6486993878813,35.1598282324715],[-95.648476387439,35.1599202331445],[-95.6476953871998,35.1600112328991],[-95.6472493872178,35.1602402327312],[-95.6465803867784,35.1603542326459],[-95.646079386927,35.1603542326703],[-95.645884386869,35.1602402327977],[-95.6452993867145,35.160171233229],[-95.6448253863216,35.160239232803],[-95.6441283863708,35.1601932334053],[-95.6435153867165,35.1601242329385],[-95.643097386221,35.16017023329],[-95.6427903863797,35.1602612330215],[-95.6423173860265,35.160238232879],[-95.6416203860791,35.1602382329129],[-95.6415643861867,35.1603302335778],[-95.6409513856264,35.1601692333483],[-95.6401433850279,35.1601692333876],[-95.6399483849897,35.1603292336103],[-95.639752385811,35.1605812335957],[-95.6390553849923,35.1609702336532],[-95.6385813855251,35.1614042339846],[-95.6381083851787,35.1614732336049],[-95.6380803847497,35.1610612334173],[-95.638024384844,35.1609692336571],[-95.637327384885,35.160809233478],[-95.6368533844722,35.16060223381],[-95.6362683842979,35.1602592332467],[-95.6353483838798,35.1599612338838],[-95.6350423840602,35.1597092330235],[-95.6347353842156,35.1597552333695],[-95.6345123837947,35.1601442334038],[-95.6344563839354,35.1606932336433],[-95.6341493841239,35.1611962335638],[-95.6339823835723,35.1611742334527],[-95.6338433843158,35.1611052338622],[-95.6338153839083,35.1609902339352],[-95.6335923834428,35.1607612341357],[-95.6332583841282,35.1605782337733],[-95.6329523833943,35.160120233268],[-95.6324223830826,35.159914233649],[-95.632673383901,35.1595022334477],[-95.6327023833811,35.1585872333517],[-95.6325643831345,35.1566182330289],[-95.6322293828627,35.1562752333528],[-95.6313663833091,35.156251233183],[-95.6313103824844,35.1558852333277],[-95.631394382766,35.1556562326139],[-95.6316173831885,35.155290232745],[-95.6316453826356,35.1545582330276],[-95.6315623823722,35.1543982328185],[-95.6314513825246,35.1530702324939],[-95.6313403827432,35.1526582323103],[-95.6310623824102,35.1522232319692],[-95.6307833820357,35.1518572321247],[-95.6305603824777,35.1517422322073],[-95.6298643825617,35.1515362325963],[-95.6298363821444,35.1512842317224],[-95.6298923820335,35.151147231672],[-95.6299213824129,35.1502312315297],[-95.6298653825089,35.1501622319351],[-95.6298653824974,35.150002231722],[-95.6294203816028,35.1494072320752],[-95.6293923820848,35.1491552321006],[-95.6292813814239,35.1490182320584],[-95.6291143817419,35.1485832317119],[-95.6290023819323,35.1484232315042],[-95.6289193816606,35.1481482313668],[-95.6288363813856,35.1478272317977],[-95.6283353814765,35.1470262316094],[-95.6282513811618,35.1467972318031],[-95.6281403814019,35.1466832310271],[-95.6276663809826,35.1463852316424],[-95.6271933815188,35.146224231406],[-95.6267033812835,35.1462972312124],[-95.6265803809768,35.1463162311987],[-95.6265243810413,35.1458122312495],[-95.6261903808209,35.1455372311243],[-95.6252713804434,35.1451582316084],[-95.6250473808349,35.1449862308506],[-95.6246563806672,35.1446862313693],[-95.624266380561,35.1445952307725],[-95.6235423802657,35.1446642313044],[-95.6229133798856,35.1448212314092],[-95.6226083801432,35.1449972314787],[-95.6226503793392,35.1442522311587],[-95.6228453793825,35.1441612314327],[-95.6236803803287,35.1440912308491],[-95.6239033798702,35.1439772309562],[-95.624265380437,35.1435192313177],[-95.6246553805119,35.1431752306606],[-95.6247663802536,35.1430382306076],[-95.6248103804789,35.142809230795],[-95.6248103804476,35.1423742304404],[-95.6246543803846,35.142054230921],[-95.624543379727,35.1419622302643],[-95.6245423796691,35.1418022309506],[-95.6239573794816,35.1412762309079],[-95.6237063795212,35.1411162307069],[-95.6233443798174,35.1410702303934],[-95.6224243794243,35.1411172308156],[-95.6218113788871,35.1412772310586],[-95.6214213787858,35.141254230912],[-95.6212263787311,35.1411862304712],[-95.6212793793829,35.1410842311421],[-95.6213933792662,35.1409802308182],[-95.6220343793081,35.1408882310241],[-95.6223683794956,35.1407052306293],[-95.6229813791053,35.1401552303164],[-95.6231763800296,35.1398122306144],[-95.6231083795394,35.1393302298857],[-95.6230643792745,35.1390112304071],[-95.6228403796421,35.1385072304661],[-95.6223943796336,35.1383702304403],[-95.6196083781327,35.1383032301718],[-95.6187733781006,35.1385782303539],[-95.6168773774332,35.138922230185],[-95.6160693777522,35.1391742302003],[-95.6149833777828,35.1396102306541],[-95.614064377464,35.1400452310534],[-95.612922376711,35.1406862311086],[-95.6116963765394,35.1410532310725],[-95.6110553765156,35.1413962316955],[-95.6107493767306,35.1416252315209],[-95.6102483760246,35.1422442314256],[-95.6097193766883,35.1424502310962],[-95.6095523761812,35.1430452316721],[-95.6094963763053,35.1433662312481],[-95.6094133760634,35.1435032312997],[-95.6094413764691,35.1435942319143],[-95.6093573761759,35.1436632315156],[-95.6093013762868,35.143800231566],[-95.60871737622,35.1443042315463],[-95.6080953762182,35.1452052319225],[-95.6080213763915,35.1453122323834],[-95.6078263763565,35.1455182320378],[-95.6075193756423,35.1459762325729],[-95.6074083759121,35.1462732319398],[-95.6072413762763,35.146479232492],[-95.6072133758886,35.1466392327066],[-95.6070463762545,35.1468682325251],[-95.6068243758899,35.1473952326535],[-95.6066023756276,35.1493412328284],[-95.606518376237,35.1494552327145],[-95.6063793761175,35.1498902330759],[-95.6059063758437,35.1509662334531],[-95.6057393762095,35.1511952332717],[-95.60562837558,35.1514922335379],[-95.6054613759492,35.1517672336875],[-95.6053223758396,35.1523392331972],[-95.6054063761973,35.1531632335713],[-95.6054613760599,35.1533012336625],[-95.6055173760018,35.1538962342276],[-95.6055183761159,35.1548342335885],[-95.6050723761519,35.1553152342959],[-95.6048503757857,35.1558192342586],[-95.6049063756996,35.1560252339008],[-95.6050453758553,35.1560932343443],[-95.6055463765977,35.1559792344379],[-95.6057693761358,35.1558182341676],[-95.6060203760268,35.1550172339427],[-95.6067163767811,35.1543762339093],[-95.6069113768375,35.1544672336163],[-95.6066333765739,35.1549942337473],[-95.6064383765984,35.1560242337799],[-95.6064393766844,35.1565732340165],[-95.6065783768551,35.1568482341513],[-95.6066903766597,35.1569392338623],[-95.6066903767143,35.1576952346896],[-95.6064123764506,35.1582212347742],[-95.6060223763774,35.1585882346976],[-95.6057993768475,35.1588622348036],[-95.6057713764665,35.1591142347809],[-95.6059653764737,35.159166234481],[-95.6061893769737,35.1592282346426],[-95.6066633764673,35.1591602350685],[-95.607053376557,35.1590222349557],[-95.6080843766606,35.1584042341722],[-95.6090593768801,35.1579912347886],[-95.6091713775857,35.1581062347115],[-95.609087377309,35.158403234077],[-95.6091993771219,35.1586092346157],[-95.6083353775518,35.1589992347277],[-95.6082523773116,35.1591592349449],[-95.6082523773579,35.1598002349444],[-95.6083363767666,35.1599372349879],[-95.6082523774107,35.1605322346604],[-95.6080573773625,35.1605552348355],[-95.6079743771058,35.1604872352885],[-95.6077513766452,35.1603272350862],[-95.6075283770972,35.1603502352626],[-95.6073333770622,35.160556234917],[-95.606553376972,35.1620672356637],[-95.6064703767466,35.1624332355258],[-95.6062473772382,35.1630052350396],[-95.6060803766997,35.1631652352608],[-95.6058853766748,35.1635092359084],[-95.6058573771964,35.1638062352712],[-95.6058853767194,35.1641272357424],[-95.606164377084,35.1643562355392],[-95.6078923772029,35.164675235835],[-95.6082273774665,35.1649042356291],[-95.6081433771766,35.1650192355615],[-95.6073913773929,35.1652482354086],[-95.6068343767713,35.1656372354593],[-95.6066113772663,35.1662552362034],[-95.6066683772976,35.1674452364368],[-95.6068083775908,35.1687732367601],[-95.6066963778027,35.1689102368131],[-95.6063623776152,35.1690932363087],[-95.6061393771944,35.1694832363894],[-95.6054713768757,35.1706272372264],[-95.6052763768523,35.1709932370939],[-95.6049143771634,35.1711542373709],[-95.6046633772328,35.1714062373591],[-95.6037163765131,35.1718182375943],[-95.6029083768486,35.1722992374201],[-95.6022393764406,35.1728492377356],[-95.6021003763129,35.1731692372693],[-95.6017383767315,35.1748172380433],[-95.6016553765277,35.1754812382123],[-95.6017393768574,35.1759162376635],[-95.6018503766355,35.1762822384154],[-95.6019623764749,35.1768542379128],[-95.6024363769059,35.1773122384099],[-95.6026043766509,35.1779752385204],[-95.6027993767355,35.1784562382972],[-95.6029673773551,35.1787762387153],[-95.6034023768764,35.1792292389827],[-95.6034223769142,35.1793622388442],[-95.6034693773174,35.1796692386662],[-95.6034693773472,35.1800812388553],[-95.6035813771618,35.1803102386602],[-95.6044453776941,35.1807902383581],[-95.6046963776646,35.1810882386529],[-95.6052543783771,35.1813162383898],[-95.6057563782749,35.1813162383653],[-95.606062378073,35.1812702389186],[-95.6062303777602,35.1811332388629],[-95.606285378494,35.1808812388843],[-95.6062293785568,35.1803542387695],[-95.6061733777437,35.1801492382744],[-95.6060893782934,35.1794392386818],[-95.6061173777833,35.1793022386328],[-95.6064513779608,35.178981238144],[-95.6067023779047,35.1789122385345],[-95.6068423781136,35.1790732387871],[-95.6068143786187,35.1791412383394],[-95.6069253783769,35.1792332380968],[-95.6068983780291,35.1793012385485],[-95.6070373781899,35.1794392386356],[-95.607093378175,35.1806292388689],[-95.6074293785363,35.1815672391127],[-95.6077353783676,35.1819792383875],[-95.6077913782815,35.1821852389289],[-95.6083773785221,35.1828032387343],[-95.6089353792414,35.1831232391333],[-95.6093533788525,35.1832832393261],[-95.6094373791656,35.1834892389668],[-95.6098273792952,35.1839012391368],[-95.60982737931,35.1841072387817],[-95.6099673795172,35.1842442388225],[-95.6100793793318,35.1844732395267],[-95.6103303793154,35.1849532392545],[-95.6105813793007,35.1854572391941],[-95.6110273793276,35.1858462391959],[-95.6113773802817,35.186003239253],[-95.6131193801839,35.1867832393077],[-95.6134813807887,35.1868522397866],[-95.6144583811191,35.1866912394796],[-95.6148483812022,35.1864622396501],[-95.614904381088,35.1862792392687],[-95.6146943803233,35.1860142396005],[-95.6146293808966,35.185881238842],[-95.6146803805247,35.1853412390196],[-95.6147363804188,35.1852722394196],[-95.6147913802498,35.1849742391098],[-95.6148473810349,35.1847912387284],[-95.6147913802151,35.1844942393698],[-95.6149023808577,35.1843792385368],[-95.6151813802949,35.1842192392094],[-95.6155433808666,35.1838302391681],[-95.6157383809097,35.1837382384966],[-95.6157943807856,35.1834172389206],[-95.6157663803699,35.1831892382586],[-95.6154873809029,35.1829372382962],[-95.6155703811332,35.1826392388845],[-95.6157103804361,35.182708238475],[-95.6162113811817,35.1826392388532],[-95.6163233809865,35.1827312386106],[-95.6162953806237,35.1832342385176],[-95.6163513805276,35.1833032390114],[-95.6167973814273,35.1833252382096],[-95.6171603811609,35.1831422387125],[-95.6174943813451,35.1829132388858],[-95.6180793814747,35.1826382387159],[-95.6194453818386,35.1822032382947],[-95.6198633814099,35.1818132382045],[-95.6199463816517,35.1816762381528],[-95.6203083822267,35.1813322383965],[-95.6209213818413,35.1808512376809],[-95.6210053821163,35.1805312381499],[-95.6211723817521,35.1803252375976],[-95.6212003821397,35.1801652382824],[-95.6215063819196,35.1798672379605],[-95.6218963820044,35.1796612373973],[-95.6221753823541,35.1796832375029],[-95.6223983818988,35.1796152379411],[-95.6223703823906,35.1795002380141],[-95.6219793822082,35.1789972372283],[-95.6220073816932,35.1787912375821],[-95.6222023817447,35.1788142377381],[-95.6229273821328,35.1793862372056],[-95.6234573824495,35.1796602372749],[-95.6236803829051,35.1797512378798],[-95.6241263828988,35.1796822373615],[-95.6245163829869,35.1795222371293],[-95.6252713829081,35.1792722372092],[-95.6252713829711,35.1801422379184],[-95.6247973825781,35.1802092374461],[-95.6244893827036,35.1804832375563],[-95.6243783829685,35.1807122373721],[-95.624267383245,35.1811012383004],[-95.624490382818,35.1814222378627],[-95.6252713830713,35.1815272381893],[-95.6252713830945,35.1818472377162],[-95.6239333830908,35.1817432383624],[-95.6234593826946,35.1817662376517],[-95.6234033828039,35.1818802384358],[-95.623404382885,35.1823612382221],[-95.6231253825353,35.1823382380702],[-95.622797382599,35.1821462381901],[-95.6227343823727,35.1821092382788],[-95.6223163827765,35.182155237731],[-95.621926382695,35.1824072386252],[-95.6215643821201,35.1827512383816],[-95.6207283820731,35.1834612389184],[-95.6205333820463,35.1837812384548],[-95.6197253814412,35.1836902387777],[-95.61930738185,35.1838052387265],[-95.619000382032,35.1842172389304],[-95.618889381386,35.1842862385332],[-95.6182203818392,35.1843092387313],[-95.6179973814101,35.1845842388837],[-95.6179973814167,35.1846752386002],[-95.6177473815523,35.1852022387298],[-95.6177753810688,35.1854312385388],[-95.6179983815327,35.1856372390721],[-95.617970381155,35.1859342393341],[-95.6172733812422,35.1864152391544],[-95.6171343811113,35.1866902393027],[-95.6171073817059,35.1873542394689],[-95.617023381416,35.1874682393551],[-95.6167453811591,35.1880862392025],[-95.61657838151,35.1881092393763],[-95.6157563812181,35.1888902396023],[-95.6155113815382,35.1887622399833],[-95.6150513809142,35.1890932400419],[-95.6144543810996,35.1889842395212],[-95.6141983809091,35.1888502396249],[-95.6137643805678,35.1888542398313],[-95.6137983803241,35.1885522393375],[-95.6136943808873,35.1884172393876],[-95.613236380331,35.1884022396148],[-95.6127233808284,35.1884852398853],[-95.6125033805212,35.1885222398104],[-95.6123973801424,35.1890792395232],[-95.6120203806371,35.1889622395207],[-95.6115703804751,35.18926824022],[-95.6111123800265,35.1907412400909],[-95.6110123799056,35.1910162402372],[-95.6107653801679,35.1913722405435],[-95.6104663798128,35.1916632405411],[-95.609933380301,35.1920082403521],[-95.6098673799505,35.1921772409851],[-95.6097863798221,35.1926002407881],[-95.6088533797211,35.1925892403243],[-95.6087073792499,35.192648240365],[-95.6085833798099,35.1928582411005],[-95.6078813796421,35.1930192404948],[-95.6069393791593,35.1934992411801],[-95.6064923791395,35.1938482411721],[-95.6063573792031,35.1942492408585],[-95.606153378735,35.1942362411659],[-95.6055393790281,35.1940842413531],[-95.6049273785296,35.1941372411388],[-95.603489378435,35.1947242414063],[-95.6033603787533,35.1947982412413],[-95.6030033784069,35.1950962415657],[-95.6030593783274,35.1953932418237],[-95.6032553784403,35.1956222416246],[-95.6033943786094,35.1958742415937],[-95.6033393787782,35.1961712418571],[-95.6030043785295,35.1961492417542],[-95.6027533785757,35.1960802412698],[-95.602335378042,35.1956002415502],[-95.6019723782884,35.1955082418051],[-95.6016653784522,35.1956692420794],[-95.6012203776304,35.1960812413909],[-95.600355378027,35.1966532418352],[-95.599965377949,35.1969512421613],[-95.599547377503,35.1976832418976],[-95.5995763779884,35.1982332421791],[-95.5997433776557,35.1984622419813],[-95.5999943776161,35.1986222421822],[-95.6006633780788,35.1988272426475],[-95.6008313778107,35.1993082424255],[-95.6010543782697,35.1994452424622],[-95.6014723778742,35.1995142420391],[-95.6014173780448,35.199834242468],[-95.6009713780609,35.2000402421347],[-95.6008033783755,35.2002012424023],[-95.6007483785527,35.2006132425939],[-95.6007773782183,35.2022612424493],[-95.600805378654,35.2027642432528],[-95.6010843781243,35.2030622426469],[-95.6022833788838,35.2032672430862],[-95.6024223790414,35.2033592428422],[-95.6026463786673,35.2037712430203],[-95.6032593792177,35.2037932431096],[-95.6039283787545,35.2036332428638],[-95.6043193789023,35.2036562430103],[-95.6043193789305,35.2040452430338],[-95.6042633790364,35.2041132434868],[-95.6036783788819,35.2040452430651],[-95.6025633784769,35.204618243568],[-95.6023123785478,35.2048922436754],[-95.6022843790696,35.2051902430844],[-95.602423379227,35.2052812436934],[-95.6023123786192,35.2058772434135],[-95.6024243793331,35.2061052431721],[-95.6026473788994,35.2063342438709],[-95.6026473789267,35.2067102432925],[-95.6026473789425,35.2069292435392],[-95.6025083788133,35.207227243853],[-95.6023973790733,35.2073872440715],[-95.6022853793034,35.2077762441005],[-95.6019513791176,35.2079822437616],[-95.6019513791575,35.2085322440445],[-95.6015893785825,35.2088752437546],[-95.6012263788522,35.209104244482],[-95.6006693791433,35.2096772440583],[-95.5999443788396,35.2102722446613],[-95.5991083787859,35.2108902445361],[-95.5988293784578,35.2111652446911],[-95.5982993781675,35.2112572444798],[-95.5981323785301,35.2114402448666],[-95.5981603780565,35.2118062447232],[-95.59838437859,35.2123322447833],[-95.598384378605,35.2125382444281],[-95.5980213779555,35.2124932450604],[-95.597408378306,35.2124932450903],[-95.5974603780381,35.2127492452489],[-95.597464378225,35.212768245229],[-95.5976313778823,35.2128592449374],[-95.5977433785863,35.2129512446948],[-95.597743378661,35.2139812456169],[-95.5984963785392,35.2144162450353],[-95.5987193789899,35.21443924519],[-95.5993053791775,35.214324245233],[-95.5995563791115,35.2141182446766],[-95.5999463791847,35.2137522447996],[-95.6001973791186,35.2135462451425],[-95.6005323793674,35.2135692452917],[-95.6010063788609,35.2135002447719],[-95.6012013789291,35.2137522447383],[-95.6011733794358,35.2138432453556],[-95.6010903791973,35.2140262448389],[-95.6009783794076,35.2141412447727],[-95.6008393792734,35.2143702454892],[-95.6008113788974,35.2146902450174],[-95.6009793795071,35.2148732453878],[-95.6013133797078,35.2148732453715],[-95.6021783793375,35.2146672447851],[-95.6026523797355,35.214667244762],[-95.602540379954,35.2148952454308],[-95.6020773791851,35.2151482454756],[-95.6020143798633,35.2151822452542],[-95.601538379392,35.2154492450485],[-95.6008703790041,35.2156352455987],[-95.6002863789244,35.2159602453856],[-95.6000643794413,35.2162382456767],[-95.600009378711,35.2165372451334],[-95.5998983789643,35.2166062456354],[-95.5960583781479,35.2179352461991],[-95.595891378504,35.2180292460626],[-95.5960323778817,35.2184892457691],[-95.5960533779587,35.2185232464429],[-95.5951643781208,35.2188062460988],[-95.5949273779271,35.2188792458928],[-95.5940853775691,35.2191372461876],[-95.5941093777702,35.2189632462246],[-95.5940253774686,35.2189172458976],[-95.5936353773638,35.2188472462731],[-95.5933563779085,35.2187562465702],[-95.5931603777922,35.218480246392],[-95.5931043778766,35.2182512465844],[-95.5929923771743,35.2181832461396],[-95.5930203775667,35.2180902463291],[-95.5927133777055,35.2179072459654],[-95.5926293773973,35.217770245922],[-95.593103377762,35.2173112462318],[-95.5931033777487,35.2171282458531],[-95.5930213775355,35.2170212462992],[-95.5929643775846,35.2169452463806],[-95.592880377278,35.2168302455571],[-95.5926283772562,35.2164632456651],[-95.5922933769859,35.2161432461546],[-95.5922093766761,35.2159832459456],[-95.5920703774096,35.2157772454082],[-95.5919293770829,35.2146312454176],[-95.5919013766339,35.2139442450885],[-95.5918173772185,35.2137152452822],[-95.5917053765111,35.2135772451939],[-95.5917053765044,35.2134852454311],[-95.5914263770274,35.2130962454212],[-95.5913973765736,35.2129822455406],[-95.5915363767111,35.2127982451089],[-95.5915083762422,35.2118362446383],[-95.5917033762638,35.211446244559],[-95.5917873765271,35.2109652447686],[-95.591702376161,35.2106672444658],[-95.5920363763417,35.2103922452073],[-95.5920643767243,35.2101632444962],[-95.5917023761078,35.2099332446573],[-95.5916743765897,35.209682244729],[-95.592371376534,35.2096362443639],[-95.5928443768905,35.2097032447448],[-95.5932343769786,35.2095432445127],[-95.5938203771712,35.2094962441067],[-95.5939033773964,35.2091302442447],[-95.5939593772871,35.2090152443136],[-95.5942663771317,35.2089692448669],[-95.5944893775774,35.2089232445249],[-95.5944893775674,35.208785244431],[-95.5947393774617,35.2086712445368],[-95.5950173768425,35.2083732442163],[-95.5952403772566,35.2078912443728],[-95.5955473770796,35.207548243766],[-95.5956303773148,35.2073192439516],[-95.5955473770297,35.2068602442886],[-95.5939283765246,35.2059212440612],[-95.5931463762142,35.2056692441235],[-95.5912493763547,35.2053932440283],[-95.5907743759087,35.205370243886],[-95.5900493755734,35.2055292440882],[-95.5893243752315,35.2055982437209],[-95.5890453757795,35.2055522443027],[-95.5884033756911,35.2056432440505],[-95.5866463751478,35.2056202439708],[-95.5851943743479,35.2054352444698],[-95.5846373745976,35.2054352444969],[-95.5841353738087,35.2055502444498],[-95.583828373969,35.2056632443005],[-95.583577374035,35.2058692439577],[-95.5830753741572,35.2061442441236],[-95.5826283741368,35.2064862446909],[-95.5820713735301,35.2070802443401],[-95.581597374063,35.2075152447178],[-95.5811223736236,35.2075832451913],[-95.5806483732157,35.2074462451669],[-95.580257373048,35.2071492449253],[-95.5800343734932,35.2070792443933],[-95.579532372658,35.2065532443467],[-95.5791133729821,35.2061402450311],[-95.5777183720564,35.204972244083],[-95.577551372384,35.2046732446372],[-95.5774383724999,35.2041242444061],[-95.5772713719315,35.203871244392],[-95.5770753718236,35.2037112441884],[-95.5759883717364,35.2031612439586],[-95.5758473714779,35.2029552443206],[-95.5758193719514,35.2025882444177],[-95.5761263717612,35.2020612442853],[-95.5761823716237,35.2015572443307],[-95.5760983722182,35.201466243719],[-95.5759033721551,35.2012832442491],[-95.5759033721435,35.2011232440361],[-95.5760423713817,35.2009392436043],[-95.5767393722255,35.2008942441848],[-95.5774923720622,35.2007562440542],[-95.5776593726056,35.2006642433839],[-95.5779103725313,35.2003442438447],[-95.5780773721671,35.2001382432924],[-95.5784683722916,35.1998402438657],[-95.5790813728255,35.1996342432916],[-95.5813403732599,35.1995652435841],[-95.5817023729489,35.1994052433533],[-95.5818133735784,35.1991072430408],[-95.5829293731505,35.1988102427257],[-95.5835143732818,35.1985582427212],[-95.5845743738525,35.1982372430964],[-95.5851033740583,35.1976192432366],[-95.5855773735421,35.1974132426693],[-95.5860233744186,35.1971152423405],[-95.586218374427,35.1965432428281],[-95.5867483737451,35.1954442422827],[-95.5869983744856,35.1945972417269],[-95.5869983744442,35.194025242224],[-95.5867753739786,35.1937962424245],[-95.5866353737614,35.1935212422899],[-95.5863013735393,35.1932242420455],[-95.5862733740178,35.1929262417398],[-95.5864963735361,35.1924922414207],[-95.5864953734665,35.1921712418475],[-95.5859383736946,35.1918742416139],[-95.5854643732685,35.1914852416136],[-95.5849343729334,35.190958241522],[-95.5849063734253,35.1908442416413],[-95.5850453735579,35.1905922416586],[-95.585463373131,35.1902262417802],[-95.5855193730118,35.1899742418015],[-95.5853243729437,35.1897222409358],[-95.5852963734339,35.1895852408895],[-95.5852123731291,35.1894932411308],[-95.585184373621,35.1893792412501],[-95.5848493733474,35.1890132414085],[-95.5846263728884,35.1888762413718],[-95.5846263728818,35.188784241609],[-95.5847663730575,35.1884862412951],[-95.5847103731071,35.1877772408481],[-95.584849373248,35.1876392407474],[-95.5850723728044,35.1877312413986],[-95.5851283736226,35.1880062406381],[-95.5853513731839,35.1881662408403],[-95.5857413732721,35.1880062406082],[-95.5860483731183,35.187983241327],[-95.586383373372,35.1880742410272],[-95.5867733734717,35.1880742410082],[-95.5868843732135,35.1879372409552],[-95.5874143734955,35.1877302412382],[-95.5876933738286,35.1875242406804],[-95.5879163742479,35.1871122404804],[-95.5881943736204,35.1867002402778],[-95.5885013743611,35.1866092405463],[-95.588612374121,35.186723240423],[-95.5887803738794,35.1875702409584],[-95.5888923746048,35.1879592409765],[-95.5891713740718,35.1882112409388],[-95.5900353745843,35.1884162404953],[-95.5904533742054,35.1887142407819],[-95.5907043750835,35.1891262409587],[-95.5907043751282,35.1897442407927],[-95.5905933744955,35.189996240774],[-95.5904263748713,35.1903622415394],[-95.5903703749888,35.1905912413525],[-95.5902033744537,35.1907972410056],[-95.5901753749654,35.1909572412201],[-95.5900363748212,35.1910492409897],[-95.590008374432,35.1911862410386],[-95.5899243750381,35.1912552415393],[-95.5898693742977,35.1914152417551],[-95.5897853749021,35.191461241191],[-95.5896743742661,35.1916672417406],[-95.5895903748738,35.1917582414612],[-95.5895903748855,35.1919192417206],[-95.5894793742394,35.191987241277],[-95.5894513747544,35.1921932418225],[-95.5893393749597,35.1922392412597],[-95.5893393749664,35.1923312419219],[-95.5892563747195,35.1923992414769],[-95.5891453750325,35.1932922414577],[-95.589256374799,35.1934982419965],[-95.58964737496,35.1937042416223],[-95.5896683750343,35.193700241436],[-95.5900653745546,35.1936352420046],[-95.5904273751396,35.1934292414428],[-95.5915983754123,35.1924222415282],[-95.5918763747997,35.1922152418235],[-95.5922113750054,35.191643241405],[-95.5927683756319,35.1913232409516],[-95.5942753753401,35.1908872413765],[-95.5947763760709,35.1906122412106],[-95.5949433757017,35.1903382411073],[-95.5956963764229,35.1899942413318],[-95.5958913764528,35.1897192411808],[-95.5958913763965,35.1889412402345],[-95.5969783764537,35.189078240229],[-95.5971453761011,35.1890322407892],[-95.5973403761328,35.18878124085],[-95.5975913760784,35.1887352405067],[-95.5977313762805,35.1888032409502],[-95.5984563766239,35.1887572405837],[-95.5990133772787,35.1888262401539],[-95.5996543773223,35.1887572405253],[-95.6004353775681,35.1887572404872],[-95.6006583771128,35.1886882399797],[-95.6011323775041,35.1885962401938],[-95.6022753774885,35.1891222402092],[-95.6025543778382,35.1891452403611],[-95.6031953778885,35.1891682404953],[-95.6037813780711,35.1889842400418],[-95.6038363779155,35.1888702401571],[-95.6044223781098,35.188847239963],[-95.6052303786818,35.1884802400193],[-95.6054813786158,35.1882742403622],[-95.6062053788566,35.1874502399488],[-95.6069573785723,35.1862822397953],[-95.607403378513,35.1854812395609],[-95.6072913786902,35.1851382398739],[-95.6068173782658,35.1847722391398],[-95.6067063785108,35.1847262397134],[-95.6064823789032,35.1845662395113],[-95.6058973787337,35.1842912393983],[-95.6046983779741,35.1840862389589],[-95.6041683776673,35.1839492389371],[-95.6036663777514,35.1836972389857],[-95.6030253776962,35.1836062393005],[-95.6026353775898,35.1835142395566],[-95.6023563772253,35.1832862389069],[-95.6017703770144,35.1830802392905],[-95.6010453766643,35.1830342389949],[-95.6005723772204,35.1831492398455],[-95.6003493767813,35.1832862390047],[-95.6002373770065,35.1836072394827],[-95.6001823771572,35.1836532398165],[-95.5986213767352,35.1839742394658],[-95.5980913764531,35.1841802400358],[-95.5967813759667,35.1843182401936],[-95.5953313752962,35.1846382397912],[-95.5950803753474,35.1846382398034],[-95.5946343753205,35.1842492398017],[-95.5947733754465,35.1839062401024],[-95.5947173755244,35.1835862396789],[-95.594606375766,35.1834942399215],[-95.5945503749429,35.1831512393325],[-95.5958043755137,35.182784239367],[-95.5960833758485,35.1826012398741],[-95.5963063753867,35.1824412396501],[-95.5965573753074,35.1820522396143],[-95.5966123760395,35.1817772394702],[-95.5965293757794,35.1816632395921],[-95.5963333756748,35.1815482396734],[-95.5960833757691,35.1815022393545],[-95.5950513755744,35.1815032394511],[-95.5949123754185,35.1814342389613],[-95.5949673752596,35.1812742396448],[-95.5952183752052,35.1812282393014],[-95.597197376136,35.18104423878],[-95.5987863760497,35.1806092392473],[-95.5995663762061,35.1800142386415],[-95.599845376511,35.1794182389132],[-95.5999003763372,35.1790522390526],[-95.5997893765673,35.178800239082],[-95.5990923757138,35.1787092385002],[-95.598897375649,35.1785032388648],[-95.5988693761261,35.1781832384399],[-95.5987853758196,35.1780682385156],[-95.5983393757943,35.1777022386794],[-95.5981433756699,35.1773132386654],[-95.5976143753996,35.177039238596],[-95.5965543756935,35.1768792384346],[-95.5964153755393,35.1768332381103],[-95.5962203754613,35.1764442380963],[-95.5962193753902,35.1761012384038],[-95.5973623753001,35.1755972383962],[-95.59775237536,35.1750472380942],[-95.5978633750803,35.1746122377343],[-95.5979193758042,35.1735822377085],[-95.5977513751797,35.1731932376931],[-95.5976403754164,35.1730332374854],[-95.5976123750073,35.1728962374391],[-95.5974723757044,35.1728272378487],[-95.596998375295,35.1726672376587],[-95.5965803748044,35.1727822376074],[-95.5963303749185,35.17301123743],[-95.5961903747395,35.1732632374128],[-95.5958283750703,35.173698237785],[-95.5954663744953,35.1740412383945],[-95.5950483749652,35.1750022379413],[-95.5950213746687,35.1757812380359],[-95.5951603748393,35.1760552381244],[-95.59518837527,35.1764902384776],[-95.5951053750314,35.1766732388603],[-95.5948263746999,35.1769022386843],[-95.5947703748108,35.177040238781],[-95.5944363746366,35.1774062386552],[-95.5943253748915,35.1774972383772],[-95.594352375251,35.177589239038],[-95.5942693750025,35.1776352384738],[-95.5942693750306,35.1780242384973],[-95.5941303748831,35.1780702388352],[-95.5935713750349,35.1780012383658],[-95.5920383740896,35.1780022384868],[-95.5914803742861,35.1779102387512],[-95.5894733738488,35.1780022386119],[-95.5890273738567,35.1780942392957],[-95.5886933736692,35.1782772387913],[-95.5883313731007,35.1787122391636],[-95.5878573736319,35.1791242393758],[-95.5877463729925,35.1792842395944],[-95.5877463730124,35.1795592397358],[-95.5878293732676,35.1796052391635],[-95.5878573736882,35.1799022394229],[-95.5875233734958,35.1800172393675],[-95.5874393732109,35.1802002397503],[-95.5873283734658,35.1802922395185],[-95.586296373286,35.1804982392137],[-95.5860463724957,35.180658239439],[-95.5859903726116,35.1808642399859],[-95.5857953725667,35.1809332395927],[-95.5855723730038,35.1807502401242],[-95.5852093723459,35.1805902399288],[-95.5849303728939,35.1805442396113],[-95.5848753721501,35.1806582394961],[-95.5846523726071,35.1807502401691],[-95.5843173723484,35.1805902399723],[-95.5843173723352,35.1804072395936],[-95.584624372155,35.1800182395551],[-95.5851813728014,35.1799722391969],[-95.5854043723627,35.1801322393992],[-95.585571372911,35.1801092392255],[-95.5858223728549,35.180040239616],[-95.5861573730789,35.1797202391734],[-95.5863803726005,35.179331239139],[-95.5864353724415,35.1791702397762],[-95.5864073728755,35.1782552387835],[-95.5861563729034,35.1779342392225],[-95.5861283724926,35.1777742390108],[-95.5862953730294,35.1775912395233],[-95.5865743724649,35.177408239131],[-95.5867413729934,35.1771102388158],[-95.5869083726094,35.1766302390676],[-95.5869363729871,35.1763322387593],[-95.5866853730332,35.1762632391742],[-95.5866573725248,35.1747532385131],[-95.5865173723028,35.1744092387812],[-95.5864893727881,35.1742042382846],[-95.5864063725296,35.1741122385259],[-95.5863783721255,35.1740432380306],[-95.5862663723175,35.1739062379885],[-95.5862943727117,35.1738372383898],[-95.5857093725042,35.1730362382057],[-95.5850673723811,35.1726472382134],[-95.5845663716139,35.1724192384737],[-95.5844543718092,35.172327237817],[-95.584565371551,35.172190237764],[-95.5849833719804,35.1712282381708],[-95.5854853718269,35.1705192376966],[-95.5854853717872,35.1699692374136],[-95.5853453715768,35.169786237941],[-95.5852613721596,35.1695342379692],[-95.5850943716014,35.1694202371959],[-95.5847873717105,35.1688252375424],[-95.5841743711072,35.1680702376907],[-95.5833663713997,35.167956237848],[-95.583310371489,35.1677952375913],[-95.5831433709258,35.1676122372208],[-95.5831433709142,35.1674522370076],[-95.5829193712983,35.1671772377764],[-95.5820833711817,35.1669262369881],[-95.5815543709013,35.166514237724],[-95.5813313704456,35.1664222370728],[-95.5804113700126,35.165919237212],[-95.5802993702013,35.1657362368387],[-95.5800483702359,35.1655072370405],[-95.5799093700817,35.1654612376155],[-95.5797973702771,35.1653702370051],[-95.5789053702746,35.1653012374513],[-95.5786823698239,35.1652782372966],[-95.5782093694708,35.1652562372004],[-95.5779863699227,35.1652782373305],[-95.5774283692481,35.1655762376647],[-95.5770383691731,35.1659192373762],[-95.5763143688958,35.166240237884],[-95.5755333695459,35.166194237591],[-95.5754493692511,35.1662402379261],[-95.5754503693536,35.1670182379732],[-95.575255369317,35.1672022375084],[-95.5749203690748,35.1672702379751],[-95.574781368934,35.1674082380757],[-95.5747813689439,35.1675452381233],[-95.5746693691557,35.1676822381764],[-95.5741683692977,35.1675912375849],[-95.5740843689913,35.1674762376606],[-95.5741123684696,35.1671792373985],[-95.5741953687131,35.1670642374661],[-95.5742233690809,35.1666292380095],[-95.5739443687229,35.1664922379754],[-95.5740563684896,35.1660572376153],[-95.5739443686733,35.1658052376448],[-95.5733583684675,35.1656682376257],[-95.573023368189,35.1652332372874],[-95.5722713683573,35.1647992370156],[-95.5722993678472,35.1646612378197],[-95.5725773681307,35.1644092369309],[-95.5728563684771,35.1643862376511],[-95.5730233681328,35.1644552372402],[-95.5735263680786,35.1644782373813],[-95.5736103683718,35.1644092368806],[-95.5736373686949,35.1639972375894],[-95.5739443685379,35.1639292371242],[-95.5746693689061,35.1642262373496],[-95.5750033691052,35.1642032371678],[-95.5752263686401,35.1639972375121],[-95.5753383693192,35.1637452366313],[-95.5753933691702,35.1637222373624],[-95.575393369162,35.1636082374804],[-95.575979369353,35.1635392369552],[-95.5763973689394,35.1633562365562],[-95.5769823690394,35.1626692370964],[-95.5774003694887,35.1619832367917],[-95.5774003694656,35.1616622363191],[-95.5770653692151,35.1616162369037],[-95.576313369443,35.1620062370102],[-95.5755043688079,35.1621432370972],[-95.5753933690529,35.1620972367715],[-95.575393369038,35.1618912371266],[-95.5759503687687,35.1616172370043],[-95.5761453687987,35.1613422368533],[-95.5764243691286,35.1610902368637],[-95.5772883696031,35.160769236349],[-95.5780963692726,35.1603572361206],[-95.5791833693018,35.1601052360917],[-95.5793223694428,35.1599682360373],[-95.5798243693422,35.1599912361784],[-95.580103369692,35.1600142363304],[-95.580437369886,35.1599222365513],[-95.5809393697855,35.1599452357931],[-95.5811623702262,35.1598302358538],[-95.5811483704723,35.1597752360061],[-95.5811063703107,35.1596022360924],[-95.5803813699342,35.1591902359386],[-95.5802973696293,35.1590982361799],[-95.5803253700037,35.1587552355867],[-95.580520370037,35.1585262357668],[-95.5805763699014,35.1580452359776],[-95.5804373697307,35.1577712358892],[-95.5804363696497,35.1572902352035],[-95.5806043693401,35.1571982354325],[-95.5807993694048,35.1574042359672],[-95.5807993694114,35.15749623573],[-95.5808823696699,35.1575872354425],[-95.580938369582,35.1577702358185],[-95.5812453703492,35.1580452359451],[-95.5815243698061,35.1581592358135],[-95.5818303705219,35.1583652354436],[-95.5818583700334,35.1585262357016],[-95.581997370199,35.1587322362391],[-95.5819703698545,35.1588462361224],[-95.5820813705121,35.1589382358798],[-95.5824163707724,35.1591212362422],[-95.582889370213,35.1589602359598],[-95.5838653704724,35.1584572360066],[-95.584171371155,35.1582052360157],[-95.5841713711402,35.1579992354715],[-95.5834743702849,35.1578842355771],[-95.5831963708661,35.1576562358265],[-95.5831953707965,35.1573352353539],[-95.5837533705703,35.1570152357998],[-95.5850353706724,35.1570832352884],[-95.5854253707605,35.1569232350563],[-95.5855363714033,35.1568082351225],[-95.5856483711749,35.156442235259],[-95.5862333713245,35.1564422352305],[-95.5863743715628,35.1563702354875],[-95.5864563708577,35.1562132354092],[-95.5871803711184,35.1556642351373],[-95.5874313710343,35.1552062346049],[-95.5877653712283,35.1551142348257],[-95.5887693719414,35.1553662347529],[-95.5892423722945,35.155388234849],[-95.5895493721391,35.1553432345494],[-95.590357371845,35.1554342351259],[-95.5907193724366,35.1553192351799],[-95.5915273721012,35.1548392345011],[-95.5921123722144,35.1543352345207],[-95.5921403725872,35.1539692346613],[-95.591861372211,35.1535802346513],[-95.5910533724622,35.15289323436],[-95.5908303720033,35.1527562343232],[-95.5906903717945,35.1525962341169],[-95.5901893719217,35.1522982338342],[-95.5898543716746,35.1522982338505],[-95.5894093717354,35.1524812342509],[-95.588907371869,35.15291623463],[-95.5886013711748,35.1530082344077],[-95.5871513713822,35.1530312346438],[-95.5866223711135,35.1527802347399],[-95.5863763713971,35.1527882342229],[-95.5859253711676,35.1528032349394],[-95.585786371025,35.1529172348282],[-95.5856473709005,35.153283234693],[-95.5852243710771,35.1533942344568],[-95.5850343703634,35.1534442349823],[-95.5848393703217,35.1535582348738],[-95.5848393703267,35.1536272344711],[-95.5847273705436,35.1538332350208],[-95.5840033702464,35.1538792344878],[-95.5837243707928,35.1538102349041],[-95.5833623701796,35.153627234543],[-95.5833623701698,35.1534902344954],[-95.5834733698983,35.1531692349167],[-95.5834733698719,35.1528032350587],[-95.5831663700025,35.1525062348129],[-95.582971369951,35.1524832346568],[-95.5829153700454,35.1523912348967],[-95.5823583702801,35.1521852343796],[-95.5808253693264,35.1520712345722],[-95.5807423690681,35.1519802348597],[-95.5803793693211,35.1519802348773],[-95.5796553690372,35.152209234723],[-95.5792093690516,35.1523922351234],[-95.5786803688324,35.1528272346045],[-95.5785963685623,35.1532162346321],[-95.5785963685871,35.153559235224],[-95.5785413687377,35.1536052346584],[-95.5782623692824,35.1535142349555],[-95.5781223690769,35.1533992350339],[-95.5778293689748,35.1533422351071],[-95.5775373689191,35.1532852351803],[-95.5753913683258,35.1533082354503],[-95.5751133680357,35.1534682347777],[-95.5747373677056,35.1537422348912],[-95.5743603682287,35.1540182350974],[-95.5739973676254,35.1546132356828],[-95.5738583675059,35.1550482351449],[-95.5737193682544,35.1550482351517],[-95.5736353679512,35.1549792355585],[-95.5735793680191,35.154521235041],[-95.573440367865,35.1544762356623],[-95.5733843679544,35.1543152354056],[-95.5728823671375,35.1540412353348],[-95.5725483678443,35.1541552352331],[-95.572102366986,35.1547052355379],[-95.5719353673451,35.1548422355936],[-95.5717123668977,35.15486523577],[-95.5716563669938,35.1547962352761],[-95.5716283674608,35.1543382356566],[-95.5717683676482,35.1542012356021],[-95.5717683676267,35.1539032352951],[-95.5714893672605,35.153652235379],[-95.5712383673116,35.1536522353912],[-95.5707643669335,35.1539262355095],[-95.570597367296,35.1541102359426],[-95.5702073671946,35.154087235796],[-95.5700963665238,35.1538122356599],[-95.5687863660158,35.1536522355105],[-95.5686743661963,35.1533542352089],[-95.5676993659156,35.1529202358473],[-95.5676993659106,35.1528512353507],[-95.5677553658014,35.1527362354196],[-95.5680053665966,35.1526452356909],[-95.5689533665113,35.1528972356207],[-95.5697053663001,35.1527362353247],[-95.5696223669278,35.1524622352335],[-95.5695103662205,35.152324235145],[-95.5694823666992,35.1520272348856],[-95.5695383665899,35.1519122349545],[-95.5697333666381,35.1518892347795],[-95.5698723667907,35.1519122349382],[-95.5700123670077,35.152187235073],[-95.570179366665,35.1522782347814],[-95.5704863665195,35.1523702354286],[-95.571154366949,35.1527592354197],[-95.571963367594,35.1527592353804],[-95.5721303672381,35.1526672356094],[-95.5721853670776,35.152484235228],[-95.5721023668208,35.1524162347817],[-95.5712943671067,35.1522102351762],[-95.5711263674029,35.1521182354215],[-95.5711263673897,35.1519352350428],[-95.5716563667709,35.1517062352066],[-95.57299436765,35.151477235331],[-95.5743603680371,35.1513632344831],[-95.5744443674195,35.1511342346686],[-95.5749753677527,35.1509932344099],[-95.5760043677887,35.1507212343573],[-95.5778303687765,35.1499502345453],[-95.578066368922,35.1498512344469],[-95.5782613689553,35.1496222346269],[-95.5789023689808,35.1493022341695],[-95.579626369278,35.1492562338032],[-95.5797383690793,35.1493022341288],[-95.5798773692466,35.1495312339325],[-95.5801843691078,35.1497142342962],[-95.5804623694095,35.1497142342827],[-95.5807693692491,35.1495992343394],[-95.5809363688849,35.149393233787],[-95.5819953694274,35.1493242341382],[-95.5823023692688,35.1492332344068],[-95.5828033699914,35.1488442343588],[-95.5829143697266,35.1486152336436],[-95.5828313694533,35.1483172342399],[-95.5826633697265,35.1479052340589],[-95.5821063690339,35.1473102335182],[-95.5820783695126,35.1470132332588],[-95.5822453691649,35.1470352333699],[-95.582608369821,35.1471732334462],[-95.5828033698841,35.1473562338154],[-95.5829703695546,35.1476302339024],[-95.5834443699855,35.1480882335003],[-95.5836113696395,35.1481342338233],[-95.5840133703261,35.1485552335102],[-95.5842243702345,35.148775233793],[-95.5848093704154,35.1492092340729],[-95.5860913705407,35.1495982340341],[-95.5863883708281,35.1496532338681],[-95.5865933704458,35.1497002342355],[-95.586900371184,35.1495752338292],[-95.5875123707639,35.1492552342724],[-95.5876803713372,35.1489342337917],[-95.5876793712578,35.1484762332715],[-95.5876243713986,35.1483852335577],[-95.5875963709944,35.1483162339617],[-95.5875403710921,35.1482702336334],[-95.5875123706451,35.1476072335159],[-95.5878463707831,35.1467372336896],[-95.5877623704667,35.1464852337178],[-95.5876233712085,35.1463932330624],[-95.5870943709613,35.1464392334192],[-95.5868153706033,35.1463022333852],[-95.5863793701665,35.1462672335846],[-95.5859793705,35.1462342329755],[-95.5858953701902,35.1460732336195],[-95.5863783701002,35.1459902333505],[-95.587623371164,35.1457752332283],[-95.5882083713218,35.1458902331283],[-95.5885423706084,35.1456842334671],[-95.5887093711419,35.1454552327492],[-95.5889323706734,35.1452032327624],[-95.5894623709488,35.1449052333288],[-95.5903533717398,35.1440812329072],[-95.5904923709815,35.1439442328528],[-95.5906873710197,35.1437832325839],[-95.5907433718016,35.1435552328171],[-95.5909943717306,35.1432802326633],[-95.5913843718155,35.1430742321001],[-95.5914673711333,35.1425932323096],[-95.5915513714249,35.142502232589],[-95.5917183719733,35.1424792324153],[-95.5918853716355,35.1426392326204],[-95.5920523713191,35.1430962321868],[-95.5919693720212,35.1438522330182],[-95.591858371385,35.1440582326685],[-95.5918863718271,35.1446532323356],[-95.5920253719878,35.1447902323765],[-95.5919973715969,35.1449052332055],[-95.5921093722976,35.1449502325855],[-95.5921093723075,35.1450882326794],[-95.5922483715739,35.1452942332169],[-95.5923323718786,35.1453852329293],[-95.5924993724468,35.1456372328972],[-95.5924993724765,35.1460492330863],[-95.592332371943,35.1462782329049],[-95.5922213722343,35.1468732334781],[-95.5920823720901,35.1469652332477],[-95.5916923719937,35.1470112335977],[-95.5916363720979,35.1470562329859],[-95.5916643716044,35.1471482336467],[-95.5923053716728,35.1474222337107],[-95.5926673722958,35.1477432332664],[-95.5935033724338,35.1482922334625],[-95.595092373331,35.1490242331012],[-95.5960133729325,35.1498252332691],[-95.5964313734527,35.1501222335095],[-95.5971563738243,35.1504652331667],[-95.597657373684,35.15058023397],[-95.598075374196,35.150763233429],[-95.5987723741585,35.150968233893],[-95.599079374008,35.1509912331443],[-95.5991623742515,35.1508772332582],[-95.5992743740281,35.150579233845],[-95.599608374209,35.1503042336873],[-95.5996633740484,35.1501212333059],[-95.5999423743914,35.150052233695],[-95.5999983742938,35.1500982331241],[-95.600054374206,35.1502812335],[-95.6002213747627,35.1503732332547],[-95.600444374309,35.1503272338121],[-95.6004713746139,35.1496632336457],[-95.6005833743971,35.149457233096],[-95.6006943741224,35.1490912332326],[-95.6007223744967,35.1487472334924],[-95.6006663745944,35.1487022332104],[-95.6006103746591,35.1481982332612],[-95.6004983739386,35.1478782328403],[-95.6003313742747,35.1476952333691],[-95.6001363742034,35.1473972330715],[-95.5995233736068,35.1467342329826],[-95.5990773735849,35.1464132325317],[-95.5984363735265,35.1462762325152],[-95.5982133739603,35.1460472327157],[-95.5981573731537,35.1459332328363],[-95.5980453733507,35.1458642323452],[-95.5979903734848,35.1456812328685],[-95.5979063731834,35.1456362325878],[-95.5978783736753,35.1455212326608],[-95.5977393735129,35.1453612324544],[-95.5975433733903,35.1449952326059],[-95.5973763728287,35.1448352324009],[-95.597348373319,35.1446972323083],[-95.5963733729938,35.1436452322134],[-95.5963453725798,35.1434392325699],[-95.5961213729655,35.1431872326047],[-95.5958983725099,35.1430952319534],[-95.5950903728173,35.1431872326549],[-95.5949503726184,35.1431642324961],[-95.5950063725059,35.1430042322803],[-95.5951733721433,35.1428212318935],[-95.5952843727894,35.1427522322908],[-95.5953963725791,35.1426382324033],[-95.5954243729552,35.1423172319294],[-95.5952563723506,35.1422032320554],[-95.5946153722905,35.1420432318735],[-95.5941973717916,35.1420432318938],[-95.5932783723556,35.1422492324827],[-95.5927213717058,35.1422492325098],[-95.592776371542,35.1420212318437],[-95.5934733723675,35.141723232402],[-95.5940023717137,35.1416542318797],[-95.5956463723513,35.1408302323208],[-95.5969283723593,35.1395932316447],[-95.5971793731926,35.1393872319876],[-95.5979593733673,35.1390442313578],[-95.5987393735501,35.1388142314631],[-95.5989623730883,35.1386542312391],[-95.5994353734068,35.1381962315952],[-95.5995463731205,35.1376702315186],[-95.5996303734088,35.1375322314206],[-95.5995463730743,35.1370292306197],[-95.5994903731736,35.1370062313562],[-95.599379373389,35.1365482308414],[-95.5992953730876,35.1365032305607],[-95.5992113727481,35.1359302310155],[-95.5990723734735,35.135610230596],[-95.5989603727596,35.135381230791],[-95.5986813732911,35.1351072307093],[-95.5982353723733,35.1348322305894],[-95.598319372655,35.1346032307749],[-95.598319372594,35.1337562302312],[-95.5980403722195,35.1333902303866],[-95.5973993721644,35.1332992307013],[-95.597120372686,35.1328872305257],[-95.597092372272,35.1326812299828],[-95.5963673718906,35.1322002302316],[-95.5961443723326,35.1320862303604],[-95.5960943718115,35.1320712305676],[-95.5954473714709,35.1318802298501],[-95.5948623713,35.1315832305171],[-95.5936363711068,35.1316522301739],[-95.5934693714479,35.1315372302537],[-95.5934133715076,35.1309652298541],[-95.5936643714416,35.130759230197],[-95.5937193712877,35.1306672304315],[-95.5936083715228,35.1304842300582],[-95.5929953709594,35.1302792304893],[-95.5928003708979,35.1301182302393],[-95.5923823712836,35.1299132297617],[-95.5922703705779,35.1297982298388],[-95.5922423710335,35.1291802300061],[-95.5923823712193,35.1290202297862],[-95.5924093706447,35.1286312297612],[-95.5920193705104,35.1281502299937],[-95.5916573708016,35.1280362301292],[-95.591545370068,35.1275322292833],[-95.591629370353,35.1273492297999],[-95.5920193704411,35.1271892295678],[-95.5928823708891,35.1271432291948],[-95.5938293707243,35.1269372295038],[-95.5942473712001,35.1266162290108],[-95.5943593709866,35.1264562296916],[-95.5947763714291,35.1263182295774],[-95.5951103716035,35.1259522288037],[-95.5952503708947,35.1258602290341],[-95.5953053716368,35.1257232289838],[-95.5957793711146,35.1254342290704],[-95.5958383711289,35.1251032290312],[-95.5962763716559,35.1251032290099],[-95.5974533722796,35.1251032289527],[-95.5975913715086,35.1254342289823],[-95.5980363723677,35.1255372292328],[-95.5986493720112,35.1254562290501],[-95.5988613719247,35.1251032288843]],[[-95.5887983719072,35.1611792358851],[-95.5883533719946,35.1617292361898],[-95.5877123719872,35.1623012366233],[-95.5876283716924,35.1623472360592],[-95.5875173719506,35.1624842361122],[-95.5873503723082,35.1625992360487],[-95.5871823717217,35.1627362361044],[-95.5871553722898,35.1630342364128],[-95.5869323718573,35.1632632362341],[-95.5861793720586,35.1639272364358],[-95.5859843720252,35.1641552362094],[-95.5860123715333,35.1642702370358],[-95.5859293712897,35.1643842369218],[-95.5859013717982,35.1644992368516],[-95.5858173715083,35.1646132367378],[-95.5857063717582,35.1646362369087],[-95.5856223714799,35.1649112370543],[-95.5855113717348,35.1650022367762],[-95.5854833713456,35.1651402368715],[-95.5853443712113,35.1653692366887],[-95.5852323714281,35.1655752372384],[-95.5849823715537,35.1659642372741],[-95.585010371981,35.1663532372963],[-95.5855113718622,35.166765237461],[-95.5858743716471,35.1672912375145],[-95.5864593718182,35.1675892368937],[-95.5872683724665,35.167634237139],[-95.5881323720565,35.1675202372149],[-95.5888013724893,35.1673132374911],[-95.5893023723275,35.1671302370881],[-95.5896653729788,35.1671992366677],[-95.5903343734282,35.1672222368006],[-95.5906683727246,35.1671532371871],[-95.5908913731587,35.166947236632],[-95.5911693734339,35.1665802367142],[-95.5913093736047,35.1662142368493],[-95.5914203733249,35.1657792364893],[-95.5914753730883,35.1645432368186],[-95.5913923728151,35.1642462365619],[-95.5915033734098,35.1634682365093],[-95.5914193730752,35.1629642365615],[-95.5911683730867,35.1624152363371],[-95.5910563732754,35.1622322359638],[-95.5902203722198,35.1614312357919],[-95.5899973726651,35.1613622362054],[-95.5899413727579,35.1612482363261],[-95.5896073725423,35.1610422357982],[-95.5892723722952,35.1610422358145],[-95.5891053726445,35.1610422358226],[-95.5887983719072,35.1611792358851]]]},"properties":{"OBJECTID":4169,"COUNTYFP10":"121","FULLNAME":"Eufaula Reservoir","MTFCC":"H2030","Shape__Area":30133439.4765625,"Shape__Length":87710.79109386921}},{"type":"Feature","id":4170,"geometry":{"type":"Polygon","coordinates":[[[-95.7899784117003,34.9886081944743],[-95.7898114120399,34.9884701943885],[-95.7896724118925,34.9885161947263],[-95.7895334117499,34.9886311946614],[-95.7893104121988,34.9886081945067],[-95.7890044114867,34.988447194262],[-95.7887264111656,34.9881731941802],[-95.7883654115036,34.9880581942693],[-95.7861684112205,34.9877381948485],[-95.785918410396,34.987417194388],[-95.7856124105996,34.9874861948994],[-95.7855284103064,34.9875541944545],[-95.7853624107022,34.9875541944625],[-95.7847504101692,34.9871191941374],[-95.7839164101741,34.9872571942717],[-95.7833874098994,34.9869131945584],[-95.7828314101974,34.9869361947508],[-95.7826644096622,34.9871421944039],[-95.7814694100034,34.9871421944617],[-95.7810834091805,34.9870081945716],[-95.7800774092683,34.9866621947888],[-95.7801054096528,34.9864561942432],[-95.7807454096201,34.9859751944257],[-95.7812464094303,34.9854031939991],[-95.7825824101927,34.9848531945507],[-95.7834164101961,34.9848301943448],[-95.7841674099446,34.9847621938582],[-95.7843064101002,34.9848311943481],[-95.7848624106998,34.9847851939901],[-95.7849174105475,34.9847161943902],[-95.7848904101768,34.9844651944617],[-95.7846674106126,34.9842591939283],[-95.7846954100944,34.9840071939509],[-95.7848954103789,34.9840481940408],[-95.7852514107054,34.9841211938061],[-95.786308410296,34.984625193707],[-95.7865304106968,34.98460219443],[-95.7868084109705,34.9842131934936],[-95.7871424111644,34.9841221937609],[-95.7883104113551,34.9839161940594],[-95.7885604112525,34.9838471935507],[-95.788783411703,34.9838701937055],[-95.7890054112159,34.9840071937424],[-95.7891164109773,34.9841451938309],[-95.7891444113993,34.984465194256],[-95.7894784115917,34.9843511934584],[-95.789589411335,34.9842361935247],[-95.7896174117244,34.9840991934756],[-95.789923411511,34.9838931938159],[-95.7908964116667,34.9838931937688],[-95.7913974124137,34.9838471934135],[-95.7918424123526,34.9836641939126],[-95.7922314124056,34.9836641938938],[-95.792620412444,34.983459193377],[-95.7927044118378,34.9833901937756],[-95.7927044118068,34.9829551934209],[-95.7925374121137,34.9823601937605],[-95.7924264123508,34.9822001935526],[-95.7924544118081,34.9816051929834],[-95.7924814121576,34.9815591935503],[-95.7926764121812,34.9811931927835],[-95.7931774120044,34.9808041927356],[-95.7933184122415,34.9807151931048],[-95.7936494122878,34.980506193305],[-95.7936774126691,34.9802551924746],[-95.7935944124157,34.9802321932124],[-95.793510412106,34.980071192957],[-95.7934274118282,34.9797051931029],[-95.7934554122126,34.9794991925573],[-95.7938164118453,34.979202192279],[-95.7939004121467,34.9792481926061],[-95.7942064119757,34.9796371926149],[-95.7944564127888,34.979797192816],[-95.7946234124458,34.9798881925244],[-95.7948174124672,34.980140192491],[-95.7949564126277,34.9802781925782],[-95.795249412723,34.9802431927423],[-95.7953464127238,34.9802321931276],[-95.7955964126162,34.9800941930216],[-95.7957074123727,34.9801631926135],[-95.7957634131792,34.9802781925392],[-95.7959024124404,34.9804151925802],[-95.795874412952,34.9805751927946],[-95.7956514125097,34.9806671925683],[-95.7952904128607,34.9807351930361],[-95.795151412728,34.9809871930188],[-95.7951794131419,34.9811931926624],[-95.7954574125653,34.981491192956],[-95.7954014126924,34.9818571928169],[-95.7957074125182,34.9822001933939],[-95.7959014134274,34.9822921931474],[-95.7962074132254,34.9822461928016],[-95.7965134130037,34.9819251932134],[-95.7966524131512,34.9818801929219],[-95.7970144128662,34.9820861934486],[-95.7969304134951,34.9824751934764],[-95.7966524132379,34.9830931933239],[-95.7966524132509,34.9832761937026],[-95.796763413009,34.9833671934138],[-95.7968474133267,34.9836421935512],[-95.7969024131859,34.9837341933114],[-95.7975424131925,34.9838021937308],[-95.7975424132072,34.9840081933757],[-95.7972364134206,34.9842141930355],[-95.7969024132268,34.9843061937138],[-95.7969024132382,34.984466193927],[-95.7972084139502,34.984626193226],[-95.7971804135641,34.984809193606],[-95.7967914135291,34.9850611936009],[-95.7967634131414,34.9852211938154],[-95.7968474134444,34.9852901934087],[-95.7968474134591,34.9854961939529],[-95.7965964135235,34.9856791934444],[-95.7964024135382,34.9859311934298],[-95.7961794131286,34.9864801936774],[-95.7960684133836,34.9865711942987],[-95.7958734133731,34.9871211936918],[-95.7956784133496,34.9874871944587],[-95.7955674136127,34.987693194109],[-95.795623413533,34.9879901943671],[-95.7957064137945,34.988128194457],[-95.7957624136935,34.9881281944543],[-95.7956784134134,34.9883791943881],[-95.794816413068,34.9892031948081],[-95.7946774129337,34.9894321946253],[-95.7945944135845,34.9894781949604],[-95.7943714131651,34.989890194261],[-95.794260413443,34.9903021944556],[-95.793926413272,34.9907141946609],[-95.7934814133331,34.9908971950612],[-95.7932594129306,34.9908971950719],[-95.7931754126243,34.9907821951476],[-95.7928144129573,34.9905991947863],[-95.7919794128928,34.990416194448],[-95.7917014125833,34.9903021945794],[-95.7912014127476,34.9898671951482],[-95.7912014127361,34.9897061948887],[-95.7908674125161,34.9894321948096],[-95.7904784124516,34.9892721946153],[-95.7900894123953,34.989226194303],[-95.789977411685,34.9890431948291],[-95.7899784117003,34.9886081944743]],[[-95.794956412796,34.9826351928857],[-95.7945394123356,34.9825201929774],[-95.7944554129401,34.9825661933126],[-95.7944834124726,34.9830241929322],[-95.7949284124655,34.983596193313],[-95.7952624126659,34.9835961932969],[-95.7957074126097,34.9834821933933],[-95.7956794130968,34.9832991930159],[-95.7951514128604,34.9828411934205],[-95.794956412796,34.9826351928857]]]},"properties":{"OBJECTID":4170,"COUNTYFP10":"121","FULLNAME":"Lk Talawanda No 2","MTFCC":"H2030","Shape__Area":1188683.1015625,"Shape__Length":7057.576678575573}},{"type":"Feature","id":4171,"geometry":{"type":"Polygon","coordinates":[[[-95.810129414823,34.955563187919],[-95.8097124143628,34.9554491871578],[-95.809184414159,34.9554491871833],[-95.8073774140131,34.9556551878148],[-95.8049864137531,34.9557011882614],[-95.8039864132512,34.9557921880263],[-95.8031794126916,34.9556781881832],[-95.8029854126752,34.9554951878138],[-95.803068412909,34.9552431878338],[-95.8033184128015,34.955106187774],[-95.8041254133285,34.9547621879962],[-95.8066264141816,34.9545561873311],[-95.80776641397,34.9543051873463],[-95.8089064146477,34.9539161872675],[-95.8105184147537,34.9538471875924],[-95.8122414154909,34.9535031868709],[-95.8154654156492,34.9526111867858],[-95.8170774166332,34.9522441868035],[-95.8179114166251,34.9520611863845],[-95.8186344168866,34.952176186278],[-95.8188564164061,34.952405186977],[-95.8188294169771,34.9527481866709],[-95.8186904168475,34.9530451869384],[-95.8172724168134,34.9540751870303],[-95.8171894165746,34.954258187413],[-95.8171064163523,34.9546701867069],[-95.8173844167336,34.955792187379],[-95.8172454165894,34.9558831871022],[-95.8166614164917,34.9559521876271],[-95.8165774161561,34.9554261875599],[-95.8162444159891,34.9552431871972],[-95.8160774163303,34.9551281872769],[-95.8162164164664,34.9549221867259],[-95.8162164164435,34.9546021871989],[-95.8160774162716,34.9543041868985],[-95.8156884161958,34.9539841873902],[-95.8149104160752,34.9537781868836],[-95.8145204159742,34.9537551867369],[-95.8139644153828,34.9539151869769],[-95.8136034157518,34.954236187467],[-95.8122414155856,34.9548311872014],[-95.8118244151546,34.9551281874824],[-95.8116574155237,34.955403187632],[-95.8116304151775,34.9554951873962],[-95.8115744152834,34.9555631878492],[-95.8115194154438,34.9557461873313],[-95.8114634155481,34.955792187665],[-95.8114074147695,34.9560671878093],[-95.8111854152777,34.9562271880332],[-95.8107964152313,34.9563191878149],[-95.8107124149266,34.9562271880561],[-95.8106294146569,34.9559751871848],[-95.810129414823,34.955563187919]]]},"properties":{"OBJECTID":4171,"COUNTYFP10":"121","FULLNAME":"Oklahoma State Prison Lk","MTFCC":"H2030","Shape__Area":347854.078125,"Shape__Length":4476.779471342568}},{"type":"Feature","id":4172,"geometry":{"type":"Polygon","coordinates":[[[-95.9986464546061,34.8336511561522],[-95.9987294548448,34.8334681557694],[-95.9992004550963,34.8333761559839],[-95.9996724553651,34.8328731560554],[-96.0002824548775,34.8329181563108],[-96.0025034552848,34.832004155256],[-96.0042244559251,34.8316161551958],[-96.0055284561038,34.8310901550618],[-96.0064454562837,34.8300151547095],[-96.0069444569343,34.829924154969],[-96.0071944568364,34.829924154957],[-96.0078324567724,34.8303131549499],[-96.008165456931,34.8303821554305],[-96.0083324574678,34.8301991550437],[-96.0084434571707,34.8295131547539],[-96.0085824573083,34.8293301552678],[-96.0093044575115,34.829284154902],[-96.0096654571457,34.8290101547894],[-96.0098874575464,34.8289871546132],[-96.0102474571973,34.82960515443],[-96.0107194575,34.8295821551411],[-96.0109134574951,34.8294681543503],[-96.0113854577978,34.8294451550614],[-96.0122734576262,34.829698155041],[-96.0113014575678,34.8304071546384],[-96.0100524572562,34.8311381552678],[-96.0087754574336,34.8317101557316],[-96.0079984573907,34.8319381555332],[-96.0076924567082,34.8321901555239],[-96.0074424568401,34.8326701552761],[-96.0073034567009,34.832830155496],[-96.0065814565106,34.8330591553413],[-96.0050554567722,34.8327831552268],[-96.0045284566234,34.8328981560799],[-96.0039454565691,34.8329201553279],[-96.0038624563369,34.8331951554734],[-96.0039174562186,34.83360715566],[-96.0037224561788,34.833744155717],[-96.0031954560332,34.8339041559556],[-96.0018904557773,34.8339951557349],[-96.0013914551055,34.8337881560677],[-96.0002824549294,34.8336501560271],[-95.9996724554266,34.8337421558193],[-95.9992844554365,34.8339711565478],[-95.9991734548002,34.8341771561981],[-95.9989794548085,34.8343381564669],[-95.9989794548376,34.8347501566561],[-95.9983414549276,34.8347271565212],[-95.9982584546727,34.8346811561941],[-95.998174454326,34.8339951559137],[-95.998285454959,34.8337431559323],[-95.998451454563,34.8337431559243],[-95.9986464546061,34.8336511561522]]]},"properties":{"OBJECTID":4172,"COUNTYFP10":"121","FULLNAME":" ","MTFCC":"H2030","Shape__Area":344199.7578125,"Shape__Length":4019.215173213668}},{"type":"Feature","id":4173,"geometry":{"type":"Polygon","coordinates":[[[-95.7297983961903,34.9882141971295],[-95.7297983961544,34.9877101971774],[-95.7299373962774,34.987321197147],[-95.729936396182,34.9866351968626],[-95.7298253964108,34.9863601967263],[-95.7297693964841,34.9859711967053],[-95.7295463960074,34.9855821966924],[-95.7291843962859,34.9852851973483],[-95.7291843962662,34.9850101972068],[-95.7295453958908,34.9845981970001],[-95.7298523957336,34.9845291964886],[-95.7307143961755,34.9850551965183],[-95.732272396523,34.9856501970109],[-95.7339403974114,34.9853511965769],[-95.7343013970392,34.9849851967013],[-95.7346633976421,34.9850311970149],[-95.7350523977131,34.9852821969258],[-95.7354143974411,34.985671196932],[-95.7360813977843,34.9855111966866],[-95.7362763978259,34.9853961967488],[-95.7362203978958,34.9849611963967],[-95.7361373976408,34.9849151960696],[-95.736136397534,34.9840691964713],[-95.7362193977727,34.9838851960422],[-95.7362473972432,34.9834741958979],[-95.7364693976342,34.983313196527],[-95.7367203975943,34.9834731958287],[-95.7366923981011,34.9835651964923],[-95.7368033978559,34.9836111959187],[-95.7368043979595,34.9844121961316],[-95.7366933982226,34.9846181966812],[-95.7368043979856,34.9847781968891],[-95.7373883980933,34.9848461964118],[-95.7374993978546,34.9849831964541],[-95.7375273982669,34.9851671968778],[-95.7377783982336,34.9854181967954],[-95.7380003986704,34.9858991965712],[-95.7380013987641,34.9865621966902],[-95.7372783985449,34.9870431965117],[-95.7364443976666,34.9874101973558],[-95.7345263977866,34.9878691971158],[-95.7342483974949,34.9880061971769],[-95.7339423976969,34.9880521975228],[-95.733803397538,34.9879381967481],[-95.732941397132,34.9879151975235],[-95.7323013971449,34.9881211971994],[-95.7314393967766,34.9886251971932],[-95.7307163965344,34.9887861974876],[-95.7305223965556,34.9891291971896],[-95.7301613969343,34.9895871977274],[-95.7297443964968,34.9897931973925],[-95.7292993965496,34.9898621979107],[-95.7291873958425,34.9897251978684],[-95.7291043964737,34.9894961980619],[-95.7291873958034,34.9891761976315],[-95.7294373965772,34.9887861975494],[-95.7296323966139,34.9886031971613],[-95.7297983961903,34.9882141971295]]]},"properties":{"OBJECTID":4173,"COUNTYFP10":"121","FULLNAME":"Fin and Feather Lk","MTFCC":"H2030","Shape__Area":369956.37109375,"Shape__Length":3619.113669013692}},{"type":"Feature","id":4174,"geometry":{"type":"Polygon","coordinates":[[[-95.5814053506278,34.8913571868307],[-95.5812713506973,34.891194186485],[-95.5810403507568,34.8909121869294],[-95.5807103507133,34.8905111863657],[-95.5810713512716,34.8905791867988],[-95.5817943506601,34.891060186551],[-95.5821803514833,34.8911991866729],[-95.5822383514766,34.891220186743],[-95.5828493510314,34.8911971865482],[-95.5831833512385,34.8912881862488],[-95.5840733520362,34.8912021867209],[-95.5841273518422,34.8911971864869],[-95.5844053521292,34.8909911868284],[-95.5844603519284,34.8902351859977],[-95.584377351662,34.8900291863566],[-95.5844323514839,34.8895941859988],[-95.584265351801,34.8891371864317],[-95.5842373513582,34.888519185699],[-95.5843213516418,34.8883131860499],[-95.5844873512233,34.887992185569],[-95.5848203513581,34.8877171863105],[-95.5859593519938,34.8873741856637],[-95.5865703524318,34.8871221856581],[-95.58682035231,34.8867781859069],[-95.5879873524325,34.8862521857792],[-95.5883483520721,34.8860461852174],[-95.5883483520364,34.885542185265],[-95.5881533519753,34.885382185061],[-95.5876533521592,34.885222185771],[-95.5870423516726,34.8847871854452],[-95.5865693521931,34.8843981854438],[-95.5864863519283,34.8842151850689],[-95.5859863520911,34.8837571854715],[-95.5855413511862,34.8830021847111],[-95.5855693515352,34.8822921851121],[-95.5857363511633,34.8819721846775],[-95.5860973516973,34.8816971845183],[-95.5861523515386,34.8815371843024],[-95.5866243518113,34.8810791846583],[-95.5867913514392,34.8807581841773],[-95.5868743516619,34.8803461848831],[-95.5868743515957,34.8794081846218],[-95.5868183516595,34.8788821845527],[-95.5869293513886,34.8785611840744],[-95.5872623515266,34.8783321842478],[-95.587845351572,34.8781721840065],[-95.5886793515822,34.8782401844168],[-95.5887903522284,34.8781721839611],[-95.5889283523198,34.8779881835293],[-95.5889563518019,34.877737183598],[-95.5888173516381,34.8775531840788],[-95.5887623517645,34.8772561838204],[-95.5884843514371,34.8768901839753],[-95.5873953512427,34.8761161832653],[-95.5872613513171,34.8760211833699],[-95.587095351708,34.8759531838268],[-95.5867613514847,34.8756321833698],[-95.5866223513264,34.8755261838647],[-95.5865843513331,34.875104183214],[-95.5866563509958,34.8739851835622],[-95.5867943510663,34.8735041828692],[-95.5869053508001,34.8732521828876],[-95.5869893510773,34.8729551835219],[-95.5871003508096,34.8726801833747],[-95.5873493515019,34.8717871824869],[-95.5874963510972,34.8714021826411],[-95.5877493510746,34.8704921827646],[-95.588506351018,34.8692381822254],[-95.5895143517807,34.8675751816236],[-95.5897633516141,34.867254182038],[-95.589958351643,34.8669571817676],[-95.5901803511269,34.8666821816151],[-95.5906353515009,34.8660871819241],[-95.5908463513739,34.8658121817722],[-95.5912073519015,34.8654461818964],[-95.5917903519371,34.8651481815611],[-95.5928733517808,34.8648961815329],[-95.5932343523212,34.8647121810904],[-95.5934283523004,34.8643691813882],[-95.5935943518708,34.863888180694],[-95.5937333520023,34.8636141814911],[-95.5939273519137,34.8623091804163],[-95.5940653520036,34.8621031807646],[-95.5947593526611,34.8613931802343],[-95.5951203522764,34.8608431808327],[-95.5952593524126,34.8606371802815],[-95.5954253529098,34.860546180557],[-95.5954533523983,34.8603861803423],[-95.5955923525426,34.8602931805263],[-95.5956193528825,34.8601101801462],[-95.5957703526799,34.8599611804349],[-95.596386352427,34.8593761802999],[-95.5972833525882,34.8584141797836],[-95.5977823532218,34.8580711800668],[-95.6004743537972,34.8558281795103],[-95.6008623537847,34.8555531793498],[-95.6019693537938,34.854617179128],[-95.6037473542735,34.8526921789493],[-95.6042183545112,34.8523941786193],[-95.6053013543596,34.8522101781423],[-95.6057453542525,34.8520271786414],[-95.6060783543842,34.8517071781988],[-95.6062173545204,34.8515001785007],[-95.6063553546151,34.8513631784464],[-95.6063563546535,34.8512491785641],[-95.6069093550514,34.8503111782762],[-95.6078803550293,34.8490971777801],[-95.6082133551642,34.8488231776687],[-95.6090453550575,34.848548177487],[-95.6105723557175,34.8484551776046],[-95.6114063557309,34.8485691774469],[-95.6117663562362,34.8485461772641],[-95.6118773559831,34.8484781777077],[-95.6119323558212,34.8482721771606],[-95.6117653561496,34.8479751769075],[-95.6115433557309,34.8477461771074],[-95.6115153553011,34.8473111776529],[-95.6117093561571,34.846648177524],[-95.6119033561314,34.8462351772788],[-95.612374355457,34.8457561766626],[-95.6125963558514,34.8456411767234],[-95.6139283564552,34.8454571771338],[-95.6143173564939,34.8452511765707],[-95.6144283562326,34.8450681770858],[-95.6144543564874,34.844335176422],[-95.6143703561635,34.8439691765675],[-95.6141263565041,34.8434691768118],[-95.613981356062,34.843283176301],[-95.6139813560474,34.8430771766558],[-95.6138703562926,34.8430311763301],[-95.6138983557876,34.8429621767313],[-95.6135093556957,34.8424131765126],[-95.6117313550225,34.8415901762647],[-95.6112873550925,34.8412471756937],[-95.6112593555168,34.8401701761926],[-95.6113703552507,34.839918176211],[-95.6116473554656,34.8393461757948],[-95.6120913553343,34.8388191756554],[-95.6125913551133,34.838453175773],[-95.6128413549996,34.838224175051],[-95.613008355527,34.8379031754693],[-95.6131743550942,34.8373771753895],[-95.6133403555736,34.8370331756423],[-95.6139783554327,34.8363231751148],[-95.6144233553318,34.8355681752109],[-95.6144783560354,34.8348811748768],[-95.6145333558735,34.8346751743297],[-95.6149493553286,34.8339421745466],[-95.6157563558144,34.8330031742002],[-95.6162273560455,34.8326131741073],[-95.6167833557203,34.832201173891],[-95.6189483562218,34.8311471735512],[-95.6190873563645,34.831032173616],[-95.6193653566564,34.830895173555],[-95.6205583571078,34.8306881738064],[-95.6209193567812,34.830963173931],[-95.6209483572331,34.8310541736462],[-95.6210313565904,34.831123174139],[-95.6210593569992,34.8312601741854],[-95.6212543570747,34.8316261740346],[-95.621393357232,34.8317181737909],[-95.6216433571634,34.8321301739685],[-95.6225613575553,34.8333871745665],[-95.622561357565,34.8335251737612],[-95.6226723573263,34.8336621738036],[-95.6227003577447,34.8339361738979],[-95.6228673574018,34.8340281745521],[-95.6231443576586,34.8340511738051],[-95.6234773578047,34.8339361738607],[-95.6239213577056,34.8338671742421],[-95.6242823582461,34.8336841738459],[-95.6244213583888,34.8335691739107],[-95.6246983577108,34.8330881741105],[-95.6246993577362,34.8327911738493],[-95.6246713582219,34.8325851742055],[-95.6245873579173,34.8324931735472],[-95.6245873578835,34.8320131738066],[-95.6248993579567,34.8319211740287],[-95.6249133577405,34.832402173815],[-95.6252683580364,34.8326991740591],[-95.6252683580767,34.8332711735628],[-95.6249693586015,34.8332941737426],[-95.6248863583756,34.8336611736514],[-95.6244793584128,34.8340271744286],[-95.6232853579295,34.8344401747217],[-95.6226473580204,34.8344401747523],[-95.6222303575617,34.8343491741563],[-95.6220083571446,34.8341431745217],[-95.6218973573446,34.8334561741956],[-95.6218413574408,34.8333881737478],[-95.6214803568326,34.8326091736707],[-95.6214793576791,34.8325171739079],[-95.6206753571907,34.831442173637],[-95.6202303572176,34.8311441742503],[-95.6197863564222,34.8312821734663],[-95.6189823569361,34.8316711744281],[-95.6180383563537,34.8320611745436],[-95.6166233564393,34.8328401747058],[-95.6160143561134,34.833367174853],[-95.6155423558487,34.8339391743793],[-95.61520935573,34.8344431743478],[-95.6149323555231,34.8351301746925],[-95.6147113561339,34.8360911751301],[-95.6145173561611,34.8365261754946],[-95.6139073557985,34.8371901756897],[-95.6137693557183,34.8375341754355],[-95.6136863555117,34.8381751754398],[-95.6132983555515,34.8388371755317],[-95.6120223549498,34.8404861754982],[-95.6120223549772,34.8408751764216],[-95.6121343556858,34.8410351757303],[-95.612578355619,34.8414241757331],[-95.613830356165,34.8420191762417],[-95.6140243561829,34.8422251758775],[-95.6146373559083,34.8433071764815],[-95.6148023563876,34.8436211766225],[-95.6150523563093,34.843895176706],[-95.6152473563817,34.8442161762703],[-95.6153033563548,34.8452681764112],[-95.6153873566594,34.8453601770695],[-95.6153863566404,34.8457491770936],[-95.6152473564994,34.8458871771943],[-95.6144983559328,34.8457951765679],[-95.6129433557858,34.8460711768305],[-95.6125823561431,34.8462311770611],[-95.6122223556651,34.846643177268],[-95.6121383562776,34.8468041775316],[-95.6121393554747,34.8475141771293],[-95.6122223557314,34.847583177622],[-95.6124173558149,34.8480631773533],[-95.6124723556692,34.8480861775163],[-95.6125833563557,34.8485901774635],[-95.6124443562307,34.8489561773286],[-95.6123063561375,34.8491161775486],[-95.6120003563442,34.8492311774917],[-95.6115003556385,34.8492081773501],[-95.610917355569,34.8490251778985],[-95.6102223557209,34.8491171776947],[-95.6091953548592,34.8491181777901],[-95.6084463552209,34.8494381773534],[-95.6080853546934,34.8498051781748],[-95.6074173552497,34.8506291776866],[-95.6071953548745,34.8510181777213],[-95.6070293544015,34.8514531780844],[-95.6068633548377,34.8520261785416],[-95.6067243546998,34.8522091780278],[-95.6063633550603,34.8524151785896],[-95.6048643539178,34.8527591784006],[-95.6043643541323,34.8530341785664],[-95.603697353805,34.8534231786224],[-95.6032813543322,34.8539041784293],[-95.6030313535661,34.8544091793394],[-95.6027293539757,34.8547721790734],[-95.6025873536942,34.8548901791477],[-95.6021713542375,34.8555991796182],[-95.6020323540867,34.8555991796249],[-95.6018383540978,34.8558051792794],[-95.6014503541055,34.8560121789894],[-95.6003113535071,34.8568821797543],[-95.6000333532136,34.8569961796498],[-95.599561352936,34.8573861797428],[-95.5991173530625,34.8578441793855],[-95.5990623532389,34.8582561795777],[-95.5991453534955,34.8583241800241],[-95.59914535351,34.8585301796692],[-95.5980283529738,34.8585681796835],[-95.5975523525008,34.8588161803967],[-95.5970483525423,34.8592681797644],[-95.5969073532141,34.8594951803886],[-95.5965433525456,34.8598351799601],[-95.5963193529672,34.8600841807075],[-95.596112352382,34.8603831801718],[-95.5956253523451,34.861298180291],[-95.5944363521474,34.8624721807441],[-95.5942723526569,34.8627701810594],[-95.5942203521122,34.863736180821],[-95.5941383528255,34.8640111809668],[-95.5936413523269,34.8649541814835],[-95.5932273520365,34.8652771811696],[-95.5925073519381,34.8655081811074],[-95.5921193519345,34.8655551815034],[-95.5917313519424,34.8657631812598],[-95.5911143521567,34.8664591820375],[-95.5904113519885,34.8672731819873],[-95.5902743519469,34.8675061819898],[-95.5899473512194,34.8681841819202],[-95.5897023515785,34.8686041824919],[-95.5892913514424,34.869143182286],[-95.5886623511171,34.8700781824386],[-95.5885263511302,34.8704291825085],[-95.588285351706,34.8712921829062],[-95.5881443514874,34.8716451830689],[-95.5879233511675,34.8721591825957],[-95.5872133516482,34.8740251835888],[-95.5872153518202,34.8751481834222],[-95.5871953518237,34.8755971835272],[-95.5875813517553,34.8758441832535],[-95.5887103519984,34.8765101834578],[-95.5889863522214,34.8767111837575],[-95.5890683515353,34.8768221834969],[-95.5891503517439,34.8768671837778],[-95.5891503517489,34.8769371834214],[-95.5891503517552,34.8770271839911],[-95.5893173523197,34.8772331836282],[-95.5893733522284,34.8773701836733],[-95.5894013517978,34.8783551843107],[-95.5890403521679,34.8786981840209],[-95.5884013522188,34.8787901838145],[-95.5882623520582,34.8786521837271],[-95.587651351604,34.878675183922],[-95.587401351713,34.8788361841936],[-95.5872623515767,34.8790421838454],[-95.5874013517808,34.8797971846205],[-95.5873463519718,34.8804151844579],[-95.5872913521289,34.8805521845083],[-95.5872073518518,34.8808501848197],[-95.5870413513773,34.8812621850172],[-95.5868743517476,34.8815601844333],[-95.5860973517329,34.8822011844708],[-95.5859863520005,34.8824751845717],[-95.5860413518823,34.8828871847586],[-95.586152351655,34.8831851850607],[-95.5869583522334,34.8842151850463],[-95.5874313517129,34.8846041850476],[-95.5876533521187,34.8846501853681],[-95.5877923522841,34.8848561850065],[-95.5881813523503,34.8850391853668],[-95.5886813521632,34.885153185225],[-95.5887643524311,34.8853821850317],[-95.5887373521462,34.8863431854598],[-95.5880153519647,34.8867101853993],[-95.5872923526264,34.8869391852446],[-95.5871813519851,34.8870761852977],[-95.587126352147,34.8872821858448],[-95.5868763522575,34.8874651862356],[-95.5854593522375,34.888061186019],[-95.5849043517,34.8883351861412],[-95.5848213514531,34.8884041857426],[-95.584710351737,34.8889081865997],[-95.5847933520115,34.889228186123],[-95.5849603517527,34.8905101861155],[-95.5849333523494,34.8912191865675],[-95.5849053519583,34.8913341864972],[-95.5847103519214,34.8915171868855],[-95.5843223519211,34.8916091866671],[-95.5826833514612,34.8916781863431],[-95.5817663511974,34.8915861866241],[-95.5814053506278,34.8913571868307]]]},"properties":{"OBJECTID":4174,"COUNTYFP10":"121","FULLNAME":"Brushy Crk","MTFCC":"H3010","Shape__Area":823736.00390625,"Shape__Length":25320.439676245434}},{"type":"Feature","id":4175,"geometry":{"type":"Polygon","coordinates":[[[-95.5965653620146,34.9917242041948],[-95.59645336221,34.9916322044373],[-95.5963973622327,34.9905332039196],[-95.5961473614195,34.9903732046177],[-95.5951463617569,34.9902822040501],[-95.5951183613397,34.9900302040753],[-95.5954233619747,34.9897562039652],[-95.5954233619616,34.9895722044394],[-95.59497836111,34.9895732045072],[-95.5947563615937,34.9893902041391],[-95.5947833610226,34.9890462043987],[-95.5951173612021,34.9887492041217],[-95.5950063614374,34.9885652037019],[-95.5945613614819,34.9885202043379],[-95.5934483611414,34.9887032038711],[-95.5930033611744,34.9884972042475],[-95.5929753607672,34.9883832043667],[-95.5927813607539,34.9882462043284],[-95.5923083603943,34.9881312044228],[-95.5922803608814,34.9879482040453],[-95.5929193608208,34.9877192042039],[-95.5934763605646,34.9876272035148],[-95.5938373611295,34.9877882037569],[-95.59406036158,34.9878102038655],[-95.5942823610768,34.9877192041382],[-95.5943103614646,34.9875592039235],[-95.5939763612363,34.9871702039159],[-95.5939763612216,34.9869642033715],[-95.5941983607101,34.9867572036695],[-95.5944763610118,34.986757203656],[-95.5948663611261,34.9869632032822],[-95.5951443614277,34.9869632032688],[-95.5951723609161,34.9868032039535],[-95.5947823608018,34.986597203428],[-95.594560361279,34.986322203297],[-95.5945873607113,34.9860252039341],[-95.5948103611358,34.985681203285],[-95.5948653609722,34.985453203518],[-95.594754361209,34.9852922032638],[-95.5944763609042,34.9852472029924],[-95.5936143605239,34.9855902036261],[-95.5931693605782,34.9856822034104],[-95.5931133606743,34.9856132038158],[-95.593030360403,34.9853392037244],[-95.5925573609166,34.9848582030612],[-95.5925293604979,34.9845842029671],[-95.5922233606834,34.9844012035024],[-95.5919443603142,34.9841032032085],[-95.5920553600332,34.983645203582],[-95.5919443602572,34.9833022029953],[-95.5915273597917,34.9831192035359],[-95.5911373596758,34.9828902028448],[-95.5911373596644,34.9827302035309],[-95.5914713598373,34.9823412025916],[-95.5916653598212,34.9820662033399],[-95.5916103599604,34.981952202561],[-95.5913593600116,34.9819522025732],[-95.5910813597214,34.9821122027998],[-95.590915360135,34.982364202784],[-95.5904703602154,34.982822203326],[-95.589969359481,34.9830512031607],[-95.5897193595786,34.9830512031728],[-95.5896633596583,34.9827532028682],[-95.5897193595394,34.9825012028894],[-95.58924535914,34.982479202793],[-95.5888283595787,34.9823642028846],[-95.5884943593586,34.9820902028053],[-95.5883273587923,34.9818612030028],[-95.5882443594154,34.9815182033141],[-95.5883833595499,34.9812892025974],[-95.5887163596911,34.9811052030556],[-95.589161359619,34.980762202442],[-95.5891613595962,34.9804422029148],[-95.5888273593906,34.9803732024343],[-95.587660359309,34.9814722030111],[-95.5872153593584,34.9814952031981],[-95.5871313590521,34.98138120332],[-95.5870763591815,34.9811292033465],[-95.5869093586299,34.981106203189],[-95.5868253583545,34.9814262027202],[-95.5866033588757,34.9817702033693],[-95.5863533589863,34.9819532028609],[-95.5860753586847,34.9819532028743],[-95.5856303587079,34.981610203203],[-95.5855463584016,34.9814952032786],[-95.5852683580804,34.9812212031966],[-95.5849343578716,34.9811062032842],[-95.5847403578666,34.9810842031743],[-95.5844343580749,34.9812212032368],[-95.5837393582267,34.9813132030332],[-95.5833213577148,34.9811302035738],[-95.5831823575624,34.981107203415],[-95.5830433574246,34.9812902029012],[-95.5827383576891,34.9815652030576],[-95.5815423570869,34.9816112034464],[-95.5812363572756,34.9814732033672],[-95.5812083577497,34.9811072035102],[-95.5810693575924,34.981016202901],[-95.580958356948,34.9811072035222],[-95.5808743575947,34.9817482035263],[-95.5807353574521,34.9818632034615],[-95.5800963575028,34.9819542032089],[-95.5799853568568,34.9820232037109],[-95.5800403567273,34.9822752036844],[-95.5799013574889,34.9824582031706],[-95.5794013567976,34.9826412035735],[-95.5781213567999,34.9827332033981],[-95.5777603562335,34.982550203936],[-95.5770653563933,34.9827562036146],[-95.5768143564608,34.9829852034373],[-95.5768423559688,34.9830992042174],[-95.576731356227,34.9832372043168],[-95.5763973560344,34.983351204215],[-95.5763973559807,34.9825962034335],[-95.5765363561217,34.9824592033792],[-95.57731535626,34.9822522036502],[-95.5775653561559,34.9821612039216],[-95.5778993563599,34.9822072033372],[-95.5782333565719,34.9823672035344],[-95.5792623566175,34.9822292033908],[-95.579484357012,34.9821152034979],[-95.5795123564825,34.9817032033072],[-95.5800123571769,34.981565203189],[-95.5804573571228,34.981474203451],[-95.580568356863,34.9813132031861],[-95.5806243567326,34.980901202994],[-95.5807073569747,34.9807642029423],[-95.5812083577123,34.9805812034386],[-95.5815693573859,34.9808552035166],[-95.5815973578096,34.9811992032543],[-95.5825713580107,34.9811762030418],[-95.5828483573357,34.9807412035728],[-95.5830433573806,34.9806722030667],[-95.5834053579885,34.9807862029314],[-95.5836273575048,34.9809692032995],[-95.5842393580022,34.9809012028197],[-95.5844893578868,34.9806492028315],[-95.5849063583343,34.980580203214],[-95.585184358644,34.9806942030828],[-95.5858803585892,34.9813122028837],[-95.5859913583506,34.981449202926],[-95.586380358399,34.9813812033562],[-95.586464358689,34.9812662034237],[-95.5864923590702,34.9810142034462],[-95.58674235895,34.9806942030076],[-95.587103358604,34.9806942029902],[-95.587298358662,34.980808202863],[-95.5873813589268,34.9809912032378],[-95.5876043593774,34.9810142033926],[-95.5878543592701,34.9808772033329],[-95.5882433592924,34.9804422029591],[-95.5883543590228,34.9801442026465],[-95.5886603588146,34.980007202584],[-95.5890503589159,34.9800302027308],[-95.5893833590799,34.9801672027625],[-95.5896343590417,34.9803502031292],[-95.5896893598084,34.9805562027715],[-95.5896623594767,34.9808532030338],[-95.589411359541,34.9810372025717],[-95.5887443592187,34.9814952031244],[-95.5887443592365,34.9817462030542],[-95.5890783594584,34.9820442033454],[-95.5900253593116,34.9820892026852],[-95.5901643594689,34.9821812033407],[-95.5902473597387,34.9824332033129],[-95.5904423597852,34.9823872029723],[-95.5907483595492,34.9818602028397],[-95.5910263598377,34.9816772033468],[-95.5914433602788,34.9815172031135],[-95.5918883602409,34.9816542031397],[-95.5921383601661,34.9819742026548],[-95.5921103597848,34.9822262026323],[-95.5918333604501,34.982524202953],[-95.5917773605723,34.9828212032166],[-95.5918603599313,34.9829132029755],[-95.5921663606402,34.9830272028429],[-95.592556360779,34.9835762030612],[-95.5925563607986,34.9838512032029],[-95.5924733605533,34.9839432029698],[-95.5924453601655,34.9841032031844],[-95.5929463609308,34.9843092037046],[-95.5930013608046,34.9846062030636],[-95.593085361106,34.9846522033906],[-95.593113360614,34.9847662032714],[-95.5931683604731,34.9848582030317],[-95.5932243603885,34.9850872037389],[-95.5934473608423,34.9851552032792],[-95.5940033605397,34.9850642035357],[-95.5945313607242,34.9847892033686],[-95.5950043610887,34.9849722037246],[-95.595199361158,34.9852462038106],[-95.5952723609658,34.985523203142],[-95.5953383613464,34.9857732039217],[-95.5950603610757,34.9862082033907],[-95.595032361584,34.9863222032743],[-95.5954783616072,34.9866662038911],[-95.5956173617677,34.9868032039321],[-95.5954223617489,34.9872382033971],[-95.5952833616013,34.9872842037349],[-95.5947833608922,34.9872152041617],[-95.5946433615862,34.987101203387],[-95.5944493615861,34.9871472037275],[-95.5944493616008,34.9873532033725],[-95.5946713611187,34.9875582038598],[-95.5946723611862,34.987856204167],[-95.5945053615486,34.9880392036546],[-95.5933653608472,34.9881082042062],[-95.5933373613555,34.988223204136],[-95.5935873612661,34.9883372040061],[-95.5937543609167,34.9883372039981],[-95.5940883611141,34.9882912036508],[-95.5951173611695,34.9882912036012],[-95.5954513613766,34.988382204201],[-95.5956183619379,34.9885422044062],[-95.595534361661,34.9888402038182],[-95.5952563613838,34.9891832044236],[-95.5953683611884,34.9892752041811],[-95.5959243617981,34.9893662038709],[-95.5959243618144,34.9895952045808],[-95.595757361284,34.9898702038312],[-95.5958133620889,34.9899612044444],[-95.5960353615922,34.9899612044337],[-95.5962863615328,34.9898472045395],[-95.596341362275,34.9897092044428],[-95.5964523620234,34.9896642041526],[-95.59675836182,34.9895952045406],[-95.5968973619578,34.989412204155],[-95.5969533618388,34.9891602041762],[-95.5972313621029,34.9886332040449],[-95.5972583624346,34.9883362037827],[-95.5975643622083,34.9879472037441],[-95.5976753619648,34.9880152041891],[-95.597731361872,34.9881302041148],[-95.5977313619421,34.9891142038076],[-95.5976203622165,34.9894802036712],[-95.5975653623721,34.9895952045016],[-95.5972033617853,34.9897782039985],[-95.5969813623032,34.9900752042702],[-95.5966753616138,34.9902362045445],[-95.5967313624285,34.9904652043524],[-95.596870361693,34.9906482047245],[-95.5969263625109,34.9909222039178],[-95.5970933621567,34.9908542043588],[-95.5977883619706,34.9902812038763],[-95.5982053623953,34.9898922038324],[-95.5983723620492,34.9899382041554],[-95.5984273628077,34.9900292038693],[-95.5982053624263,34.9903272041873],[-95.5974543618222,34.9910142045546],[-95.5965653620146,34.9917242041948]]]},"properties":{"OBJECTID":4175,"COUNTYFP10":"121","FULLNAME":"Eufaula Lk","MTFCC":"H2030","Shape__Area":291404.1640625,"Shape__Length":11574.114040827717}},{"type":"Feature","id":4176,"geometry":{"type":"Polygon","coordinates":[[[-95.9232074380124,34.8658471656294],[-95.9234854373949,34.8655731655207],[-95.9237354382111,34.865779166053],[-95.9237074378362,34.8661221657469],[-95.9236244375992,34.8663281653958],[-95.9236514379681,34.8665571661044],[-95.9237354382711,34.8666261656976],[-95.9238184376429,34.8669001657889],[-95.9240404380729,34.8672891658019],[-95.9244294381614,34.8677931657353],[-95.9245684383395,34.8681821657523],[-95.9250124382742,34.8685941659202],[-95.9255954383512,34.8688911661529],[-95.9256504382395,34.8693951661023],[-95.9259844384592,34.8696691661815],[-95.9260674387336,34.8699901666502],[-95.9262334383459,34.8701041665243],[-95.9261784385079,34.8703101661719],[-95.9260954382643,34.8704251661043],[-95.9258724387555,34.8709971665174],[-95.925234438855,34.8711111664302],[-95.9250954387027,34.8710881662714],[-95.9249284381416,34.8709281660663],[-95.9249564385358,34.8708591664676],[-95.9247624385196,34.8706761660982],[-95.9247344381092,34.8705161667857],[-95.9238464382481,34.8698071663784],[-95.923540438434,34.8696241660144],[-95.9229854378453,34.8691661664202],[-95.9227914378243,34.8689141664535],[-95.9227354379091,34.8686851666456],[-95.9229024375482,34.8685251664244],[-95.9229024375239,34.8681821658325],[-95.9227914377642,34.8680671659094],[-95.9227634372775,34.8668311662424],[-95.9229574372467,34.8663511655935],[-95.9232074380124,34.8658471656294]]]},"properties":{"OBJECTID":4176,"COUNTYFP10":"121","FULLNAME":"Reservoir No 1","MTFCC":"H2030","Shape__Area":127317.9453125,"Shape__Length":1836.7397705880937}},{"type":"Feature","id":4177,"geometry":{"type":"Polygon","coordinates":[[[-95.6664873904525,35.1299412265542],[-95.6658193900397,35.1297812263736],[-95.6651783899962,35.1298492268551],[-95.6640363892269,35.1302612262004],[-95.6634513890758,35.1302382269627],[-95.6629493891616,35.1300092262773],[-95.6625033891565,35.1299182265825],[-95.6618903886128,35.1299862270626],[-95.6616113891691,35.1300552266735],[-95.6615003885099,35.1299402267506],[-95.6615553892519,35.1298032267003],[-95.6618623890783,35.1295052263783],[-95.6618903885617,35.1292772266128],[-95.6620293887025,35.1291392265122],[-95.6626153889,35.1291622266492],[-95.6633393892349,35.1296432264004],[-95.6636463890942,35.1298032265986],[-95.6639243893992,35.1298492269161],[-95.6652893897132,35.1293692262103],[-95.6658263903303,35.1293092261042],[-95.6661253898048,35.1292772264067],[-95.6665433902987,35.1292092259361],[-95.6668503901349,35.1290492266074],[-95.6669613898634,35.1287282261294],[-95.6669613898452,35.1284762261534],[-95.6673233904054,35.1279272258992],[-95.6673793902682,35.1274242259909],[-95.667435390154,35.1272412256095],[-95.6674633905168,35.1267372256562],[-95.6672593900295,35.1264582253394],[-95.667180389959,35.126399226209],[-95.6659543896942,35.1254712255721],[-95.6658603898275,35.1254132255893],[-95.6662143900533,35.1253722254725],[-95.6668293898068,35.1255312256094],[-95.6671613899317,35.1257682257741],[-95.667203390083,35.1257982253623],[-95.6672723896873,35.1258232256171],[-95.6683553904794,35.1262572258727],[-95.6686893906915,35.1264172260696],[-95.669051390397,35.1264862256493],[-95.6698033910897,35.1263942258498],[-95.6700543910468,35.126509225766],[-95.6702213907074,35.1266462258054],[-95.6702493911109,35.1267072259303],[-95.6703603908796,35.1269432260594],[-95.6704993910948,35.1278362260281],[-95.6706113908994,35.1279282257854],[-95.6706383912851,35.128385226258],[-95.6704713907632,35.1287742262896],[-95.670220390821,35.1288662260647],[-95.6698033912663,35.1288432259195],[-95.6691063903981,35.1285452256463],[-95.6688553904542,35.1286142261552],[-95.6686053905716,35.1288892263088],[-95.6682703903724,35.1295522264439],[-95.6675463901053,35.1300102260999],[-95.6672953901845,35.1303992261356],[-95.6670443902357,35.1303992261478],[-95.6667943903251,35.130285226278],[-95.6664873904525,35.1299412265542]]]},"properties":{"OBJECTID":4177,"COUNTYFP10":"121","FULLNAME":"Crowder Reservoir","MTFCC":"H2030","Shape__Area":202870.78125,"Shape__Length":3346.456548882511}},{"type":"Feature","id":4178,"geometry":{"type":"Polygon","coordinates":[[[-95.5001543594967,35.3008882657277],[-95.500147359172,35.3008872656817],[-95.5001383596539,35.3008862656358],[-95.5001323593755,35.3008852655898],[-95.5001213588654,35.300884265544],[-95.4999713591028,35.3008722658952],[-95.5002653588027,35.2947732649976],[-95.5007883587737,35.2947522648991],[-95.5016823588326,35.2943172645008],[-95.501738359621,35.2941802644505],[-95.5019343597073,35.2940432643933],[-95.5022973594128,35.2934712639735],[-95.5024923594527,35.2933342639164],[-95.5026603591298,35.2930592646661],[-95.5026603591081,35.2927612643591],[-95.5025773597406,35.292555263819],[-95.5022143590725,35.2922582644755],[-95.5020193590026,35.2919832643436],[-95.501935358681,35.2916622638752],[-95.5027173589818,35.2917772637653],[-95.5032473592807,35.2918002639048],[-95.5037503592101,35.2915952642816],[-95.5043093599078,35.2909772635212],[-95.5045043599544,35.2909312640799],[-95.5046163597592,35.2910232638372],[-95.5046153597578,35.291641263671],[-95.5044203597379,35.2920532638696],[-95.5043363594613,35.2923502641343],[-95.5044753596772,35.2932432641028],[-95.5046703597756,35.2939072642581],[-95.5046693597859,35.294685264305],[-95.5047473598069,35.29469926405],[-95.5050323604373,35.2947542647838],[-95.5051443602287,35.2946622641162],[-95.5052833603513,35.2942732640859],[-95.5067633606164,35.2939762646521],[-95.5072663605442,35.2937482639641],[-95.5074893609766,35.2935192641428],[-95.508104360689,35.2931072639237],[-95.5084673612903,35.2924892640722],[-95.5088313610238,35.2916662637226],[-95.5089713611728,35.291002263551],[-95.5091943606975,35.2906592638476],[-95.5092783609891,35.2905672631815],[-95.5093343608764,35.2904072638649],[-95.5094463606645,35.2902702638119],[-95.5094743610587,35.2902012633139],[-95.5097813608767,35.2897892631099],[-95.5099213610473,35.2894232632451],[-95.510116361069,35.2890342632121],[-95.5101723609413,35.2886682633515],[-95.5103133610949,35.2874322627776],[-95.510425360868,35.2870882630335],[-95.5104533612354,35.2866532626776],[-95.5106213608776,35.285898262788],[-95.5107053611608,35.2856922622397],[-95.5109563610915,35.2854412622978],[-95.5111243607519,35.2849372623378],[-95.5110683607895,35.2840672625309],[-95.5110133609335,35.2840212622025],[-95.5109853605144,35.2837472621087],[-95.5109293606086,35.2836552623487],[-95.5109013610804,35.2832662623265],[-95.5108463612211,35.2831742616672],[-95.5107063609906,35.2827172620996],[-95.5105393604171,35.2823962616352],[-95.5104843605178,35.2817552616386],[-95.5104003601979,35.2814582613821],[-95.5103733606811,35.2805882615737],[-95.5102893603595,35.2802672620046],[-95.5099823604865,35.2799242614279],[-95.5096753606318,35.2798322616801],[-95.5094803605736,35.2797182618076],[-95.5096763606398,35.2793062616091],[-95.5098433602723,35.279054261625],[-95.5098163598678,35.2783442611304],[-95.5097333604719,35.2777492614661],[-95.5098163598145,35.2776122614145],[-95.5099283605052,35.2775202607469],[-95.509928360487,35.2772692608172],[-95.5098173598292,35.2771772610599],[-95.5097053600161,35.2769712614206],[-95.5097613598935,35.2766732611109],[-95.5097063600125,35.2762842610901],[-95.5098183597757,35.2758042604453],[-95.5096503600735,35.2757352608563],[-95.5095113599093,35.2755522604844],[-95.5093993600712,35.275002260207],[-95.5092323595012,35.2747282610194],[-95.5088143598831,35.2744762601646],[-95.507726359709,35.2733772605977],[-95.5076983593065,35.273331260268],[-95.5073353595244,35.2728502604995],[-95.5065273588722,35.2721172598776],[-95.505996358512,35.2718882600931],[-95.5059413586526,35.271796260333],[-95.50591435822,35.2706982598612],[-95.5058023583836,35.2701712597493],[-95.5059423585358,35.2695532599086],[-95.5058313587692,35.2693472593698],[-95.5054963585103,35.2691872600725],[-95.5051053583591,35.2691182595949],[-95.5042203577854,35.2691022597969],[-95.503738357915,35.26909425945],[-95.5024233571646,35.268797260153],[-95.5022033577506,35.2687502597864],[-95.50167335745,35.2687042594813],[-95.5017293573408,35.2685902595965],[-95.5023713574177,35.2683382595892],[-95.5035713582043,35.2682702599795],[-95.5039623583456,35.26820225951],[-95.5042133582858,35.2680812592917],[-95.5042973576819,35.2680422592806],[-95.5047443576922,35.2675612594724],[-95.5048553583349,35.2674472595849],[-95.5050513584063,35.2671042589836],[-95.5050233579571,35.2664172595538],[-95.5053863585903,35.2662342591574],[-95.5054423584743,35.2660282595098],[-95.5052203580216,35.2653412591902],[-95.504913358147,35.2649752593473],[-95.5037693572278,35.2646082585997],[-95.5037133573104,35.2643562586265],[-95.504802357446,35.2642882590223],[-95.5054163580198,35.2639912587315],[-95.5056393584539,35.2637852590758],[-95.5057793577236,35.2633962590455],[-95.5059193578676,35.2626642584234],[-95.5057523581868,35.2622512581962],[-95.5057253577542,35.2611532586236],[-95.5058653579266,35.260810258025],[-95.5060603579515,35.2604662582767],[-95.5065353583611,35.2599862576142],[-95.5067033580316,35.259620257748],[-95.5068143577467,35.2591162577907],[-95.50689835803,35.2589102581418],[-95.5069273575397,35.2584072573356],[-95.5067873582167,35.2580632576036],[-95.5065923581602,35.2579722578967],[-95.5062293575071,35.2578802572523],[-95.5052813576168,35.2579712579144],[-95.5045853577154,35.2579712579484],[-95.5045523570843,35.2579712579501],[-95.5036623571608,35.2577182579714],[-95.5035843571417,35.2577302576315],[-95.503383356816,35.2577642574168],[-95.5027693571449,35.2581072580386],[-95.5019323570297,35.2585192582685],[-95.5012343561493,35.2587012577357],[-95.5010113565929,35.2586102580301],[-95.5010943568331,35.2584502578129],[-95.5017093565606,35.2582442581379],[-95.5022953567351,35.2579472578486],[-95.5026303569457,35.2574432578804],[-95.5027703571347,35.2573292579915],[-95.5029653571597,35.2569862573902],[-95.5033283568919,35.2567802577276],[-95.5035763566978,35.2567262579133],[-95.5038583571807,35.2566662578196],[-95.5050583570663,35.2565752571451],[-95.5055053571015,35.2564372570294],[-95.5062033579652,35.2560262577518],[-95.5064823573908,35.2557052572657],[-95.5065663576674,35.2554082570009],[-95.5066783574472,35.2551562570195],[-95.5067063578148,35.2547212566635],[-95.5065943579985,35.2544702567394],[-95.5065953579667,35.2533942563853],[-95.506121357537,35.2529592569533],[-95.5053963571583,35.2525232565878],[-95.5044473571984,35.2522942568238],[-95.5039733567837,35.2520652570366],[-95.502383355844,35.251400256903],[-95.5019933557358,35.25128625704],[-95.5011283560624,35.2508962570125],[-95.5010443557559,35.2507822562352],[-95.5014813561875,35.2501032562537],[-95.5037873570086,35.250103256141],[-95.5040663564575,35.2501032561274],[-95.5053593570653,35.2501032560642],[-95.505537357249,35.2504182562502],[-95.5058893573624,35.2501032560383],[-95.511094358626,35.2501032557839],[-95.5110623580734,35.2505462565105],[-95.5110623580859,35.2507182563799],[-95.5113693588565,35.2510382558917],[-95.5114493589685,35.2510282563242],[-95.5117603589995,35.2509932564872],[-95.5120393584317,35.2507642557638],[-95.5120393584233,35.2506492558355],[-95.5122903583615,35.2505002561194],[-95.5123493583708,35.2501032557226],[-95.5135353594124,35.2501032556646],[-95.5135463590504,35.2504772558925],[-95.5130153587277,35.2507642557161],[-95.5128483591035,35.2511302564816],[-95.5128483591169,35.2513142560072],[-95.5129873592811,35.2514972563791],[-95.5129593588935,35.2516572565935],[-95.5125963591714,35.2520002563038],[-95.5122613589541,35.2524122565091],[-95.5118703588162,35.2525262564103],[-95.5114803587396,35.2528472569019],[-95.5112283587543,35.2529842569618],[-95.5111933589338,35.2530402568582],[-95.51108935862,35.253213256779],[-95.5110883585935,35.2534872568742],[-95.5112563591999,35.2536252569599],[-95.5119253587936,35.254243256761],[-95.5124833594849,35.2541752562834],[-95.5126233587712,35.2540142569165],[-95.5127073590428,35.2536482561551],[-95.5127353594171,35.2533052564613],[-95.5129023590611,35.2532132566904],[-95.5131813594176,35.253328256605],[-95.5134043589891,35.2536262569011],[-95.5134603589097,35.2539232562598],[-95.5135443592129,35.2539922567522],[-95.5135443592195,35.2540832564688],[-95.5136833593788,35.2541982563903],[-95.5140743595267,35.2542212565367],[-95.5143813593597,35.2540152568768],[-95.5146323592887,35.2537402567231],[-95.5149393600411,35.2538092563054],[-95.5150783602053,35.2539922566773],[-95.5153013597634,35.2541072565947],[-95.5156643595022,35.2539932566949],[-95.5159433598303,35.2537182565398],[-95.5160553596134,35.2535122559901],[-95.5161393599067,35.2534442564351],[-95.5162513596582,35.2528032564302],[-95.5165303600064,35.2528032564166],[-95.5169483605337,35.2531922564196],[-95.5171993604826,35.2531922564073],[-95.5173393606765,35.2531462560694],[-95.5174513604547,35.2528722559688],[-95.5174513604248,35.2524602557798],[-95.5173393606134,35.2522772563059],[-95.5172013604191,35.2510412557456],[-95.5172573602982,35.2507662556014],[-95.5173683600449,35.2506972559987],[-95.5175913604956,35.2507202561533],[-95.517703360307,35.2509032556272],[-95.517703360347,35.2514532559101],[-95.5179263599183,35.2517502561599],[-95.5180093601769,35.2518422559186],[-95.518059360705,35.2519532556593],[-95.5180933604884,35.2520252562931],[-95.5187343605788,35.2525982558109],[-95.5190413604251,35.2525752556304],[-95.5193763606574,35.2523692559692],[-95.5194323605464,35.2522322559188],[-95.5194043610216,35.2518882561815],[-95.5191823605723,35.2512472561929],[-95.5191993603783,35.2501032553878],[-95.5201203608216,35.2501032553428],[-95.5203543609281,35.2507442553308],[-95.5206323612597,35.2511562555062],[-95.5208283613627,35.2512482561588],[-95.5211633616082,35.2512252559768],[-95.5215813611964,35.2510652557433],[-95.5216933609711,35.2507452553116],[-95.5215883614237,35.2497262558031],[-95.5214763607153,35.2495752551128],[-95.5213653609569,35.2494832553555],[-95.5211143609747,35.249025255747],[-95.5210303606615,35.2488192552069],[-95.5208073610902,35.2485222549571],[-95.5206963603776,35.2476752553182],[-95.5207803606675,35.2475602553858],[-95.5211153609081,35.2474692547536],[-95.5212543610706,35.2476292549599],[-95.5212823605854,35.2478352555027],[-95.5213653608423,35.2479042550959],[-95.5214493611571,35.2481332549022],[-95.5216163608327,35.2484762554858],[-95.5218673607934,35.2486372548337],[-95.5225093608952,35.2487282554181],[-95.5227323613344,35.2485912553596],[-95.5229283613924,35.2480652552789],[-95.5229283613225,35.247103254807],[-95.5230123616075,35.2469202544243],[-95.523709361562,35.2470122550523],[-95.52382136137,35.2471492550944],[-95.5237933618786,35.2472642550241],[-95.5239053616899,35.2474472544979],[-95.5238493618424,35.2481562549504],[-95.5236813613075,35.2490032555022],[-95.523681361334,35.2493692553602],[-95.5237923619917,35.2494612551176],[-95.5239603616888,35.2494612551094],[-95.5240993618315,35.2493472552206],[-95.5241833621031,35.2489812553585],[-95.5242953618928,35.2488662554247],[-95.5245463618384,35.2488202550813],[-95.5248803620676,35.2492102551348],[-95.5251043616703,35.2493012548403],[-95.5253553625186,35.249301254828],[-95.5253833619819,35.2487982549212],[-95.5255783620251,35.2487062551488],[-95.5260523624332,35.2488442552196],[-95.5261923626288,35.2488212550472],[-95.5263043624119,35.2486152553969],[-95.5266393626342,35.2482722547887],[-95.5265273618903,35.2476312547948],[-95.5271413624473,35.2471042546474],[-95.5273923623614,35.2466242548951],[-95.5275043621362,35.2463032544171],[-95.5281243630062,35.2462542548162],[-95.5284543630134,35.2461432541576],[-95.5285103628892,35.245823254628],[-95.5285663627815,35.2457312539631],[-95.5287893623313,35.2457312539522],[-95.5290963631085,35.2461432541262],[-95.5293473630692,35.2463042543733],[-95.5297933630697,35.2463272545171],[-95.5299603627138,35.2462352547461],[-95.5299603627055,35.2461212539647],[-95.5297373631507,35.2460522543784],[-95.5295143626883,35.2458692540106],[-95.5295143626501,35.2453422538933],[-95.5297933629716,35.2449762540216],[-95.5298493628108,35.2441522536409],[-95.5299613626006,35.2440382537533],[-95.5301013628045,35.2441292543623],[-95.5301283631755,35.244381254337],[-95.530240362977,35.2444272537632],[-95.5304353630535,35.2447932545109],[-95.5309093634848,35.2452512541085],[-95.5317463636715,35.2458242545161],[-95.5319133633338,35.2459842538217],[-95.5319413637513,35.2462362546956],[-95.5320253640511,35.2462582539114],[-95.532164363346,35.2468542545186],[-95.5324713641215,35.247243254527],[-95.5328063634827,35.2474262548893],[-95.5330583643743,35.2473842547311],[-95.5332243639767,35.2473572543723],[-95.533197363589,35.2468772546336],[-95.5330853637875,35.246831254308],[-95.5331133641518,35.2463502545203],[-95.533336363695,35.2462592538936],[-95.5335603641804,35.2461212537888],[-95.5338943643779,35.246076254387],[-95.5343693639513,35.2464652543873],[-95.5346753646589,35.2465562540888],[-95.53501036401,35.2466022544035],[-95.5352893643482,35.2464652543423],[-95.5353733646082,35.2459392542672],[-95.535541364272,35.2454812537389],[-95.5356803644046,35.2452292537562],[-95.5360713645443,35.2451382540205],[-95.5363223644848,35.2450232540799],[-95.5364613646423,35.2451152538359],[-95.5365453649805,35.2456642540685],[-95.5366573647869,35.2457792539913],[-95.5371033647907,35.2458472535204],[-95.5374663654487,35.2460082537621],[-95.5378283651493,35.2460082537444],[-95.5379963648348,35.2458472534768],[-95.5379963648149,35.245573254281],[-95.5378843650068,35.2454352541926],[-95.5378843649769,35.2450232540036],[-95.5379963647683,35.2449322533822],[-95.5383743652017,35.2448052537792],[-95.5387773650409,35.2452982541014],[-95.5388893657434,35.2453672536931],[-95.5397263658917,35.2454132539833],[-95.5401723658839,35.2453212532994],[-95.541260365948,35.2449092539565],[-95.5420693656939,35.2449102539633],[-95.5422373662836,35.2448182532929],[-95.5422093658545,35.2444062531053],[-95.5420973660482,35.2442922532287],[-95.5419303663742,35.2439712536637],[-95.5419023659351,35.2434222534284],[-95.5427673664776,35.2433992532206],[-95.5431023667298,35.2434682528015],[-95.5432413659697,35.2433072534347],[-95.5432973667381,35.2428952532429],[-95.54368836597,35.2426892526796],[-95.5441903667407,35.2423232527971],[-95.5445253669778,35.2421862527332],[-95.5447483665376,35.2423232527699],[-95.5448873667234,35.2428042534487],[-95.544999366533,35.242964252757],[-95.5451943665896,35.2430562534096],[-95.5456683669877,35.2430562533865],[-95.5460033672232,35.242896253157],[-95.5459753667857,35.242369253041],[-95.5459203669281,35.2423012525934],[-95.5459483672741,35.2415682528298],[-95.5459763667539,35.241293252687],[-95.5462823665523,35.2412482523872],[-95.5463943672596,35.2413852524293],[-95.5464503672019,35.2419802529943],[-95.5470363674296,35.2424152524208],[-95.5473153668784,35.2424152524072],[-95.5474543670259,35.2423692529687],[-95.5477333673358,35.2418432528839],[-95.5482353672237,35.2417062528119],[-95.5484033678118,35.2415912528753],[-95.548711367648,35.2407902526477],[-95.5489903679927,35.2407442523031],[-95.5496313680565,35.2409502528159],[-95.5499383679061,35.2409732520671],[-95.5503013676415,35.2408132527356],[-95.5504403677841,35.2406992519475],[-95.5509703680545,35.2403322520173],[-95.551556368234,35.2401042522245],[-95.5527003682236,35.2400582518376],[-95.5528673687704,35.2400122523977],[-95.5529233686594,35.2398752523474],[-95.5532863683998,35.2397832516675],[-95.5533983690905,35.2396922519455],[-95.5538723685875,35.2396692517568],[-95.5552393690462,35.2398982523997],[-95.5566623694188,35.2403322517391],[-95.5578163699183,35.2409222520188],[-95.5607353705486,35.2431252522472],[-95.5622693716187,35.2442002524797],[-95.5629113717504,35.2447042524002],[-95.5632183716051,35.244796252148],[-95.5632363715404,35.2447952521008],[-95.5634973719381,35.2445892524432],[-95.5635533718222,35.2443832527956],[-95.5629673715912,35.2439032521849],[-95.5611533710009,35.2424842522274],[-95.5609023710421,35.2423472521921],[-95.5591723698573,35.2410192519468],[-95.5586423704396,35.2407442518313],[-95.558587369681,35.2406532521174],[-95.5583083702123,35.2403782519897],[-95.5571363697869,35.2399202515269],[-95.5563273691152,35.2395542517085],[-95.5559083694625,35.2394632520124],[-95.5558533696032,35.2393712522524],[-95.5552673693988,35.2392572514996],[-95.5547373690818,35.2389822522834],[-95.5547923688829,35.2382722517847],[-95.555099368711,35.2379982516746],[-95.5559643692385,35.2377692518219],[-95.5561313688943,35.237838251411],[-95.5565503694396,35.2378382513905],[-95.5570523693508,35.2380212517446],[-95.5573033693014,35.2380442518979],[-95.557610370042,35.2379522512208],[-95.5576103699522,35.2367162515531],[-95.5573873694665,35.2362122516121],[-95.5571083690986,35.2359382515306],[-95.5565223688892,35.2357552511806],[-95.556438369477,35.2355722508061],[-95.5568013692207,35.2355262513566],[-95.5570523691596,35.2353882512505],[-95.5572753695821,35.2350222513816],[-95.5573313694762,35.2349542509286],[-95.5576103698259,35.2349762510342],[-95.5579453692202,35.2356172510173],[-95.5588653696736,35.2363962510655],[-95.5590333702701,35.2363962510573],[-95.5591443700001,35.2360982507449],[-95.5593673695465,35.2360522513022],[-95.5595073697504,35.2361442510582],[-95.5597583697127,35.2363272514246],[-95.5599813701883,35.2366932512716],[-95.5601763702514,35.2368762507415],[-95.5604283702485,35.2368992508947],[-95.5613763701102,35.236418251062],[-95.5614603703951,35.2362352506793],[-95.5614883707727,35.2359382513166],[-95.5614043704695,35.2358692508241],[-95.5613483705472,35.2355492512999],[-95.5609023704803,35.2346102510154],[-95.5608183701456,35.2341072502146],[-95.560985370659,35.2336032502547],[-95.5610413705414,35.2333742504416],[-95.561180370669,35.2330542500086],[-95.5613483703611,35.2329852504031],[-95.5622133709302,35.2333282500532],[-95.5624083709817,35.2333512502092],[-95.5627713707137,35.2331452505466],[-95.5630223706228,35.2325962502978],[-95.5635523709032,35.2323672504615],[-95.5634683706549,35.2330542498968],[-95.5634683707063,35.2337632503465],[-95.5638033709734,35.2340382504715],[-95.5640263714291,35.2341292501771],[-95.5643893711761,35.2341292501594],[-95.565142371008,35.2339232504777],[-95.5660903717624,35.2333512500293],[-95.5665643712611,35.2333512500061],[-95.5670113722121,35.2334422506001],[-95.567624371865,35.2334882500019],[-95.567847372309,35.2334192503937],[-95.5681263717396,35.2331682504505],[-95.5686563720266,35.2330302503307],[-95.5693823724016,35.2327782503193],[-95.5705823722736,35.2325042501655],[-95.5712243723538,35.23229824959],[-95.5715863729354,35.2320462495964],[-95.571614372422,35.2318632501157],[-95.5713073725724,35.2318402499652],[-95.5706943729327,35.2319772500428],[-95.5705823722238,35.2318172498351],[-95.5708053726545,35.2315652498483],[-95.5713073725408,35.2314052496106],[-95.5715023725807,35.2312682495536],[-95.5715303729633,35.2310392497418],[-95.5716703731405,35.2307642495935],[-95.5724513733466,35.2302152493188],[-95.5727293727274,35.2299172489983],[-95.5727293726875,35.2293682487616],[-95.5721433724533,35.2288412495723],[-95.571502372383,35.2285442493429],[-95.5715023723697,35.2283612489643],[-95.5718923724529,35.2281322491348],[-95.5719483723452,35.2280402493693],[-95.572450373144,35.228063248611],[-95.5731473731017,35.2282002486245],[-95.5736223735593,35.2283832489799],[-95.574152372967,35.2285212490479],[-95.5746263733633,35.2284982488592],[-95.5750723733487,35.2283142493118],[-95.5751843731369,35.2281772492588],[-95.575184373102,35.2276962485732],[-95.575714373399,35.2276962485473],[-95.5760203740932,35.2276052488158],[-95.576243373638,35.2275362483083],[-95.5766623741683,35.227330248643],[-95.577024373849,35.2270552484839],[-95.5773033741755,35.2267582482096],[-95.5773593740662,35.2266432482785],[-95.5776103740101,35.226574248669],[-95.5777223738165,35.2266892485919],[-95.5780013741679,35.2267352489093],[-95.5781403743254,35.226826248619],[-95.5781123739794,35.2275592483825],[-95.5780573741417,35.2277652489294],[-95.5779453743502,35.2278562486514],[-95.5778063742259,35.2282222485161],[-95.5778063742857,35.2290462488941],[-95.5780573742596,35.2293902486205],[-95.5788943743896,35.2291832488885],[-95.5792563749695,35.2289092487757],[-95.5794793744977,35.2286112484578],[-95.579507374867,35.2281992482675],[-95.5793683746829,35.2277412486535],[-95.5792843743564,35.2273522486341],[-95.5791723745501,35.2272382487576],[-95.5792003740117,35.2267112486388],[-95.5793393741343,35.2263222486086],[-95.5795903740617,35.2260252483357],[-95.5798413749066,35.2259792479923],[-95.5800093746152,35.2261392481972],[-95.5800373750493,35.2266202479821],[-95.5802043747133,35.2268032483526],[-95.5802323751241,35.2269632485644],[-95.5805113745895,35.2271922483611],[-95.5809293750884,35.2271922483407],[-95.581292374827,35.2270772483946],[-95.5817103753028,35.226757247948],[-95.581961375245,35.2266652481729],[-95.5820733750364,35.2265742484509],[-95.5821283748509,35.2260472483309],[-95.5824353755948,35.2260012479848],[-95.5826033752952,35.2260472483077],[-95.5826303756197,35.2256582482829],[-95.5828263757127,35.2256122479423],[-95.5830773756698,35.225726247812],[-95.5831603750357,35.2259102482329],[-95.5834123759468,35.2261382479847],[-95.5835793756158,35.2263902479524],[-95.5837743756939,35.2267792479663],[-95.5839983753033,35.226962248334],[-95.5844443761964,35.2268932478156],[-95.5846393762363,35.2267562477585],[-95.5848063758688,35.2265042477744],[-95.5848063758024,35.2255892476799],[-95.5847223754792,35.2252452479453],[-95.5843593757123,35.2249712478679],[-95.5840533759009,35.2248342478353],[-95.5837743755261,35.2244672479447],[-95.5837743755196,35.2243762473289],[-95.5840523757979,35.2240552477421],[-95.5843873760401,35.2239872472755],[-95.5846383760023,35.2241702476418],[-95.5847783753201,35.2244442477301],[-95.5849173754777,35.2245362474861],[-95.5851123755308,35.2245822478077],[-95.5852243762215,35.2244902480394],[-95.5852803761039,35.224261247327],[-95.5855033756454,35.224147247434],[-95.5858373758428,35.224101247986],[-95.5860613763448,35.2241922476915],[-95.5863673761646,35.2244442476525],[-95.5867303759415,35.2248562478238],[-95.5868423766455,35.2249472475348],[-95.5870653762219,35.2253152474744],[-95.5871213761791,35.2261162476842],[-95.5871773760847,35.2262072482972],[-95.5874843768303,35.2261842481167],[-95.5875673761762,35.2260932474968],[-95.5876513764394,35.2256122477065],[-95.5877353767244,35.2254292473238],[-95.5877903765139,35.2245592475113],[-95.5881253767593,35.2245362473294],[-95.5884873764848,35.2248792479034],[-95.5887113769869,35.2249712476553],[-95.5889903764357,35.2249712476417],[-95.5903563767945,35.2244672476232],[-95.5915003776385,35.2238032474024],[-95.5918073774681,35.2235512474114],[-95.5927833776791,35.222383247247],[-95.5930613779608,35.222108247092],[-95.5933123778899,35.2218342469846],[-95.59331237786,35.2214222467956],[-95.5930613779094,35.2213992466423],[-95.5925313776208,35.2215142465966],[-95.5920023774034,35.2219712470962],[-95.5914443776232,35.2222002469338],[-95.5909983776477,35.2225212474281],[-95.5908033776144,35.222750247248],[-95.5907753772219,35.2228422470122],[-95.5905793771423,35.2230712468322],[-95.5904953768557,35.2232312470493],[-95.5903833770643,35.2233222476706],[-95.5900493768652,35.2233452469532],[-95.5896583767108,35.2232312470902],[-95.589100376909,35.2231622475202],[-95.5885433762658,35.223253247264],[-95.5882643767955,35.2229562470169],[-95.5881523760849,35.222773247543],[-95.5881243765651,35.222498247403],[-95.589323376354,35.2217192472512],[-95.5914433774856,35.2209422471469],[-95.5928383774006,35.2205752462752],[-95.5940653776203,35.2202312464766],[-95.5942323781603,35.2200942464209],[-95.5942323781304,35.2196822462318],[-95.5940093776698,35.2195222460296],[-95.5940853775691,35.2191372461876],[-95.5949273779271,35.2188792458928],[-95.5951643781208,35.2188062460988],[-95.5960533779587,35.2185232464429],[-95.5962823787131,35.2188972457607],[-95.5965043782163,35.2188952465565],[-95.5989793787271,35.2181652459131],[-95.5993133789276,35.2181632458041],[-95.5995353793516,35.2184562458688],[-95.59961837961,35.2185472455812],[-95.5998963790072,35.2184762458777],[-95.5998393790384,35.2181532462148],[-95.5998933788195,35.2178062454352],[-95.6002553794258,35.2178952459408],[-95.600506379388,35.2180782454078],[-95.6007573793434,35.2181692460114],[-95.6021243797736,35.2180082456852],[-95.6027653798106,35.2178482454408],[-95.6033513800083,35.2178712455777],[-95.6034623797665,35.2179622452888],[-95.6034913802619,35.2186492456178],[-95.6036023800318,35.218900245542],[-95.604160380723,35.2188322459637],[-95.604327380362,35.2186712456962],[-95.604857380649,35.2185342456227],[-95.6054993807456,35.2185562457106],[-95.6059173812577,35.2187392460688],[-95.6062803809997,35.2186712456008],[-95.6063073813376,35.2184652459546],[-95.6064193811273,35.2183502451214],[-95.6067263809702,35.2182812455092],[-95.6069213810333,35.2184642458783],[-95.6070053813614,35.2188762451639],[-95.6071443815289,35.2191052458668],[-95.6073953814744,35.2190592455234],[-95.6074513813684,35.2189902459234],[-95.6074233809211,35.2183272458062],[-95.6076743808551,35.2181212452498],[-95.6078693808983,35.2180292454775],[-95.608427381601,35.2181202451667],[-95.6085113810065,35.2182122458248],[-95.6084833815199,35.2183952453054],[-95.6083713817451,35.2187152457371],[-95.6074243810837,35.219929246231],[-95.6069183810333,35.2203812455987],[-95.6056543808695,35.2203542462091],[-95.6023493796146,35.2207452464866],[-95.5993873790156,35.221657246587],[-95.5962083783092,35.2234442467391],[-95.5950703786498,35.2242042469076],[-95.594270378473,35.2249042469797],[-95.5930703777762,35.2262042478704],[-95.5921703774657,35.2270042480805],[-95.5911703779282,35.2280042476626],[-95.5902693776076,35.2293042485387],[-95.5892693771926,35.2306042485204],[-95.5883693768966,35.2316042489969],[-95.5875693767488,35.2327042487023],[-95.5862693768178,35.2341042497311],[-95.5846693764423,35.2352042494757],[-95.5836693759981,35.236104249824],[-95.5822693759044,35.2372042504581],[-95.5812693754531,35.2380042506731],[-95.5802693758938,35.238704250755],[-95.5792693754279,35.2393042507037],[-95.5777693751933,35.2404042513427],[-95.5758693744241,35.2419042516347],[-95.5758693744314,35.2420042517679],[-95.5757693742905,35.2420042517727],[-95.5744693743304,35.2430042513695],[-95.574069374688,35.2433042517887],[-95.5726693736876,35.2443042522896],[-95.5715493739529,35.2449162519004],[-95.5703773736034,35.245503252155],[-95.5689553733246,35.2457212524249],[-95.567422372391,35.2458862520451],[-95.5673973730304,35.2458892521852],[-95.5673683725851,35.2458922523255],[-95.5672633731125,35.24590325284],[-95.5659083723346,35.2459982528079],[-95.5654333718906,35.2460032521633],[-95.5652503723973,35.2460052522649],[-95.5652433720727,35.2460052522652],[-95.5652193718592,35.2460082524052],[-95.5652083722486,35.2460102524984],[-95.5648763721439,35.2460562528457],[-95.5643683719717,35.2461102526727],[-95.5640953719054,35.2461582531097],[-95.5640803721093,35.24616125235],[-95.5640733717847,35.2461622523966],[-95.5640663723595,35.2461632524432],[-95.5638693722193,35.2461972531277],[-95.5631513713097,35.2463622527081],[-95.5631393716527,35.2463652528475],[-95.5631233718103,35.2463692530335],[-95.5629633715876,35.2464062529558],[-95.5629443716061,35.2464102531418],[-95.5619633711142,35.2469032526324],[-95.5616413714818,35.247066253],[-95.5615903709172,35.247092253307],[-95.5613843712641,35.2471972527824],[-95.5605643710455,35.247710253191],[-95.5597843708744,35.2481032534378],[-95.5590183704495,35.2484442530751],[-95.5590093718311,35.24844825416],[-95.5586743706955,35.2485972529809],[-95.5578633708865,35.2490042538774],[-95.5576653707039,35.249093253511],[-95.5576313709269,35.2491082533078],[-95.557607370714,35.2491192538182],[-95.5575833705011,35.2491302534293],[-95.556962370501,35.2494102538326],[-95.5565683702209,35.2494832536344],[-95.5565413698685,35.2494882538671],[-95.5564253698865,35.2495102539921],[-95.5557393704632,35.2497072541531],[-95.5552643700258,35.2498032541243],[-95.5552493702297,35.2498062533646],[-95.5548653695088,35.2498052542365],[-95.5548563699907,35.2498052542369],[-95.5545273700365,35.2500072537126],[-95.5544483699736,35.2500542540938],[-95.5543683698644,35.2501032536684],[-95.553268369214,35.2501032537222],[-95.5527683694234,35.250303254013],[-95.5521683694847,35.2504032541755],[-95.5516683687948,35.2506032544663],[-95.5511683689969,35.2507032537246],[-95.5504683689173,35.2508032538921],[-95.5498683689786,35.2509032540546],[-95.5489683686171,35.2510032542318],[-95.5480673682093,35.251103254409],[-95.5472673679815,35.2511032544482],[-95.546467367761,35.2512032546205],[-95.5459673679631,35.2513032547781],[-95.5451673677498,35.2515032541843],[-95.5440673671138,35.2517032545044],[-95.5432673669006,35.2519032548099],[-95.5423673665537,35.2522032552535],[-95.5414673662068,35.2525032547978],[-95.540667366008,35.2529032553697],[-95.5395673662859,35.2533032550569],[-95.5385673658199,35.2539032550056],[-95.5375673653539,35.2545032558536],[-95.5364673656318,35.2549032555408],[-95.5353673650249,35.2555032554944],[-95.5346673649743,35.2560032561946],[-95.5337673646346,35.2564032558721],[-95.5330673645695,35.2567032563059],[-95.5325673647788,35.2569032565967],[-95.531867364721,35.2573032562643],[-95.5312673638974,35.2576032566932],[-95.5306673639877,35.2581032564892],[-95.5305673638541,35.2582032566273],[-95.5280663640134,35.2600032573484],[-95.5268663632656,35.2606032573069],[-95.525866362785,35.2610032569892],[-95.5245663627883,35.2615032577187],[-95.5234663621668,35.261903257406],[-95.5226663619535,35.2621032577115],[-95.5216663623649,35.26240325816],[-95.5207663620034,35.2625032574379],[-95.5199663617683,35.2624032582431],[-95.5192663616813,35.2624032582774],[-95.5180663608898,35.2624032583361],[-95.5169663611458,35.2625032576237],[-95.5159663606506,35.262703257939],[-95.5149913604365,35.263191258097],[-95.5149663601773,35.2632032586538],[-95.5149113603283,35.2632532582735],[-95.5139663606324,35.2641032581028],[-95.513266359726,35.2652032587028],[-95.5129663602681,35.2661032590169],[-95.5129663603481,35.2672032586834],[-95.5131663606808,35.2679032596059],[-95.5133663601215,35.268703258863],[-95.5133803607722,35.2687242589352],[-95.5134403608634,35.2688152595481],[-95.5135013601016,35.2689062592616],[-95.5137663607287,35.2693032596425],[-95.5143663607403,35.2702032599125],[-95.5150663608927,35.2711032592783],[-95.5155663616482,35.2718032601862],[-95.515866361208,35.2723032599381],[-95.5164663612268,35.2733032603413],[-95.5169663619822,35.2740032603498],[-95.5174663618457,35.2748032604915],[-95.5176613619383,35.2753892606329],[-95.5177663623339,35.2757032607762],[-95.5179613624263,35.276287260825],[-95.5180663619228,35.2766032601615],[-95.5184663625738,35.2778032608408],[-95.51876636217,35.2788032612586],[-95.5190583622726,35.2795032612773],[-95.5191143631025,35.2799352614901],[-95.5191743623213,35.2803982613394],[-95.5191253627715,35.2807362608028],[-95.5191233626798,35.280750261451],[-95.5191223626341,35.2807592609684],[-95.5191203625422,35.2807712615241],[-95.5190733630838,35.2810902610069],[-95.5190723630383,35.2811032616089],[-95.5190643626744,35.2812002616036],[-95.5187583629289,35.2819712613413],[-95.5187493625132,35.2819942615073],[-95.5187123626028,35.2820882613645],[-95.518668362369,35.2821982610635],[-95.51863036241,35.2822622613305],[-95.5185933624973,35.2823242615048],[-95.5180673624498,35.2832052618495],[-95.5178663630415,35.2834882614718],[-95.5173673624346,35.2841912616681],[-95.5168953621693,35.2847412619741],[-95.5168823624669,35.2847562617698],[-95.5166753627774,35.2849982621922],[-95.5157753624669,35.2857982624024],[-95.5155983623633,35.2859492622075],[-95.5149623616865,35.2864912621511],[-95.5144643620037,35.286898262133],[-95.5135793614958,35.287785262773],[-95.5131313614291,35.2881272624411],[-95.5131223619115,35.2881342627656],[-95.5131133614946,35.2881412630901],[-95.5127593612853,35.2884112630174],[-95.5119703616176,35.2890982633864],[-95.511802361936,35.2893122634098],[-95.5117913614269,35.2893262631593],[-95.5112633612715,35.2899982637203],[-95.5107643615777,35.29089126372],[-95.510362360965,35.2914912636394],[-95.5101173613266,35.2919352635233],[-95.509968361631,35.2922052634405],[-95.5094693610384,35.2931052637643],[-95.5093293608673,35.2934642642043],[-95.5093263607287,35.2934712636292],[-95.5093163611662,35.2934972639341],[-95.5093063616037,35.2935242642853],[-95.5092993612805,35.293543264266],[-95.5091643613405,35.2938922642428],[-95.5086653607625,35.2949922639335],[-95.5080703611221,35.2960052640977],[-95.5075793608996,35.2968922647185],[-95.5073103610344,35.2971552652168],[-95.5069523606453,35.2975052652508],[-95.5062763608157,35.2981052651837],[-95.505367360081,35.2988122655853],[-95.5049353607541,35.2991242656622],[-95.5049263603371,35.2991302650411],[-95.5045553602386,35.299398265776],[-95.5036623602308,35.2998982655863],[-95.5027543595128,35.300198265131],[-95.5019653598096,35.300398265436],[-95.5018003593555,35.3004432657289],[-95.5017893597449,35.3004462658683],[-95.501766359578,35.3004522652479],[-95.5011693597827,35.3006122654902],[-95.5004133598164,35.3008842655297],[-95.5004043593993,35.3008872656691],[-95.5003983591212,35.300889265762],[-95.5003733597611,35.3008982661799],[-95.5002643592028,35.3008982661852],[-95.5001543594967,35.3008882657277]],[[-95.5694953724787,35.2359832503107],[-95.5697183728996,35.2355942502763],[-95.5700803726051,35.235662250709],[-95.5704153728539,35.2356852508581],[-95.5705833725459,35.2356162503533],[-95.5712523729589,35.2351362505806],[-95.572089373069,35.2346552498541],[-95.5728143733926,35.2343342502455],[-95.5737623732527,35.2338312502937],[-95.5742923735314,35.2335792502919],[-95.5751013741333,35.2329842496847],[-95.575826374427,35.2322512498871],[-95.5758543739119,35.2320452493415],[-95.5756873742545,35.2319542496332],[-95.5754913741632,35.2320222491938],[-95.5749343735201,35.2321142498831],[-95.5740413734844,35.2322282498088],[-95.5721443728536,35.2337172495914],[-95.571865373423,35.2339682504339],[-95.5715033728231,35.2339682504516],[-95.5714473728825,35.2333962500523],[-95.5713633725827,35.2333732498908],[-95.5708893730873,35.2334192502451],[-95.5704433731068,35.2336712502428],[-95.5702483730636,35.2337632500151],[-95.5699693727321,35.2339912497928],[-95.5694933722563,35.2341972503602],[-95.5690193727843,35.2345642502877],[-95.5687963723551,35.2348382503937],[-95.5682383725733,35.2350452501121],[-95.5679313718443,35.235296250956],[-95.5675973716801,35.2358002509242],[-95.5676253720992,35.2360752510642],[-95.5679323719721,35.2364182507416],[-95.5684063723867,35.2366472505288],[-95.5688803727896,35.236715250956],[-95.569299372424,35.2365552507223],[-95.569354372265,35.2363952505066],[-95.5694673729988,35.2362572504072],[-95.5694953724787,35.2359832503107]]]},"properties":{"OBJECTID":4178,"COUNTYFP10":"121","FULLNAME":"Eufaula Lk","MTFCC":"H2030","Shape__Area":19148379.80859375,"Shape__Length":60987.702391558116}},{"type":"Feature","id":4179,"geometry":{"type":"Polygon","coordinates":[[[-95.5053593570653,35.2501032560642],[-95.5040663564575,35.2501032561274],[-95.5037873570086,35.250103256141],[-95.5014813561875,35.2501032562537],[-95.5015533559,35.2497002564778],[-95.5016373561949,35.2496542561427],[-95.50163835621,35.2492242560195],[-95.5013863562146,35.2492242560318],[-95.5009683557373,35.2495222563592],[-95.5008003560522,35.2496882568584],[-95.5007273553949,35.2501032562906],[-95.4991513551527,35.2501032563676],[-95.498959355215,35.2497322562875],[-95.4985683550548,35.2495412564569],[-95.4981763548108,35.2488322560262],[-95.4978143550985,35.2486722567301],[-95.4975903546046,35.2486952560073],[-95.4971723550215,35.2489242567375],[-95.4970323548209,35.2488782564132],[-95.4968653542575,35.2486952560428],[-95.4967813548187,35.2481462567095],[-95.4966693541064,35.2479402561708],[-95.4962503544537,35.2478492564747],[-95.4961673542217,35.2481232565739],[-95.4961953546708,35.2488102569031],[-95.496168354323,35.2488792565018],[-95.4959443547285,35.2489022566782],[-95.4951633544641,35.2486502567405],[-95.4942703544315,35.2488112561441],[-95.4940473539558,35.2484452562971],[-95.4935443539833,35.2480562562981],[-95.4932653536268,35.2479422564297],[-95.4927913532254,35.2478962561218],[-95.4924843533857,35.2480112569644],[-95.4920383534067,35.2482862562284],[-95.4919263536202,35.2484462564469],[-95.4913693530052,35.2489272571599],[-95.4906153531368,35.2492712569354],[-95.4904483525901,35.2493172572746],[-95.4900303530115,35.249608257278],[-95.4893603525254,35.2497232572391],[-95.4889423529282,35.2497582570813],[-95.4885233523802,35.24972325728],[-95.488284352116,35.2501032568985],[-95.4871523526793,35.2501032569538],[-95.4870153525919,35.2497012572345],[-95.4868763524352,35.2496212571347],[-95.4865693516842,35.2495702574864],[-95.4861503520365,35.2495482573877],[-95.4858433521937,35.2496212571851],[-95.4854923521388,35.2501032570349],[-95.483706351151,35.2501032571221],[-95.4839183510248,35.2492052569049],[-95.4843643509706,35.2484732571671],[-95.4849493510772,35.2478772565245],[-95.4863163514614,35.2470752570981],[-95.4864273520941,35.2468242562637],[-95.487264352226,35.2466402566972],[-95.4886323526781,35.2461362566785],[-95.4891903524535,35.2458382563442],[-95.4895523521127,35.2452662559244],[-95.4896643527802,35.2448542557298],[-95.4899143526446,35.2443272556002],[-95.4898303523065,35.2437782562669],[-95.4900813522372,35.2435262562787],[-95.4903043526796,35.2434342556057],[-95.4904443528803,35.2434802559299],[-95.490556352695,35.2437092557348],[-95.4905563527033,35.2438232556169],[-95.4907233523706,35.2440522563185],[-95.4910863530436,35.2444182561588],[-95.49130935259,35.2443722558168],[-95.4916163533125,35.2440292561093],[-95.4917273530525,35.2438682558445],[-95.491839352844,35.2437772561225],[-95.4923693531594,35.2440282560263],[-95.4926763530124,35.2440972556086],[-95.4932623532102,35.2441192556991],[-95.4935693530433,35.2439132560393],[-95.493624353777,35.2436612560607],[-95.4936803536245,35.2429522556081],[-95.493735353459,35.2427002556295],[-95.4936783534006,35.2411432554918],[-95.4935953531437,35.2410752550455],[-95.4935663535494,35.2404112548819],[-95.49384535297,35.2400222548448],[-95.4941243533049,35.2398392553519],[-95.494291352934,35.2395412550367],[-95.5002653547849,35.2395172545331],[-95.5050483562652,35.2395442546502],[-95.5052433563102,35.2394752541441],[-95.5052683565497,35.2391922545303],[-95.5052713557452,35.2385822541673],[-95.5051603559903,35.238537253888],[-95.5021753551467,35.2383982538935],[-95.5013103555066,35.2384662543861],[-95.5002653547085,35.2384642543446],[-95.4977213545396,35.238440254257],[-95.4962433534413,35.2383722547781],[-95.4963263536849,35.238258254892],[-95.4963473537274,35.2378162542123],[-95.4963543540409,35.2376632543229],[-95.4961583539214,35.2373432548055],[-95.4961583539114,35.2372052547116],[-95.4957393533394,35.2368392539748],[-95.495572353672,35.2366102541725],[-95.4951533531001,35.2362442543349],[-95.4945953532832,35.235970254267],[-95.494372352829,35.2359012537813],[-95.4936463533416,35.2359932544789],[-95.4934513532983,35.2360852542512],[-95.4933403526689,35.2363832545637],[-95.4933123531806,35.2365432547782],[-95.4932283528858,35.236589254214],[-95.4929783530147,35.2370242545808],[-95.4924203523384,35.2372992547496],[-95.4917783522597,35.2375282545913],[-95.4912213525091,35.2375282546185],[-95.4907743524755,35.2376892548998],[-95.4900493521366,35.2378032548173],[-95.4897983521861,35.2377812547103],[-95.4894633519389,35.2377812547266],[-95.4887293521222,35.2384492551127],[-95.4884593513017,35.2385822549883],[-95.4874263510569,35.2385372547539],[-95.4873153513085,35.2385832550904],[-95.4866453517102,35.2385382548383],[-95.4866453516985,35.2383772554783],[-95.4867283510377,35.2381942550955],[-95.4869843512173,35.2381752551027],[-95.4875093512474,35.2376902551055],[-95.4875373516333,35.2375072547255],[-95.4874253518269,35.2373932548488],[-95.4870633512136,35.2372102544879],[-95.4861703511644,35.2371412549342],[-95.4858913508129,35.237096254663],[-95.4854173504198,35.2371652551828],[-95.485211350764,35.2372322546975],[-95.4843013508523,35.2375312550953],[-95.484133350256,35.2375322551497],[-95.483771350522,35.2370742546473],[-95.4834083498674,35.2369602547829],[-95.483045350117,35.2369142553689],[-95.4823203497981,35.2373032554278],[-95.4818463503026,35.2373492548828],[-95.4817343495986,35.2372582551716],[-95.4818923497189,35.2370872553409],[-95.4819903497326,35.2366122549282],[-95.4821253496641,35.2361442548378],[-95.4820313497747,35.2357752548454],[-95.4819743498258,35.2357282544708],[-95.4819743498213,35.2356662551977],[-95.4819843502445,35.2351062544512],[-95.4821503498493,35.2351122547209],[-95.483179349933,35.2354942543701],[-95.4835603505203,35.2355702542729],[-95.4840023503425,35.2356902544112],[-95.4841843506856,35.2356452550168],[-95.4845763508673,35.2354942543019],[-95.4848403504876,35.235050254417],[-95.4849693501605,35.2348532542832],[-95.4852203509922,35.2346242544605],[-95.485498350388,35.2345322546841],[-95.485750350395,35.2346922539857],[-95.4857783508042,35.2348302540781],[-95.4862523512321,35.2352422542441],[-95.4867823506498,35.2355162543135],[-95.4871733508143,35.2357682542703],[-95.4875083510698,35.2358822541361],[-95.4878993512195,35.235928254448],[-95.4885133517998,35.2357212547269],[-95.4890993519661,35.2353092545092],[-95.4893223514977,35.2350572545224],[-95.4893493517907,35.2342332541428],[-95.4892653514643,35.2338442541234],[-95.4889863510896,35.233478254279],[-95.4890413517951,35.2328372542768],[-95.4883433508617,35.2322882540741],[-95.4878683513049,35.2321282538842],[-95.4874503508142,35.2322432538329],[-95.4872683513682,35.232258253637],[-95.4866173508613,35.2323362536828],[-95.4865563507238,35.2322462540155],[-95.4865543506148,35.2320222535373],[-95.4867223511899,35.231726254214],[-95.4867243503543,35.2313272537274],[-95.4862493507926,35.2310992539864],[-95.4861933508852,35.2309842540608],[-95.4864163504185,35.2307552533402],[-95.4867233511542,35.2305952540113],[-95.4869183511924,35.2304342537424],[-95.4869743510683,35.2301142533134],[-95.4871693510983,35.2298392531624],[-95.4872243508996,35.2291302536092],[-95.4870163502265,35.2288502532464],[-95.4871123510666,35.2286492529289],[-95.4875873506152,35.2286952532368],[-95.4876433505258,35.2288552534472],[-95.4880333506488,35.2291752529552],[-95.4880893505611,35.229358253331],[-95.488034350735,35.2297242531918],[-95.4883703510486,35.2299992533169],[-95.4883703510718,35.2303192537432],[-95.4882853507388,35.2304802531074],[-95.4881183511146,35.230846253873],[-95.4881463515519,35.2313722539427],[-95.488399351597,35.2314182533621],[-95.4892073512716,35.2310742535839],[-95.4899883515078,35.2309372534982],[-95.4901283517151,35.231074253539],[-95.49096535188,35.2313482535933],[-95.4913003521239,35.2313022532459],[-95.4917453520117,35.2304092532487],[-95.4918843521377,35.2300662535494],[-95.4921073516611,35.2297002527812],[-95.4922753522442,35.2295162532473],[-95.4923303520886,35.2294022533626],[-95.4926093524101,35.2290352534447],[-95.4930273519651,35.228417252691],[-95.4937243527791,35.2279592530361],[-95.4941143528391,35.2274102527804],[-95.4941703527099,35.2270202527078],[-95.4940863524017,35.2268832526643],[-95.4938353524479,35.2268152522262],[-95.4934163519008,35.2267922529805],[-95.4927193519761,35.2271132525877],[-95.4923293518945,35.2273652525827],[-95.4915203521652,35.2275942524326],[-95.4907673514554,35.2280982533206],[-95.4904333512612,35.2281902530997],[-95.4894563509188,35.2281902531474],[-95.4894843513047,35.2280072527673],[-95.4898743513697,35.2275262529619],[-95.4899863511529,35.2273202533116],[-95.4902363510356,35.2270452531579],[-95.4906553515528,35.2266562531138],[-95.4906823509997,35.2265642524504],[-95.4910453516245,35.2262672530713],[-95.4913243519494,35.2259462525851],[-95.4920763517234,35.2255792526441],[-95.4922993521576,35.2253732520889],[-95.492439351434,35.2250762527207],[-95.4932483520743,35.2250072521846],[-95.4937223524574,35.2248002524703],[-95.4945033526985,35.2247312519356],[-95.4948373519967,35.2246852524875],[-95.4954233521514,35.2241132520567],[-95.4957573523357,35.22388425223],[-95.495869353023,35.2237462521306],[-95.4958683529501,35.2233802522726],[-95.4955893525854,35.2231512515765],[-95.4950593522385,35.2224652513181],[-95.4950303526624,35.2220532520297],[-95.4951703519372,35.2217322515503],[-95.4962303525545,35.2220522519249],[-95.4965373524159,35.2222352513892],[-95.4974583529139,35.2229902521252],[-95.4976253525647,35.222990252117],[-95.4979883531912,35.2227152519578],[-95.498099352913,35.2223032517633],[-95.4982093534231,35.2209982515934],[-95.4981253531067,35.2207472516678],[-95.4980283530982,35.2206542509641],[-95.4979583525449,35.2205862514165],[-95.4979583525383,35.2204952508007],[-95.4977903528313,35.2203582516606],[-95.4977343529141,35.220106250788],[-95.4978183532039,35.2199912508555],[-95.4981253530503,35.2199682515744],[-95.4990183531259,35.2204032509861],[-95.4994083532374,35.2205632511803],[-95.4997153530771,35.2204482512369],[-95.4998793534548,35.2199902507087],[-95.4998933531965,35.219876250826],[-95.500265353347,35.2196832508655],[-95.5011833536157,35.2191932506176],[-95.5014353535896,35.2188962503446],[-95.5015193538645,35.2185752507672],[-95.5010733538357,35.2181632505998],[-95.501101353319,35.217934250788],[-95.5013243537549,35.2177512503985],[-95.5019383534327,35.2175002504389],[-95.5025243535908,35.2169742503392],[-95.5026083538724,35.2167452505246],[-95.5028863541675,35.2166532498489],[-95.503110353772,35.2167682506657],[-95.5034443539928,35.2170432498916],[-95.5035283543059,35.2172492504317],[-95.5036953539715,35.2174552500684],[-95.5042523546347,35.21763825042],[-95.5062333547681,35.2175702498729],[-95.506484354722,35.2176392503574],[-95.5068743548268,35.2177082499356],[-95.506986354615,35.2175712498825],[-95.5070983552941,35.2173192499011],[-95.5069303546646,35.2168612502885],[-95.5065403545382,35.2164952504494],[-95.5063733548659,35.2161972501506],[-95.5054813547984,35.2152352497219],[-95.5054543544108,35.2147552499831],[-95.5055933545485,35.2145722495977],[-95.5058163540916,35.214480249824],[-95.5069323545268,35.2136792495569],[-95.5074623548091,35.2134742499324],[-95.508244355065,35.2129702490431],[-95.5089423550444,35.2127652494104],[-95.5099743552096,35.212353249171],[-95.5109783558832,35.2120562488613],[-95.5114523553704,35.211896248625],[-95.5121223558366,35.2115072485688],[-95.5126243557196,35.2113012488994],[-95.5133213565668,35.2113012488654],[-95.513712356703,35.2111642487988],[-95.5138793563422,35.2110042485774],[-95.5138793563206,35.2107062482704],[-95.5140193565146,35.2106612488781],[-95.514604356676,35.2108212490627],[-95.5153303570628,35.2107302484115],[-95.5154973567217,35.2108442482854],[-95.5158043565698,35.2108452483167],[-95.5159153572158,35.210776248714],[-95.5163893567129,35.2107532485254],[-95.5167243569485,35.2105932482959],[-95.5169753568792,35.2103412483077],[-95.5175893574729,35.2103192481585],[-95.5180073570742,35.2103422483037],[-95.51831435781,35.2101822480755],[-95.5186493571197,35.2096552479418],[-95.5189563578538,35.2094722484474],[-95.520183358087,35.2093122481744],[-95.5202663574462,35.2094042479332],[-95.5202943578536,35.2095182478139],[-95.5202383579596,35.2095872483133],[-95.5192343572828,35.2098392483382],[-95.5190953580395,35.209953248227],[-95.5190113577694,35.2103422482547],[-95.5190953580743,35.2104342480134],[-95.5193463580314,35.2105482487826],[-95.5204893579832,35.2106172483241],[-95.5210193582686,35.2104572480851],[-95.5215773580374,35.2100682480343],[-95.5223023583215,35.2091992482353],[-95.5225253587639,35.2091072475623],[-95.5226373585703,35.2092222483845],[-95.5226653580768,35.2093132480997],[-95.5226093582142,35.2098172480543],[-95.5228603581681,35.2098852484924],[-95.523055358218,35.2098852484829],[-95.5232503582746,35.2099772482362],[-95.5232223588029,35.2103662482611],[-95.5234173588694,35.210595248062],[-95.5235853585648,35.2105722478883],[-95.5237803586065,35.2104582479967],[-95.5238363584923,35.2102752485147],[-95.5239203587391,35.2095652480144],[-95.5242823593407,35.2095882481623],[-95.5249513589043,35.2097942477746],[-95.525314359549,35.2097722476376],[-95.5254533596866,35.2095892481515],[-95.5255373590656,35.2093142480059],[-95.5255933589547,35.2091772479556],[-95.5259283591538,35.2085132477742],[-95.5259563594601,35.2072312477737],[-95.5261803590265,35.2068192475737],[-95.526291359656,35.2065222473076],[-95.5263473595202,35.2060412475185],[-95.5267103592605,35.2059492468386],[-95.5268493593998,35.205789247518],[-95.5268503593551,35.2045302467851],[-95.5264323587435,35.2029742467113],[-95.5265163590019,35.2024242464242],[-95.5265803592622,35.2022902465123],[-95.5267113590221,35.2020132462719],[-95.5267393593897,35.2015782468151],[-95.5266563591346,35.2015322464881],[-95.526600359209,35.2011662466328],[-95.5268793586562,35.2011432464537],[-95.526963358961,35.2012342461661],[-95.5274363593308,35.201486246119],[-95.5288873591619,35.2013492460007],[-95.5298563600185,35.2011552459648],[-95.5310913597094,35.2008002456565],[-95.5312023603521,35.200686245769],[-95.5313143601254,35.2003432460711],[-95.5326523601202,35.2003202458403],[-95.5330713606573,35.2002062459378],[-95.5332943601938,35.2000232455482],[-95.5334893602388,35.1999542459415],[-95.5354133613174,35.199771245469],[-95.5360823608528,35.1995882459571],[-95.5366123611151,35.1991082452918],[-95.5368913614599,35.1990622458464],[-95.5372813615845,35.1994052455199],[-95.5375883614425,35.1995432455988],[-95.5379503620441,35.1995662457467],[-95.5411853627201,35.1987422452108],[-95.5415483624555,35.19858224498],[-95.5420223628485,35.1985132453595],[-95.5419383625735,35.1988342449369],[-95.541659363143,35.1990862449264],[-95.5416313627521,35.1992002448099],[-95.5415483625068,35.1992922454761],[-95.5415203630152,35.1994062453595],[-95.5416313627802,35.1995892448334],[-95.5419103631399,35.199749245033],[-95.5427743627533,35.1999562455814],[-95.5450893639979,35.200047245185],[-95.5474593641993,35.2001852451633],[-95.5486583649476,35.2002312454359],[-95.5492433650923,35.2001622449108],[-95.54966236473,35.2000482450082],[-95.5505553647426,35.1996132446101],[-95.5514203652155,35.1986292448759],[-95.5518103652672,35.1979652446918],[-95.5517823648332,35.1974842440075],[-95.551699365426,35.19672924413],[-95.5514753648958,35.1962482443546],[-95.5513643651342,35.1961112443124],[-95.551252365303,35.1956532437977],[-95.5511973645146,35.1951502438947],[-95.5510293648043,35.1949672435243],[-95.5505553643749,35.1945322440921],[-95.5505553643451,35.194120243903],[-95.5506663649827,35.1939362434726],[-95.5506103650473,35.1934332435697],[-95.5509463644415,35.1934332435533],[-95.5509743648473,35.1935252433148],[-95.5510853646056,35.1936162439252],[-95.5511133650131,35.1937312438522],[-95.5513363645843,35.194028244102],[-95.551364364995,35.1941882434145],[-95.5515593650632,35.1944402442803],[-95.5519503652309,35.1947382436689],[-95.5522013651798,35.1947382436567],[-95.5525073649632,35.1944862436658],[-95.5526753655413,35.1942342436817],[-95.5528703655896,35.1942112435066],[-95.5529813653479,35.1943032441634],[-95.5529533649686,35.1945782434069],[-95.5528423652269,35.1947152434599],[-95.5526193657169,35.1952642437075],[-95.5527303654752,35.1953562443642],[-95.5529813654275,35.1954022437837],[-95.5532323653697,35.1953102440087],[-95.5534553657823,35.1948062440459],[-95.5535673655671,35.1946232436617],[-95.5537343652161,35.1946002434881],[-95.5539013657745,35.1947152434083],[-95.5539293652876,35.1948982437856],[-95.5541523657433,35.1949902435376],[-95.5544313660848,35.1948982437611],[-95.554626366095,35.1943492435149],[-95.5547103654689,35.194005243772],[-95.554682365946,35.1936852433472],[-95.5547663653233,35.1933872439353],[-95.5551003655157,35.1932732431377],[-95.5552123662065,35.1931812433694],[-95.5555463655013,35.1930902436365],[-95.5557143660762,35.1927922433214],[-95.5562993662093,35.1925632434824],[-95.5564943662177,35.1919912430707],[-95.556885366311,35.1912592433356],[-95.5569683656402,35.190938242859],[-95.5567733655722,35.1906872429388],[-95.5567733655424,35.1902752427497],[-95.5564953661251,35.1900692431184],[-95.5564953660639,35.1892222425747],[-95.5561323653861,35.1887872422377],[-95.5560483659657,35.1884892428341],[-95.5558533658926,35.1881692424173],[-95.5557143657335,35.1880542424957],[-95.5554913652645,35.1877802424114],[-95.5552683657065,35.1876652424939],[-95.555045365236,35.1873682422441],[-95.5547943652771,35.1872302421624],[-95.5543203648509,35.1868412421619],[-95.5533163650089,35.1862002422113],[-95.5525363647664,35.1856052425809],[-95.5517833639938,35.1852392418602],[-95.55086236444,35.1851012418112],[-95.5502213634903,35.1850782425762],[-95.5493853633984,35.1851702423798],[-95.5476843636797,35.1855132421552],[-95.5475723629443,35.1849872420894],[-95.5474613631877,35.1849182424976],[-95.5473493633548,35.1844372418173],[-95.5468763629768,35.1840712419823],[-95.546653362521,35.1839792422304],[-95.5464303629697,35.183957242122],[-95.5461513626349,35.1841402425143],[-95.5460673623648,35.1845292425419],[-95.5457323630302,35.1847122420376],[-95.5456213623725,35.1846202422802],[-95.545677362222,35.1839342419932],[-95.5455653624024,35.1836362425909],[-95.5451193624002,35.1835902422815],[-95.5448683624645,35.1837732426724],[-95.5448683625059,35.1843452421754],[-95.5447573627641,35.1844832422747],[-95.5445343623167,35.1845062424511],[-95.5444503620135,35.1844372419586],[-95.5443663625931,35.1841392425549],[-95.5442553619306,35.1839792423472],[-95.5442553618809,35.1832922420166],[-95.5441993619802,35.1832702419001],[-95.5436143618223,35.1831552420002],[-95.5432793615818,35.1832472417794],[-95.5427223618676,35.1837502426115],[-95.5421643620955,35.1840932423311],[-95.5418023614956,35.1840932423488],[-95.5418303618783,35.183864242537],[-95.5423873615907,35.1833382424387],[-95.5425553621656,35.1830402421234],[-95.5426383614933,35.1826972424269],[-95.5425273617351,35.1826062418164],[-95.5420253618372,35.1826062418409],[-95.541941361534,35.1825372422477],[-95.5419143611713,35.1823992421551],[-95.5417463614626,35.1822392419501],[-95.5417743618535,35.1821252420667],[-95.5417183610485,35.1820332423066],[-95.5416633611744,35.1817362420485],[-95.5416073612687,35.1816442422884],[-95.541384361714,35.1815752418027],[-95.5408263610443,35.1819422417342],[-95.5405483607707,35.1823312417713],[-95.5402133614427,35.1826052418828],[-95.5400463608976,35.1826742423876],[-95.5396273612698,35.182926242384],[-95.5391263605339,35.1831322420533],[-95.5390423611317,35.1830862426256],[-95.5392653606235,35.182285242402],[-95.5393213604762,35.1816442423997],[-95.5391263603982,35.1812552423857],[-95.5389873611417,35.1811862418958],[-95.538764360696,35.1812322422378],[-95.5383733605762,35.1815982421149],[-95.538094360233,35.1816662425788],[-95.5375933603734,35.1815522418218],[-95.5368123601058,35.1812542424521],[-95.536394359597,35.1811172424248],[-95.5350003596567,35.1804992417594],[-95.5346543597898,35.1803742422842],[-95.5341083596359,35.1801782422296],[-95.5333843593238,35.1800182420517],[-95.5325753586538,35.1796742423523],[-95.5319063590986,35.1795822417227],[-95.5317533582949,35.1795342422058],[-95.5313213589356,35.1793992422718],[-95.5305963585821,35.1793072425443],[-95.5297873579369,35.1793072425837],[-95.5293413579447,35.1793992423682],[-95.5281703576369,35.1799252424964],[-95.5278073578948,35.1799932420651],[-95.5275843574358,35.1798562420284],[-95.5272223577352,35.179856242046],[-95.5266923574233,35.1796502424269],[-95.5263853575737,35.1796272422763],[-95.5256053573856,35.1797872425275],[-95.5253263570275,35.1796492424471],[-95.5250193571779,35.1796262422966],[-95.5243223572483,35.1798782423065],[-95.524295356869,35.1795122424497],[-95.5238493568536,35.179283242661],[-95.5232083567982,35.17919124203],[-95.5224553560521,35.1791912420667],[-95.5219253557682,35.1793742424712],[-95.5212843557327,35.1795572428811],[-95.5208663561478,35.1797622425001],[-95.5203083554648,35.179945242906],[-95.5201973557065,35.1798542422955],[-95.5202253560958,35.1797162430996],[-95.520699355568,35.1793502423191],[-95.5206993555565,35.1791902430052],[-95.5201693552594,35.179190243031],[-95.519918355327,35.1794192428537],[-95.5196953558021,35.1797622425571],[-95.5196113555055,35.1797852427268],[-95.5194723553861,35.1802202430882],[-95.519304355717,35.18060924312],[-95.5191093556737,35.1807002428461],[-95.51877435542,35.1806092431458],[-95.5166843547301,35.1806992429178],[-95.5164053543704,35.1805392427182],[-95.5146773542591,35.1803332431575],[-95.5144263543019,35.1802182432413],[-95.5141753543381,35.1800122427093],[-95.5142043537735,35.1784782427327],[-95.5140923539622,35.1782952423594],[-95.5139813541907,35.1780202431226],[-95.5134523539037,35.1775172423433],[-95.5128113538119,35.1769212426597],[-95.5125883533578,35.1768532422203],[-95.5122813535131,35.17689824252],[-95.5121973532281,35.1770812429027],[-95.5120853534962,35.1779972430493],[-95.5115273537604,35.1788432426748],[-95.5114433535249,35.1797132433883],[-95.5112473535081,35.1808122430183],[-95.5109683531863,35.1811782437893],[-95.5106623533847,35.1811782438042],[-95.5108013534794,35.1804002428509],[-95.5108303530024,35.1800792432762],[-95.5105793530419,35.1799192430752],[-95.5106903536731,35.1796442429283],[-95.5107753530506,35.1787062426637],[-95.510830352895,35.1785912427327],[-95.511612353118,35.177630243168],[-95.5115283537092,35.1774932431245],[-95.5112213529586,35.1774472428083],[-95.5109983534237,35.1776532424641],[-95.5106643532279,35.177722242977],[-95.5105523534265,35.1776762426514],[-95.5105253530406,35.1772182430318],[-95.5106083532775,35.1770122424835],[-95.5108043533523,35.1767142421668],[-95.5112783528346,35.1764862423796],[-95.5113063532123,35.1761882420711],[-95.5110273528492,35.1759822424398],[-95.5101913527208,35.1755702422914],[-95.5100803529493,35.1752952421552],[-95.5104703530442,35.1752272425852],[-95.5106933526005,35.1753182422909],[-95.5110283528494,35.1753412424402],[-95.5113623530568,35.1754332421867],[-95.5120313535328,35.1758222421778],[-95.513006353789,35.1759142418931],[-95.5132853532378,35.1759142418796],[-95.5133413540329,35.1758692424914],[-95.5133413540081,35.1755252418533],[-95.5132853532064,35.1754792424242],[-95.5132303533405,35.1752962420482],[-95.5129233534611,35.1748612417084],[-95.5123383532684,35.1742662420683],[-95.5122833534075,35.1741512421426],[-95.510750352384,35.1730752418629],[-95.5104443525758,35.1729832421149],[-95.5101093523104,35.1727312421552],[-95.5100813528023,35.1726172422745],[-95.5105283528245,35.1722972418264],[-95.5107783527468,35.1725712419095],[-95.5111133529924,35.172549241774],[-95.5111693528649,35.1721822418669],[-95.5113923533041,35.1720452418083],[-95.511531352554,35.1720222416361],[-95.5116433532597,35.172137241559],[-95.5116423532414,35.1725262415827],[-95.5117543530659,35.1728922414353],[-95.51200435299,35.1731902417302],[-95.5125063528879,35.1731902417058],[-95.5128973530242,35.1730532416392],[-95.5133993537933,35.1726642415911],[-95.5135383530498,35.172733242081],[-95.5135943538565,35.1728472419603],[-95.5138443537673,35.1729622418765],[-95.5140953537014,35.1727562413201],[-95.5141793539913,35.1726412413876],[-95.5142913537548,35.172161241642],[-95.5145143532962,35.1720462417028],[-95.5146813538546,35.172161241623],[-95.5145413537118,35.1729162415115],[-95.5143183532891,35.1732822413804],[-95.5142063534977,35.1733742420481],[-95.5133143535016,35.1733962422107],[-95.5129243534216,35.1736712423713],[-95.5128963530505,35.1740602423962],[-95.5134813532498,35.1747472417991],[-95.5138713533926,35.175342242348],[-95.5139823540702,35.175709242247],[-95.5139823541478,35.176784242555],[-95.5140653535202,35.1770592426926],[-95.5143163543883,35.1773342428219],[-95.5155423546182,35.1777692422176],[-95.51646235503,35.1779762427633],[-95.517131354577,35.1779532425652],[-95.5171593549646,35.1777932423507],[-95.5169363545022,35.1776092428359],[-95.5169083549759,35.1772432420799],[-95.5160173540956,35.1768312419341],[-95.5157663541284,35.1765792419703],[-95.5157663541118,35.1763502421598],[-95.515655354342,35.1760982421892],[-95.5151533544242,35.1758232420721],[-95.514819354202,35.1755262418276],[-95.5144843539268,35.1751372418202],[-95.5144843539003,35.1747702419159],[-95.5145683541902,35.1746562420297],[-95.5150143541891,35.174656242008],[-95.5154043543038,35.1748622416339],[-95.5167703547954,35.1761902418978],[-95.517299355066,35.1764652420135],[-95.5176613547683,35.1764882421614],[-95.5178013549622,35.1764422418236],[-95.5179683545964,35.1762142420513],[-95.5179683545667,35.1758022418622],[-95.5178853552042,35.1756642417723],[-95.5176623547452,35.1755272417355],[-95.517355354889,35.1754122418221],[-95.5170493541765,35.1752522416238],[-95.5169933542543,35.1749312420532],[-95.5173563548957,35.1748632415852],[-95.5174113547467,35.1748402423163],[-95.5174953550168,35.1744512422886],[-95.5177743544656,35.174451242275],[-95.5184713553458,35.174909241862],[-95.519056355527,35.1753442421883],[-95.5196973555807,35.1754132417543],[-95.5200593552863,35.1754822422333],[-95.5204493554043,35.1757342421904],[-95.5206723558633,35.1758712422271],[-95.5209793557179,35.175963241975],[-95.5213973562301,35.1761462423333],[-95.5226513559384,35.1762842423662],[-95.5232923559987,35.1764442416489],[-95.5243243561936,35.1764442415986],[-95.524631356946,35.1765132420803],[-95.525021357059,35.1766962415407],[-95.5253553572812,35.1769942418314],[-95.5257173569951,35.1771772421925],[-95.5259683569573,35.177361241706],[-95.5264423573669,35.1775212418961],[-95.5270003571621,35.1774982417034],[-95.5270553570131,35.1774752415351],[-95.5271113577868,35.1771322418399],[-95.5272793574772,35.1770402420689],[-95.5281713574699,35.1769722415751],[-95.528422357409,35.1768352415153],[-95.5287003577057,35.1767662419044],[-95.5290913578668,35.1769722415303],[-95.5297043584108,35.1769042419494],[-95.529927357949,35.1767442417255],[-95.5305413585243,35.176469241554],[-95.530625357915,35.1763552416679],[-95.5306533582976,35.176126241856],[-95.5305133580872,35.1759432414841],[-95.5304853576747,35.1757592410605],[-95.5309043582185,35.1757372418202],[-95.531378358638,35.1760342411586],[-95.5320743585906,35.1767442416209],[-95.5323813584469,35.1768592415343],[-95.5327993589491,35.1769042417987],[-95.5330223584824,35.1766762411245],[-95.5331343591616,35.176424241143],[-95.5332733592993,35.1762412416568],[-95.5334963588308,35.17598924167],[-95.5338593585712,35.1758982410364],[-95.5337753592103,35.1764242411118],[-95.5338023586665,35.1764612410248],[-95.5338593586174,35.1765382409898],[-95.5341373589292,35.1766762410702],[-95.534528359077,35.1766992412166],[-95.5353083592567,35.1764242410371],[-95.5364513600564,35.1757842410282],[-95.5369253595186,35.1752802410531],[-95.5372043598619,35.1752122405892],[-95.5379013597782,35.1747772410999],[-95.5380683603183,35.1746392409979],[-95.5389333599186,35.174022241168],[-95.5397133600652,35.1732892404682],[-95.5399093601433,35.173038240529],[-95.5402153608393,35.1729692409169],[-95.5402993602447,35.1730602406293],[-95.540327360672,35.1734502406978],[-95.5403543601338,35.1735642405786],[-95.540550360235,35.1736332401664],[-95.5409123608383,35.1736792404798],[-95.541274360524,35.1734732408172],[-95.5415253604564,35.1732442400953],[-95.5415253604464,35.1731062400013],[-95.5416093607397,35.1730382404463],[-95.5421393610317,35.1729692408232],[-95.542222361277,35.1728782402033],[-95.542194360853,35.1725342404658],[-95.5420833610898,35.172374240258],[-95.5415533607745,35.1721222403078],[-95.5413583607147,35.1719852402698],[-95.5413033608521,35.1718472401785],[-95.5411353602508,35.1717792406357],[-95.5411353602425,35.171664239808],[-95.5406623607604,35.1712522405413],[-95.5405503600366,35.1708862397893],[-95.5409403601381,35.1709092399358],[-95.5413583606536,35.1711382397259],[-95.5414143605675,35.1713442402675],[-95.5418883609886,35.1716642397713],[-95.5421953608366,35.1716652398027],[-95.542306360585,35.1716192403655],[-95.5423063605718,35.1714362399869],[-95.5422233612126,35.1713442402281],[-95.5421673604044,35.1712072401832],[-95.5422233611928,35.1710692400866],[-95.5424733610904,35.1710012396241],[-95.5427243610525,35.1711842399905],[-95.5428923607463,35.1711382396513],[-95.5429753609916,35.1710472399307],[-95.5430313608806,35.170909239834],[-95.5431433606671,35.1707492396154],[-95.5437003612905,35.1703832397303],[-95.543700361279,35.1702232395171],[-95.5435333607206,35.1701082395969],[-95.5431433606225,35.1701312397814],[-95.543171360949,35.1691242399224],[-95.5429203609934,35.1690322392724],[-95.542335360847,35.169078239632],[-95.5420563604857,35.1688952392669],[-95.5417773601079,35.1684832399907],[-95.5417493606014,35.1683912393298],[-95.5416943607438,35.1683232397815],[-95.5415823600151,35.1678882394323],[-95.5416383607754,35.1673612393121],[-95.5417503605569,35.1671322394961],[-95.5421683601152,35.1665602390735],[-95.5421963604995,35.1663542394272],[-95.5420843606949,35.1662632388168],[-95.5412483605996,35.1663082391423],[-95.541137359937,35.1661482389345],[-95.5412483605814,35.1660572392125],[-95.5417783599691,35.1659192390929],[-95.5417783599609,35.1658052392108],[-95.5416943605538,35.1656902392865],[-95.541722360047,35.1655992386693],[-95.5417783599394,35.1655072389037],[-95.5419733599877,35.1654842387287],[-95.5423353606074,35.1657592388526],[-95.5425023602582,35.1657592388445],[-95.5425863605316,35.1654162391479],[-95.5425033602566,35.1650952386793],[-95.5422803606871,35.1648212385949],[-95.542224360755,35.1643632389767],[-95.5422523602383,35.1641342391649],[-95.5421963603029,35.1636302383163],[-95.5420573601439,35.163516238441],[-95.5419733598357,35.1633792383975],[-95.5420573601224,35.1632182390332],[-95.5426983601695,35.1631962388828],[-95.5427263605372,35.1627612385267],[-95.5430613607794,35.1626922380138],[-95.5432563608425,35.162875238383],[-95.5433113607133,35.1631272383564],[-95.5435063607632,35.1631272383469],[-95.5439523607406,35.1628302380644],[-95.5439803602305,35.1626922379691],[-95.5438693604689,35.1625552388262],[-95.5433673605496,35.1622572385435],[-95.5433953600412,35.1621432386601],[-95.5431443600691,35.1618222381997],[-95.5429493599912,35.1614332381856],[-95.5428663606156,35.1611132377633],[-95.5427543599082,35.1609752385742],[-95.5427273604168,35.1604492385042],[-95.5426713604962,35.1601512381999],[-95.5427273603358,35.1593272378188],[-95.5426713604153,35.1590302375608],[-95.5424483599563,35.1588922374777],[-95.5423373602097,35.1589612379798],[-95.5422253595403,35.1593502380088],[-95.5418913602488,35.1594872380727],[-95.5418073599044,35.1588472381234],[-95.5418913601778,35.1585032374812],[-95.5420023599048,35.1581602377832],[-95.5419753595041,35.1574962376194],[-95.5420313593998,35.1574502372856],[-95.5420033598917,35.1573362374049],[-95.5421143596401,35.1572902370684],[-95.542059359766,35.1569932377096],[-95.5420033598619,35.1569242372157],[-95.5418363592657,35.1562832372242],[-95.542003359786,35.1558712370269],[-95.5421703594103,35.1555052371607],[-95.5422823600994,35.1553902372269],[-95.5424213593493,35.1553672370546],[-95.5430063595023,35.1554132373572],[-95.54339735967,35.155711236746],[-95.543870360033,35.1558712369361],[-95.5441493603663,35.1556652372776],[-95.5442613601231,35.1550932368698],[-95.5442333605952,35.1547042368475],[-95.5437033602652,35.1542462372524],[-95.5436483604075,35.1541772367585],[-95.5435083601971,35.1539942372859],[-95.5435643600301,35.1530792362889],[-95.5436483603217,35.152987236522],[-95.5439823596183,35.1529192369548],[-95.5441223598286,35.1531022364273],[-95.5441223598352,35.1531932370432],[-95.5440383604941,35.1539942372601],[-95.5440943603981,35.1540632368547],[-95.5447623599135,35.1542462372009],[-95.5450133607816,35.1545212364309],[-95.5450973601969,35.1547502371366],[-95.5449573600244,35.1550932368359],[-95.5448743606819,35.1552302368876],[-95.5447623600043,35.1555052370346],[-95.5448183608076,35.1555742366291],[-95.5455423602038,35.1555052369967],[-95.5460723605157,35.1557112366158],[-95.5466013607878,35.1560092368971],[-95.5466573607265,35.1565582371312],[-95.5465183606185,35.1571532377058],[-95.5463783613404,35.1574282369548],[-95.544734360691,35.1580922372],[-95.5442323608014,35.1582062380058],[-95.5435073604529,35.1581832378756],[-95.5431733602455,35.1580912372297],[-95.5429223602833,35.1579082377625],[-95.5426163595874,35.1579772373746],[-95.5425603596933,35.1580452378277],[-95.5425603597115,35.1582972378037],[-95.5429223603379,35.1586642376905],[-95.5432013598048,35.1589152376066],[-95.5433403599721,35.1591442374103],[-95.5433403600019,35.1595562375995],[-95.5432843601145,35.1597172378616],[-95.5433123605433,35.1601292380494],[-95.5435633605269,35.1606092377774],[-95.5435073606676,35.1611592380632],[-95.5436463608333,35.1613652386007],[-95.5441763602458,35.1615712382198],[-95.54420336063,35.1620062385732],[-95.5443713603354,35.1621202384471],[-95.5447053605427,35.1622122381937],[-95.5449563605082,35.1624412379919],[-95.5449283610347,35.1628072387506],[-95.5447053605989,35.1629902382409],[-95.5443153605189,35.1632642383551],[-95.5438973609292,35.1634022384694],[-95.5434513609568,35.1637682383491],[-95.5432553608788,35.1640202383347],[-95.5429773605984,35.164317238609],[-95.5429493602208,35.1646152389174],[-95.5430603608767,35.164683238463],[-95.5434503609716,35.164615238893],[-95.5436453610297,35.1647292387656],[-95.5436183606901,35.1649122391456],[-95.5433393603619,35.1651872393008],[-95.5433943611436,35.1655992385879],[-95.5435623608638,35.1659202390523],[-95.5438123607878,35.1662172393009],[-95.5437843613095,35.16651523871],[-95.5436453611735,35.166721239261],[-95.5435343605357,35.1669042396451],[-95.5433663608617,35.1672242391803],[-95.5433663608815,35.1674992393219],[-95.5434223607839,35.1675452396502],[-95.543868360786,35.1675902390139],[-95.5440353613493,35.1677742394308],[-95.5441473611688,35.1680712396861],[-95.5445093608694,35.1680712396685],[-95.5447323613086,35.16793423961],[-95.5448433610454,35.1677282390604],[-95.5448993609113,35.1672702394368],[-95.5450663614647,35.1673162388604],[-95.5451783612694,35.1674082395171],[-95.5452343611981,35.1678202397035],[-95.5451783613189,35.1680942389021],[-95.5451503618538,35.1685752395893],[-95.5448713615866,35.1696962393426],[-95.5450103617458,35.1698112392642],[-95.5455403620378,35.1697422396411],[-95.545623361397,35.1698342393999],[-95.5456233614119,35.1700402399441],[-95.5455123616684,35.1701542398316],[-95.5454843613899,35.1718252398557],[-95.5456233615523,35.1719852400621],[-95.5463203624159,35.1722142398386],[-95.5467103625091,35.1721232401031],[-95.5466823620818,35.1717342400809],[-95.5465713623103,35.1714592399447],[-95.5464593615997,35.1712762395715],[-95.5465153623452,35.1705442398526],[-95.546571362221,35.1702232393773],[-95.5466553616166,35.1701772399415],[-95.5467943617427,35.1698342393429],[-95.5469893618008,35.1699482392155],[-95.5470453617858,35.1711392394953],[-95.5471563624401,35.1711842397747],[-95.5471563624534,35.1713682401997],[-95.5475193622218,35.1716652395435],[-95.5476023625134,35.1722152398225],[-95.5476583624273,35.172421240364],[-95.5478813619951,35.1726722402828],[-95.5481043624459,35.1726952404375],[-95.5483273629297,35.1731762402131],[-95.548159362406,35.1741832400789],[-95.5482713622437,35.1747322403102],[-95.5483273630537,35.1748932405669],[-95.5488843628339,35.1753052407289],[-95.5489403627479,35.175511240371],[-95.549497363434,35.1760142402496],[-95.5496923635021,35.1762662402161],[-95.5496363627435,35.1768152404555],[-95.5494693631076,35.1770212410079],[-95.5485493627422,35.177456240508],[-95.548521363254,35.1776162407225],[-95.548689362956,35.177685241211],[-95.5494413627415,35.1774792406301],[-95.5502223629577,35.1770672404029],[-95.5504173629861,35.176770241032],[-95.5506403634285,35.176678240359],[-95.5514763635139,35.1764952408389],[-95.5515883632905,35.1761982405727],[-95.5519513639219,35.1759922400108],[-95.5526763642571,35.1758312406154],[-95.5529273642194,35.1760152401288],[-95.5529833641283,35.1761522401737],[-95.5530943638866,35.1762432407841],[-95.5532893639348,35.1762212406554],[-95.5534013637246,35.1761062407216],[-95.5534013636898,35.1756252400359],[-95.5534843639384,35.1755802406464],[-95.5536523644571,35.1745042402839],[-95.5537633641972,35.1743442400654],[-95.5538753639886,35.1742522402971],[-95.5539033643746,35.174069239917],[-95.5541263639094,35.1738632402613],[-95.5542653640619,35.1738862395207],[-95.5544323646219,35.1740232395602],[-95.5545443644315,35.1741832397679],[-95.5545443644746,35.174779240382],[-95.5542933645521,35.1751452402523],[-95.5542653641661,35.1753282406324],[-95.5543213640685,35.1753742400614],[-95.5548223648176,35.1753512398714],[-95.5549063642281,35.1755112400805],[-95.554878364748,35.1757862402234],[-95.554627364814,35.1759922398805],[-95.5543493645205,35.1761062406754],[-95.5540983645865,35.1763122403325],[-95.5538473646674,35.1767242405339],[-95.5538473647104,35.1773192402024],[-95.5539303640645,35.1773422403638],[-95.5543483645883,35.1776852409353],[-95.5548783648936,35.1778002408378],[-95.55510136445,35.1778922405898],[-95.5556863646062,35.1779832402779],[-95.555714365022,35.1782122409862],[-95.5558263648266,35.1783042407436],[-95.5558543652374,35.1784642409554],[-95.5559933644955,35.1785552406651],[-95.5564393653936,35.1785552406434],[-95.5565513652065,35.1787612411822],[-95.5572203656693,35.1789672407945],[-95.5577493650422,35.1792652410758],[-95.5580283654068,35.1794942408726],[-95.5583633656605,35.1795852405728],[-95.5587533657702,35.1797232406477],[-95.559255365663,35.1796542410259],[-95.5595893658505,35.179471240631],[-95.5599243660993,35.1794942407803],[-95.5599243661175,35.1797462407562],[-95.5598123663443,35.1800892404541],[-95.5599523656687,35.1804552412047],[-95.5604253660517,35.180890240637],[-95.5606493665554,35.1810042405081],[-95.5610113662559,35.1810042404905],[-95.5612903666157,35.1811652407363],[-95.562265366875,35.1813022407364],[-95.5623773666846,35.1814622409441],[-95.5624333666018,35.1817142409173],[-95.5623213668303,35.1820802407808],[-95.5622933664675,35.1825842407341],[-95.562544367329,35.1827672411006],[-95.5627673668837,35.1828362415863],[-95.5637713675638,35.1826302409931],[-95.5643283673142,35.182630240966],[-95.5645243674171,35.1827212406729],[-95.564524367432,35.1829272412172],[-95.5644123676389,35.1829962408199],[-95.5635203676496,35.1831102416448],[-95.5627673669201,35.1833392414919],[-95.562126366878,35.183431241286],[-95.5613733670495,35.1836822412524],[-95.561234366907,35.1837972411875],[-95.5613183663323,35.1841632419407],[-95.5614573664865,35.1842092413657],[-95.5614853668972,35.1843692415775],[-95.5618753670185,35.1846672418655],[-95.5620433667337,35.184918241787],[-95.562098366588,35.1849412419498],[-95.5621543673947,35.1850562418755],[-95.5622663671994,35.1851472415865],[-95.562266367216,35.1853762413969],[-95.5625163671383,35.1856512415262],[-95.5627953674865,35.1856512415127],[-95.5630743669285,35.1855592417363],[-95.5633253677652,35.1853992415109],[-95.5633813676592,35.1853302419109],[-95.5639663677725,35.1848272410774],[-95.5641613678224,35.1848272410679],[-95.5642733676287,35.1849412418438],[-95.5642733676486,35.1852162419853],[-95.5641893673603,35.1853532411377],[-95.564217367786,35.18572024194],[-95.5643013671981,35.1859032414152],[-95.5642453673057,35.1859942420338],[-95.5639103679728,35.186200241695],[-95.5638273677359,35.1864062413439],[-95.5638553672787,35.1870012419103],[-95.564022367842,35.1871842422809],[-95.5640783677544,35.1873682418038],[-95.5646083680811,35.1877792419207],[-95.5645803677067,35.1881232416609],[-95.5644683679335,35.1884662422581],[-95.564385367685,35.1885122416939],[-95.5644683679783,35.1890842420921],[-95.564608368187,35.1892442422984],[-95.5646083682136,35.1896112422027],[-95.5644963675244,35.1897252420903],[-95.5644403676337,35.189839241975],[-95.5637993676811,35.1911672423364],[-95.5636603675468,35.1913962430529],[-95.5634653675366,35.1919452423997],[-95.5635483678646,35.1929982425843],[-95.5641903680094,35.1936852428835],[-95.5646083685331,35.1940282434549],[-95.5645243682598,35.1943712431516],[-95.5644693684138,35.194463242917],[-95.5644693684287,35.1946692434612],[-95.5648873680482,35.1949442435823],[-95.565445368756,35.1951042428689],[-95.5655283690508,35.1956992434326],[-95.565668368357,35.1958132433078],[-95.5656683684134,35.1965922434012],[-95.5658633684732,35.1967292434393],[-95.5661143693264,35.1967982439236],[-95.5660023686721,35.1973932435975],[-95.566114369391,35.1976902438528],[-95.5664763690999,35.1978052437635],[-95.5667273690505,35.1978282439168],[-95.5685123700278,35.1983312437353],[-95.569014369952,35.1986972435688],[-95.5697393702939,35.1986282439362],[-95.5700743696566,35.1988342435647],[-95.5700183697709,35.1990172439461],[-95.5699623698785,35.1991092437116],[-95.5696003701878,35.1992462437769],[-95.5693773697521,35.1994302442127],[-95.5689303697202,35.1996132437138],[-95.568568370008,35.1994532435184],[-95.5679543693896,35.1991322439751],[-95.5669513696271,35.1989492436454],[-95.5668673693239,35.1988802440522],[-95.5661703693679,35.1987662442042],[-95.5649713685933,35.1983542440736],[-95.5645803684504,35.1984002435244],[-95.5644973682052,35.1984912441442],[-95.5644973682234,35.1987432441202],[-95.564608368886,35.1989032443279],[-95.564608368891,35.1989722439252],[-95.5649713686695,35.1994072442621],[-95.5649713686827,35.1995902437414],[-95.5646363684356,35.1995902437578],[-95.5632703679589,35.1984692440849],[-95.5630753679189,35.198606244142],[-95.5630753680001,35.1997282439278],[-95.5629353687088,35.1998192445505],[-95.562266368266,35.1998882441804],[-95.5617923678995,35.2003232445581],[-95.5612623676157,35.2005062440633],[-95.5611233674781,35.2006892444487],[-95.5611233674863,35.2008032443308],[-95.5614303682518,35.2010552442918],[-95.5617093677122,35.2012152444913],[-95.5616813682207,35.201330244421],[-95.5614583677799,35.2014442443139],[-95.5616533678513,35.2017422446115],[-95.5615413680582,35.2018102450672],[-95.5612633677516,35.2017422446305],[-95.5601753676295,35.20135324466],[-95.5598133679405,35.2015132448908],[-95.5596733677632,35.2017882450391],[-95.5594223678375,35.2021082445783],[-95.5588923675703,35.2025202447932],[-95.5589483674892,35.2027952449319],[-95.5593393676552,35.203069245008],[-95.5593663680229,35.2032752446516],[-95.5586413676843,35.2033902455147],[-95.5583633673644,35.2031382455523],[-95.5579443668224,35.2031842450045],[-95.5574423669477,35.2035042454552],[-95.556550366975,35.2038482452375],[-95.556411366849,35.204191245836],[-95.5562993670592,35.2043052457236],[-95.5559923672179,35.2043972455014],[-95.5556863665269,35.2045342455639],[-95.5554353666012,35.2048552451494],[-95.555295366409,35.2049232456065],[-95.5550163669469,35.2047402452414],[-95.5550163669387,35.2046262453594],[-95.5548213668722,35.2043972455585],[-95.5544863666317,35.2044882452913],[-95.5538733661077,35.2048322459594],[-95.5535663662663,35.2049232456908],[-95.5533993666156,35.204923245699],[-95.552869366302,35.2046942459144],[-95.5524793661774,35.2043512453417],[-95.5517823653087,35.2040532459679],[-95.5512243655019,35.2039162459476],[-95.5503593649578,35.2039162459898],[-95.5500523651149,35.203985245602],[-95.5497733647667,35.2039852456157],[-95.5485743648631,35.2031842454615],[-95.5484073642981,35.2029772457785],[-95.5482393645927,35.2028632459046],[-95.5479883646222,35.2025652456099],[-95.5479053643555,35.2023592450697],[-95.5476223647112,35.2022202458426],[-95.5473473645388,35.202085245901],[-95.5463713641999,35.2014902453809],[-95.5459533636876,35.2013062449763],[-95.5445873632721,35.201032245847],[-95.5431653629708,35.2009402452543],[-95.5421053632809,35.2010082457563],[-95.541798362542,35.2011232456996],[-95.5416033625069,35.201329245354],[-95.5415753630601,35.2020612459707],[-95.5416193633163,35.2022602461887],[-95.5416863628483,35.2025652459172],[-95.5416583634014,35.2032972456346],[-95.5415753631562,35.2033892463008],[-95.5415473627686,35.203549245616],[-95.5405153626996,35.2052882461391],[-95.5395663627698,35.2054712465641],[-95.5392323625807,35.2056322468399],[-95.5378653621949,35.2064102469536],[-95.5376983625392,35.2063412464652],[-95.5375583623238,35.206089246496],[-95.5375863618053,35.2058372465187],[-95.5381443624933,35.2057232466094],[-95.5382563622847,35.2056312468412],[-95.5382563622781,35.2055402462253],[-95.5384513623082,35.2052652460743],[-95.539232362521,35.2048082464617],[-95.5398733625316,35.2042812463129],[-95.5401243624607,35.2040072462055],[-95.5401523628499,35.2038692461103],[-95.5404593626713,35.2035032462373],[-95.5404593626631,35.2033892463552],[-95.5405153625588,35.2033432460214],[-95.5405153625472,35.2031832458083],[-95.5405713624429,35.2031372463738],[-95.5405993627791,35.2022672456632],[-95.5401813622553,35.2019242459911],[-95.5367233619533,35.201694246303],[-95.5361103614061,35.2017172455991],[-95.5359143612999,35.2015802455611],[-95.5358313610414,35.2014882458023],[-95.5355243611951,35.2015112459828],[-95.5353293611517,35.2016022457088],[-95.5350503608302,35.2019692456268],[-95.5335443611382,35.2019912458194],[-95.5326243607629,35.2022892461713],[-95.5316763599982,35.2027232465259],[-95.5309783600091,35.2027922461572],[-95.5299193603341,35.2024252463045],[-95.5298683597671,35.2024182459829],[-95.5293883599858,35.2023572467794],[-95.5287753594418,35.2024252463603],[-95.528384359322,35.2027912462374],[-95.5283843593602,35.2033182463548],[-95.5284403592725,35.2035012467308],[-95.5285513599301,35.2035922464419],[-95.5286073598424,35.2037752468179],[-95.5287183596024,35.2038902467408],[-95.5287463600148,35.2040732471181],[-95.5289133596772,35.2042332464238],[-95.5289973599837,35.2043482463481],[-95.5291363601428,35.2044622471226],[-95.5292203595533,35.2046232464787],[-95.5296113597309,35.205057246768],[-95.5298063597858,35.2051262472551],[-95.5298923601754,35.2051062472242],[-95.5305043606678,35.2049662470079],[-95.5308383599577,35.2048062467785],[-95.5310063605541,35.2048062467703],[-95.5310053605375,35.2052182469594],[-95.5309503606865,35.2052412471276],[-95.5307543606217,35.2056762465925],[-95.5304753603117,35.2062022466773],[-95.5302803603,35.2067292468042],[-95.5303083607372,35.207255246874],[-95.5303913600947,35.2073242473666],[-95.5304193605088,35.2075302470101],[-95.5305583606779,35.2077822469793],[-95.5305583607061,35.2081712470028],[-95.5303073607753,35.208422247844],[-95.5303913601875,35.2086052473193],[-95.5310043607348,35.2085832471701],[-95.5322043606235,35.2085372476799],[-95.5323713611769,35.2085832471035],[-95.5331803609194,35.2085372476323],[-95.5330403607735,35.2092472472359],[-95.5332353608483,35.2095902478182],[-95.5334303608982,35.2095902478087],[-95.5336813617415,35.2095222473461],[-95.5340443614703,35.2092702473524],[-95.5342113611244,35.2093162476754],[-95.5344623619826,35.2094532477107],[-95.5347693618189,35.2092932474826],[-95.5348813615921,35.2089502468854],[-95.5351043620329,35.2088352469461],[-95.5356063619324,35.2088582470872],[-95.5356613617918,35.2089502468473],[-95.5358013620189,35.2093622470296],[-95.5359963620887,35.2096372471615],[-95.5363863622034,35.2098432476867],[-95.5363303623359,35.2102782471448],[-95.536247362094,35.2104152471964],[-95.5362473621337,35.2109642474331],[-95.5363863623095,35.2113082480644],[-95.5365253624719,35.2114682473714],[-95.5369443621262,35.2115822481323],[-95.5378083626225,35.211560247971],[-95.5378083626656,35.2121552476394],[-95.5370553628155,35.2121092473451],[-95.5369163626596,35.2120402477545],[-95.5362183626721,35.2121322475514],[-95.5358843624846,35.2123152479464],[-95.5358843624929,35.2124292478284],[-95.5356333625439,35.2124292478407],[-95.5353263617783,35.2121772478797],[-95.5351593620879,35.2116282476512],[-95.5348803617414,35.2116512478303],[-95.5348243618506,35.2117652477151],[-95.534796361463,35.2119252479296],[-95.5345733619299,35.2121542477509],[-95.5342663620869,35.2122232482625],[-95.5338203611871,35.2122002481187],[-95.532844361749,35.2116272477178],[-95.5323703613675,35.2118562475513],[-95.5320073607411,35.2121312477106],[-95.5320353611602,35.2124052478044],[-95.5321473609682,35.2125432478928],[-95.5321193614949,35.2129092477522],[-95.5318123607708,35.2132292481934],[-95.531449361037,35.2134122485898],[-95.5313103609027,35.213641248407],[-95.5311703607519,35.2142822484133],[-95.5310583609638,35.2144192484664],[-95.531002361078,35.2146032488941],[-95.5313093609359,35.2147402489267],[-95.5317553609431,35.2148552488333],[-95.5323693615317,35.2147632481412],[-95.5325923610666,35.2145572484854],[-95.5326203614491,35.2143282486736],[-95.5328433618816,35.214099247953],[-95.5328433618734,35.213985248071],[-95.5334573615395,35.2135732478519],[-95.5335133614418,35.2136192481803],[-95.5335413618576,35.2138482479893],[-95.5337923618298,35.2141682484033],[-95.5346843618424,35.2143742480047],[-95.5356603621383,35.2143752480034],[-95.5357993622941,35.2144432484469],[-95.5357723619464,35.2145122480455],[-95.5362733627304,35.2149702485412],[-95.53638536254,35.2151302487489],[-95.5363293626626,35.2154282481593],[-95.5359113621768,35.2156112485583],[-95.5352973624742,35.2155192488255],[-95.5348513624754,35.2155192488472],[-95.5346843619369,35.2156792481692],[-95.5346003616503,35.2158392483865],[-95.5345723621787,35.2162282484113],[-95.5346283620827,35.2162972489052],[-95.5346283621009,35.2165492488812],[-95.5336793621446,35.2163662485488],[-95.5334003617997,35.2164112488472],[-95.5329543618225,35.2167092491759],[-95.5328423620376,35.2168922486608],[-95.5328153616948,35.2170292487097],[-95.5329823613587,35.2172122490802],[-95.5332053618162,35.2173272489977],[-95.5332053618377,35.2176242492584],[-95.5336793622557,35.2178992493768],[-95.5337633616629,35.218014249301],[-95.5339863621302,35.2182652492198],[-95.5340133625643,35.2193872490043],[-95.5341523618523,35.2198912489494],[-95.5341243623824,35.2203032491398],[-95.5339293623424,35.2204402491969],[-95.5337903621865,35.2203712496064],[-95.5337063618817,35.220280249894],[-95.5336503619478,35.2197992492111],[-95.5334833622589,35.2192722491018],[-95.5331773615364,35.218975248856],[-95.5331493620233,35.218792249378],[-95.5330093618111,35.2185862488407],[-95.5324513620191,35.2186542493182],[-95.53222836159,35.2189292494706],[-95.5322843615205,35.2193642489231],[-95.5320893614772,35.2194552495485],[-95.5318933613727,35.219341249676],[-95.5318663619108,35.219226249749],[-95.531726361702,35.2190662495426],[-95.5312243618091,35.2191352491645],[-95.5306943615419,35.2195472493794],[-95.5304153612236,35.219959249582],[-95.5303873617686,35.2205772494174],[-95.5304983615451,35.2209202500037],[-95.5306383617607,35.2211722499729],[-95.5308613613237,35.2213552494413],[-95.5312233619353,35.2215152496368],[-95.5312233619552,35.2217902497782],[-95.531307361364,35.2219272498218],[-95.5313343618015,35.2230952499373],[-95.5313903617055,35.2231632503849],[-95.5313343618413,35.223644250174],[-95.5310833619206,35.2240332502098],[-95.5310833618774,35.2234382505413],[-95.5309723621091,35.223209249837],[-95.5304983616795,35.2227742504049],[-95.5301073615134,35.2224992502825],[-95.5299963617534,35.2223852504059],[-95.529481361258,35.2224582502135],[-95.5293543607656,35.2224762501537],[-95.5293543607506,35.2222702496095],[-95.529410361544,35.2222012500096],[-95.5294663614198,35.2218812495805],[-95.5292993608515,35.2216292496127],[-95.5291873610501,35.2215832501865],[-95.5287403610099,35.2216522498056],[-95.5285733613691,35.2217892498613],[-95.5283493608952,35.2220872501792],[-95.5280983609745,35.2224762502151],[-95.527847361067,35.2230482506295],[-95.5278473611151,35.2237122507945],[-95.5283213606404,35.2240782506294],[-95.5283763614089,35.2243072504371],[-95.5279583609099,35.2243072504575],[-95.5276513610504,35.2241472502593],[-95.5273173608347,35.2239412506308],[-95.5271213607317,35.2238492499782],[-95.526843360435,35.2239182504884],[-95.5267313606518,35.2241242501387],[-95.5267273604965,35.2245412505595],[-95.5266093604285,35.2246552504473],[-95.5263403605587,35.2248562507731],[-95.5262283607739,35.225039250258],[-95.5261173601443,35.2253362505241],[-95.5260893606694,35.2256802511635],[-95.5260053603845,35.2258632506469],[-95.5260053604011,35.2260922504574],[-95.5263673610375,35.2265952512446],[-95.5263673610442,35.2266872510074],[-95.5264513604464,35.2267332513344],[-95.5264663611486,35.2268232510039],[-95.5264793608573,35.2268932506468],[-95.5266743609221,35.2270992511815],[-95.5266463605296,35.2271912509457],[-95.5265623611356,35.2272592514001],[-95.5263673610824,35.2272132510786],[-95.5260053604625,35.226939251001],[-95.5257543604936,35.2266642508718],[-95.5256423606905,35.22659525128],[-95.5253633603226,35.2263212511985],[-95.5250293601267,35.2263892507658],[-95.5247773601663,35.2268702514637],[-95.5248333601068,35.2274422509638],[-95.5252513606705,35.2283352509188],[-95.5255023606427,35.2286552513328],[-95.5260603604646,35.2289992510443],[-95.5260323609746,35.2291362510933],[-95.5256133604541,35.2294792517056],[-95.5254743603016,35.2294562515468],[-95.525362360467,35.2289532516467],[-95.5249443608424,35.228609251029],[-95.5246093605621,35.2281512514246],[-95.5245543606944,35.2279452508831],[-95.5244423599904,35.227854251172],[-95.5244423599838,35.2277622514091],[-95.5241083597547,35.2273732514019],[-95.5240243603443,35.2272132511929],[-95.5237733603853,35.2270752511113],[-95.5233833602855,35.2270752511303],[-95.5231593598049,35.2272812516855],[-95.5229363602784,35.2276022512696],[-95.5229363603465,35.2285402515298],[-95.5230193597073,35.2286552514541],[-95.5230473601646,35.2294562516653],[-95.5231313604694,35.2295472513777],[-95.5231583599362,35.2297302517551],[-95.5233813604069,35.2300282520512],[-95.5234933602216,35.2302572518561],[-95.523520360649,35.2312872518778],[-95.5236603599752,35.2316762518944],[-95.5236043600894,35.2318592522759],[-95.5234643607915,35.2318592522827],[-95.523269360735,35.2317682516764],[-95.5231303605907,35.231859252299],[-95.5229623600142,35.2321342524487],[-95.5227113600802,35.2323402521058],[-95.5216513595275,35.2329122525598],[-95.5214553603306,35.2329122525694],[-95.5214003595752,35.2328662522409],[-95.5214283599595,35.2326602525947],[-95.5219023603342,35.232339252099],[-95.5224323597122,35.232065251978],[-95.5226833605404,35.2317902518243],[-95.5226003602654,35.2314702523014],[-95.522683360504,35.2312872519187],[-95.5230463602195,35.2308522515464],[-95.5230193598252,35.2302802520448],[-95.5229073600171,35.2301422519564],[-95.5222943603459,35.2298452517256],[-95.5223223598341,35.2296842514648],[-95.5224333595775,35.2295702515773],[-95.5224333595676,35.2294332515298],[-95.5222103600012,35.2292042517302],[-95.5222103599847,35.2289752519198],[-95.5223223597711,35.2288152517012],[-95.5223503601537,35.2285862518894],[-95.5220153598749,35.2281512515512],[-95.5220153598517,35.2278302510786],[-95.5221553600373,35.227670251758],[-95.5222113599115,35.2273272511635],[-95.5223783595457,35.2270982513449],[-95.5227133597729,35.2268232511871],[-95.5228533599551,35.2266172515354],[-95.5229093598276,35.2262512507753],[-95.5227693596188,35.2260912514684],[-95.5223233596266,35.2261822512066],[-95.5222093597395,35.2262342509218],[-95.5220723596859,35.2262972511473],[-95.521291359483,35.2268922508538],[-95.5207053593118,35.2272352514742],[-95.5204823588643,35.2272582516506],[-95.5205653590797,35.2267542516947],[-95.5211233597627,35.2265712512888],[-95.5212633590506,35.2264342512344],[-95.5213473593356,35.2262512508516],[-95.5212913594282,35.226136250926],[-95.5211793596235,35.2260452512149],[-95.5212073591068,35.2258162514032],[-95.5214313595939,35.2257012514638],[-95.5221843594309,35.2255642513795],[-95.5228533598805,35.2255872506131],[-95.5235233594839,35.2257022505087],[-95.523969360382,35.2257022504869],[-95.5241923599269,35.225634250925],[-95.5243023605236,35.2255252512691],[-95.5243323601141,35.2254962508244],[-95.5243603604719,35.2249242504207],[-95.5245273601076,35.2247182507677],[-95.5245553604836,35.2243982503401],[-95.5248063604193,35.2242152508485],[-95.524611360356,35.2240312504331],[-95.5243323599997,35.2239172505647],[-95.5241933598405,35.2238022506431],[-95.5242213602313,35.2236882507597],[-95.5243323599764,35.2235962500921],[-95.5245003596752,35.2236192502495],[-95.5248063603844,35.2237342501628],[-95.5250303599706,35.2235972501044],[-95.5250863598431,35.2232302501973],[-95.525588360627,35.2230472506935],[-95.5258393605611,35.222841250137],[-95.5258393605196,35.2222692506342],[-95.5255883605491,35.2219722503857],[-95.5250583602321,35.22169725027],[-95.5243613602909,35.2217882500206],[-95.5240263600537,35.2219252500845],[-95.5231893599102,35.2219482502909],[-95.5229383590719,35.2220852503508],[-95.5226873591346,35.2222462506225],[-95.5225483590053,35.2225432499907],[-95.5225753594128,35.2232982507702],[-95.5218503590691,35.2233442502373],[-95.521738359286,35.223550250787],[-95.5212363593831,35.2234812503149],[-95.5212363593698,35.2232982508355],[-95.5214603589544,35.2231382506115],[-95.521488359337,35.2229092507997],[-95.5211813594757,35.2227262504361],[-95.5205953592763,35.2226802501335],[-95.5198703589442,35.2228862507131],[-95.5195633590679,35.2224962506583],[-95.5189783588949,35.2221762502605],[-95.5186663588174,35.2222072508117],[-95.5183083584055,35.2222442507436],[-95.5180013585774,35.2225192509],[-95.5178623584498,35.2228392504338],[-95.517638358024,35.2238002508705],[-95.5175823581714,35.2244412508726],[-95.5174143585307,35.2252202509742],[-95.5171913580815,35.2252192509389],[-95.5171073577717,35.2250592507298],[-95.5170983582037,35.2243702512064],[-95.517081358212,35.2229532503539],[-95.5169973579088,35.2228852508071],[-95.5169973578889,35.2226102506656],[-95.5168863581256,35.2224502504578],[-95.5168303582066,35.2221752503191],[-95.5164673575387,35.2218772509291],[-95.5159933580416,35.2219002502184],[-95.5155473571501,35.2219922509024],[-95.5147383574074,35.2220372503273],[-95.514710357015,35.2221292509908],[-95.514570357765,35.2227922511164],[-95.5140133571035,35.2226322509304],[-95.5135663570666,35.2227462508343],[-95.5132313568393,35.2230212509922],[-95.5131203571075,35.2232952510928],[-95.5131473574885,35.2236852511613],[-95.5133703570598,35.2239822514111],[-95.5138163570869,35.2243712514129],[-95.5137883576037,35.2246002512247],[-95.5136213570652,35.2247602514459],[-95.5134263570202,35.2248292510528],[-95.5133143572239,35.2248522512238],[-95.5129243570941,35.2244402510537],[-95.5124723568185,35.2244602511024],[-95.5124503566977,35.2244622511961],[-95.5120593565581,35.224554250978],[-95.5118093566618,35.2246412514208],[-95.5114733563769,35.2247602515508],[-95.5111943569595,35.2251942518727],[-95.5110553568153,35.2252862516424],[-95.5096603559738,35.2252852516641],[-95.5093253566393,35.2254682511598],[-95.50940835602,35.2258582512256],[-95.5103573568991,35.2263622520305],[-95.5105523569655,35.2265902517851],[-95.510579356502,35.2277352517352],[-95.5106903571714,35.2279872517057],[-95.5108023570026,35.2284452522204],[-95.5110253565674,35.2286512518544],[-95.5111543571538,35.2286512518481],[-95.5113043569155,35.2286512518408],[-95.5116113567585,35.2285822522285],[-95.5116633573651,35.2284952517954],[-95.5117783572887,35.2283082521252],[-95.5118343571611,35.2279412522182],[-95.5121413570125,35.2279872516349],[-95.5122523567708,35.2280792522917],[-95.5125593575381,35.2283542515188],[-95.5131453577492,35.2285602520344],[-95.5131733572573,35.2286742519151],[-95.5124753572697,35.228766251712],[-95.5124373573083,35.2287962522035],[-95.5122523568339,35.2289492521016],[-95.5122803572497,35.2291782519106],[-95.5124753573195,35.2294522519963],[-95.5131723572856,35.2297042519382],[-95.5132283571913,35.2297962525976],[-95.5133113574681,35.230139252286],[-95.513423357281,35.2303452519254],[-95.5140143577415,35.2307922519074],[-95.5141203581665,35.2308722520088],[-95.514120358203,35.23137625286],[-95.5143153582679,35.2315822524954],[-95.5147053583727,35.2316512520736],[-95.5146773580017,35.2320402520985],[-95.5159883586146,35.2330012524602],[-95.5161553582886,35.2333222529246],[-95.5161553583219,35.2337802525454],[-95.5160383582959,35.2338342523533],[-95.5159593582321,35.2338712531708],[-95.5158483584672,35.2336882527976],[-95.515764358149,35.2334132526602],[-95.5156533583791,35.233162252736],[-95.5151773578655,35.2328482526108],[-95.5141473577195,35.2322452526223],[-95.5140193580762,35.2322102528067],[-95.5138963577656,35.2321772521842],[-95.513450357775,35.2322912529874],[-95.5131433579502,35.2326112525293],[-95.5129473578522,35.2325882523733],[-95.5129753573256,35.232222252514],[-95.5130593576155,35.2321082526278],[-95.5129483578106,35.2313752528709],[-95.5124463569569,35.2305972519491],[-95.5120843572446,35.2304362526066],[-95.5118613568072,35.2305972519776],[-95.511756357342,35.2307102527178],[-95.5116933571233,35.2307802523644],[-95.511498357075,35.2308022524932],[-95.5115263574527,35.2305052522311],[-95.5114983570253,35.2301162522089],[-95.5112753574555,35.2298412520784],[-95.5110803574006,35.2297722524906],[-95.5107173567559,35.2297952526739],[-95.5104943572144,35.2299092525668],[-95.5102153568879,35.2302072519881],[-95.5101873565285,35.2307562522262],[-95.510270356797,35.2309852529318],[-95.5099913564654,35.2312142527559],[-95.5099913564898,35.2315512530699],[-95.5099923565437,35.2316552524889],[-95.5093853562789,35.2317362526714],[-95.5093063571214,35.2318662523987],[-95.509306357159,35.2323862530915],[-95.5096563572337,35.2328162531975],[-95.5097393565879,35.2328392533589],[-95.5098783567703,35.2332742528074],[-95.5100463573767,35.2334112528468],[-95.5100183569908,35.2335942532268],[-95.5099063572061,35.233778252758],[-95.5098783568318,35.2341212533511],[-95.5095433565729,35.2339602531081],[-95.5095433565663,35.2338692533915],[-95.5091533564316,35.2333882527249],[-95.5090143562624,35.2331362527557],[-95.5088193561876,35.2327932530728],[-95.5086803568248,35.2312592531047],[-95.508569356134,35.2307102528734],[-95.5083743560674,35.2304812521732],[-95.507841356532,35.2305022522722],[-95.5072573564304,35.2305262525125],[-95.5070623563855,35.2305952530186],[-95.5070613563623,35.2309152525456],[-95.507284355937,35.2312592531728],[-95.5073123563943,35.2320602524847],[-95.5072563565284,35.2325182530076],[-95.506809356498,35.232723252628],[-95.5065303561549,35.2327922531382],[-95.5058613557301,35.2331122535972],[-95.5057773554402,35.2332272535296],[-95.5058603557086,35.2334552532897],[-95.5059723555084,35.2334782534497],[-95.5059953556802,35.2335402536211],[-95.5060833561811,35.2337782529446],[-95.5063343561502,35.2340552531664],[-95.5066973558908,35.2339652534785],[-95.5068093565816,35.2338752529035],[-95.5071703562212,35.2336722533799],[-95.5077563564259,35.2337902534185],[-95.5078403567291,35.2338592530117],[-95.5078953566102,35.2342512531715],[-95.5084263569789,35.2345982530232],[-95.5086763569266,35.2352212530764],[-95.5078383567438,35.2353402532309],[-95.5078663562671,35.2356632537947],[-95.5080903567827,35.2359402531185],[-95.5081173562562,35.2362162533049],[-95.5079493565707,35.2363772535725],[-95.5079493565858,35.2365852533101],[-95.5081443566425,35.2366782540089],[-95.5085903566517,35.2368192533206],[-95.5086743569549,35.2368882538131],[-95.50859035667,35.2370722533429],[-95.5083113572479,35.2374412542527],[-95.5079763570158,35.2376492540065],[-95.5079753569845,35.237857253744],[-95.5085613571926,35.2380212541137],[-95.5087003573485,35.2380902537043],[-95.5087563572593,35.2382522540072],[-95.509063357114,35.2383452538014],[-95.5094813576017,35.2381882537067],[-95.5096213568914,35.2380752538641],[-95.5098443573423,35.238099254065],[-95.5099553570991,35.2381692537032],[-95.5100663577902,35.2387222541197],[-95.5099543570962,35.2387682535569],[-95.5071623562259,35.2388512539387],[-95.5070513564793,35.238921254487],[-95.5070933566494,35.2392112544215],[-95.5071343567727,35.2394942540321],[-95.5103163577498,35.2395082545248],[-95.5103443573224,35.2405102541494],[-95.5102323575344,35.2406482542488],[-95.5099813575919,35.2407382539313],[-95.5098413574079,35.2409202542705],[-95.5098443575495,35.2409542540458],[-95.5098693578252,35.2411712541987],[-95.5100643578818,35.241262254805],[-95.5106223576852,35.2413512544017],[-95.510344357415,35.2417852547236],[-95.5104003573371,35.2421042542015],[-95.5107343575843,35.242742254945],[-95.5113473581762,35.2433342544446],[-95.5114593579776,35.2433802547702],[-95.512101358066,35.2432872549297],[-95.512464358704,35.2431712549373],[-95.5125753584607,35.2432392544829],[-95.5125193585781,35.2434672551491],[-95.5121573580029,35.2438082547666],[-95.5114603580583,35.2438522550391],[-95.511432357669,35.2439892550881],[-95.5112363584968,35.2443302546975],[-95.5110133580459,35.2443062553959],[-95.5108743578885,35.2442152547868],[-95.51087435785,35.2436862545769],[-95.5106233578777,35.2433642549696],[-95.5098423576031,35.242971254799],[-95.5093413577564,35.2430382552275],[-95.5091453576782,35.2432882551205],[-95.5090343570421,35.2434932547244],[-95.5091173573205,35.2438592545784],[-95.5092293571268,35.243972255308],[-95.5092293571384,35.2441322546217],[-95.5093403577927,35.2441772549011],[-95.5093953577265,35.2452952553983],[-95.5090053576298,35.2453392556559],[-95.5087823571873,35.2454302553833],[-95.5086143575167,35.2457942551569],[-95.50841935748,35.2459762554987],[-95.508196357044,35.246158255842],[-95.5079733575125,35.2464092557826],[-95.5076373572221,35.2464532551381],[-95.5073583568856,35.2466132553649],[-95.5070233575443,35.2467032559508],[-95.5068833573651,35.2469532558409],[-95.5067723567322,35.2472032557297],[-95.5062143569435,35.247317255639],[-95.5061023571537,35.2474302554802],[-95.506074356766,35.2475892556484],[-95.5058513572311,35.2477942561572],[-95.5055163569888,35.2478622557245],[-95.5053763568065,35.2480672562293],[-95.5054333567801,35.2484552562037],[-95.5053593570653,35.2501032560642]],[[-95.5186083557048,35.1790752422794],[-95.5187203554747,35.1786862422503],[-95.5188033557151,35.1785262429324],[-95.5188313551868,35.1781372429074],[-95.5187483549267,35.1780222420838],[-95.5183303553352,35.1781362428855],[-95.5179673547038,35.1783422425481],[-95.5171593550125,35.1784562424696],[-95.5164903545629,35.1784332423366],[-95.5155983545503,35.1782272427351],[-95.5152633543048,35.1782502429169],[-95.5150683542632,35.1783642428085],[-95.514956354475,35.1785012428616],[-95.5149283541237,35.1791652430281],[-95.5151233541885,35.1793712426635],[-95.5152353539915,35.1794402431547],[-95.5157083543499,35.1795322428945],[-95.5163493544251,35.1798982427214],[-95.5174093550391,35.1801732428113],[-95.5182173556346,35.1801282424871],[-95.5184123556714,35.1799452429983],[-95.5184403551645,35.1798532432341],[-95.5185243554612,35.1798302430645],[-95.5185803553486,35.1796702428486],[-95.5186083557048,35.1790752422794]],[[-95.5202533554948,35.1783202423176],[-95.5206433556078,35.1785032426773],[-95.521396356349,35.1784352421903],[-95.5219543561344,35.17827524195],[-95.5227903562314,35.178252242643],[-95.5232643566279,35.1782302425008],[-95.5234313562719,35.1781382418304],[-95.5234873561594,35.1779782425139],[-95.5231523568016,35.1778402424363],[-95.5220653558432,35.177680242276],[-95.5215083560629,35.177268242114],[-95.5213413554979,35.1770622424772],[-95.5210343556301,35.1767872423506],[-95.5206723559278,35.1767642422027],[-95.5204493554969,35.1770162421896],[-95.5203373557517,35.1777482419112],[-95.5201703552314,35.1781602421085],[-95.5202533554948,35.1783202423176]],[[-95.5263583571265,35.1783222421129],[-95.526191357489,35.1785052424997],[-95.5262193570088,35.1787802426399],[-95.5263303576697,35.1789172426821],[-95.5267483572777,35.1790322425901],[-95.5275013580221,35.1790092423879],[-95.5275013580039,35.1787572424119],[-95.5271393573857,35.1785052424536],[-95.5265533571765,35.1783222421034],[-95.5263583571265,35.1783222421129]],[[-95.5459883611697,35.1564442372817],[-95.5456543609558,35.1562612369192],[-95.5449013602113,35.1562832370751],[-95.5439823598857,35.1566272368587],[-95.5433133603454,35.1567412376726],[-95.5431183602856,35.1566042376345],[-95.5429513597008,35.1561232369568],[-95.5428113594937,35.1559852368697],[-95.5426163594437,35.1559852368792],[-95.5424493598063,35.1561692373123],[-95.5424213594501,35.1567642369822],[-95.5425603596075,35.1568552375913],[-95.5425603596174,35.1569932376852],[-95.5426993597831,35.1571992373234],[-95.5428953598893,35.1573362373615],[-95.5434243601498,35.1574732373833],[-95.543508360458,35.1576112374732],[-95.5436473606154,35.157702237183],[-95.5440093603176,35.1577252373309],[-95.5443993604092,35.1576112374299],[-95.5454033610877,35.1573822375705],[-95.5458773605665,35.157107237406],[-95.5459883612026,35.1569012368563],[-95.5459883611697,35.1564442372817]]]},"properties":{"OBJECTID":4179,"COUNTYFP10":"121","FULLNAME":"Eufaula Reservoir","MTFCC":"H2030","Shape__Area":22641538.578125,"Shape__Length":101930.35536568536}},{"type":"Feature","id":4180,"geometry":{"type":"Polygon","coordinates":[[[-95.5807103507133,34.8905111863657],[-95.5810403507568,34.8909121869294],[-95.5812713506973,34.891194186485],[-95.5814053506278,34.8913571868307],[-95.5812073513267,34.8911941864881],[-95.5811553507108,34.8911511871977],[-95.5805713505948,34.8909681868468],[-95.5800163509438,34.8910601866363],[-95.5797923504578,34.8911921864633],[-95.5794323508649,34.8914031872566],[-95.5793493506181,34.8914721868579],[-95.5793493506795,34.8923421866688],[-95.579516350348,34.8925941875364],[-95.579794350669,34.8928681867193],[-95.5798773509386,34.8931201875908],[-95.5797943507063,34.8933951868373],[-95.5792393502109,34.8942651875742],[-95.5790723505732,34.8944481870618],[-95.5787113509288,34.8945851871268],[-95.5776553505239,34.8946311875087],[-95.5772113497284,34.894769187624],[-95.5767663497972,34.8950661879065],[-95.5761553503054,34.8959821880778],[-95.5756283502367,34.897241187938],[-95.5754583495597,34.8974121877695],[-95.5753783494527,34.8974931879263],[-95.5754333502128,34.8976071878058],[-95.5757193499882,34.8976371882818],[-95.576739350533,34.8977441877909],[-95.5767113501468,34.8979271881711],[-95.5764113506452,34.898233187964],[-95.5762393498757,34.8984081879807],[-95.5762393498806,34.8984771884774],[-95.5764343499434,34.8986601879476],[-95.5764613503107,34.8988661884907],[-95.5764063504597,34.8988891886589],[-95.5757113496927,34.8987061883135],[-95.5756283503273,34.8985231879385],[-95.5756003499071,34.8982251885318],[-95.5754893501425,34.8980421881583],[-95.5751833494353,34.89795018841],[-95.5747393495358,34.8980421881943],[-95.5744893496496,34.898271188017],[-95.573822349319,34.8986141886411],[-95.5735723494165,34.8986141886532],[-95.5730723496036,34.898500188795],[-95.5715443488434,34.8978361887025],[-95.5702113481607,34.8975621886709],[-95.5692103484721,34.8971041881983],[-95.5686543478414,34.8967151882009],[-95.5683483480092,34.8962801887598],[-95.5682653477395,34.8960281878882],[-95.5682653476959,34.8954101880535],[-95.5681543479411,34.895365187774],[-95.5681813482841,34.895227188578],[-95.5680983480275,34.8951591881316],[-95.5680703476218,34.89506718837],[-95.5679873473635,34.8949751877117],[-95.567903347955,34.894838187668],[-95.5677923472943,34.8947011876255],[-95.5676813475378,34.8946321880335],[-95.5671263478868,34.8947241878231],[-95.5669033474459,34.894838187716],[-95.5667653473608,34.8951131878644],[-95.5665703473547,34.8957311886078],[-95.5664593476079,34.8957991881642],[-95.5660983470496,34.8957311886304],[-95.565403347169,34.895365187906],[-95.5652923474174,34.8953651879113],[-95.5641813471566,34.8953651879646],[-95.5639313463613,34.8954561885926],[-95.5636813464814,34.8957771881782],[-95.5634593470203,34.8963721887573],[-95.5633483464226,34.8971271886451],[-95.5634033471843,34.8972651887365],[-95.5634033471973,34.8974481891154],[-95.5634863465562,34.8975391888281],[-95.5636533471515,34.8981801888203],[-95.5640423472258,34.898478189109],[-95.5640703467434,34.8987291890376],[-95.5641533470082,34.8989131885595],[-95.5646533468438,34.8993471888443],[-95.5647923470124,34.899599188814],[-95.5649033476974,34.9000801894949],[-95.5650153475067,34.9002401888035],[-95.5651543476819,34.9005841894353],[-95.5649873471448,34.9007671889229],[-95.5648763474223,34.9011791891178],[-95.5649043479056,34.902369189354],[-95.5647373473864,34.9028041897172],[-95.5647373474236,34.9033301897889],[-95.5647923473054,34.9037421899758],[-95.5649873473779,34.9040631895401],[-95.5652093477967,34.9042921902395],[-95.565459347704,34.9043601897785],[-95.5657933479014,34.9043151894777],[-95.5659873478951,34.9041771902736],[-95.5662373478089,34.9043371895756],[-95.5662933477241,34.9045661902829],[-95.5670723479661,34.9058251900804],[-95.5671833486236,34.905917189838],[-95.5672113481347,34.9060771900501],[-95.5674613480615,34.9064201906302],[-95.5683503488287,34.9065581897823],[-95.5687673484045,34.9068781901889],[-95.5687113485297,34.9072211898844],[-95.5678783485722,34.90724419009],[-95.5678223486732,34.9072441900927],[-95.5677943482643,34.9071071900463],[-95.5676833485046,34.9069931901694],[-95.5674053482078,34.9070611906331],[-95.5672393486213,34.9073131906174],[-95.5671833487449,34.9076331901474],[-95.5671833487611,34.9078621908574],[-95.5671003485321,34.908183190435],[-95.5670823486338,34.9087081904613],[-95.5670723481912,34.9090071908154],[-95.5669893488808,34.9096021904885],[-95.5664893482348,34.9104261908916],[-95.5663223485972,34.9106091912785],[-95.5656273478706,34.9109981913359],[-95.5651003486333,34.9112961916685],[-95.564766348457,34.9116391913774],[-95.5646553478189,34.9118221917616],[-95.5646273483386,34.9120971910055],[-95.564961348557,34.912349191865],[-95.5649353482885,34.9128841914554],[-95.5649333481984,34.9129211913699],[-95.5647663485671,34.9131961915196],[-95.5642663479018,34.913745191781],[-95.5628483478692,34.9148211922044],[-95.5623203477056,34.9153931917333],[-95.5621533480728,34.9156451926169],[-95.5621263477767,34.9164461919324],[-95.5624873474632,34.9169041924357],[-95.562821347685,34.9172021927271],[-95.5632103477447,34.917293192425],[-95.5635443479405,34.9172241928116],[-95.5641273479551,34.9166291922152],[-95.5649613488308,34.9162171919856],[-95.5654053487286,34.9161031920821],[-95.5657673484307,34.9161261922302],[-95.5662113492441,34.9162401920911],[-95.566573348964,34.9165151922155],[-95.5667113490878,34.9167891923044],[-95.5668503492549,34.9170181921084],[-95.5669063491783,34.9173621918448],[-95.5670453493355,34.9174531924541],[-95.5672123490315,34.9180941924463],[-95.5673513491872,34.918163192037],[-95.5676563489391,34.9181171925905],[-95.5679623496123,34.9177281925518],[-95.5687683491976,34.9174301922058],[-95.5687683491846,34.9172471918269],[-95.5681013497258,34.9172011924272],[-95.5681293492143,34.9170411922125],[-95.5683513496089,34.9169271923197],[-95.5686573494022,34.9168121923765],[-95.5691293497089,34.91683519162],[-95.5695183497994,34.9173611925724],[-95.5700743495066,34.9174071919774],[-95.5702963499157,34.9174991917297],[-95.5709073503667,34.917430192103],[-95.5709073503538,34.9172471917242],[-95.5705463497728,34.9168581917175],[-95.5704913499072,34.9166751922406],[-95.5701293502067,34.916675192258],[-95.5698793494114,34.9167661919866],[-95.5694623498583,34.9167661920067],[-95.5691853495836,34.9164921919245],[-95.5691853495544,34.916080191735],[-95.5694073499506,34.9159881919613],[-95.5701293501581,34.9159881919266],[-95.5703243501999,34.9158741920351],[-95.5702683502814,34.915599191896],[-95.570129350116,34.9153931913583],[-95.5699623495578,34.9152781914378],[-95.5699623495465,34.9151181921238],[-95.5703793499942,34.9150501916534],[-95.5706853498037,34.9151641915209],[-95.5708243499707,34.9153931913249],[-95.5711573501347,34.9155301913566],[-95.5712683498944,34.9156451921791],[-95.5714073500582,34.915828191652],[-95.5716303505072,34.9158281916413],[-95.5717133498548,34.9157591920399],[-95.5717693506385,34.9155531914927],[-95.5717133498256,34.9153471918504],[-95.5716303504699,34.9153011915232],[-95.5716573499169,34.9152101918053],[-95.5714353503893,34.9148661911775],[-95.57146334986,34.914454191886],[-95.571546350094,34.9142031910527],[-95.5713243496703,34.9139051916553],[-95.5707133501137,34.9139051916847],[-95.5692953491447,34.9144551920364],[-95.5690733496398,34.9144321918815],[-95.5690733496268,34.9142491915026],[-95.5703233499865,34.9135161916794],[-95.5710183498267,34.9133101911016],[-95.5710463502,34.9129441912418],[-95.5710833501143,34.9129031911405],[-95.5711293495459,34.912852191475],[-95.5714073498508,34.9128981908934],[-95.5718243503032,34.9128981908734],[-95.571879350151,34.9128291912734],[-95.5718793501446,34.9127381915567],[-95.5712403501613,34.9123491915635],[-95.5709353494874,34.9120741914363],[-95.5709353494663,34.9117761911289],[-95.5711293494714,34.9117991912852],[-95.5714633496915,34.912074191411],[-95.5719633504151,34.9123481914824],[-95.5722413498385,34.9126461908771],[-95.5723523505025,34.9128291912507],[-95.5723623500734,34.9129211910131],[-95.5723913505386,34.9131991912924],[-95.57243534991,34.9136071912946],[-95.5725463505675,34.9136991910522],[-95.5727963504666,34.9136531916084],[-95.5734633508021,34.9133781914346],[-95.5737413501866,34.9131271914913],[-95.5737563508655,34.9128911913558],[-95.5738243503476,34.9118451905875],[-95.5738803502418,34.9117761909875],[-95.5740743502485,34.9118221913093],[-95.5741863509571,34.9119821906179],[-95.5742493503458,34.9128911913321],[-95.5742973508222,34.9135841910396],[-95.5743533507245,34.913630191368],[-95.5744083506176,34.9142021917682],[-95.5753813507642,34.9140651916738],[-95.5757423513128,34.9139961911598],[-95.5758533510547,34.9138591911067],[-95.5759093509229,34.9134241907489],[-95.5761593508156,34.9132861906428],[-95.5774093512272,34.9132861905828],[-95.5777153519215,34.9131951908515],[-95.5779093519136,34.9130341905825],[-95.5779653518045,34.9129201906977],[-95.5779883519698,34.9128911911526],[-95.5783263514262,34.912462191059],[-95.5783533517369,34.9118671904893],[-95.5786593515302,34.9117521905462],[-95.5794653520391,34.9117981908385],[-95.5803263523942,34.9117521904661],[-95.5799373523669,34.9121191903894],[-95.5791313518644,34.912164190713],[-95.5787703522217,34.9123251909899],[-95.5787153515005,34.9127601904483],[-95.5786593516063,34.9128281909014],[-95.5785543521374,34.9128911911254],[-95.5783543518642,34.9130111912949],[-95.5782923516977,34.9131631911408],[-95.5782153517378,34.9133551910408],[-95.577770351813,34.9137441910861],[-95.5776313516655,34.9137901914239],[-95.577187351758,34.9137671912797],[-95.5765203514063,34.9138131907435],[-95.576298351015,34.9139731909675],[-95.5762423511339,34.9142251909464],[-95.575964350842,34.9143621910075],[-95.5751583512551,34.914637191188],[-95.5749643512646,34.9148201915762],[-95.5747703512806,34.9150951917273],[-95.5745473508365,34.9151641913354],[-95.5739643507716,34.9150491914349],[-95.5737413503194,34.9150031911145],[-95.5734083501392,34.9146371912721],[-95.5731023503394,34.9146601914524],[-95.572991350604,34.9148891912684],[-95.5730193501411,34.915416191385],[-95.5731303508001,34.9155301912618],[-95.5732413505777,34.9158961920143],[-95.5732973504946,34.9161481919878],[-95.5734923505801,34.9166521919309],[-95.5735753508529,34.9169491921879],[-95.5735473505153,34.9178191920002],[-95.573464351205,34.9184141925726],[-95.573964351018,34.9185281924307],[-95.5743263507347,34.918757192224],[-95.5750203514423,34.9187571921906],[-95.5753543516251,34.9185051921984],[-95.5754653513622,34.9182991916486],[-95.5754373509484,34.9180931920048],[-95.5751033516228,34.9177501923281],[-95.5749093516113,34.9176361915558],[-95.5749373510982,34.917453192075],[-95.5751313510886,34.9172691916405],[-95.5760763517095,34.916766191689],[-95.5762703516854,34.9163771916557],[-95.5764373513361,34.9163771916476],[-95.5766593517548,34.9166051914013],[-95.5769653515692,34.9167881917655],[-95.5770213515023,34.9172691915497],[-95.5772153515203,34.9174751920848],[-95.5771883520798,34.9176581915656],[-95.5764653518438,34.9179101915766],[-95.5764373514706,34.9182761923357],[-95.5765493512783,34.9184141924244],[-95.5770213515964,34.9185971918812],[-95.5778273521183,34.9188261916532],[-95.5785493523242,34.9188031923522],[-95.5789663518642,34.918619191907],[-95.5801333528617,34.9177491920401],[-95.5804943524753,34.9171771916199],[-95.5806613530187,34.917085191849],[-95.580855353032,34.9172231919337],[-95.5808283526953,34.9174521917456],[-95.5807443524052,34.9175661916319],[-95.5807443524264,34.9178641919392],[-95.5811063530439,34.9181151918517],[-95.5813283525537,34.918207191604],[-95.5813283525683,34.9184131921484],[-95.5805503524845,34.9187341917594],[-95.5804113523467,34.9189171921449],[-95.580356352507,34.9191001916271],[-95.5800783522167,34.9192601918538],[-95.5793553528655,34.9193061922196],[-95.5784943525055,34.9192831920954],[-95.5779103523976,34.9192151916731],[-95.5771323523073,34.9194441924204],[-95.5765213518531,34.9194671926154],[-95.5759103514036,34.9195581923614],[-95.5757153513701,34.9197871921814],[-95.5757153513879,34.9200391921577],[-95.5761883517668,34.9204281921589],[-95.5769943522968,34.9207711927123],[-95.5779393520961,34.9213661923359],[-95.5790223528571,34.9213661922839],[-95.5796063529472,34.9211831927763],[-95.5807453527094,34.9212061919878],[-95.58088435287,34.9213431920289],[-95.5815233528208,34.9212741924008],[-95.5820793534127,34.9211141921608],[-95.5827463537659,34.9210911919632],[-95.5839693538441,34.9213651919999],[-95.584636354194,34.9212961923705],[-95.5847753543595,34.9215021920089],[-95.5846363542249,34.9217311918262],[-95.5846923541612,34.9222581919415],[-95.5843863543662,34.9223491925721],[-95.5838593541729,34.9218461926914],[-95.5834703541131,34.9217541920478],[-95.5827473538708,34.9219161923884],[-95.5824143537343,34.9221681923807],[-95.5822473532006,34.9223971921994],[-95.5822753536175,34.9226481921279],[-95.5826643536952,34.9229921927477],[-95.5827203536234,34.9234041929345],[-95.5827203536298,34.9234951926512],[-95.582054353323,34.9235181928487],[-95.5819153531819,34.9236561929494],[-95.5817763530554,34.9239991926489],[-95.5814983536726,34.9242741928041],[-95.5810263533886,34.9245711930878],[-95.5806933532409,34.9246631928667],[-95.5797763529982,34.9248701926022],[-95.5796093533459,34.924847193344],[-95.5795533525459,34.9248241931811],[-95.5791503527369,34.9247411929549],[-95.5784713527307,34.9248241932331],[-95.5780003524821,34.924966193535],[-95.5776003528524,34.9254511935263],[-95.5770933527006,34.9251371934019],[-95.5760793524324,34.9250081928739],[-95.5752743519812,34.9251221936941],[-95.5751903516862,34.9251671930836],[-95.5748573515352,34.9252131934307],[-95.5744683514609,34.9249161931884],[-95.5739393511974,34.924733192835],[-95.5734113509868,34.9246411930974],[-95.5731333515586,34.9242751932524],[-95.5728273508546,34.924229192936],[-95.5725493514555,34.9242741932341],[-95.572410351316,34.9244341934542],[-95.572326351026,34.9245491933866],[-95.5718533507005,34.9249151932678],[-95.5717423509617,34.925098193652],[-95.5717143505772,34.9253041932985],[-95.5716893512194,34.9253461934456],[-95.571520350598,34.9256471938999],[-95.5716313512944,34.9262881938948],[-95.5716313513236,34.9267001940843],[-95.5715203506922,34.9269751942314],[-95.5713813505575,34.9272041940488],[-95.5705893507324,34.9276461938667],[-95.5705203511326,34.927685193877],[-95.5700753503166,34.9281881938045],[-95.5695753505425,34.9286231941837],[-95.5694643508022,34.9287831944023],[-95.5695753505653,34.9289441946566],[-95.5701863510147,34.9288521939649],[-95.5702703504054,34.9287381940787],[-95.5705483506875,34.9284631939236],[-95.5710203509748,34.9282111939247],[-95.5711873506092,34.927982194106],[-95.571576350643,34.9277071939455],[-95.5721873511021,34.9277531942473],[-95.5721603507607,34.9279131935626],[-95.5716873513362,34.9283031936556],[-95.5715763506982,34.9284861940397],[-95.5715203508317,34.9289441945631],[-95.5713263508346,34.929035194289],[-95.5710203510348,34.9290581944693],[-95.5709093512897,34.9291501942375],[-95.570937350796,34.9292411939528],[-95.5710483514534,34.9293331946097],[-95.5717433513147,34.9294241942929],[-95.5720493511307,34.9296301939233],[-95.5720213516391,34.9297451938531],[-95.5722993510657,34.9300881944319],[-95.5727713513983,34.9304771944332],[-95.5728273513038,34.9305691941934],[-95.573716352084,34.9308891945773],[-95.5743283517291,34.9314841942168],[-95.5749953521051,34.9317811944458],[-95.575356352665,34.9318731941914],[-95.5759683522647,34.9318271947302],[-95.5761073524042,34.9316671945102],[-95.5761623522503,34.9315751947447],[-95.5761903526251,34.9312321941511],[-95.575856352392,34.9307741945459],[-95.5757173522169,34.9304311939604],[-95.5757173522023,34.9302251943153],[-95.5758843527458,34.9301331945444],[-95.57641235207,34.9304081937615],[-95.5764953523283,34.9304991943734],[-95.5764963524104,34.9310031943257],[-95.5766353525693,34.9311171942012],[-95.5768573529735,34.9311401943562],[-95.5771913531985,34.9314841940792],[-95.5772463530657,34.931690194621],[-95.5773573528222,34.9317581941667],[-95.5773573528336,34.93191819438],[-95.5778863531116,34.9323071943785],[-95.5780803531281,34.9324911947944],[-95.5781643534424,34.9327191945546],[-95.578469353209,34.9328801947996],[-95.5795813535242,34.9329941946283],[-95.5797763535853,34.9331541948322],[-95.5798313534477,34.9332911948773],[-95.5801653536662,34.9335431948374],[-95.5822503541653,34.9340461946433],[-95.5832793542483,34.9344351946178],[-95.584224354921,34.9346641943829],[-95.5847243547324,34.9347551949748],[-95.5858323548365,34.9345081942775],[-95.5862533554806,34.934595194688],[-95.5864473554612,34.9342741942058],[-95.5866423554705,34.9337021946929],[-95.5869193556981,34.9333131946557],[-95.5869193556852,34.9331301942768],[-95.5859193551209,34.932352194277],[-95.5855573553896,34.9319171939395],[-95.5852513546677,34.9316191936468],[-95.5851963548053,34.9314821936017],[-95.5854463547095,34.9315051937553],[-95.5859183550275,34.9316881941114],[-95.5863633550024,34.9320081936173],[-95.5870303553524,34.9319391939878],[-95.5875863550515,34.9318711935107],[-95.5878363558532,34.9318711934987],[-95.5880583553484,34.9317561935596],[-95.5884473553773,34.931413193848],[-95.5888363554159,34.9312071941842],[-95.5889473560555,34.9310461939193],[-95.5889473560377,34.9307951939894],[-95.5890583557795,34.93065719389],[-95.5893093557203,34.9305431939958],[-95.5894203554638,34.9304281931627],[-95.5895033556929,34.9301081936315],[-95.5897253560647,34.9296731932657],[-95.5902253558322,34.9291461931236],[-95.5902813557182,34.9289631936414],[-95.5905583559442,34.9285511934387],[-95.5907533559827,34.928391193216],[-95.5908923561336,34.9283911932093],[-95.5908923561481,34.9285971928544],[-95.5906983561641,34.9288711929592],[-95.5906983562047,34.9294441934083],[-95.5904203559242,34.9297411936827],[-95.5903373557016,34.9301531938762],[-95.5904483563704,34.930405193847],[-95.5904203560118,34.9309771933518],[-95.5897533556618,34.9310461938805],[-95.5896983558189,34.9311831939309],[-95.5896703563614,34.9317791936476],[-95.5890043560901,34.9323051937513],[-95.5881143553171,34.9327401941491],[-95.5877813551873,34.9330841939042],[-95.587531355327,34.9336791944846],[-95.587142355316,34.9342741941724],[-95.5868923554363,34.9345951946572],[-95.5868923554476,34.9347551948706],[-95.5879763553556,34.9347551948184],[-95.5885883558643,34.9348461945056],[-95.5888653561179,34.9348231943267],[-95.5891433564098,34.9346861942656],[-95.5894773566185,34.9348001941317],[-95.5894493562372,34.9350521941093],[-95.5893663559903,34.9351211946099],[-95.5892833558083,34.9361051943068],[-95.5896163559772,34.9363111948352],[-95.590422356486,34.9363561941819],[-95.5920903574305,34.9368371947878],[-95.5931473569953,34.9369741947847],[-95.5956203583698,34.9370421942168],[-95.595704357793,34.9373851948049],[-95.5957593576602,34.9375911944473],[-95.5957043578109,34.9376371947811],[-95.5956763583645,34.9383921946647],[-95.5957323582685,34.9384611951587],[-95.5959543577701,34.9384381949825],[-95.5960653584096,34.9382771947175],[-95.596204358528,34.9378201942365],[-95.5966763578866,34.9371561940482],[-95.5967603581815,34.9371101946124],[-95.596788358571,34.9369731945633],[-95.597204358076,34.9369491943314],[-95.5972603579881,34.9371331947538],[-95.5974553580509,34.937316194224],[-95.5975663587358,34.9377961948585],[-95.5976223586462,34.9379561941697],[-95.5979553588167,34.9381851948637],[-95.5989003585804,34.9382771945812],[-95.5992063592925,34.9384371947797],[-95.5991513585583,34.9386881947123],[-95.5989013586689,34.9388721942501],[-95.5980673586797,34.9391011950002],[-95.59634435792,34.9391471945149],[-95.5960383581252,34.9392391951918],[-95.5959553578782,34.9393071947468],[-95.5959553579139,34.9398111946993],[-95.5962063579212,34.9406351950661],[-95.5966233583947,34.940932195307],[-95.5965953589111,34.941161195119],[-95.59626135873,34.9414361952769],[-95.5960393583258,34.941413195122],[-95.5959283585676,34.9413221954107],[-95.5957063581683,34.9413681948532],[-95.5955113581315,34.9415511952414],[-95.5951783579886,34.9417111954707],[-95.5947333580591,34.9420321950657],[-95.5946783582341,34.9424211950922],[-95.5934833577369,34.9432911958598],[-95.5921763573865,34.9433831956856],[-95.5910643570664,34.9432001962596],[-95.590536356864,34.9432231955512],[-95.5902863569729,34.9433831957765],[-95.5900083567021,34.9438181961449],[-95.5899813572633,34.9440241957913],[-95.5898703566189,34.9441161964589],[-95.5898423571402,34.9444141958682],[-95.5897593568932,34.9444821963225],[-95.5897033570105,34.9447111961359],[-95.5895363564735,34.9448941965227],[-95.5895363564849,34.945055195883],[-95.5894813566404,34.9451691966672],[-95.589453357186,34.9458101966686],[-95.5895923573563,34.9460851968037],[-95.5900373573329,34.946428196475],[-95.5910943578151,34.9468171964481],[-95.5913723572205,34.9468621967195],[-95.5915943576183,34.9467941962584],[-95.5917883576022,34.9465191961073],[-95.5918163579802,34.9462211966981],[-95.5919273577222,34.946084196645],[-95.5921503572637,34.9459691967058],[-95.5922893574064,34.9458551959176],[-95.5923163577332,34.945489196058],[-95.5921773575417,34.9449161965149],[-95.5920383573698,34.9446191962606],[-95.5919823574513,34.9443441961216],[-95.5922883572561,34.944390196438],[-95.5926493578306,34.9446871957823],[-95.5932333579499,34.9449161964641],[-95.5935113582547,34.9449621958825],[-95.5939843576938,34.9447791963803],[-95.5942063580818,34.9445731958252],[-95.5946783583771,34.9444351957084],[-95.5951233583472,34.9446871956632],[-95.5954013586504,34.9447101958153],[-95.5957353588348,34.9444811959887],[-95.5959853587064,34.9440461956216],[-95.5962903584614,34.9440451955606],[-95.5962913585419,34.9445261962467],[-95.5965963582986,34.9445491954983],[-95.5968743585823,34.9442971955087],[-95.5971243584799,34.9442281958993],[-95.5972363591837,34.9443201956568],[-95.5972083588073,34.9446401960847],[-95.59690235904,34.9451211958863],[-95.5968753587051,34.9453731958638],[-95.5970143588738,34.9456251958333],[-95.5976533588538,34.9459681963946],[-95.5987383597399,34.9464251959173],[-95.5992383595448,34.9464251958933],[-95.599349359285,34.9462651956746],[-95.5992933593649,34.9459671962694],[-95.5992933593551,34.9458301962217],[-95.5996553599354,34.9455551960625],[-95.5999333593345,34.945509195718],[-95.599877359468,34.9459671962413],[-95.5999613597726,34.9460591960001],[-95.6002393600742,34.9460581959404],[-95.6005443598212,34.9459441960436],[-95.6011003604049,34.9456691958751],[-95.6017113599305,34.9452341954907],[-95.602046360158,34.9449591953328],[-95.6020733604864,34.9446161956387],[-95.6015443602067,34.9442041954747],[-95.6011833596452,34.94409019561],[-95.600154359585,34.9440211951628],[-95.5997373591148,34.943770195253],[-95.5997373591083,34.9436781954901],[-95.6002653593123,34.9436781954647],[-95.6003763599551,34.9435631955308],[-95.6013493601098,34.9435401953185],[-95.6019053598396,34.9439061951501],[-95.602852360623,34.9443871957906],[-95.6033523604278,34.9443861957203],[-95.603685360569,34.9442031953254],[-95.6040193607648,34.944134195712],[-95.6047693604704,34.9441111955103],[-95.604964360517,34.9440651951698],[-95.6054363607992,34.9437451956199],[-95.6066043610053,34.9437441955174],[-95.6079103613012,34.9435381949101],[-95.6082713618415,34.9433541953669],[-95.6087163617548,34.9428051951083],[-95.6087433620101,34.941432194491],[-95.6086593616843,34.9410421944248],[-95.6085483619066,34.9406761945718],[-95.6090473616099,34.9398981945],[-95.6093253619066,34.9398291939899],[-95.6096313617194,34.9399891941885],[-95.6092983615944,34.940401194394],[-95.6092703621027,34.9405161943237],[-95.6094093613606,34.940607194933],[-95.6102153618841,34.9408591948704],[-95.6103273616838,34.9408821941312],[-95.6102433623044,34.9411561942307],[-95.6101053622179,34.9414081942135],[-95.6101053622325,34.9416141947579],[-95.6099103621989,34.9418431945779],[-95.6097713620741,34.942209194443],[-95.6095493616813,34.9423471945476],[-95.6094663623402,34.9425071947649],[-95.6095223622587,34.9427821949039],[-95.6098833619404,34.9431711949105],[-95.6104953624556,34.9433541952599],[-95.6114133627982,34.9439021954066],[-95.6113853624071,34.9440171953363],[-95.6096343621477,34.9440631948524],[-95.6090783615657,34.9443611951865],[-95.6089113619346,34.9446361953362],[-95.6088003622041,34.9449341956489],[-95.6088003622138,34.9450711956966],[-95.6091903623329,34.9453451957732],[-95.6101073625804,34.9452081956814],[-95.6109683620198,34.9449331954982],[-95.611608362913,34.944818195539],[-95.6124423629314,34.9450011949783],[-95.6129143632283,34.9448861950271],[-95.6129423627054,34.9445661954986],[-95.6122743631629,34.943994195128],[-95.6123303630505,34.9438331948657],[-95.6129693629867,34.9435581946932],[-95.6131913633795,34.9434211946348],[-95.6133863634293,34.9434211946254],[-95.6135253626889,34.9435351945009],[-95.6135253626954,34.9436271951631],[-95.6138313634124,34.943856194959],[-95.6144423629688,34.9438551948833],[-95.6149153633316,34.9440151950738],[-95.6156383635919,34.9441071948019],[-95.6158603640042,34.944244194839],[-95.6158323636164,34.9444041950535],[-95.6154163632153,34.9444731946709],[-95.6153323638229,34.9445641952909],[-95.6153883637366,34.9447701949333],[-95.6156383636552,34.9449991947319],[-95.6158893636106,34.945091195382],[-95.6166113638229,34.9451591948982],[-95.6168343642767,34.9452281953842],[-95.617056363793,34.945411194853],[-95.617028364298,34.9454791953047],[-95.6171123637017,34.945548194898],[-95.6172513638899,34.9460741949629],[-95.6175573646118,34.9463721952555],[-95.6181133643254,34.9465091952764],[-95.6184753649219,34.9464631949279],[-95.6185583642711,34.9464171954921],[-95.6185583642532,34.9461651955159],[-95.6178073644557,34.9455481948646],[-95.617723364138,34.9452731947269],[-95.6175013646169,34.9450211947614],[-95.6175003645461,34.9446781950687],[-95.6176953645975,34.9447011952248],[-95.6177233641055,34.9448151951057],[-95.618363364153,34.9454561950749],[-95.6186413644514,34.9454101947304],[-95.6187793645346,34.9451121953158],[-95.6190013648754,34.9442421945951],[-95.6190003647722,34.9434411943819],[-95.6193063645606,34.9432581948876],[-95.6202793647103,34.9431661941785],[-95.6208903651449,34.9428681947412],[-95.6212513647714,34.9424791946999],[-95.6215293650664,34.9423871940243],[-95.621724365126,34.9425241940626],[-95.6215853649947,34.942799194211],[-95.6213633646148,34.9431191946483],[-95.6203913645505,34.9437611947414],[-95.6198903647123,34.9439441942451],[-95.6196133644766,34.9442191944001],[-95.6193913650286,34.9449971944586],[-95.6191133647596,34.9454551949925],[-95.6190863644279,34.9457531953011],[-95.6195313644078,34.9461421953035],[-95.620031365125,34.9463251947589],[-95.6203933648448,34.9465991948369],[-95.6209773649641,34.9468281955187],[-95.6221723655521,34.947239194705],[-95.6226453659099,34.9473301952982],[-95.6227563656681,34.9474221950557],[-95.6227563656746,34.9475131947723],[-95.6220333654274,34.9476051954693],[-95.6212273649218,34.9476061955544],[-95.6208943656588,34.947492194789],[-95.61933736451,34.947630194958],[-95.6184203642691,34.9478591957121],[-95.6180313642418,34.9482251955891],[-95.6178373642449,34.9483171953614],[-95.6160573644231,34.9481351951146],[-95.6153073637954,34.947838195789],[-95.6151403641464,34.9478611959626],[-95.6148343634651,34.9481351951734],[-95.6139453636103,34.9481821955937],[-95.6132783632718,34.9484111954364],[-95.6123613630162,34.9484341956461],[-95.6110543626399,34.9481601956136],[-95.6102483621278,34.9480691959358],[-95.6093033623772,34.9481611957442],[-95.6087193622937,34.9484361959141],[-95.6084143616669,34.9488251959526],[-95.6082473620374,34.949123196268],[-95.6082473620699,34.9495801958429],[-95.6079703619171,34.9510221960696],[-95.6075543624999,34.9522821968699],[-95.6075543625096,34.9524191969175],[-95.6073873619678,34.9525331968077],[-95.6072763622324,34.9527621966237],[-95.6072493619089,34.9531741968144],[-95.6071383621702,34.9533571971986],[-95.6067763615933,34.9536781967895],[-95.6066933622733,34.9541361973141],[-95.6064433623921,34.9544341967341],[-95.6064163620686,34.9548461969248],[-95.6064713619276,34.9549371975381],[-95.6065553622437,34.9551891975102],[-95.6066113621476,34.9552571970586],[-95.6066113621688,34.9555551973659],[-95.6059163623482,34.9560361971861],[-95.6059063619016,34.9562761975065],[-95.605889362041,34.9566771971875],[-95.605388362206,34.9569061979215],[-95.6051943622156,34.9570891974103],[-95.6050833615793,34.9572951979601],[-95.605111362011,34.9577531975799],[-95.6052503621781,34.9579821982832],[-95.6056673617539,34.9583021977903],[-95.6059733624612,34.9583941975385],[-95.6063903620077,34.9583021977555],[-95.6070293619357,34.9579121976545],[-95.6072963626128,34.9577191976992],[-95.6075463624816,34.9572451973251],[-95.6077023624595,34.9563741974607],[-95.6077813625198,34.9562891971187],[-95.6079233627972,34.9561131970572],[-95.6080093623033,34.9563181975511],[-95.6080953627819,34.9575511979764],[-95.6082073625933,34.9577391976819],[-95.60829036285,34.9578091973216],[-95.6097103630545,34.957854197538],[-95.6099603629637,34.957950197474],[-95.6099343635846,34.9583441977307],[-95.608988362899,34.9585851981424],[-95.6082923630038,34.9586671974759],[-95.6080423631225,34.9589651977952],[-95.6079873624066,34.9594731979354],[-95.6078763626615,34.9595641976573],[-95.6065683622713,34.9597491981917],[-95.6063173623353,34.9599291984437],[-95.6058163625179,34.9604051980232],[-95.60570536188,34.9605881984073],[-95.6057073620186,34.9612341986387],[-95.6058463622269,34.9620431983164],[-95.6061813625005,34.962417198529],[-95.6064313624034,34.9624231987947],[-95.6067933629905,34.9622451986299],[-95.6068493628765,34.9620621982484],[-95.6070713623703,34.9619281983289],[-95.6078513625608,34.9618051988918],[-95.6079343628176,34.9618761985778],[-95.6078793629763,34.9620361987937],[-95.6074623625464,34.9623511990088],[-95.6073783631621,34.9625561986116],[-95.6074073627426,34.9630391984896],[-95.6075743633076,34.963250198358],[-95.6075183625256,34.9634791990707],[-95.6073513629024,34.96386619901],[-95.6069353625186,34.9641791991324],[-95.6067953623442,34.9644981986201],[-95.6068523632377,34.9651861989948],[-95.606991362514,34.9655331988661],[-95.6074363634068,34.9661131996177],[-95.6075763627129,34.966230199632],[-95.6076323635276,34.9664601994862],[-95.6076043632063,34.9675541997766],[-95.6077993633065,34.9682631993182],[-95.6079103630712,34.968447199738],[-95.6083843634956,34.9688201998976],[-95.6087183637112,34.969031199758],[-95.6091643637167,34.9691291997771],[-95.6107793639603,34.9690231992883],[-95.6120593648427,34.9687281999575],[-95.6123943641779,34.9685531999329],[-95.6124493649139,34.9683281994055],[-95.6123383642354,34.9679411994796],[-95.612199364078,34.9678481996771],[-95.611810364029,34.9679081997759],[-95.6115583640416,34.9680171994387],[-95.611113364092,34.9680541993745],[-95.6110013642873,34.9679611995708],[-95.611001364276,34.9678021994038],[-95.6114753646583,34.9675841991803],[-95.6122543648025,34.9674621988902],[-95.6122833643375,34.9673041996675],[-95.6120323643802,34.9671861996123],[-95.6108633641067,34.9668901994539],[-95.6107793638003,34.9667741994832],[-95.6109743638391,34.9666191994921],[-95.6124773642765,34.9663991991264],[-95.6127283642127,34.966221198967],[-95.6130623644088,34.9661591987783],[-95.6133133643646,34.9662561987606],[-95.6135913646665,34.9662611989787],[-95.6137863647247,34.9663791990367],[-95.6146773646768,34.9663961988815],[-95.6151223646151,34.9662001987786],[-95.6152063649053,34.966088198985],[-95.6154563647984,34.9659571992031],[-95.6157073647167,34.9655281991138],[-95.6157343650401,34.9651151988768],[-95.6160133653753,34.9649351986235],[-95.6161803650278,34.9649611989199],[-95.6165143652436,34.9651751989192],[-95.6166543654591,34.9654331982671],[-95.6169503657059,34.9655711983468],[-95.6169603652707,34.9655761985778],[-95.6172933654217,34.96553019913],[-95.6179053659076,34.9653011983905],[-95.6184053657124,34.9653001983202],[-95.618655365623,34.9654151982366],[-95.6186003657948,34.9657581988313],[-95.6188793661541,34.9659181990311],[-95.6191023657103,34.9660101987832],[-95.6194633662588,34.9659411982692],[-95.619602366408,34.9659181989963],[-95.6201303666119,34.9659181989708],[-95.6208263665358,34.9662381984644],[-95.6219103664485,34.9663061988625],[-95.6222723670547,34.9663971985617],[-95.6225223669653,34.9665111984317],[-95.6227443673678,34.966511198421],[-95.6235513670156,34.9664421987848],[-95.6237733674345,34.9666711985847],[-95.6238853672471,34.9668771982243],[-95.6239253673184,34.967087198952],[-95.6241913670649,34.9671061989195],[-95.624524367231,34.9672741985878],[-95.6247193672688,34.9671051988478],[-95.6249113680657,34.9669221984597],[-95.6252703676118,34.9667071983806],[-95.6255623676593,34.9666511984718],[-95.6256453678933,34.966400198538],[-95.6258823680709,34.9661021982193],[-95.6261333679954,34.9657591985144],[-95.626300367633,34.9655761981276],[-95.6268283678191,34.9653251981723],[-95.6281903680106,34.9650731981305],[-95.6295533691235,34.9644791975429],[-95.630054368965,34.964342197471],[-95.6303463690155,34.9643281977081],[-95.6314723690686,34.9642741978517],[-95.6328343692959,34.9645261977622],[-95.6332513697419,34.9644351980255],[-95.6338073694164,34.9640231978093],[-95.6338073694098,34.9639311980463],[-95.6346973702104,34.9638861977186],[-95.6351143697667,34.9639321971303],[-95.6356703703747,34.9640011976002],[-95.6357343706417,34.9639581974049],[-95.635809370519,34.9639091978306],[-95.6358093704913,34.9635201978068],[-95.6360043705347,34.9634291971815],[-95.6375593707373,34.9639381972903],[-95.6392293708242,34.9637041971677],[-95.6397853714128,34.9634991975421],[-95.6402863712412,34.9631781970452],[-95.6406193714035,34.9632931969576],[-95.6407303711617,34.9633851976144],[-95.6407303711861,34.9637281973071],[-95.6405083716991,34.9639571971284],[-95.6404303716916,34.9641311970943],[-95.6403963710197,34.9642081970637],[-95.6404803713325,34.964414197604],[-95.6415083713854,34.9650331974351],[-95.6422033721507,34.9651931976149],[-95.6424813724669,34.9653991972465],[-95.6425933722779,34.9655821976199],[-95.6429273724834,34.9656511972011],[-95.6455963730479,34.9656291969532],[-95.6460693733846,34.9654231972853],[-95.6466803729053,34.9649201973499],[-95.6468473734503,34.9648511968452],[-95.6469993733119,34.9649531970637],[-95.647014373114,34.9650341972159],[-95.6471533732762,34.9651951974688],[-95.6471253728836,34.9652861971867],[-95.6471813736868,34.9653551967814],[-95.6475143738393,34.9653321974991],[-95.6477373733808,34.9652181976062],[-95.6487663734149,34.9649211972956],[-95.6503783743983,34.9645321971941],[-95.6504623737922,34.9644631966933],[-95.6511573745331,34.9642801971804],[-95.6511573745136,34.964006197085],[-95.6508233742951,34.963754197125],[-95.6508233742886,34.9636621964628],[-95.651491374649,34.9630901969273],[-95.6516023743876,34.9629071965431],[-95.6513803739378,34.9622431963883],[-95.6512413737512,34.9617401964891],[-95.6511583743271,34.9607331957355],[-95.6510473736664,34.9605951965462],[-95.6508523736133,34.9605491962245],[-95.6508253741566,34.960504195941],[-95.650463373552,34.9604351963611],[-95.6502133736398,34.9602971962792],[-95.65021337363,34.9601601962315],[-95.6503243733719,34.9600231961784],[-95.65090837347,34.9599541956536],[-95.6510193741258,34.9600231961449],[-95.6518533741264,34.9599551956543],[-95.6522153738121,34.9597491959919],[-95.6524373741951,34.9594741958395],[-95.6528273742735,34.9591771955598],[-95.6535223741248,34.9591311960945],[-95.6536333747725,34.959085195758],[-95.6539943744249,34.9590621955751],[-95.6543563750279,34.9591081958887],[-95.6551903750333,34.9591081958485],[-95.6555513746792,34.958994195949],[-95.656497375333,34.9583081956186],[-95.6568443752286,34.9581871953956],[-95.656902375219,34.9581691954588],[-95.6574933756329,34.9579771955341],[-95.6584353752291,34.9576731949037],[-95.6598193764118,34.9570131948567],[-95.6601413760325,34.9566861949899],[-95.66045837631,34.9562071952805],[-95.6609603762183,34.9563591950992],[-95.6609843764324,34.9563651944765],[-95.6609203761753,34.9565461947658],[-95.6608373759284,34.9566151952664],[-95.6607543765906,34.9568211949154],[-95.6607533765735,34.9572331951049],[-95.661031375992,34.957462194902],[-95.6613373766992,34.9575531955032],[-95.6616153761259,34.9578971952288],[-95.6618643768878,34.9579881949334],[-95.6628093766545,34.9581261949818],[-95.6630873769658,34.9582631950161],[-95.6631153773748,34.9584001950625],[-95.6630043767287,34.9584691955644],[-95.6619753766817,34.9585831954962],[-95.661586376653,34.9589271952539],[-95.6612523764508,34.9589041951045],[-95.6608913767772,34.9586291949802],[-95.6605573765783,34.9586521951619],[-95.660417376399,34.9589031950985],[-95.6599723765592,34.9604831954271],[-95.6595833765467,34.9610551958484],[-95.6594993763088,34.9619021963967],[-95.6593323766957,34.9624281964763],[-95.6591383758027,34.9625651965333],[-95.6589983765032,34.9625421963746],[-95.658747375634,34.9622451961257],[-95.6582193763294,34.9622451961511],[-95.657385375441,34.9624731959556],[-95.6568073756218,34.9625521960439],[-95.6563983755446,34.9626091960046],[-95.6553833752492,34.9627481961938],[-95.6549943752025,34.9628391968285],[-95.654549375278,34.9632281968738],[-95.6545323753953,34.9633171964986],[-95.6544953754929,34.963525196238],[-95.6545793748982,34.9636161968499],[-95.6546073753136,34.9638451966591],[-95.6548313749275,34.9640951965318],[-95.6553323756779,34.9640941964614],[-95.6572683755222,34.9640351963344],[-95.6575903760712,34.9641141963791],[-95.6577003757845,34.964228196256],[-95.6571683754278,34.9646881968947],[-95.6571953758068,34.9650551967979],[-95.6573593762323,34.9652621964813],[-95.6573583762022,34.9654911971913],[-95.6570793758592,34.9655601968021],[-95.6566613753492,34.9654021967016],[-95.6564113754469,34.96540319676],[-95.6563003756872,34.9652891968832],[-95.655549375018,34.9650601971088],[-95.6543823748665,34.9651741970472],[-95.6541043754757,34.9653341972738],[-95.6541033754668,34.9658601973454],[-95.6541873748802,34.9660661969863],[-95.6537973748377,34.9668671972184],[-95.6533243754409,34.9676441972425],[-95.6530183747663,34.9680111971618],[-95.6528513751255,34.9681481972176],[-95.6526013752296,34.9682391978455],[-95.6519063744838,34.9683541978075],[-95.6517113744536,34.9686281979123],[-95.6513783743124,34.9688111974078],[-95.6509883742113,34.9687891973074],[-95.650182374597,34.9686751974641],[-95.6491533736424,34.9686741974674],[-95.6481523739994,34.9688571978945],[-95.6475683739176,34.9691551982299],[-95.6472073734017,34.9696811983188],[-95.6470953736216,34.9699331983003],[-95.6468723732492,34.9710081986196],[-95.6465113736294,34.9714881983775],[-95.6465393731422,34.9716711987549],[-95.6466223734006,34.9717631985138],[-95.6470953737567,34.971831198042],[-95.6470943737267,34.9720601987519],[-95.6469003737429,34.972335198903],[-95.6469833740175,34.9726551984261],[-95.6469833740321,34.9728611989704],[-95.6467603736141,34.9732961984368],[-95.6467603736271,34.9734791988156],[-95.6465933739929,34.9737081986342],[-95.6454813736989,34.9738911990666],[-95.6448693732147,34.9741431990723],[-95.6440353732484,34.9746921993496],[-95.6438123728189,34.9749661994557],[-95.6438953730984,34.9753551994755],[-95.6439513729991,34.9753781996384],[-95.6440063728647,34.9755611991152],[-95.6438953731213,34.975676199049],[-95.6434503731609,34.975561199142],[-95.6432843726377,34.9752861990083],[-95.6432283726833,34.9745081989634],[-95.6429513724021,34.9741421991185],[-95.6425613722846,34.9738901991612],[-95.6417833721619,34.9736621994345],[-95.6413663726056,34.9736161991235],[-95.6400873717568,34.9737301990673],[-95.6395303720196,34.9739131994729],[-95.6378053712162,34.9746451992727],[-95.6376103711827,34.9748741990927],[-95.6374993714506,34.9751481991934],[-95.6374993714604,34.9752861992874],[-95.6377213718825,34.9755601993721],[-95.6377213719054,34.9758811998449],[-95.637693371511,34.9759491993973],[-95.6374703720152,34.9767042001894],[-95.6375253719395,34.977711200045],[-95.6376643721327,34.9783061997071],[-95.6374413717244,34.9788782001204],[-95.6369963718244,34.9796102007577],[-95.6363843713776,34.9803882008349],[-95.6354383716313,34.9811892010937],[-95.6350483715757,34.9818072009469],[-95.6348263712057,34.9822652005787],[-95.6348533715716,34.9824482009562],[-95.6349373709769,34.9825392006687],[-95.6355483714506,34.9827912006154],[-95.6356043713594,34.9829292007067],[-95.6355203719997,34.9834782009478],[-95.6359653719813,34.9838902011156],[-95.6362163719268,34.9838442007724],[-95.6362433713281,34.9831122010546],[-95.6371353721757,34.9824262007268],[-95.6373023717921,34.9819452009321],[-95.6374693723356,34.9818542003081],[-95.6376353719463,34.981945200916],[-95.6377193722575,34.9821282003915],[-95.6377463717567,34.9827692012894],[-95.637996372578,34.9830442005197],[-95.6383303718793,34.9830442005036],[-95.6384413725253,34.9829752009009],[-95.6384973724146,34.9828382008505],[-95.6389143719366,34.9824032004754],[-95.6391653727978,34.9825872008884],[-95.6392483721584,34.9827012007666],[-95.6394153727197,34.9828612009717],[-95.6394153727279,34.9829762009001],[-95.6394983729846,34.9830442004472],[-95.6395813723632,34.9834112012471],[-95.6398043728333,34.9837082005979],[-95.6402213724223,34.9842122014293],[-95.6405543725945,34.9844642013893],[-95.6415273736728,34.9847852009158],[-95.6428903739857,34.9855862010632],[-95.6432513736643,34.9859302007847],[-95.6433903738346,34.9862042008734],[-95.6435573735195,34.9866852015513],[-95.6437793739498,34.9870742015644],[-95.6438343738171,34.9872802012068],[-95.6440293738914,34.9876242018356],[-95.6440843737799,34.9881272017389],[-95.6443903745622,34.9892722016763],[-95.6445013743237,34.9894092017186],[-95.644529374749,34.9897752015755],[-95.6443613741983,34.9904162015834],[-95.644361374226,34.9908052016072],[-95.644584374706,34.9912402019514],[-95.6448623741328,34.9915842025762],[-95.6451953743,34.9917672020396],[-95.6455853744077,34.9918812019029],[-95.646113374615,34.9919272022085],[-95.6473373756161,34.9918822018646],[-95.6478653758103,34.9917452017914],[-95.6482273754944,34.9915162019634],[-95.6485613756737,34.99121820164],[-95.6488393759623,34.9910352021472],[-95.6490343759942,34.990784202208],[-95.6492283759959,34.990761202033],[-95.6494513755586,34.9909442015017],[-95.6496453755833,34.9912422017996],[-95.6498963755418,34.9913792018351],[-95.6502573761034,34.9914942017461],[-95.650201376224,34.9917682018442],[-95.6494233761224,34.9918372023784],[-95.6492003756833,34.9919742024368],[-95.6490893759431,34.9921342017561],[-95.6486163756178,34.9925002025365],[-95.6481433752811,34.9927062022043],[-95.6479683752721,34.9928822022675],[-95.6476423754658,34.9932092021344],[-95.6472803757784,34.9933922025306],[-95.6460293753174,34.99334620226],[-95.6450553751344,34.9936212024487],[-95.6447493744434,34.9937582025111],[-95.6445553744596,34.9940332026621],[-95.6441093745361,34.9950852028266],[-95.6438593746647,34.9955202031935],[-95.6434133746889,34.9958402027422],[-95.6417723742605,34.997648203792],[-95.6413263743304,34.9986092033405],[-95.6411593737935,34.9987922037274],[-95.64102037456,34.9990442037102],[-95.6409923741854,34.9993872034042],[-95.641381374256,34.9996322039368],[-95.6417713743597,34.9996892038589],[-95.641993374768,34.9997692039548],[-95.6419933747917,35.0001022040838],[-95.6372743735867,35.0001022043118],[-95.6361503727232,35.0001022043661],[-95.6279183704825,35.0001022047637],[-95.628057370598,34.9996072043222],[-95.6280303710943,34.9989022040584],[-95.6279193704171,34.9985362042056],[-95.6278643705221,34.9979412045394],[-95.6280313710443,34.9975522045076],[-95.6280593705132,34.9971172041513],[-95.6276973707931,34.9968422040271],[-95.627614370525,34.9966132042206],[-95.6275863701078,34.9963612042458],[-95.6278653704216,34.9958812035926],[-95.6282543704503,34.9955372038349],[-95.6285333707689,34.9951262036784],[-95.6286723708561,34.9942332036956],[-95.6288123701326,34.9939352033817],[-95.6290903704196,34.9937302028702],[-95.6293683707114,34.9935922036621],[-95.6297583707865,34.9932492030513],[-95.6299533708102,34.9928832031836],[-95.6298423710293,34.9924712029997],[-95.629703370867,34.9923112027931],[-95.6296193705509,34.9920592028211],[-95.629731370344,34.9919902032183],[-95.630398370694,34.9919222027357],[-95.630565371239,34.9918532031304],[-95.6310663710887,34.9918312029869],[-95.6316503712129,34.9921282032196],[-95.6322893711686,34.9921292032351],[-95.6341543722018,34.9918552030497],[-95.6358533718437,34.9917432022788],[-95.6359043724099,34.9917402030368],[-95.6359343719781,34.9913982024896],[-95.6359343719552,34.9910772029162],[-95.6352393720483,34.9903442022876],[-95.6350453720254,34.9900702022016],[-95.6349893721084,34.9898182022282],[-95.634906371837,34.9895432020906],[-95.6348783714248,34.9893602026125],[-95.6346003719932,34.9889482024365],[-95.6342103718659,34.9885592024315],[-95.6339043711585,34.9884672017841],[-95.633682371665,34.9886042018425],[-95.6338213718714,34.9893832019297],[-95.6337373715846,34.989543202147],[-95.6328753711881,34.9896572020707],[-95.632430371249,34.989840202471],[-95.6317343713544,34.9899312022212],[-95.6317073709919,34.9897942021748],[-95.6320413711695,34.9894732025852],[-95.6322913710508,34.9891762023123],[-95.6325423709523,34.9885122021347],[-95.6326353707562,34.9883392022144],[-95.6326533715886,34.9883062024843],[-95.632962371511,34.9880522024007],[-95.6331263710129,34.9879172024377],[-95.633154371386,34.9875512016788],[-95.633043371618,34.9873222018736],[-95.6330263708176,34.9871522020975],[-95.6330153711978,34.987025201614],[-95.6331553713753,34.9867502014655],[-95.6331823708157,34.9865672019848],[-95.6329883707895,34.9862472015677],[-95.6323213712752,34.9854222020742],[-95.6318213705482,34.9851022016718],[-95.6311533701291,34.984850201728],[-95.6300413698269,34.9849182013327],[-95.6294573697386,34.9851242019052],[-95.6284833695555,34.9853982020475],[-95.6273433697778,34.9858092022457],[-95.626480369353,34.9861752021456],[-95.6252703690605,34.9870542024312],[-95.6243193690829,34.9878652022539],[-95.6234023688599,34.9883462029841],[-95.622902369091,34.9888502029605],[-95.622735368554,34.989033202448],[-95.622457368272,34.9893082026031],[-95.6223743689456,34.9896742024654],[-95.6223463685677,34.989972202774],[-95.6223193682377,34.9902922032017],[-95.6222643684765,34.9915742032042],[-95.621986369097,34.9918942036442],[-95.6216533689608,34.9921462036363],[-95.6213753686608,34.9921692038153],[-95.6214303684792,34.9916892031729],[-95.6217073686904,34.9910712033252],[-95.6217343680345,34.9895372024486],[-95.6214833680547,34.9891022030051],[-95.6212333681475,34.9890342025668],[-95.6203993681419,34.9890342026071],[-95.6200093680522,34.9891722027199],[-95.6195093682767,34.9895842029334],[-95.6189543677785,34.9904082033389],[-95.6185923681107,34.9908662029775],[-95.617758367237,34.991302203419],[-95.6173133672913,34.991393203157],[-95.6170633674117,34.9917142036419],[-95.6169523676764,34.9919432034578],[-95.6159103670724,34.992704203668],[-95.6155613670742,34.9926852037044],[-95.6158963672862,34.9921952034849],[-95.6167853670791,34.9912792033004],[-95.6175083673003,34.9908212036443],[-95.6177303676865,34.9905922029238],[-95.6177573671123,34.9902032028986],[-95.6173963674419,34.9899742031055],[-95.6173963674273,34.9897682034604],[-95.6178963671995,34.9893102029158],[-95.6179513670228,34.9888982027239],[-95.6180623676574,34.9886692029079],[-95.6180903671295,34.9882802028827],[-95.6177283674111,34.9880282029241],[-95.6176173676481,34.9878682027162],[-95.6175893672326,34.987639202907],[-95.6180893670277,34.9875022028352],[-95.6183953677089,34.9872272026787],[-95.6183663672062,34.9864262024669],[-95.6184503674832,34.9861292022019],[-95.6185893676227,34.985969201982],[-95.6193673677209,34.9858532019697],[-95.6195623677609,34.9857162019126],[-95.6198123676259,34.9851902018291],[-95.6198113675616,34.984938201853],[-95.6197283673049,34.9848702023059],[-95.6192553678643,34.985030202542],[-95.6188943672978,34.9848472021806],[-95.6185323676121,34.9850542018894],[-95.618366367128,34.9853282019928],[-95.6180883668346,34.9854432019346],[-95.6180593672085,34.9843212021494],[-95.6179753668957,34.9841152025084],[-95.6178923666406,34.9840702022276],[-95.6175573672033,34.9828112015101],[-95.617557367174,34.9823992022201],[-95.6176403665134,34.9822162018373],[-95.6182243665723,34.9815972019284],[-95.6182513668943,34.9811632016185],[-95.6181403671295,34.9809792011987],[-95.6179453670765,34.9809342018227],[-95.6174453664049,34.9813922014679],[-95.6174203670444,34.9813952016081],[-95.6170283668567,34.9814612019847],[-95.6166113664207,34.9816902018154],[-95.6163333661256,34.9817822015917],[-95.6167213660493,34.9806142014552],[-95.6171383664772,34.9802702016961],[-95.6172493662142,34.9800642011464],[-95.6175833663936,34.9797672008693],[-95.6175543667969,34.9790572012734],[-95.6177773663335,34.9788742008839],[-95.6181943667859,34.9788742008638],[-95.6183893668487,34.9790572012331],[-95.6186953666485,34.9790342010528],[-95.6186663670778,34.9786902013152],[-95.6183603663542,34.9783702009034],[-95.6181103664225,34.9779582007261],[-95.6180823669031,34.9776842006321],[-95.6181373667476,34.977569200701],[-95.6183043663966,34.9775462005274],[-95.6185823667128,34.9777522010584],[-95.6187773668001,34.9782782011205],[-95.619111367017,34.978507200915],[-95.6196403672772,34.9786442009371],[-95.620085367231,34.9786672010812],[-95.6206963676494,34.9781402009339],[-95.6206963676167,34.9776822004134],[-95.6203623673868,34.9772702011395],[-95.6200833670242,34.9770642006085],[-95.6194163666564,34.9768822003083],[-95.619138367246,34.9767672003932],[-95.6191653666896,34.9766302003442],[-95.6192773664795,34.9765162004567],[-95.6200553674788,34.9764242006563],[-95.6204163671165,34.9761952008283],[-95.6204443675059,34.9760572007329],[-95.6201663671962,34.9759432008642],[-95.6196653673189,34.9755772001307],[-95.6196653672912,34.9751882001069],[-95.6198873667879,34.9750962003333],[-95.6209443672488,34.9751871999989],[-95.6210553669923,34.9750732001115],[-95.6210833673785,34.9748902006306],[-95.620693367256,34.9745692001767],[-95.6206103669928,34.9744091999674],[-95.6207213667396,34.9743402003647],[-95.6214163674903,34.9742942],[-95.6215553676361,34.974225200396],[-95.6216103674546,34.9737451997536],[-95.6214153673478,34.9729441995498],[-95.6214983675866,34.9727612000664],[-95.6215253669976,34.9721651994505],[-95.6213303669316,34.9719371996956],[-95.621144367282,34.9716951992921],[-95.6208943673828,34.9717421996816],[-95.620251366414,34.9727481995246],[-95.6197473664604,34.973265200103],[-95.6194413666639,34.9733341997152],[-95.6194133662435,34.9730362003085],[-95.6222743673738,34.9695791992953],[-95.6234413674422,34.9682961991927],[-95.6234413674129,34.9678841990033],[-95.623332367749,34.9678131984193],[-95.6231663672396,34.9677321991737],[-95.6227223673371,34.9677791986732],[-95.6224443670502,34.967985199231],[-95.6214433665829,34.9692231990407],[-95.6209983666633,34.9696821996289],[-95.619804366252,34.9711041998731],[-95.619443366624,34.9714701997488],[-95.619191366637,34.9715851996894],[-95.6188583664682,34.9713802001067],[-95.6180793662926,34.9710611997641],[-95.6179123657312,34.9709001995126],[-95.6167433654447,34.9704211998747],[-95.615547365721,34.9701712000489],[-95.6151843650717,34.9701271998279],[-95.6148793653199,34.9701731992743],[-95.6146563648856,34.9703791998295],[-95.6146293654402,34.9704931997129],[-95.6143233647444,34.9705631993713],[-95.6139063651833,34.9704491995093],[-95.6130993646346,34.9704961999256],[-95.6121823643676,34.9703591999221],[-95.6106513644214,34.9704531998514],[-95.6101793641293,34.970636200253],[-95.6098183635939,34.9708892002928],[-95.6094943638611,34.9709452002032],[-95.6092893642494,34.9709812000812],[-95.608427363822,34.9706611996963],[-95.6067873633043,34.9705702000587],[-95.6063973631999,34.9705022005264],[-95.6055633631488,34.9698611996673],[-95.6052843627797,34.9695642003191],[-95.6048953627085,34.9693122003617],[-95.6032273617966,34.9692902003229],[-95.6028093621646,34.9688321998225],[-95.6026983623983,34.9686262001828],[-95.6040053627503,34.9685571996231],[-95.6041993627456,34.9684431997317],[-95.604311362529,34.9682372000812],[-95.6043383619564,34.9678702001753],[-95.6042823620476,34.9677332001303],[-95.6040043626274,34.9674811992682],[-95.6040043626144,34.9672981997888],[-95.6041713622537,34.9671381995674],[-95.6040873619327,34.9668181991449],[-95.6038923618617,34.9665201997464],[-95.6035313621848,34.9662001993373],[-95.6033643616333,34.9661771991798],[-95.6029473620915,34.9663371994131],[-95.6026693617916,34.9663601995921],[-95.6023353615829,34.966246199726],[-95.6011683614297,34.9663381995452],[-95.6009733613879,34.9664521994367],[-95.6009453610083,34.9667271995797],[-95.6008343612632,34.966819199348],[-95.6006123617648,34.9668871998091],[-95.6003063610445,34.9666131997284],[-95.6000283607396,34.9665671994107],[-95.5999173609913,34.9666131997471],[-95.5993053613998,34.9667742000362],[-95.5989443608692,34.9670941995808],[-95.5989163604846,34.9673002001265],[-95.5988053607526,34.9675752002736],[-95.597999361169,34.9678961998859],[-95.5977763607054,34.9676902002516],[-95.5977763606908,34.9674841997072],[-95.5977203607852,34.9673921999471],[-95.5976653609244,34.9672782000675],[-95.5974143609642,34.9671171998201],[-95.5964693602979,34.9669801998179],[-95.5957743604465,34.9670262001825],[-95.5956913601866,34.9669122003043],[-95.5955793603528,34.9664091995044],[-95.5954123597914,34.9662482001522],[-95.5949953602302,34.9661342002902],[-95.5947163598822,34.9661342003036],[-95.5941323598117,34.966592199953],[-95.5932983598095,34.9666382003243],[-95.5926033590619,34.9667302001206],[-95.5924923593038,34.9666382003631],[-95.5925753595409,34.9664321998147],[-95.5929643595714,34.9661122002688],[-95.5940493594932,34.9656541996959],[-95.5947163598367,34.9654931994042],[-95.5963573603942,34.9654931993252],[-95.5967463604539,34.9655841999223],[-95.5973303605765,34.9658592000359],[-95.5982483608981,34.9661101999215],[-95.5987213603519,34.9661332000643],[-95.599722360891,34.9659041993061],[-95.601890361559,34.9652391989898],[-95.6021963613392,34.9649411995671],[-95.6022513611821,34.9648041995167],[-95.6028073617625,34.9644831990172],[-95.6035303620098,34.9643911992194],[-95.6038363617983,34.9642081988258],[-95.6039743618881,34.9640021991741],[-95.604030361748,34.9634531989343],[-95.6039743618474,34.9634301987714],[-95.604001362127,34.9624001987463],[-95.6038063620235,34.9616451988734],[-95.6037223616163,34.960111198002],[-95.6037493619137,34.9593331979529],[-95.6036593611446,34.9566211974001],[-95.603647361463,34.9562771976616],[-95.6036363609293,34.9559451975793],[-95.6031913609169,34.9550991971026],[-95.6030243612533,34.9549161976311],[-95.6030523607433,34.9547781975358],[-95.6037193610916,34.9546861977408],[-95.6043303615247,34.9543661972848],[-95.6043863614123,34.9542051970226],[-95.6046083617986,34.9539761972012],[-95.6047193615324,34.953725197266],[-95.6046913610991,34.9532441974806],[-95.6049133614854,34.95301519676],[-95.6048573615409,34.9523741967626],[-95.6049133614301,34.9522371967122],[-95.6050523615696,34.9520771964922],[-95.6054973615169,34.9520081968735],[-95.6056083612653,34.951962196537],[-95.605830361637,34.9515271970706],[-95.6058023611826,34.9507491961249],[-95.6056623618571,34.9503601961077],[-95.605635361488,34.9501311962984],[-95.6054683618195,34.9498791963303],[-95.6050503612996,34.9495821960894],[-95.603938360986,34.9494901963801],[-95.6031603608536,34.9491251966055],[-95.6023543603496,34.9491481968099],[-95.6022703609555,34.949216196365],[-95.6015203603425,34.9491251966844],[-95.6006303604331,34.9490571962769],[-95.5997673599642,34.9488051963423],[-95.5994893596626,34.9488051963557],[-95.5992113593529,34.9486911964869],[-95.5989333599538,34.9487371968314],[-95.598322359537,34.9492861961986],[-95.5980723596346,34.949287196257],[-95.5979883593072,34.9488751969709],[-95.5978223596915,34.9487141967193],[-95.5974323595854,34.9486231961222],[-95.5969603592788,34.9486001968787],[-95.5965433588133,34.9484171965199],[-95.5960423589702,34.9485321964725],[-95.5955143587711,34.9486011969946],[-95.595431358516,34.9485551966675],[-95.5952643588638,34.94853219651],[-95.5948193588872,34.9481891968386],[-95.5945413585806,34.9481201963553],[-95.594041357878,34.9481431965449],[-95.5937073585914,34.9483491971054],[-95.5933463580429,34.9484181967201],[-95.5924843576138,34.9480751970688],[-95.5906223575864,34.9478931968259],[-95.5873413565192,34.9479161971493],[-95.5870913566087,34.9478021972792],[-95.5863413559988,34.9477561969842],[-95.5855903562256,34.9474821969249],[-95.5846733559633,34.9474131973717],[-95.5837283553068,34.9474131974172],[-95.5833663555983,34.9472991966531],[-95.5825603550991,34.9473911973542],[-95.5824773548424,34.9473221968615],[-95.5818653552314,34.9472081970088],[-95.5806983550716,34.9472081970649],[-95.5801143549522,34.9469791972824],[-95.5798363546506,34.9469791972958],[-95.5795583543458,34.9469341970243],[-95.5792523545297,34.946728197394],[-95.5791413547618,34.9464991966894],[-95.5782233544191,34.9459501973957],[-95.5780563538545,34.9457441968593],[-95.5780843542471,34.945652197095],[-95.577945354085,34.9454921968884],[-95.5774993540831,34.9454461965788],[-95.5773603539258,34.9453551968688],[-95.5773053540374,34.9448511969191],[-95.5771383534744,34.9446681965483],[-95.5769433534197,34.9445991969603],[-95.576332353868,34.9446681965871],[-95.5762213532106,34.9445771968758],[-95.5761373537874,34.9442331971407],[-95.5759703532244,34.9440501967699],[-95.5755263533104,34.9439361969091],[-95.5753033528516,34.9437981968258],[-95.5753033528386,34.943615196447],[-95.5746913532032,34.9431581969014],[-95.5731633524607,34.9427461967854],[-95.5728293522585,34.942723196636],[-95.5723843523159,34.9428601967051],[-95.5721903523222,34.9429981968085],[-95.5720233527073,34.9435011967226],[-95.5715233520339,34.9439361971017],[-95.5716063523344,34.9446231974289],[-95.5713563524336,34.9446461967072],[-95.5709953518558,34.9443031970318],[-95.5708833520399,34.944051197061],[-95.5704943519737,34.9438681967008],[-95.5691883516663,34.9439141970948],[-95.5685763511542,34.9437761970302],[-95.5680763513558,34.9438681968172],[-95.5668813507952,34.9438451967091],[-95.5665473506075,34.944028197104],[-95.5661303510609,34.9441201968869],[-95.5657973509001,34.9440281971401],[-95.5656023508503,34.9440281971495],[-95.5654913502075,34.9441431970832],[-95.5651023501606,34.9442341977179],[-95.5649913504042,34.9441661972728],[-95.5648793505947,34.9440051970187],[-95.5649633508669,34.9436391971562],[-95.5661303510203,34.9435481973835],[-95.5664363508185,34.9435021970377],[-95.566436350799,34.9432271968959],[-95.5668533512466,34.9431581972785],[-95.5672143509088,34.9432731971896],[-95.5678543509142,34.9433191965906],[-95.5687433516652,34.9432271967849],[-95.5692713518791,34.9433641968073],[-95.5699943521379,34.9434331972691],[-95.5709673522943,34.9434331972223],[-95.5713843518344,34.9432501968234],[-95.5715503523218,34.9430211970048],[-95.571662352076,34.9424031962655],[-95.5723293524065,34.9420591964943],[-95.5736353527139,34.9420131961004],[-95.5746083528832,34.9421961964324],[-95.5755253531422,34.9422191965539],[-95.5763313536998,34.9429511962318],[-95.5766653530157,34.9431571967602],[-95.57752735344,34.9434321968605],[-95.5778053537562,34.9436381964922],[-95.5779993537661,34.9437291961994],[-95.5782773540694,34.9437521963516],[-95.5784733541623,34.9437061969104],[-95.5796133539661,34.9436601965245],[-95.5799183546059,34.9434541968647],[-95.5801133546541,34.9434311966898],[-95.5804193544685,34.9436141961545],[-95.580863354389,34.9438201966776],[-95.5816703549428,34.9438431968043],[-95.5822533550206,34.9441411961842],[-95.5826703554795,34.9442321967801],[-95.5833653553375,34.9442781961784],[-95.5839213550122,34.9438661959622],[-95.585005355808,34.9437051965498],[-95.5866453563192,34.9437051964709],[-95.587701356716,34.9435441961605],[-95.5887853565947,34.9431321959189],[-95.5890913563832,34.9429491955253],[-95.5891183566921,34.9423311956894],[-95.5890353564371,34.9422851953623],[-95.5890353564305,34.9421931955994],[-95.5889243566675,34.9420331953915],[-95.5889513561145,34.9419421956736],[-95.5888963562587,34.9418961953451],[-95.5888123568484,34.9417361960352],[-95.5888963562408,34.9416441953689],[-95.5891183566417,34.941621196092],[-95.5895913570191,34.9419871959276],[-95.5898133565224,34.9419871959169],[-95.5899243571636,34.9418501958638],[-95.5905913566094,34.9417121957377],[-95.5909803566302,34.9412541951984],[-95.5912583569302,34.9412321950657],[-95.5915093569017,34.9415521954803],[-95.59187035746,34.9416201959133],[-95.5925373577954,34.9413461957857],[-95.5927873576783,34.941071195632],[-95.5927873576361,34.9404761950636],[-95.5927313577176,34.9402011949246],[-95.592564357153,34.9399951952875],[-95.5925363576385,34.9397891947445],[-95.5923423576172,34.9395371947776],[-95.5920083573988,34.9392861948638],[-95.5915353570377,34.9391491948388],[-95.5911183565852,34.9391491948589],[-95.5904793566474,34.9394011948659],[-95.5898683562289,34.9399271949669],[-95.5895623564339,34.9400191956438],[-95.5894793561789,34.9399731953167],[-95.5894793561675,34.9398131951034],[-95.5900903565666,34.9390121948606],[-95.5903123569561,34.9388281953241],[-95.5908133568009,34.9387371946841],[-95.591063356692,34.9385761953118],[-95.5910623566245,34.9382791950509],[-95.5907573568548,34.9380731945211],[-95.5893113563276,34.9377991953945],[-95.5880053559845,34.9373411949368],[-95.5873653559549,34.9369521949436],[-95.5863093555338,34.9367691946155],[-95.5854203556789,34.9368151949895],[-95.5844193551104,34.9366321946588],[-95.5834743544426,34.9364721953902],[-95.5827793545668,34.9361751951626],[-95.5814453538376,34.9359011951313],[-95.5810283542828,34.9358781949859],[-95.5807493539429,34.9359921948814],[-95.5805553539606,34.9362901951981],[-95.5802493541851,34.9366561950712],[-95.5800543541353,34.9366561950805],[-95.5801103539856,34.9359691947466],[-95.5800263536761,34.9358091954367],[-95.5799713537829,34.9352371950365],[-95.5801933541822,34.9351911946947],[-95.5803323534256,34.9350771948059],[-95.5808603536248,34.9350081951831],[-95.5810273541699,34.9349391946784],[-95.5810273541602,34.9348021946307],[-95.5798873534003,34.9340471948032],[-95.5796093539964,34.934024194651],[-95.5794983533519,34.934115194373],[-95.5794423534676,34.9343221949663],[-95.5795263537722,34.934413194679],[-95.5796093540466,34.9347331951016],[-95.5794983534006,34.9348021947042],[-95.5784703534046,34.9349851951325],[-95.5777753535532,34.9350311945977],[-95.5774143529819,34.9347801946852],[-95.5773583530634,34.9345051945461],[-95.577525352714,34.9345051945381],[-95.5779693535339,34.9347111950611],[-95.5783863530886,34.9347341952066],[-95.5784423529778,34.9345961951099],[-95.5775523530343,34.9340471949155],[-95.5775253526669,34.9338411943724],[-95.5776913531641,34.9337501946478],[-95.5784973536843,34.9339551951072],[-95.5788593533848,34.9339551950897],[-95.5789983535243,34.9337951948698],[-95.5789143532115,34.9335891943294],[-95.5782473528339,34.9332691948342],[-95.5774413532162,34.9331091946597],[-95.5768303527635,34.9331551950202],[-95.5757463528766,34.933452194434],[-95.5748563520825,34.9335901945708],[-95.5747733518372,34.9336811951908],[-95.5733563517782,34.9337271946907],[-95.5727163517729,34.9336821953359],[-95.572411352008,34.9335441952566],[-95.5714383518451,34.9334531946874],[-95.570326351538,34.9334531947409],[-95.5702153508934,34.9335441953622],[-95.5688813510846,34.9335671955918],[-95.5682423502231,34.9334761950067],[-95.5677693507775,34.9335681947923],[-95.5674913504953,34.9338421949012],[-95.5674913505001,34.9339111953978],[-95.5674363506524,34.9339801949978],[-95.5672693501056,34.9340251952907],[-95.5671023504566,34.9340481954642],[-95.5663243503176,34.9335911950273],[-95.5659903501089,34.9334761951149],[-95.5642393497988,34.9328121950333],[-95.5642123494395,34.932721195318],[-95.5629333494492,34.9322631948589],[-95.5627383493832,34.9320341950576],[-95.5627663488376,34.9313931950561],[-95.5625993491756,34.9312331948508],[-95.5621273488575,34.931050195394],[-95.5621273488462,34.9308901951806],[-95.5623223488895,34.9307981945091],[-95.5623773487487,34.9308901951686],[-95.5627943492075,34.9309811948652],[-95.56343334916,34.9309351945034],[-95.5636563496042,34.9308671949416],[-95.564128348984,34.9305011950605],[-95.564767349818,34.9302031947225],[-95.565240349249,34.9299051943924],[-95.5653793493706,34.9294931941962],[-95.567463349783,34.9294251945449],[-95.5682973506846,34.9293791941737],[-95.568436349928,34.9292641942386],[-95.5684633502744,34.9291731945207],[-95.5683523505178,34.9291041940293],[-95.5666573501474,34.9290131943942],[-95.5654063496877,34.9289901942887],[-95.5651563497804,34.9289211947034],[-95.5649063489673,34.9287611945021],[-95.5649063489591,34.9286461945736],[-95.5649893491963,34.9284401940252],[-95.5653783492399,34.9283031939588],[-95.5653783492173,34.9279831944315],[-95.5651563497009,34.927799194017],[-95.5647953491361,34.9276391938211],[-95.5645993490295,34.9274911941728],[-95.5644343494626,34.9273651946422],[-95.5643503491547,34.9272271945522],[-95.56379434854,34.9270671943656],[-95.5632663492094,34.9267011945326],[-95.5627943489042,34.9267011945553],[-95.5624603486939,34.9265641945236],[-95.5619603488971,34.9266781944298],[-95.5612933485487,34.9267701942248],[-95.560848348585,34.9266091939866],[-95.5607933478265,34.9265181942726],[-95.5608483485736,34.9264491946726],[-95.56118234787,34.9263801941599],[-95.5616543481606,34.926174194492],[-95.562433348307,34.9260831938387],[-95.5630723491621,34.926083193808],[-95.5636833487235,34.926151194229],[-95.5644333493433,34.9263351937188],[-95.5648503488979,34.926357193818],[-95.5649613495457,34.9263121944272],[-95.5652393489464,34.9262891942483],[-95.565406349519,34.9266091937675],[-95.5654623494571,34.9271591940484],[-95.5656013496176,34.9272961940894],[-95.5660733499372,34.9275021946112],[-95.5660183491983,34.9276851940934],[-95.5658793499533,34.927777193863],[-95.5658793499662,34.9279601942418],[-95.5662123492325,34.9281201944392],[-95.5667963502382,34.9281661938429],[-95.5671573499004,34.9282801946071],[-95.5676023498592,34.9283721943485],[-95.5686583502592,34.9282571943693],[-95.5688803506522,34.9281201943109],[-95.5689083501391,34.9279371939307],[-95.5686863506195,34.9277081941307],[-95.5685743499189,34.927662193805],[-95.5684913505583,34.9275481939268],[-95.5680743500945,34.9273871936873],[-95.5679353499356,34.9272731938117],[-95.5679353499226,34.9270901943322],[-95.5679633503104,34.9269291940713],[-95.5680743500523,34.9267911939719],[-95.5680463496417,34.9266301937136],[-95.5679633502795,34.9264931936698],[-95.5674353500704,34.9264221940053],[-95.5671013498518,34.9261691939988],[-95.5671013498388,34.9259851935737],[-95.5679073503476,34.9260291937734],[-95.5681853497595,34.9261651937615],[-95.5684353496831,34.9264621940106],[-95.569242350222,34.9262771935003],[-95.5695763504371,34.9264811939361],[-95.5695483500493,34.9266411941507],[-95.5694373503106,34.9268231935893],[-95.569465350721,34.9269831938012],[-95.5696593507326,34.9270971936741],[-95.5700483507857,34.9270951935628],[-95.5703263510596,34.9267041934329],[-95.5706873506601,34.9259471934406],[-95.5707983503922,34.9256711932471],[-95.571104351075,34.9254171931637],[-95.5711373507976,34.9252881934847],[-95.5711863503601,34.9251211938443],[-95.5710203507413,34.9249151933078],[-95.5710473510778,34.9246861934959],[-95.5712703506064,34.9243881931778],[-95.571353350842,34.9241601934095],[-95.5712423510773,34.9239761929896],[-95.5706863504936,34.9242511931581],[-95.570408350192,34.9242511931715],[-95.5695743501605,34.9238851933532],[-95.5695743501475,34.9237021929743],[-95.5697413506942,34.9236561935345],[-95.5704083501644,34.9238621931475],[-95.5706303505686,34.9238851933025],[-95.5707143508652,34.9238621931328],[-95.5707143508522,34.9236791936533],[-95.5705473502942,34.9235651928798],[-95.5705193507813,34.9233811933553],[-95.5706303505265,34.923290192734],[-95.5706303505054,34.922992193326],[-95.5705753506334,34.9227181932332],[-95.5706863503834,34.9226951930622],[-95.5709083507908,34.922763193502],[-95.5712703505091,34.9230151934608],[-95.5714643505158,34.9230611928833],[-95.5716033506601,34.9229691931137],[-95.5717423507979,34.9227861927282],[-95.572075350936,34.9225571929015],[-95.5721863506844,34.922511192565],[-95.5722703509891,34.9226031932232],[-95.5721873507583,34.9229011926352],[-95.5720753509684,34.9230151934222],[-95.5719363508355,34.923267193405],[-95.5719093505037,34.9235641927681],[-95.5721593513071,34.9235871929216],[-95.572298350544,34.9233811932698],[-95.5725483513199,34.9230151933994],[-95.5727423513168,34.9229231927279],[-95.5728813514725,34.9229921932178],[-95.572937351391,34.9232671933569],[-95.573104351053,34.9234271926629],[-95.5737433510071,34.9234041933659],[-95.5740213512974,34.9232441931393],[-95.5740213512568,34.9226711926901],[-95.5739373509376,34.9223741924331],[-95.5738813508991,34.9204051921041],[-95.5737703511328,34.9201991924644],[-95.5736593513748,34.9201081927531],[-95.5735763511116,34.9199481925438],[-95.5731593506478,34.9197871923042],[-95.5704353502189,34.9196501923874],[-95.5699913503016,34.9194901921954],[-95.5686013496701,34.9191701927348],[-95.566378349107,34.9192391924391],[-95.5652673488543,34.9193531923746],[-95.5641833489398,34.9192621927101],[-95.5636273483479,34.91942219295],[-95.561848347689,34.9194681924673],[-95.5602643470848,34.9195821933249],[-95.5597363477525,34.9191931933263],[-95.5596803469445,34.9190561932812],[-95.5597363476731,34.9180711926398],[-95.5596253470027,34.9177971925497],[-95.5592913467826,34.9175221924239],[-95.5590973467565,34.9172021929059],[-95.5590133472944,34.9163091920342],[-95.5587353469814,34.9161491927335],[-95.5585133465918,34.9163321922238],[-95.5582913471257,34.9168581923062],[-95.5582633467314,34.9169271928042],[-95.5582073468437,34.9170871930202],[-95.5576803467297,34.9177051928802],[-95.5574023464492,34.9180031932009],[-95.5570133464089,34.9181861926991],[-95.556151346009,34.9182551932372],[-95.5557623459411,34.9180481926651],[-95.5555403464232,34.9178421930307],[-95.5553453463296,34.9172241932054],[-95.5544013457179,34.9172021931315],[-95.5542063456583,34.9170641930468],[-95.5540123456468,34.9169501931739],[-95.5532333455002,34.917041192928],[-95.5529003453346,34.9168811927306],[-95.5525673451577,34.916560193173],[-95.552455345345,34.916354192634],[-95.5518443448535,34.9158511927571],[-95.5516783452265,34.9155301922921],[-95.5513723445127,34.9153471928273],[-95.5512613447595,34.915324192667],[-95.550816344825,34.9155761926647],[-95.550677344679,34.915645193168],[-95.550427344796,34.9159191923762],[-95.5503993444114,34.916125192922],[-95.5502603442719,34.9162861931883],[-95.5491213445274,34.9165141930074],[-95.547148343912,34.9172241935991],[-95.5464253436564,34.9172011934682],[-95.5458703440069,34.9173151933771],[-95.5458423436352,34.9177041934024],[-95.5458973434928,34.9177731929971],[-95.5458973435009,34.9178881929256],[-95.5460643440703,34.9181621930131],[-95.5461753438673,34.9188031939073],[-95.5462313437696,34.9188491933365],[-95.5462313437939,34.9191921939286],[-95.545730343962,34.9194671940945],[-95.5446743435716,34.9197191941215],[-95.5444523431608,34.9196041942036],[-95.5443693437921,34.9193751934976],[-95.5444803435227,34.9190781932312],[-95.5444803434773,34.918437193231],[-95.5443133429209,34.918345193476],[-95.5442023431757,34.9184371932443],[-95.5440633430524,34.918826193275],[-95.543924342908,34.9189171938976],[-95.5436183431082,34.9189401940779],[-95.54361934314,34.9187341935334],[-95.5438693429938,34.91804719319],[-95.5438693429761,34.9177961932601],[-95.5437853426746,34.9177501938323],[-95.5433413427654,34.9177041935225],[-95.5431743431196,34.9177731931279],[-95.5427403427786,34.9177791934265],[-95.5423133427627,34.9177951932885],[-95.5418123429099,34.9177731931933],[-95.5413123421942,34.917612193857],[-95.5410623422982,34.917704193632],[-95.5410623423095,34.9178641938452],[-95.5413123422315,34.9181391939751],[-95.5415073423072,34.9185051938241],[-95.5417843425917,34.9189171940004],[-95.5418953424325,34.92017619383],[-95.5417293428362,34.9202901937202],[-95.5415063423775,34.9201531936831],[-95.5412013425819,34.9195811941942],[-95.5410623424245,34.9194891935386],[-95.5400063419937,34.919169194062],[-95.5390333418387,34.919191194228],[-95.5385613415288,34.919122193754],[-95.5366983414676,34.9191221938434],[-95.5366153412077,34.9190081939652],[-95.5367543413488,34.9188701938645],[-95.5375603418401,34.918665194227],[-95.5383943418246,34.9183671938795],[-95.5387563415219,34.9183211935311],[-95.5393953423948,34.9185731934766],[-95.5398673418039,34.9186191937851],[-95.5402843422434,34.9184361933862],[-95.5407293421795,34.9182071935542],[-95.5407293421617,34.9179551935779],[-95.5403403421019,34.9178641938799],[-95.5399283418573,34.9175241934464],[-95.5396733417081,34.9173141936284],[-95.5390343417377,34.9171081931146],[-95.5385613413846,34.9170851938711],[-95.5376433410889,34.9172001938436],[-95.5366153410651,34.9169931933022],[-95.5362823409077,34.9169481939327],[-95.5360323410116,34.9170391936613],[-95.5360323410212,34.9171741936165],[-95.5360323410294,34.9172911936375],[-95.5363373407943,34.9174281936707],[-95.5371153417954,34.9173601940823],[-95.5372823414558,34.917497194122],[-95.5372823414607,34.9175661937194],[-95.5363933416153,34.917749194141],[-95.5355873411273,34.9180001941096],[-95.5353093408418,34.9182291939336],[-95.5353093408484,34.9183211936966],[-95.5353923411228,34.9186411941192],[-95.5353093408969,34.9190071939817],[-95.5350863413505,34.9190531943235],[-95.5342533404352,34.9182521941499],[-95.5342253409288,34.9181601943883],[-95.5341423406722,34.9180921939419],[-95.53414234063,34.9174961942265],[-95.5340133409354,34.9173901938215],[-95.5339203402144,34.9173131938582],[-95.5336423408057,34.917222194155],[-95.5331423401127,34.917382193493],[-95.5325863404411,34.917839193994],[-95.5322523402695,34.9182511941997],[-95.5320853397247,34.9183251940366],[-95.5318913397274,34.9184121944766],[-95.5313073396275,34.9184571938902],[-95.5305023400463,34.9181591945208],[-95.5302243397414,34.9181141942493],[-95.5300013392989,34.9182051939766],[-95.5298903395715,34.9185481945742],[-95.5296953395265,34.9186171941809],[-95.5293903397568,34.9184111945504],[-95.5292793391107,34.9184801941531],[-95.5292793391382,34.9188691941771],[-95.5292233392424,34.9189141944646],[-95.5285003389852,34.9188691942145],[-95.5284453391228,34.9187311941231],[-95.5285843392526,34.9184341938554],[-95.5286123396372,34.9182281942089],[-95.5283343393274,34.9181131942937],[-95.5280013391731,34.9181131943097],[-95.52791733887,34.9180441938171],[-95.5273063393069,34.9179531941298],[-95.5268893388463,34.9178381942213],[-95.5261393382411,34.9178611944228],[-95.5252503383715,34.9177001942059],[-95.5244163383625,34.9176541939148],[-95.524194337955,34.9175851943281],[-95.5223603374367,34.917539194085],[-95.5219153374747,34.9174021940586],[-95.5219433378641,34.9172641939632],[-95.5221103375084,34.9171731942386],[-95.5239993378728,34.9171281938631],[-95.5260283384555,34.9173801946412],[-95.526195338111,34.9174491942305],[-95.5264723383679,34.9174721943829],[-95.5265843390604,34.9174031938808],[-95.5265843390263,34.9169221940938],[-95.5266953387603,34.9166711941585],[-95.5268423383681,34.91646419446],[-95.5268903387906,34.9163961940074],[-95.5268853385514,34.9162911936427],[-95.5268623383461,34.9157551940084],[-95.5271403386219,34.9153891941366],[-95.5271403386057,34.9151601934266],[-95.5268623382911,34.9149771939604],[-95.5264463387778,34.9148851933181],[-95.5263073386204,34.9147931935618],[-95.5261963379501,34.9145191934716],[-95.5260853381886,34.9143811933829],[-95.5260573386678,34.9140841940225],[-95.5265303380892,34.9136491936446],[-95.5271413385274,34.913397193639],[-95.5275303385661,34.9131911930759],[-95.5275583389539,34.9130311937605],[-95.5273363385465,34.9129631933208],[-95.5269193380924,34.9129401931753],[-95.526613338286,34.9128711935926],[-95.526558338422,34.9127111933819],[-95.5265023385214,34.912688193219],[-95.5264193382161,34.9119321932942],[-95.5261973377956,34.9116801933286],[-95.5255303383303,34.9115441933591],[-95.5253083379196,34.9114291934413],[-95.5253363382767,34.9108341928715],[-95.525392338166,34.910697192821],[-95.5255863381646,34.9106281932143],[-95.5256423380685,34.910697192809],[-95.5257253383381,34.9109491927813],[-95.5259193383545,34.9111321931508],[-95.5261973377569,34.9111321931375],[-95.5267533383457,34.9109261925664],[-95.5270313386554,34.9110411933809],[-95.5273923383143,34.9111081928683],[-95.5275873383528,34.9109481926456],[-95.5277263384859,34.910697192709],[-95.5277263384552,34.9102631924001],[-95.5277823383252,34.9098511931072],[-95.5280603385944,34.9093931925731],[-95.5285043384874,34.9092101921729],[-95.529588338381,34.9090041924757],[-95.5310893396021,34.9084551921664],[-95.5316173388875,34.9081811920455],[-95.5317563390254,34.907997192513],[-95.5317563389962,34.9075851923233],[-95.531617338839,34.9074941917141],[-95.5313113390277,34.907356192534],[-95.5309503393704,34.9073111922665],[-95.5305053385252,34.9074021920045],[-95.5300333391388,34.907677192169],[-95.5295333384344,34.9076761921467],[-95.52922733862,34.9074931926818],[-95.5291163388538,34.9072871921427],[-95.5290883384401,34.9070811924989],[-95.528950338313,34.9067611920788],[-95.5288943383945,34.9064861919396],[-95.5287283387691,34.9061881916402],[-95.5287563381557,34.9045861921109],[-95.5280623383101,34.9040591920261],[-95.5277843379857,34.9037391916128],[-95.5276733382082,34.9033731917596],[-95.5275903379466,34.9032351916695],[-95.5274793381708,34.9028921910827],[-95.5275073376236,34.9022281918147],[-95.5278963376414,34.9017251909905],[-95.5279523375113,34.9013131907982],[-95.5278683381076,34.9012441912049],[-95.5278133382452,34.9011061911135],[-95.5276463376823,34.9009231907425],[-95.5271743373642,34.9007401912856],[-95.5268133377117,34.9007631914685],[-95.5264243376648,34.9008541912038],[-95.5261183369834,34.9011291913603],[-95.5260073372657,34.9016101911526],[-95.5258683371343,34.9018841912548],[-95.5256453375927,34.901999191194],[-95.5242563370349,34.902067191711],[-95.5236453365854,34.902158191457],[-95.5233393367661,34.9019061914954],[-95.5232563364965,34.9016551915694],[-95.5230623364817,34.901494191319],[-95.5226173365245,34.901425191743],[-95.5223673366139,34.9013111918728],[-95.5220343364402,34.9010361917469],[-95.5219793365665,34.9007391914884],[-95.5220343363932,34.900372191581],[-95.5222573359155,34.8999831915463],[-95.5222853362888,34.8996171907872],[-95.5221183366268,34.8994571914812],[-95.521785336474,34.899479190717],[-95.5213963364401,34.8997541908776],[-95.5212013364032,34.8999371912658],[-95.5208683362684,34.9002121914236],[-95.5203953359216,34.9002801909974],[-95.5197013351815,34.8998221914092],[-95.5190333356794,34.8998221914413],[-95.5183943348114,34.899639191093],[-95.5177553348232,34.8991811915022],[-95.517172334747,34.8989061913883],[-95.5168673349773,34.8987001908585],[-95.5165893346416,34.8982191910848],[-95.5162843348655,34.897921190792],[-95.5158393348953,34.8976691908371],[-95.5155613345937,34.8976691908504],[-95.5153673345966,34.8977601914757],[-95.5153673346273,34.8981951909315],[-95.5159503347278,34.898814191684],[-95.5165333348041,34.8990891908985],[-95.5173113349463,34.8995921916668],[-95.5174493350637,34.8997761911861],[-95.5174223347352,34.9001191917797],[-95.5172273346999,34.9003251914342],[-95.5165603352619,34.9005761913961],[-95.516365335225,34.9007591917843],[-95.5158103346762,34.9008741917395],[-95.5158383350592,34.9006451919274],[-95.5160043346505,34.9004621915406],[-95.5159773342832,34.9002561918967],[-95.5157553347653,34.9000501913629],[-95.5153933341573,34.8999351914517],[-95.5149773346538,34.8999811918028],[-95.5146993343666,34.9001871914613],[-95.5143103343505,34.9007131915518],[-95.5140043345652,34.9009421913772],[-95.5136153345199,34.9010561921773],[-95.5127813336148,34.9010561922173],[-95.5125313337059,34.9009641915671],[-95.512087333774,34.9005981917299],[-95.5120313338653,34.9004601916385],[-95.5116153334204,34.899911191421],[-95.5112263333411,34.8995441915349],[-95.5108373332893,34.8995671917191],[-95.510504333156,34.8998641919962],[-95.510531333525,34.9000931918056],[-95.5106423332864,34.9002311918944],[-95.5111423331222,34.9006661922256],[-95.5113093336867,34.9008721918627],[-95.5113373331946,34.9009861917436],[-95.5114483338602,34.9011921922828],[-95.5112253334306,34.9014671924353],[-95.5106693337475,34.9017641918238],[-95.5101693330788,34.9022681918003],[-95.5098913337104,34.9027481924537],[-95.509474333274,34.9029771922844],[-95.5090023329753,34.9030681920236],[-95.5083073331108,34.9029311920092],[-95.5081403325526,34.9028161920887],[-95.5079463325346,34.9026101924528],[-95.5078913326577,34.9022671927626],[-95.5077803328947,34.9021071925545],[-95.5078083323218,34.9010761924825],[-95.5079473324451,34.9006871924518],[-95.5079483324575,34.9002071918117],[-95.5078093322922,34.9000011921732],[-95.5076983325356,34.8999321916818],[-95.5076433326617,34.8996311921374],[-95.5076153322515,34.8994741920644],[-95.5079483324155,34.8996121921425],[-95.5083923323506,34.9000241923108],[-95.5083923323926,34.90061919198],[-95.5083083330067,34.900802192363],[-95.5082523331481,34.9013741918693],[-95.5082803326981,34.902084192365],[-95.5083633329596,34.9022211924088],[-95.5083913324757,34.9024501922182],[-95.5085573329938,34.9026561927547],[-95.5088353333004,34.9027251923387],[-95.5093353331006,34.9026571927637],[-95.5095853329804,34.9023361922787],[-95.5095863330139,34.9021531918998],[-95.5098083333923,34.9018101921962],[-95.5100303328859,34.9016731921378],[-95.5106703337664,34.9013751917996],[-95.5108643337537,34.9011461919796],[-95.5108373333848,34.9009181922165],[-95.5105313335623,34.9006201919237],[-95.5102813336484,34.9004591916761],[-95.5100313328174,34.9000471914984],[-95.5100593331875,34.8996351913075],[-95.510393333364,34.8992921915985],[-95.5108383333083,34.899178191695],[-95.5115603335256,34.8993151917081],[-95.5118933336977,34.8995671916685],[-95.512726333725,34.9005291921019],[-95.5134763343254,34.9004381914499],[-95.5139493337565,34.9001401920191],[-95.5145883345778,34.8996601913485],[-95.5149493342255,34.8995691916145],[-95.5155603346831,34.8995921917508],[-95.5162553345606,34.8999121912449],[-95.5165053344744,34.9000731914925],[-95.5166443346285,34.900119191817],[-95.5168943345261,34.9000501913083],[-95.5169773347618,34.8998211914936],[-95.5166993344423,34.8995691915306],[-95.515700334848,34.8991341912233],[-95.5153393342718,34.898813191667],[-95.514728333756,34.8979661911514],[-95.5142833337826,34.8976681908654],[-95.5138393338735,34.8976231915012],[-95.5138393338621,34.8974621912415],[-95.5139503336073,34.8973711915196],[-95.5143953344606,34.8973941907645],[-95.5146733338678,34.8974631912478],[-95.5153393341619,34.8972571906714],[-95.5157843341159,34.8972801908156],[-95.5163673341856,34.8974631911666],[-95.5166173350003,34.8976461906342],[-95.5169783346772,34.8979671910898],[-95.5170893344417,34.8981501914634],[-95.5170893344498,34.898265191392],[-95.5173393352743,34.8985851909073],[-95.5177833351917,34.8987461911457],[-95.518339334928,34.8992041916398],[-95.5188113352461,34.8993871910967],[-95.5196453352517,34.8993871910568],[-95.5199793354622,34.8995251911348],[-95.52025733578,34.8997541909322],[-95.5204793361891,34.8998451915375],[-95.520812335436,34.8997311916393],[-95.5210623362136,34.8993881910351],[-95.5215353356463,34.8991131908706],[-95.5219793364452,34.8990221911327],[-95.5224523359088,34.8991821913233],[-95.5227293361786,34.8993881909551],[-95.5228403368457,34.8996171907605],[-95.5227853361132,34.899892190905],[-95.5225903360973,34.9003721915543],[-95.5224513359578,34.9005331909213],[-95.5223403362255,34.9008071910222],[-95.5223953360879,34.9009451911137],[-95.522506336747,34.9010591909905],[-95.5228123365533,34.9011281914726],[-95.5229513366993,34.9010591909692],[-95.5229793361652,34.9005791912271],[-95.5232013365549,34.9003961908376],[-95.5235073363596,34.9004411911078],[-95.5235343367609,34.9011281914379],[-95.5236733369328,34.9014261917387],[-95.5237283368064,34.9017231910978],[-95.5237843367104,34.9017921915918],[-95.5252843370182,34.9017011918032],[-95.5255623373118,34.9015871910084],[-95.5256183371978,34.9014031914798],[-95.5259243369444,34.9006251914171],[-95.5261183369349,34.9004421910289],[-95.527035337181,34.9002821907715],[-95.5274803380327,34.9002821907502],[-95.5280633381025,34.9004661911474],[-95.5282023382646,34.9006261913541],[-95.5282303377903,34.9009921912113],[-95.5283133380583,34.901221191018],[-95.5283683379159,34.901290191512],[-95.5284793376917,34.9016331911996],[-95.528424337852,34.9018161915811],[-95.5282573382191,34.9020681915654],[-95.528118338078,34.9022051916199],[-95.5279513375539,34.9025721915327],[-95.527979337979,34.9029381913898],[-95.5281733380229,34.9035101917834],[-95.5283673380474,34.9038081911822],[-95.5284513383472,34.9038311913437],[-95.528784338487,34.9036251916826],[-95.5289513381473,34.9037621917224],[-95.5291173386785,34.9041511917384],[-95.5291453381961,34.9044031917133],[-95.529367338623,34.9047461913956],[-95.5293393382449,34.9050441917044],[-95.5292843384036,34.9052041919204],[-95.5292283385822,34.9063031924441],[-95.5294503390189,34.9067841922204],[-95.5294783385366,34.9070361921953],[-95.5297003389522,34.9072191925636],[-95.5299503388546,34.9072191925516],[-95.5302003387506,34.9071271918773],[-95.5304503386434,34.9069901918175],[-95.5310333386938,34.906899192073],[-95.531645339209,34.9070821924224],[-95.5325613394557,34.9075861923311],[-95.5325343391143,34.9077461925456],[-95.5324223393259,34.9078831925988],[-95.5325063396306,34.9079751923577],[-95.5322283393612,34.9084311918998],[-95.5304493387476,34.9091191923629],[-95.5291713388586,34.9094391928509],[-95.5284483386272,34.909759192413],[-95.5283373388869,34.9099191926316],[-95.5283933388295,34.9105361924173],[-95.5282813390461,34.9107421929672],[-95.528170338421,34.9111091928773],[-95.5280313382864,34.9113381926946],[-95.5277533388954,34.9114981929213],[-95.5274753385888,34.9114291933373],[-95.5270313386845,34.9114521935242],[-95.5267813378875,34.9115201930873],[-95.5267803378671,34.911887192992],[-95.5268913385342,34.9121151936504],[-95.5269193380535,34.9123901928916],[-95.5272523382256,34.9126421928519],[-95.5277803384297,34.9126421928266],[-95.5280303383436,34.9128021930278],[-95.5281413390076,34.9129861934477],[-95.5279473390316,34.9133751934811],[-95.5274743387027,34.9136951939304],[-95.5268913386637,34.9139471939347],[-95.5267793388771,34.914107193254],[-95.5267793388997,34.9144271936807],[-95.5271133382172,34.9146561934754],[-95.5274743387805,34.9147941935521],[-95.5278353384411,34.9148851932514],[-95.5279463391035,34.9150461935057],[-95.5276683388293,34.9154351935431],[-95.5276133389847,34.9155491934279],[-95.5273623390505,34.9157551939844],[-95.5273903385697,34.9160301941249],[-95.5275293387319,34.9161901943315],[-95.5278353385383,34.9162591939142],[-95.5283073388418,34.916236193726],[-95.5290023395797,34.9160071938819],[-95.5292803389594,34.915687193442],[-95.5294743389387,34.9153441937398],[-95.5297253388631,34.9150001939885],[-95.5300583389981,34.914726193877],[-95.5308363390885,34.9144971931296],[-95.5311423397894,34.914497193115],[-95.5322263397121,34.9147031936074],[-95.5328923400385,34.9149551935516],[-95.5328373402312,34.9155961935545],[-95.5320583401576,34.9167181933792],[-95.5317253400211,34.9169691942245],[-95.5308083397668,34.9170151937003],[-95.5307243394752,34.9171071943665],[-95.5307803394147,34.9176791938675],[-95.5311413399892,34.9179761941112],[-95.5313073395999,34.9180681938662],[-95.5318083403473,34.9180221944103],[-95.5321413404758,34.9176561936365],[-95.5321973403667,34.9175421937517],[-95.5324473402449,34.9171981940005],[-95.5333093406238,34.9168321941006],[-95.5341423405831,34.9168331941069],[-95.5350043410058,34.9170851940418],[-95.5353373411568,34.9170391936947],[-95.5354483409036,34.916970194092],[-95.5354213405314,34.9166961939978],[-95.5343933404866,34.9161921931953],[-95.5341153401444,34.9156191936588],[-95.5340043403814,34.9154591934508],[-95.5340593402195,34.915253193803],[-95.5342263407776,34.9153681937235],[-95.5349213406778,34.9160091936904],[-95.5352543408499,34.9162611936506],[-95.5363383407823,34.9166041932915],[-95.5373103418063,34.9168101937893],[-95.5380883419033,34.9166731937042],[-95.5385053414483,34.9165591938019],[-95.5392563421064,34.9166281933633],[-95.5399233424823,34.9169251935923],[-95.5403953419109,34.9172461931433],[-95.5407293421066,34.9171771935299],[-95.5407293420758,34.9167421931747],[-95.540507342545,34.9163531931614],[-95.540535342027,34.9161011931838],[-95.5407293420143,34.9158721933638],[-95.5416183427558,34.9156441935567],[-95.5417853424161,34.9157811935964],[-95.5418133428395,34.916124193288],[-95.5412013423535,34.9163531931281],[-95.5412013423664,34.9165361935069],[-95.5415633420864,34.9168111936314],[-95.542285342328,34.9172921933836],[-95.5427393426974,34.9172871931303],[-95.5432303429846,34.9172921933383],[-95.543841343426,34.9170861936638],[-95.5438693429145,34.9169261934491],[-95.5437583431401,34.9166051929815],[-95.543730342681,34.9157581933375],[-95.5438143429485,34.9153241930246],[-95.543786342491,34.9145001926468],[-95.5438703427486,34.9139271930929],[-95.5438983430831,34.9130121929958],[-95.54406434265,34.9124851928698],[-95.5442313431256,34.9114321926719],[-95.5442873430133,34.911272192456],[-95.5443433428751,34.9107461923815],[-95.5445093424631,34.9105171916635],[-95.5446483426107,34.910471192225],[-95.5447593432682,34.9105631919826],[-95.5447873427988,34.9109971922901],[-95.5449263429561,34.9110891920464],[-95.5450093432063,34.9110661918768],[-95.5451763428424,34.9108601922237],[-95.5451763428229,34.9105851920819],[-95.545037342664,34.9104711922063],[-95.5448433426411,34.9101961920738],[-95.5448713430193,34.9098991918114],[-95.5450653430211,34.9098761916365],[-95.5452323426896,34.9101281916048],[-95.5455373433683,34.9104711921823],[-95.5457873433242,34.9112261920528],[-95.5460933431258,34.9112271920844],[-95.5461493430134,34.9110661918221],[-95.546204342845,34.9107691924577],[-95.5463153434669,34.9103571922628],[-95.547316343047,34.9092811918593],[-95.5473993432632,34.9087771919028],[-95.5476223436896,34.9084571914655],[-95.5475943432661,34.9081141917739],[-95.5474553430974,34.9078621918044],[-95.5474003432319,34.9076791914281],[-95.5473163429126,34.9073811911248],[-95.5472893434154,34.9067631912913],[-95.5474553430165,34.9067171909523],[-95.5475393433179,34.9067631912794],[-95.547622343607,34.9072901913935],[-95.5477053429611,34.907313191555],[-95.547900343053,34.9079081912148],[-95.5480113437153,34.9080681914228],[-95.5484553436358,34.9082741910466],[-95.5490663440998,34.9083881917988],[-95.5494283438117,34.9085491911417],[-95.549706344123,34.9086861911762],[-95.5497893443845,34.9088231912199],[-95.549983344401,34.9090071916358],[-95.5503173446033,34.9090301917853],[-95.5507063446355,34.9087321914593],[-95.5509003446422,34.9087781917811],[-95.5509563445865,34.9094191917787],[-95.5510393448448,34.9095101914913],[-95.5513173442487,34.9095331916435],[-95.5516233449398,34.9093961915811],[-95.5520673448085,34.9088691914417],[-95.5522063449399,34.9085951913396],[-95.5520123449154,34.9082971910415],[-95.5519563449808,34.9077941911379],[-95.5529563445907,34.9077941910899],[-95.5534843448045,34.9079311911124],[-95.5538733448756,34.90818319107],[-95.5542073450843,34.9082971909361],[-95.5546233454904,34.9082971909161],[-95.5549293452822,34.9081601908537],[-95.5552353450529,34.9077251913832],[-95.5554293450547,34.9077021912084],[-95.5555133453545,34.9077251913699],[-95.5555963456468,34.9082971908694],[-95.5557633453023,34.9083661913581],[-95.5558743459436,34.908229191305],[-95.5561243458445,34.9082061911275],[-95.5561793457165,34.9084811912666],[-95.5562633460163,34.9085031913818],[-95.5564853455326,34.908687190897],[-95.5564853455374,34.9087551913474],[-95.5561793457441,34.9088701912906],[-95.5561793457554,34.9090301915039],[-95.5564293456788,34.9093271908537],[-95.5564023462399,34.9095331913994],[-95.5558463456627,34.9099001913308],[-95.5557903457846,34.9101971915946],[-95.556179345859,34.9104951918833],[-95.5565963463389,34.9108841918873],[-95.5567073461327,34.9114791915511],[-95.5567913464406,34.9116161915948],[-95.5567633461095,34.9125781920693],[-95.5575693466314,34.9128071918413],[-95.5580413460388,34.9128301919842],[-95.5581803461864,34.9127841916464],[-95.558513346318,34.9124631920568],[-95.5592633468453,34.9113421913806],[-95.5595413471404,34.9112501916043],[-95.5595413471648,34.9115941913435],[-95.5592083470559,34.9122351913597],[-95.5591803466761,34.9125091914566],[-95.5590973464276,34.9125551917917],[-95.5590693469585,34.9129901921482],[-95.5591803467183,34.913104192025],[-95.5596523470412,34.9133561919786],[-95.5601253473959,34.913402192287],[-95.5605973468324,34.9138371917201],[-95.5607643474034,34.9141341919731],[-95.5607923469357,34.9145921924925],[-95.5605423470624,34.9150041917947],[-95.5605143476046,34.9155991923645],[-95.5606253473628,34.9156911921221],[-95.5608753472701,34.9157601926068],[-95.5614033474742,34.9157601925814],[-95.561514347221,34.9156911920794],[-95.5617093472449,34.9153251922116],[-95.5622643477613,34.9147521917358],[-95.5627923479168,34.9140661914254],[-95.5631813479457,34.9137221916676],[-95.5635433476333,34.9135391921706],[-95.5638763477729,34.9133331916102],[-95.5640993481977,34.9129901919066],[-95.5640983481383,34.9128071915278],[-95.5637373475671,34.9125551915689],[-95.5637373475606,34.9124631918059],[-95.5633203479718,34.9119601910205],[-95.5632653481046,34.911754191378],[-95.5632093472788,34.9113651913567],[-95.5634313476603,34.9110671910387],[-95.5640983479942,34.9107701907456],[-95.5642373481385,34.910678190976],[-95.5642093476664,34.9096481909531],[-95.5643763481905,34.9092821910867],[-95.5647093483253,34.9090071909288],[-95.56495934821,34.9087551909406],[-95.5651823477354,34.9084121903377],[-95.5654873483898,34.9084121903231],[-95.5658503481383,34.9084351904712],[-95.5659883482394,34.9083891910328],[-95.5662943480069,34.9079081903318],[-95.5663503478929,34.9077251908496],[-95.5663773481907,34.9069471908003],[-95.5663503478201,34.906695189926],[-95.5661543476898,34.9062141901485],[-95.5656543478266,34.9053901897934],[-95.565070347696,34.9050011897974],[-95.5642653471768,34.9041541901907],[-95.5642923475215,34.9040401903072],[-95.5641263470017,34.9038111896052],[-95.5640423475575,34.903170189609],[-95.5639033474035,34.9031241901839],[-95.5636813470333,34.9035821898159],[-95.5636263472146,34.9040631896054],[-95.5635143474296,34.9042461899897],[-95.5633203474326,34.9043381897619],[-95.5632373471744,34.904246190003],[-95.5631813472332,34.9036511903365],[-95.5630703474718,34.9035131902478],[-95.5630143466379,34.903010189445],[-95.5631533467742,34.9028041897932],[-95.5632373470675,34.9027351901918],[-95.56329234687,34.9020261897385],[-95.5634873469133,34.9019341899662],[-95.563653347425,34.9020491898867],[-95.5637923475968,34.9023461892418],[-95.5638483475023,34.9024381899014],[-95.5639033473695,34.9026441895439],[-95.564015347174,34.9027351901545],[-95.5642653470701,34.9026441895265],[-95.5644033471259,34.9019571891885],[-95.5644593469084,34.9003091893269],[-95.5641533470988,34.9001941894131],[-95.5640143469189,34.8997821892301],[-95.5635423465862,34.8993931892288],[-95.5634313468201,34.8991871886897],[-95.5633483465359,34.8987291890723],[-95.5632643471064,34.8982951887674],[-95.5631813468383,34.8980661889608],[-95.5630983465623,34.8977221892255],[-95.5629593463969,34.8975161886878],[-95.5629863467449,34.8974481891354],[-95.5627093464475,34.8968531885803],[-95.5624313461314,34.8966471889484],[-95.5615423462537,34.8963721888493],[-95.560931345772,34.8960061890201],[-95.5602363459011,34.8957771883435],[-95.5597923459757,34.8955021882229],[-95.5584583452319,34.8950211885],[-95.5583753449656,34.8948151888588],[-95.5591533450721,34.8948151888215],[-95.5597923459223,34.8947471883405],[-95.5602363458137,34.894541188674],[-95.5602363458008,34.8943581882951],[-95.5601533455392,34.894220188205],[-95.5594583456473,34.8936941881666],[-95.5585693448656,34.8933511885164],[-95.5577363448789,34.8929621885323],[-95.5569863451537,34.892710188592],[-95.5563473442712,34.8923211885986],[-95.5554033445377,34.8920011882172],[-95.5551253442183,34.8917491882543],[-95.5550973437997,34.8914741881138],[-95.5554033444908,34.8913371880514],[-95.5554583443353,34.8912221881203],[-95.5556533443739,34.8910621878976],[-95.5559303446275,34.8910391877187],[-95.5560423444304,34.89110818821],[-95.5561803445348,34.8911081882034],[-95.5562923443248,34.8909941883159],[-95.5563473441629,34.8907881877687],[-95.5561253446175,34.8901921880639],[-95.5560693446894,34.889780187877],[-95.5562363443368,34.8897351875842],[-95.5564863442522,34.889918187951],[-95.5565973449322,34.8903301881353],[-95.5567363441984,34.8905361877738],[-95.556736344208,34.8906731878216],[-95.5573473447027,34.8912231880759],[-95.5576813449195,34.8914511878243],[-95.5578193450191,34.8913831882666],[-95.5579313447961,34.8910851879539],[-95.5579863446309,34.890833187975],[-95.5573193451544,34.8905361877459],[-95.5572083444921,34.8903761875378],[-95.5571533446201,34.8901011873987],[-95.5572083444614,34.889941188082],[-95.5576533444056,34.8898261872329],[-95.5577363446541,34.889780187797],[-95.5577923445305,34.8894601873677],[-95.5579863445178,34.8892311875477],[-95.5582363444122,34.8891171876535],[-95.5583753445468,34.8888881878362],[-95.5583753445355,34.8887281876228],[-95.5581533450209,34.8885671873738],[-95.5580143448652,34.8884991869301],[-95.5580423443538,34.8883381875684],[-95.5582363443604,34.8883841869909],[-95.5587643445774,34.8885671873445],[-95.5590973447495,34.8888191873048],[-95.5592083454053,34.8888881877962],[-95.5591813450638,34.8890481871115],[-95.558847344881,34.8893001871038],[-95.5587083447431,34.8894831874893],[-95.5582083449576,34.8897581876551],[-95.558264344876,34.890032187748],[-95.5582083449867,34.8901701878447],[-95.5578753448438,34.8903301880741],[-95.5579033452478,34.8903991876701],[-95.5584583449247,34.890673187739],[-95.5584863453482,34.8910171874768],[-95.5583753447085,34.8911771876955],[-95.5583753447328,34.8915201882877],[-95.5580143451126,34.892001188092],[-95.5575423448139,34.8920921878313],[-95.5575973446828,34.8923211885386],[-95.557986344749,34.8925041879996],[-95.5584583450493,34.8924361884259],[-95.5591533448959,34.892321188464],[-95.5594033457091,34.8924821878123],[-95.5597363458875,34.8928241883423],[-95.5599863457931,34.8928701877621],[-95.5604313457406,34.8928011881434],[-95.5606813456301,34.8926181877525],[-95.5607083459618,34.8923201883431],[-95.5608203457195,34.8917491879812],[-95.5610143457051,34.8914971879956],[-95.5612643455996,34.8913831881014],[-95.5614313461528,34.8914291875252],[-95.5614313461787,34.8917951873836],[-95.5612643456545,34.8921601881031],[-95.5611813454285,34.8925261879656],[-95.5613203456036,34.8928701876981],[-95.561820346337,34.8932821878637],[-95.5627643460704,34.8936021882451],[-95.5634863462747,34.8935561878793],[-95.5637093467108,34.8933731883891],[-95.5637923469545,34.8932591876036],[-95.5637093466914,34.8930991882936],[-95.5637643465278,34.8928701875809],[-95.5643203471214,34.8927321874602],[-95.5644313468827,34.8928701875489],[-95.5643753470015,34.8931211874815],[-95.5643203471796,34.8935561878393],[-95.5641533466425,34.8937391882262],[-95.5640703464134,34.8940601878039],[-95.5640143465193,34.8941291883032],[-95.5629033462681,34.8942661884043],[-95.5629033462876,34.8945411885461],[-95.5631253467079,34.8947921884654],[-95.5630983463714,34.8950211882774],[-95.562792346578,34.8951361882205],[-95.5618473459247,34.8951821885971],[-95.561653345926,34.8952501881574],[-95.5616253464424,34.8954791888688],[-95.5617643466029,34.8956161889098],[-95.5625143463088,34.8955941887546],[-95.5631813466588,34.8955251882259],[-95.5633483462997,34.8953881881702],[-95.5634863463912,34.8952041886376],[-95.5635143467774,34.8950211882574],[-95.563848346957,34.8947241879803],[-95.5648753469197,34.8947241879311],[-95.5652923473815,34.8948581878199],[-95.5660863473471,34.8950901886307],[-95.5668403471901,34.8943841882828],[-95.5675163479589,34.8943341877341],[-95.5681163479286,34.8946741881585],[-95.5687003480781,34.895330187926],[-95.5687703476992,34.8949361876671],[-95.5691263480396,34.895204188367],[-95.5695433485066,34.8954101879922],[-95.57001634797,34.8955701881828],[-95.5702663487816,34.8957081882649],[-95.5705993489439,34.8958221881311],[-95.5713223482984,34.8958221880964],[-95.5725993490418,34.8955241877278],[-95.5731553487457,34.8955241877011],[-95.5730163495217,34.8959131877317],[-95.5727383492331,34.8960971881703],[-95.57193334879,34.8963261880196],[-95.5701273486761,34.8963491882718],[-95.5694873486416,34.8958911877818],[-95.5691543484874,34.8958911877978],[-95.5689043476936,34.8960051885913],[-95.5689043477131,34.8962801887331],[-95.5695443486501,34.896784188655],[-95.5703223487858,34.8971961888071],[-95.5710163486054,34.8973561880879],[-95.5717663492169,34.8974241885022],[-95.5725163489534,34.8978361886558],[-95.5732943490874,34.8982251886425],[-95.5738783491888,34.8982021884489],[-95.5743783498656,34.8978131884009],[-95.5748503501351,34.8973101884721],[-95.5750443501205,34.8970551883476],[-95.5754373494213,34.8965101882767],[-95.5755573495565,34.8960301876309],[-95.5756223498389,34.8955501878871],[-95.5760473497389,34.8952091873672],[-95.5764933496987,34.8946601880078],[-95.5767323499758,34.8944541874518],[-95.577484349763,34.8942721870832],[-95.5785073504331,34.8941821873638],[-95.5788003505148,34.8939541875853],[-95.5788753503812,34.8937491870836],[-95.5789553504905,34.8937021876017],[-95.5789993507114,34.8934051873385],[-95.5791783508928,34.893041187564],[-95.5790583507076,34.8928121868598],[-95.5788253506781,34.8925841871066],[-95.578585350311,34.8921721869285],[-95.578493350525,34.8919441871685],[-95.578526350218,34.8913961869759],[-95.5785783499234,34.8912811870449],[-95.5785953507064,34.8912051871226],[-95.5788443505317,34.8907701867556],[-95.5807103507133,34.8905111863657]],[[-95.5645723488342,34.9170181922178],[-95.5641553484125,34.9174531925929],[-95.5636833481253,34.9177051925918],[-95.5631273484263,34.9177741922159],[-95.5625993482238,34.9177971924068],[-95.5621533481993,34.9174311925698],[-95.5617923476442,34.9174081924216],[-95.5616813479022,34.9175451924747],[-95.5617093474248,34.9178651929],[-95.5625713478781,34.9185521922906],[-95.5629053481079,34.918964192464],[-95.5635443480637,34.9189641924334],[-95.563933348104,34.9187811929351],[-95.5639333480911,34.9185981925563],[-95.563683348182,34.9185061928053],[-95.5630163478174,34.9183691927897],[-95.5627943483028,34.918209192587],[-95.5628213477482,34.9180941926573],[-95.5642943486137,34.9181631921838],[-95.5649893484846,34.9183921928604],[-95.5652943491391,34.9183921928458],[-95.5656283484322,34.9182771929013],[-95.5658503488202,34.9180711923461],[-95.5659063486999,34.917797192248],[-95.565433348316,34.9173391926493],[-95.565183348386,34.9169501926374],[-95.5647943483246,34.9168351918282],[-95.5645723488342,34.9170181922178]],[[-95.5706853500258,34.9183001919245],[-95.5712413506484,34.9185751920396],[-95.5713523504114,34.9187351922476],[-95.5718803506235,34.9188491921044],[-95.5728813511791,34.9188491920563],[-95.5729923509242,34.9187571922881],[-95.57310335053,34.9166971922344],[-95.5727413507469,34.9155301912805],[-95.5724913508202,34.9151871915997],[-95.5723243502718,34.9152101917733],[-95.5723243503042,34.9156671913483],[-95.5724633504858,34.9161021916968],[-95.5725193504075,34.916423192167],[-95.5724083506656,34.9165601922201],[-95.5723523507877,34.9168581916307],[-95.572575350347,34.9169951916678],[-95.5727413508636,34.9171781920387],[-95.572547350886,34.9175441919064],[-95.5724083507418,34.917636191676],[-95.5722133506563,34.9171321917329],[-95.5720753505372,34.9169261920944],[-95.5718243505852,34.9168811918217],[-95.5716303505882,34.9169721915477],[-95.5716023502198,34.917407191904],[-95.571852350145,34.917728192365],[-95.5718803505717,34.9181171923876],[-95.5717133500249,34.9181621917811],[-95.5714363506594,34.9180251917467],[-95.5710193501971,34.917888191719],[-95.5706853499949,34.9178651924688],[-95.5705743502498,34.917957192237],[-95.570546349862,34.9181171924517],[-95.5706853500258,34.9183001919245]],[[-95.571991350398,34.919170192572],[-95.5719643509542,34.919307192621],[-95.5736593513359,34.9195591925158],[-95.5740203510078,34.9198101924284],[-95.5742423514363,34.9201761922761],[-95.5743543512911,34.9209781925306],[-95.5745763517423,34.9216641928049],[-95.5746043512989,34.922465193017],[-95.5746603512239,34.9228321929191],[-95.5745493514933,34.9231291931854],[-95.5745493515192,34.9234951930439],[-95.5747993514363,34.9237011926769],[-95.5753273516404,34.9237011926515],[-95.5755773515331,34.9235641925918],[-95.5759383520865,34.9235641925745],[-95.5763003517951,34.9236781933385],[-95.5766613523631,34.9238841929663],[-95.5769393517735,34.9239991928814],[-95.5773563522227,34.9239531925303],[-95.577467351963,34.9237931932109],[-95.577439352442,34.923495192905],[-95.5770223519686,34.9231981926639],[-95.5768553522903,34.9228081926017],[-95.5767443516329,34.9227171928904],[-95.5766053523668,34.9225111923527],[-95.5758553517098,34.9218011927912],[-95.5757433518988,34.9216181924177],[-95.5757163515347,34.9214581922057],[-95.5755773513515,34.9210001925911],[-95.5749933511901,34.92017619224],[-95.5747983510948,34.9195351922492],[-95.5746873513318,34.9193751920413],[-95.5739643510634,34.9191691924309],[-95.572492350246,34.9191241922168],[-95.571991350398,34.919170192572]],[[-95.5791623522993,34.9234031930592],[-95.5799123529448,34.9239521932604],[-95.5806353531923,34.9238611926097],[-95.5808853530865,34.9237461926692],[-95.5811903528206,34.9234491923935],[-95.581274353101,34.9231971924133],[-95.5811903527849,34.9229451924411],[-95.5808573535089,34.9226481921961],[-95.5801063528283,34.9222591922082],[-95.5793283527104,34.9220981928853],[-95.5783563526199,34.9223731930738],[-95.5782723523315,34.9225111922726],[-95.5782453519884,34.9226481923216],[-95.5789393527286,34.9231061928089],[-95.5791623522993,34.9234031930592]],[[-95.5741343518392,34.9330861946531],[-95.5745233519007,34.9332011945629],[-95.5754963520538,34.9331551950843],[-95.5756343521533,34.933086194581],[-95.5756073526869,34.9329031951027],[-95.5749673526572,34.9325141951096],[-95.5747173518343,34.9322161948142],[-95.5741893516108,34.9319421947442],[-95.5738283519388,34.9316901947853],[-95.5734393518775,34.9315761949219],[-95.5732163514382,34.9317131949803],[-95.5732443518617,34.9320561946718],[-95.5734663522821,34.9323081946373],[-95.5736333519523,34.9325831947711],[-95.5741343518392,34.9330861946531]],[[-95.5843353547587,34.9358771947805],[-95.5855313553851,34.936174194984],[-95.5866703551586,34.9363571944087],[-95.5877543559594,34.9362651945937],[-95.587810355852,34.9361741948744],[-95.5877263555473,34.9360821951155],[-95.586948355431,34.9359451951052],[-95.5860863550215,34.9358771946963],[-95.5849193548342,34.9354881947285],[-95.5831123546188,34.9347331949331],[-95.5828623547244,34.9348471948273],[-95.5828073548896,34.9350991948061],[-95.5831963549624,34.9353741949292],[-95.5843353547587,34.9358771947805]],[[-95.5928413573124,34.9386451948236],[-95.5935923580125,34.9393081949069],[-95.5939543577552,34.9399031954577],[-95.5941483577668,34.9400181953769],[-95.5944543575666,34.9399951951966],[-95.5945653582127,34.9399261946946],[-95.5947873576884,34.93953719466],[-95.5947593581332,34.9387581945672],[-95.5945093573169,34.9385531949805],[-95.5933693574938,34.9383241952247],[-95.5928973571935,34.9383931948447],[-95.5928413573124,34.9386451948236]],[[-95.5886743569162,34.9441621959482],[-95.5882303561288,34.9444141959457],[-95.5876463560778,34.9451471966362],[-95.587174356724,34.9458791963756],[-95.587007356187,34.9460621967625],[-95.5868963564549,34.9463371969096],[-95.5868683560817,34.9467031967693],[-95.5870073562472,34.9469091964077],[-95.5880643567001,34.9468861970906],[-95.5883143565959,34.9467941964163],[-95.5885363569742,34.9464511967128],[-95.5885083565507,34.9461081961221],[-95.5882583566304,34.9458561961579],[-95.5882023567118,34.9455811960188],[-95.5883973567454,34.9453521961988],[-95.5884243570608,34.9448261961259],[-95.5886473565893,34.9445281958079],[-95.5887863567207,34.9442541966051],[-95.5886743569162,34.9441621959482]],[[-95.6011013596331,34.9468131957812],[-95.6011293600567,34.9471571964182],[-95.6012963597122,34.9472251959613],[-95.6021583601169,34.9472251959197],[-95.6026583608113,34.947088195848],[-95.6026583607837,34.9466981957778],[-95.6026033600252,34.9466071960639],[-95.6022413603198,34.9465381955846],[-95.6015193601173,34.946607196116],[-95.6011843598769,34.946699195895],[-95.6011843598834,34.946791195658],[-95.6011013596331,34.9468131957812]],[[-95.5868683559128,34.9443231962947],[-95.5866173559591,34.9442541967095],[-95.5861733560532,34.9442541967308],[-95.5853943559051,34.9443231963656],[-95.5848113558452,34.9442771960626],[-95.5847003552186,34.9446211967064],[-95.5847833554883,34.9448731966785],[-95.5849503560497,34.9450331968837],[-95.5852563558592,34.9451471967512],[-95.585728356161,34.9451011963974],[-95.5858123555648,34.94517019689],[-95.5858393559321,34.9453761965338],[-95.5862563563879,34.9454221968448],[-95.5865343557836,34.9453301961692],[-95.5868123560722,34.9451471966763],[-95.5869233557979,34.9447801967663],[-95.5869793565685,34.9443911958404],[-95.5868683559128,34.9443231962947]],[[-95.6018303602406,34.9478751963523],[-95.6012693603124,34.9479811958911],[-95.600462359762,34.9480041960955],[-95.5998513602201,34.9482101966693],[-95.5999903594813,34.9483471967103],[-95.6009643596889,34.9484161962608],[-95.6023533602398,34.9482551959344],[-95.6028393602836,34.9480981958366],[-95.6029933602273,34.9480491962585],[-95.6035213604312,34.9480491962331],[-95.6043273609547,34.9483001961242],[-95.6046333607529,34.9482541957783],[-95.6046883614756,34.9478421964855],[-95.6047443613697,34.9477731959861],[-95.6047163609559,34.9475671963424],[-95.604577360797,34.9474531955676],[-95.604215361095,34.9474301963188],[-95.6018303602406,34.9478751963523]],[[-95.6051153627596,34.9656731991431],[-95.6051443624067,34.9670921991894],[-95.6053953624173,34.9679611998409],[-95.6054503622749,34.9680301994357],[-95.6054783626805,34.9681222000965],[-95.6057293626651,34.9686251999904],[-95.6060073629961,34.9690372001664],[-95.6064523629824,34.9695171998854],[-95.6065643627951,34.9697232004244],[-95.6067583628116,34.9699061998945],[-95.6069813632654,34.9699752003805],[-95.6074543636168,34.9699752003577],[-95.6074533635558,34.9697691998133],[-95.6073423628935,34.9696091996054],[-95.60706436347,34.9693112002109],[-95.6070083635547,34.9690821995037],[-95.6065913630584,34.9684651997356],[-95.6065353631447,34.9682592000933],[-95.6064243633866,34.9681671994364],[-95.606229363301,34.9676641995398],[-95.6062013628807,34.9673661992339],[-95.6061173625694,34.9671831997584],[-95.6059503628423,34.9661071994115],[-95.6058933627553,34.9641161989638],[-95.6057263621581,34.9634521988063],[-95.605531362084,34.9631091991229],[-95.6053643624089,34.9627661985389],[-95.6050863620813,34.962400198694],[-95.6050583626009,34.9626741987907],[-95.6051143625325,34.9631321984093],[-95.6051973619061,34.9634291986662],[-95.6053103627539,34.9648941990396],[-95.6052263625014,34.9655351990437],[-95.6051153627596,34.9656731991431]],[[-95.6138493651926,34.9698121996972],[-95.6137373654076,34.9699952000814],[-95.6141553650119,34.9700631996123],[-95.6144333653054,34.9699491997168],[-95.6152393648839,34.9695591996078],[-95.6171573656575,34.9690091992319],[-95.6176013655487,34.9688031995655],[-95.617657366334,34.968620199184],[-95.6175463656717,34.968460198976],[-95.6171013657096,34.9683221989035],[-95.6166283653599,34.9683461991382],[-95.6162673657189,34.9685291995343],[-95.6150713651625,34.9692161999231],[-95.6138493651926,34.9698121996972]],[[-95.6144593646001,34.9683691994083],[-95.614904365424,34.967980199363],[-95.614876365015,34.9678431993166],[-95.6146263651028,34.967706199281],[-95.6141813651539,34.9677521996335],[-95.6138193645671,34.9679351991304],[-95.6135693646826,34.9681871991186],[-95.6134313646042,34.9685531998829],[-95.6135703647616,34.9686451996391],[-95.6140703645616,34.9685761991184],[-95.6144593646001,34.9683691994083]],[[-95.6227203674229,34.9702881997241],[-95.6228593675802,34.970379199434],[-95.6231923677344,34.9703791994179],[-95.6236653671539,34.9699211988746],[-95.624609367676,34.9686851991603],[-95.6246363680026,34.9683181992544],[-95.6243863671944,34.9682271986505],[-95.6242473679429,34.9682271986572],[-95.6237753676705,34.9686851992005],[-95.6235253677974,34.9690971994019],[-95.6226923670156,34.970174198944],[-95.6227203674229,34.9702881997241]]]},"properties":{"OBJECTID":4180,"COUNTYFP10":"121","FULLNAME":"Eufaula Lk","MTFCC":"H2030","Shape__Area":22457333.11328125,"Shape__Length":177641.87117143333}},{"type":"Feature","id":4181,"geometry":{"type":"Polygon","coordinates":[[[-95.5988613719247,35.1251032288843],[-95.6002703724114,35.1236572284182],[-95.6003543726963,35.1234732288884],[-95.6004933728372,35.1233362288341],[-95.6008273729984,35.1227872285811],[-95.6009103723328,35.1225352286011],[-95.6009943726227,35.1224202286686],[-95.601021372959,35.1221912279575],[-95.6008823727934,35.1219862283656],[-95.6007433726326,35.1218482282784],[-95.6004923726706,35.121665227912],[-95.6000743721372,35.1211852281921],[-95.5996283721269,35.1210252280006],[-95.5991273722773,35.1210482281905],[-95.5980403713438,35.121231228622],[-95.5978733716883,35.1211632281798],[-95.5980683717117,35.120796228266],[-95.5979293715494,35.1206362280596],[-95.5970083711146,35.1207512280327],[-95.5962843707863,35.1203622280443],[-95.59625637127,35.1201332282352],[-95.5972593710092,35.1199962281388],[-95.5973703716502,35.1198582280394],[-95.597286371329,35.1195382276172],[-95.59901437141,35.119331227842],[-95.600351372231,35.1189422277534],[-95.6005463722693,35.1187812274845],[-95.6005183718454,35.1184382277933],[-95.6002953722825,35.1182552274254],[-95.5988743720214,35.1180722280151],[-95.5985963717001,35.1177982279333],[-95.5983733712296,35.1175002276371],[-95.5981783711732,35.1174092279301],[-95.5971743713629,35.1172032274346],[-95.5963933710875,35.1167912272833],[-95.5963103708242,35.1166312270742],[-95.5969783712239,35.1166082277755],[-95.5970063706891,35.1161272270884],[-95.5971453708383,35.1161042269161],[-95.5973683712972,35.1162422269992],[-95.5975913708535,35.1163332276042],[-95.5981483715031,35.1163332275772],[-95.5986233719606,35.1165162270335],[-95.5987623712104,35.1164932268612],[-95.5991243718037,35.1164012270808],[-95.599124371784,35.1161272269855],[-95.5987893715006,35.1156232270498],[-95.5989293716814,35.1153942272325],[-95.5992353714845,35.1154172273832],[-95.5994303715459,35.1155772266876],[-95.6006003718581,35.1157602270094],[-95.6014913718058,35.115714226635],[-95.6017703721439,35.1155762265276],[-95.6020763719306,35.1153702268677],[-95.6020483723946,35.1148672269634],[-95.6019093722289,35.1146612264259],[-95.6015183720532,35.1142492271551],[-95.6014633721841,35.114020226448],[-95.6014063721498,35.1127842267825],[-95.6013503721998,35.1120752263352],[-95.6014063720905,35.1119602264042],[-95.6014613719184,35.1116172267089],[-95.6012943722612,35.1115252260549],[-95.6007373716083,35.1114802266965],[-95.6006253717986,35.1113192264425],[-95.6004303716682,35.1101982258127],[-95.6004023712262,35.1096032261456],[-95.6005973712727,35.109557225805],[-95.6014883721363,35.1097402261404],[-95.6018783722376,35.109763226287],[-95.6021843720242,35.1095562256816],[-95.6021843719798,35.1089382258475],[-95.602100371675,35.108847226135],[-95.6020443717447,35.108412225783],[-95.6021833718757,35.1081372256347],[-95.602462372181,35.1075422250533],[-95.6025453715039,35.1071302257595],[-95.6023503714408,35.1069472253902],[-95.6023223719015,35.1063982251547],[-95.6025443713982,35.1063062253811],[-95.6027673718341,35.1061232249916],[-95.6028783715627,35.1058022254129],[-95.6029343714584,35.1057572251254],[-95.6031563718215,35.1052072248314],[-95.6032403721115,35.1050932249453],[-95.603240372095,35.1048642251348],[-95.6031003718864,35.1047042249284],[-95.6024043719654,35.1044292248207],[-95.6010813708514,35.1042222251937],[-95.6008913710198,35.1040322245001],[-95.6008913710028,35.1037962252649],[-95.6011963716459,35.1036382251295],[-95.6011963715812,35.102739224876],[-95.6016113710504,35.1028602250621],[-95.6021803713631,35.1029422243343],[-95.6025423719646,35.1029642244359],[-95.6028213714099,35.1029182249907],[-95.6034613713891,35.1025982245332],[-95.6038233719576,35.1021632241609],[-95.6038513714262,35.1017282247041],[-95.6037673720076,35.1014532245666],[-95.6039343716089,35.1007672242741],[-95.604101372126,35.1003092237457],[-95.6042673717007,35.0998972235485],[-95.60432337158,35.0996222243035],[-95.6044063718186,35.0994392239208],[-95.6044613715725,35.0980652232565],[-95.604545371846,35.0977222235599],[-95.6046283720913,35.0976312238394],[-95.6053803718865,35.0975622233062],[-95.6056033723075,35.0971722232254],[-95.6056303717215,35.0966232229873],[-95.6055193719551,35.0964172233477],[-95.605518371889,35.0961422232062],[-95.605741372338,35.0961422231954],[-95.6059923723033,35.0963712229937],[-95.6061873723597,35.0964632236464],[-95.6063543720103,35.096462223592],[-95.6063543719856,35.0961192230001],[-95.6071343721899,35.0961872234126],[-95.6075793721422,35.096187223391],[-95.6077463726774,35.0959812228386],[-95.6078853727953,35.0955232232109],[-95.608136372736,35.0954092233167],[-95.6081353726714,35.0951572233407],[-95.6083303727115,35.0950202232836],[-95.6093883732042,35.0949052224045],[-95.6099453729496,35.0948362227802],[-95.6099733733059,35.0942412231102],[-95.6100843730477,35.0941032230109],[-95.6100843730099,35.0935772229396],[-95.6094713724185,35.0929822224015],[-95.6094703723376,35.092501222615],[-95.6102773727779,35.0909452224812],[-95.6104723727965,35.090510222117],[-95.6106383723564,35.0898922222748],[-95.6110003728938,35.0890222215478],[-95.6112223723773,35.0887472213954],[-95.61152837306,35.0884952214045],[-95.6118353728964,35.0883352211765],[-95.6123363727427,35.0882662215548],[-95.6127543732564,35.0884722211795],[-95.6130323735579,35.0884712211197],[-95.6131713737022,35.0883802213964],[-95.6135333733731,35.0879682211896],[-95.6136443731001,35.0876242214454],[-95.6135883731731,35.0872352214245],[-95.6140613734983,35.0868692215434],[-95.6143393737736,35.0865022207261],[-95.614367373229,35.0858842208907],[-95.6141993735074,35.0855412212062],[-95.6140043734444,35.0853582208369],[-95.6139493735836,35.0852442209575],[-95.6139763730075,35.084832220767],[-95.6142263728721,35.0843052206373],[-95.6140873735845,35.0838022207383],[-95.6143373734738,35.0836182203011],[-95.6143373734475,35.083252220443],[-95.6144213728414,35.0831842199886],[-95.6147823733916,35.0831382205393],[-95.6150053729462,35.0832062200795],[-95.6154793733457,35.083229220222],[-95.6157573736407,35.0831372204457],[-95.6162023735453,35.0824732202589],[-95.6161743740307,35.0822672206153],[-95.6155893738598,35.0819702203829],[-95.6156173733449,35.0817642198373],[-95.615895373635,35.0816032204636],[-95.6162853737314,35.0815582201599],[-95.6163963734682,35.081351219564],[-95.6164243738493,35.0811002196329],[-95.6163403735462,35.0810312200396],[-95.6162843736325,35.0808252194981],[-95.6158943735148,35.0805742195873],[-95.6154213731337,35.080162219421],[-95.6153933736059,35.0797732193986],[-95.6153653731871,35.0794982192584],[-95.6152533733824,35.0794062195011],[-95.6151413735417,35.0788112198378],[-95.6150583732817,35.0786972199598],[-95.6151413735023,35.078262219601],[-95.6152243728466,35.0781482197148],[-95.6152523731998,35.0775072197138],[-95.6153073730409,35.0773462194517],[-95.6155303734899,35.0773462194408],[-95.6159203735994,35.0774842195158],[-95.6160873732484,35.0774612193422],[-95.6160873732189,35.077049219153],[-95.6161703734559,35.076843219504],[-95.616198372936,35.0765682193611],[-95.6160583727142,35.076225218776],[-95.6157523728947,35.0759732188148],[-95.6152513730204,35.075653219312],[-95.6139703729517,35.0754022194444],[-95.6138863726437,35.0752642193545],[-95.6139693728364,35.074440218972],[-95.6141083720781,35.0743032189177],[-95.6141083720534,35.0739602183258],[-95.6139413723847,35.0737082183578],[-95.6139413723699,35.0735022187128],[-95.6140803725141,35.0734102189433],[-95.614358372824,35.0735252188582],[-95.6146923730493,35.0738682185346],[-95.6149993729315,35.0743482191593],[-95.6151943729995,35.0746002191258],[-95.6163083734667,35.0755382193324],[-95.6163643733837,35.0757902193057],[-95.6165873729482,35.0759952188935],[-95.6169223732247,35.0764072190665],[-95.6169493735874,35.0765452191591],[-95.6171453737049,35.0768422194104],[-95.6175353738325,35.0772312194152],[-95.6177023735029,35.0775062195487],[-95.6179813738739,35.0778262190622],[-95.618092373632,35.0779172196727],[-95.6181203740394,35.0780322195997],[-95.6191233738557,35.0789702198116],[-95.6199313744903,35.0794732196782],[-95.6201263745664,35.0798392195269],[-95.6201823744852,35.0801142196657],[-95.6204603747966,35.0802512196999],[-95.6211573747638,35.0805252197614],[-95.6224373747745,35.0806162194158],[-95.6246663756486,35.081004219285],[-95.6252713758404,35.0812012193832],[-95.6252713759175,35.0822762196914],[-95.6249003757872,35.0821022197474],[-95.6239983753048,35.0818052195303],[-95.6237483753926,35.0816682194948],[-95.6233863756806,35.0815082192991],[-95.6221313750076,35.0810972201164],[-95.6213803752473,35.081006219537],[-95.6208783744371,35.080823220082],[-95.6201823745148,35.0805262198549],[-95.6194863746054,35.0804122200066],[-95.6187623743149,35.0805492200893],[-95.6181223743474,35.0810302199069],[-95.6180393741087,35.0812132202896],[-95.618206373766,35.0813052200444],[-95.619013374318,35.0813042199589],[-95.6202943743603,35.0811892199684],[-95.6204053750163,35.0812582195603],[-95.6205173748241,35.0813952196025],[-95.6205173748307,35.0814872202647],[-95.6200723749014,35.0818072198133],[-95.6198773748796,35.0821972198927],[-95.6198773749107,35.0826312202012],[-95.6199613743392,35.0830432203864],[-95.6202963746207,35.0835242201566],[-95.6204073743937,35.0838212204121],[-95.620519375091,35.0838212204066],[-95.6205473745991,35.0839362203336],[-95.6208253749089,35.0840502202022],[-95.6216603749411,35.0837752200202],[-95.6220223755458,35.0838432204529],[-95.6222733755078,35.0840262199201],[-95.6224133757378,35.0844842204336],[-95.6226363753155,35.0848732204465],[-95.6230273754763,35.0850792200725],[-95.6234723754286,35.0850792200508],[-95.6236673754718,35.0849872202785],[-95.6237233753642,35.084895220513],[-95.6238343759905,35.0845522199157],[-95.6239443756202,35.0834992197215],[-95.6241673760642,35.0834302201134],[-95.6243903756188,35.0834992196998],[-95.6245573761786,35.0836362197394],[-95.6245573761852,35.0837282204015],[-95.6247893761769,35.0840712200828],[-95.6248313763358,35.0842082201285],[-95.6252713760852,35.0846112198796],[-95.625271376178,35.0859042203882],[-95.6244203763212,35.0864292204545],[-95.6240583757427,35.0867262207329],[-95.6239753763985,35.0868412206653],[-95.6239473760108,35.0870012208798],[-95.6240033759361,35.0873672207353],[-95.6243103758185,35.0878482205068],[-95.6243103758283,35.0879852205545],[-95.6243663757306,35.0880312208828],[-95.6243383762669,35.0885342207899],[-95.6241993761441,35.0889242208666],[-95.6236713759778,35.0894502209635],[-95.6236993764033,35.0898162208203],[-95.6238383765804,35.0901832216173],[-95.6236993764345,35.090251221175],[-95.6232263760847,35.0902742213635],[-95.6225583756983,35.0904812210871],[-95.6215823754374,35.0909622218204],[-95.6206363756404,35.0910542216291],[-95.6205243749562,35.0912372220132],[-95.6204973755159,35.091420221494],[-95.6199963756695,35.0914892220149],[-95.6195223752948,35.0918102216112],[-95.6191333752645,35.0921312221027],[-95.6174353748158,35.0928872221132],[-95.6165723743861,35.0931852224622],[-95.615375374688,35.0939412224483],[-95.6145403737679,35.0943762228436],[-95.6142063735936,35.0947422227179],[-95.6139833740505,35.0948342224915],[-95.6138443739112,35.0949942227115],[-95.613343374083,35.0953152223092],[-95.6125643739727,35.0959102229149],[-95.6122023733993,35.0962772228369],[-95.6120633732683,35.0965522229851],[-95.6119243731256,35.096666222874],[-95.6112843731843,35.097513223449],[-95.6106163737728,35.0987722233152],[-95.6102833736811,35.0996422240409],[-95.6102833737009,35.0999172232831],[-95.6101163731674,35.100146224001],[-95.6100603732946,35.1005122238618],[-95.6099493735578,35.1007182235121],[-95.6099213731767,35.1009702234895],[-95.6096993737244,35.1016802239966],[-95.6097553736366,35.1018632243725],[-95.6098393730404,35.1019312239194],[-95.6098673734741,35.1024122246039],[-95.6100063736348,35.1025492237455],[-95.6100083739086,35.1050672243122],[-95.6099523740211,35.1052272245281],[-95.6098973733547,35.1064182248135],[-95.6099533741744,35.1067152250716],[-95.6096193740364,35.1075852248979],[-95.6098723741737,35.1089172254012],[-95.6095653734213,35.1088442256336],[-95.6096483736797,35.1089352253461],[-95.609650373942,35.1112932256996],[-95.6095673737314,35.111865226106],[-95.6094563740638,35.1130332262286],[-95.6094843744745,35.1131932264404],[-95.6095403744063,35.1136502260123],[-95.6096243738185,35.1138342264332],[-95.6096803746745,35.1146352266432],[-95.6097643740914,35.1148862265689],[-95.6097363746015,35.1150242266642],[-95.609903374267,35.115230226301],[-95.6099313746825,35.1154582269631],[-95.6100703748466,35.115642226482],[-95.610126374767,35.1159392267401],[-95.6102383745732,35.1160532266167],[-95.6103503744157,35.1166712264453],[-95.610433374684,35.1169002271511],[-95.6105173750382,35.1176782271942],[-95.610629374861,35.1180222269277],[-95.6106303749732,35.1189372270224],[-95.6107413747266,35.1189602271826],[-95.610769375152,35.1193262270393],[-95.6109093753625,35.1195092274112],[-95.6111323749781,35.1204252275415],[-95.6112723752049,35.1208372277239],[-95.6113563755294,35.1212032275778],[-95.6114673752877,35.121294227289],[-95.6114673753008,35.1214772276676],[-95.6115793751088,35.1216152277561],[-95.6116073755145,35.1217062274713],[-95.6121643752962,35.1221412277989],[-95.6124153752516,35.1222322275033],[-95.6127193758753,35.1224492276427],[-95.6141423761739,35.121865227515],[-95.6147273763152,35.1217512276044],[-95.6157853758756,35.1211782271044],[-95.6165373765684,35.121086227305],[-95.6166483763135,35.1209942275368],[-95.6165923763848,35.1205822273504],[-95.6170933762148,35.1202852270653],[-95.6173163766505,35.1201012266294],[-95.6173443770299,35.1198272274322],[-95.6172043768195,35.1196442270603],[-95.6171483769057,35.1194382265187],[-95.6173153765497,35.1193462267478],[-95.6175943769093,35.1195062269474],[-95.6177343771262,35.1197812270821],[-95.6180123765286,35.1197812270686],[-95.6181513766695,35.119643226968],[-95.6180403768981,35.1193692268781],[-95.6177333770271,35.1190482264204],[-95.6170083766541,35.1186822265976],[-95.6170083766442,35.11854522655],[-95.6171203764373,35.1184762269472],[-95.6173433768879,35.1184992271019],[-95.6187363767745,35.1190252271054],[-95.619209377126,35.1190252270825],[-95.619851377201,35.1187502269097],[-95.6200463772344,35.1185212261905],[-95.620073377541,35.1178802261896],[-95.6202683775776,35.1176962266544],[-95.6202123767645,35.1174912261592],[-95.6200173766965,35.1172392261927],[-95.6200163775248,35.1168962265002],[-95.620072377404,35.1166212263559],[-95.6200443769752,35.1162092261682],[-95.6199313771242,35.1161172264108],[-95.6199033767168,35.1160032265301],[-95.6196253772963,35.1157512265676],[-95.6192623766024,35.1150882264664],[-95.6191503767978,35.1149962258097],[-95.6190953769303,35.1147902261674],[-95.6189833771323,35.1147902261729],[-95.6188443769634,35.11453922625],[-95.6187603766653,35.1145392262541],[-95.6187883770413,35.11421822578],[-95.618955376687,35.1141492261746],[-95.6191503767434,35.114241225928],[-95.6194843769655,35.1145382261725],[-95.6195963767734,35.114676226261],[-95.6203773770652,35.1153162261764],[-95.6206003775405,35.1156822260236],[-95.6207403768714,35.116140226537],[-95.6210193772374,35.1163912264532],[-95.6211083777675,35.1163912264488],[-95.6212143772873,35.1163912264437],[-95.6214363776817,35.1162772265508],[-95.6217983773459,35.1157732256819],[-95.6224943771976,35.1150862262167],[-95.6225493779314,35.1148342262381],[-95.6224103777493,35.1143992258901],[-95.6224093776618,35.1138272254879],[-95.622911377548,35.1136672252503],[-95.6230223772913,35.1135522253166],[-95.6230223772715,35.113277225175],[-95.6231053775168,35.1131862254545],[-95.6235923776192,35.113201225226],[-95.6238293778187,35.1132082255385],[-95.6245513780181,35.1130952256677],[-95.624551378,35.1128432256917],[-95.6245233775909,35.1127052255991],[-95.6244383781079,35.1121812256246],[-95.6242983778959,35.1119752250871],[-95.6242703774769,35.111700224947],[-95.6241863780732,35.1116322254001],[-95.6241573776111,35.1114032246917],[-95.6240463778497,35.1112672246958],[-95.6240723781314,35.1109232249557],[-95.6242673781829,35.1109472251581],[-95.6245173780985,35.1111292254783],[-95.6246293779081,35.111290224833],[-95.6247653779313,35.1114502250396],[-95.6248763776945,35.1116112252936],[-95.625262378514,35.1116942255203],[-95.6256943778693,35.1117762247992],[-95.625877378262,35.1117762247903],[-95.6263773780473,35.1115032247171],[-95.6265723780807,35.1112752249434],[-95.626737378482,35.1104972248882],[-95.6268213787654,35.1102922243862],[-95.6268763785686,35.1096052249521],[-95.6270153787113,35.1094922242102],[-95.6276823781702,35.1095392245553],[-95.6280993786177,35.1094702249377],[-95.6284883786496,35.109173224658],[-95.6287393785639,35.1086932240064],[-95.6288223787878,35.108305224025],[-95.6289323784832,35.1081682239721],[-95.629349378934,35.1081452246856],[-95.6299623794712,35.1079862244889],[-95.6304073793956,35.10759822449],[-95.6307393794213,35.1064562237619],[-95.6308783795638,35.1063412238267],[-95.6316003797584,35.1061602235055],[-95.6317403790315,35.1058172238062],[-95.6325463794847,35.1050862231979],[-95.632769379909,35.1047432234945],[-95.6328243797484,35.1045602231132],[-95.6329343794471,35.1044692233913],[-95.6330173796792,35.1041942232457],[-95.6330183797255,35.1041942232456],[-95.6329903793084,35.1039432233173],[-95.6324603789803,35.1035092230347],[-95.6322093790216,35.1033722229992],[-95.6321253796145,35.1032572230749],[-95.6322363793612,35.1031892235186],[-95.6326253794113,35.1031442232149],[-95.6333493797132,35.1031672233452],[-95.6336263799636,35.1031002229277],[-95.633653379399,35.1028482229504],[-95.6334863797253,35.1025282234316],[-95.6340423794227,35.1024372227887],[-95.6344043800241,35.1024602229366],[-95.6346823794315,35.1025302225667],[-95.6349313801803,35.1024392228381],[-95.6353493797551,35.1020962231253],[-95.6356273800338,35.1017762226854],[-95.6357103802708,35.1015712230828],[-95.6357933805144,35.1014572222973],[-95.6357933804897,35.1011142226048],[-95.6358763798307,35.1009542223876],[-95.6360433803741,35.1008622226167],[-95.6360703798045,35.1005422221891],[-95.6360153799387,35.1003592227123],[-95.6360153799273,35.1002002225455],[-95.6362373803217,35.1000862226526],[-95.6364043799756,35.10013122203],[-95.6367093806531,35.1004522224878],[-95.6369023806431,35.1009112221456],[-95.6370963806615,35.1011182227267],[-95.6370973807161,35.1012322226088],[-95.6371803800735,35.101301222202],[-95.6374573803716,35.1018972228027],[-95.6375393805902,35.1020802231774],[-95.6375683810424,35.1021722229388],[-95.6376233808967,35.1021952231017],[-95.6376513804047,35.1023102230288],[-95.6379563810971,35.1028372231314],[-95.6380943812064,35.1029052226757],[-95.6381763805389,35.1032732226225],[-95.6388163814849,35.1038922233711],[-95.6390383810047,35.1041212231707],[-95.6392043815148,35.1042122228792],[-95.6392603814205,35.1043052226856],[-95.6401493813265,35.1049702228538],[-95.6411493818884,35.1057042235133],[-95.6413713822861,35.1056352230059],[-95.6414543816304,35.1055222231661],[-95.6416013821435,35.1054012229528],[-95.6417933820436,35.1052532232859],[-95.6419053818268,35.1050472227362],[-95.6419333822061,35.1047722225933],[-95.6403743817569,35.1034222231189],[-95.6402623810562,35.1033762227933],[-95.640151381293,35.1032152225392],[-95.6392323808705,35.1022082227261],[-95.6387593804615,35.1014072225364],[-95.6386483806868,35.1010862229684],[-95.6384263811538,35.1006742227901],[-95.6383983807481,35.1005832221755],[-95.6382863809353,35.1003772225361],[-95.6382033806671,35.1001482227296],[-95.6381203804119,35.1001022224026],[-95.6380923809054,35.1000102226411],[-95.6379533807431,35.0998502224347],[-95.6379813802348,35.0997362225513],[-95.6378693804301,35.0996442218946],[-95.6378693804219,35.0995302220125],[-95.6378143805644,35.0994612224178],[-95.6376753803741,35.0989122221878],[-95.6379533806526,35.0985912217017],[-95.6380653804293,35.0982942223348],[-95.6382043805653,35.0980882217839],[-95.6385943806534,35.0979282215517],[-95.638900380468,35.0981112219156],[-95.6389563803835,35.0983402217233],[-95.6391233809417,35.0984542215973],[-95.6392903805907,35.0984322223692],[-95.6395413805231,35.0982032216473],[-95.6397643809408,35.097768222181],[-95.6396533811529,35.0972642213351],[-95.6395693808515,35.0972192219538],[-95.6395693808334,35.0969672219778],[-95.6398763806549,35.0966012212054],[-95.6401273805675,35.0960972212412],[-95.6402383812103,35.0959832213538],[-95.6408513808678,35.0960972212061],[-95.6412133814692,35.0961202213541],[-95.6412963808184,35.0960752210652],[-95.6416583814116,35.0959832212849],[-95.6417983816154,35.0960752210409],[-95.6418253811166,35.0967392212047],[-95.6419643812789,35.0968992214111],[-95.6420203811911,35.0970822217871],[-95.6425213819433,35.0971052219283],[-95.642660381208,35.0972882214009],[-95.6428833816652,35.0974032213185],[-95.643245381369,35.097449221632],[-95.643579381563,35.0973572218529],[-95.644277381519,35.0968312217478],[-95.6445553817845,35.0963282209293],[-95.6445833821671,35.0960992211175],[-95.6446673815594,35.0960072213505],[-95.6446673815034,35.0952292213033],[-95.6447793821662,35.0947482215114],[-95.6446953818417,35.0943822207581],[-95.6439723815468,35.0938102212902],[-95.6438873811857,35.0935812205846],[-95.6442783813268,35.0935122209683],[-95.6444453818882,35.0936722211733],[-95.644751381693,35.0937182205902],[-95.645141381791,35.093696220452],[-95.6453923817299,35.0935582212453],[-95.6454203821242,35.0934902207936],[-95.6455873817518,35.0931692203129],[-95.6460883824712,35.0927352208794],[-95.6465903823524,35.0925062201453],[-95.6472863822666,35.0926892204902],[-95.6476203824623,35.092621220923],[-95.6476203824491,35.092437220498],[-95.6473703825368,35.0923002204625],[-95.6468963821094,35.0918882202964],[-95.646841382237,35.0916132201574],[-95.6470913821279,35.0914532199322],[-95.6471473820071,35.0911782206873],[-95.647370382448,35.091064219895],[-95.647843382796,35.0910182204403],[-95.6480943827581,35.0912022199538],[-95.6484003825579,35.0911792206727],[-95.6484283829439,35.0909962202926],[-95.6485673830799,35.0907902197417],[-95.6490413825734,35.0907212201213],[-95.6490973824774,35.0907902197159],[-95.649431382678,35.0907902196997],[-95.6496543831138,35.0906072202095],[-95.6497093829533,35.0904242198282],[-95.6497373832916,35.0895772201822],[-95.6501273833896,35.0895542199978],[-95.6506563827654,35.0898982197109],[-95.6510743832723,35.0900122195727],[-95.6514643833654,35.0899212198372],[-95.6520493834819,35.0894632201879],[-95.6522163831013,35.0890282198251],[-95.6522163830652,35.0885252199194],[-95.6521333837044,35.088410219995],[-95.6518823837408,35.088204219463],[-95.6513813829721,35.0879522195113],[-95.6513813829541,35.0877012195816],[-95.6518553833223,35.0872892193694],[-95.6520223829498,35.0869682188887],[-95.6520223829153,35.0864882191485],[-95.6515213830427,35.0861902188658],[-95.6515213830345,35.0860762189837],[-95.6520503832718,35.0858932194786],[-95.6521613830101,35.0857092190482],[-95.652217382878,35.0852752187371],[-95.6519953833435,35.0848402192925],[-95.6514383826774,35.0846112186098],[-95.6511873827039,35.0842672188831],[-95.6509373827654,35.0837642189895],[-95.6504643823876,35.0833972191081],[-95.6501023826806,35.0833062185098],[-95.6495733824302,35.0833062185354],[-95.6492943820937,35.0834662187622],[-95.6489883823103,35.0837172187068],[-95.6489603819441,35.0841752192284],[-95.6486543821557,35.0843582187226],[-95.6486813825496,35.0849302191236],[-95.6485983823225,35.0852742188665],[-95.6483473823819,35.0853882187608],[-95.6481243819247,35.0852742188895],[-95.647902382405,35.0850452190898],[-95.6477903816929,35.0848392194503],[-95.6476233820323,35.0847012193645],[-95.6471783820965,35.0849302191966],[-95.6463703815096,35.0850902194489],[-95.646231381367,35.0852042193378],[-95.6455073810866,35.0854792195145],[-95.6450893815035,35.0857082193452],[-95.6446983813624,35.0857762198145],[-95.6445313808058,35.0856842191605],[-95.6443363807364,35.0854102190747],[-95.6440023814136,35.0851122196831],[-95.6434183812925,35.0848602197354],[-95.6431673804411,35.0848142194166],[-95.6428053807702,35.0852262196233],[-95.6424153806706,35.0852262196423],[-95.6420533809553,35.0850202191156],[-95.641831380533,35.0847452189847],[-95.6417753806257,35.0846312191054],[-95.6416643799682,35.0845392193479],[-95.6414143800361,35.0841272191709],[-95.6409683800046,35.0836692195716],[-95.6409413805018,35.0829822192422],[-95.6407743799404,35.0828222190371],[-95.6402733800957,35.0829142188243],[-95.640022380137,35.0827762187425],[-95.6395773792377,35.0821122185989],[-95.6391323792723,35.0819292191411],[-95.6387973790385,35.0821122186368],[-95.638741379169,35.0825242188287],[-95.6386023790347,35.0827532195452],[-95.6382963792381,35.0828212191111],[-95.6381293795629,35.0824782194266],[-95.6377393794369,35.0821122186881],[-95.6377123790759,35.081997218761],[-95.636876378953,35.081654219109],[-95.6367653792062,35.0817222186654],[-95.6367373788301,35.0820432191394],[-95.6370713790619,35.0824782194779],[-95.6370993794759,35.0826842191215],[-95.6368483786737,35.0833242190871],[-95.6367083793825,35.083416219756],[-95.6360683784974,35.0836442195513],[-95.6354833783809,35.0841022192006],[-95.6352603788526,35.0843992194722],[-95.6352323784698,35.084628219284],[-95.635093378347,35.0850172193144],[-95.6351763786251,35.0853842201141],[-95.6352033790256,35.0860472202317],[-95.6349813786262,35.0860932196742],[-95.6348143789674,35.0859792198002],[-95.6347033782721,35.0853612199715],[-95.6346193788666,35.0852692202128],[-95.6345363785983,35.085040219507],[-95.6341743788765,35.0847422201167],[-95.6341463784576,35.0844682200228],[-95.633952378413,35.0838952195836],[-95.6339243780024,35.0837352193718],[-95.6338133782359,35.0835292197323],[-95.6334793780156,35.0832542196069],[-95.6327833780964,35.0830022196647],[-95.6325323781459,35.0829792195113],[-95.6321423780546,35.0830942194586],[-95.6317803774563,35.0831162195954],[-95.6310853775605,35.0825442192268],[-95.6310013772278,35.0820632194444],[-95.6308623770639,35.0818802190724],[-95.6308623770507,35.081697219593],[-95.6315313774902,35.0815832196785],[-95.6320883781266,35.0814002192727],[-95.6321443780059,35.0811252191285],[-95.6317263774742,35.0806672195278],[-95.6309193769057,35.0804382188571],[-95.6300843768653,35.0805982191108],[-95.6300003774615,35.0805292195176],[-95.6300003774336,35.0801402194939],[-95.6291653764643,35.0798882186591],[-95.6291653764528,35.0797282193452],[-95.6292493767444,35.079636218679],[-95.6304463773928,35.0795912192354],[-95.6312263775724,35.0793172191023],[-95.6322843771707,35.0792712187199],[-95.6325623774575,35.0790652190615],[-95.6327023776366,35.078814219125],[-95.6327863779135,35.0785162188138],[-95.6328693772577,35.0784022189277],[-95.6331483776024,35.0783562185831],[-95.6332313778592,35.0784252190757],[-95.6332593773984,35.0789742184119],[-95.633370378056,35.0790662190686],[-95.6337043782549,35.0790432188869],[-95.6338713778991,35.0789522182629],[-95.6339833776872,35.0788142190628],[-95.6342893783863,35.0787912188825],[-95.6344563780518,35.0789982185656],[-95.6344563780814,35.0794102187548],[-95.634539378343,35.0795472187984],[-95.6347343784027,35.0796842188366],[-95.635124378504,35.0797072189832],[-95.6352913781464,35.079593219093],[-95.6356533787183,35.0792042190518],[-95.6361823789425,35.0788382182686],[-95.6367953785507,35.0782662187359],[-95.6376583789952,35.0781752180782],[-95.6379363792886,35.0780602181363],[-95.63804837908,35.0779692184143],[-95.6380763785651,35.0777632178687],[-95.6379923791613,35.0776942182755],[-95.6379653787904,35.0774422183007],[-95.63874437894,35.0773972179781],[-95.639218379328,35.0772602179076],[-95.6397193791448,35.0767792180967],[-95.6401933795032,35.076230217837],[-95.6402483793246,35.0757952174795],[-95.6403043792187,35.0757272179258],[-95.6404993792636,35.0756582174197],[-95.6408053799791,35.0758642179491],[-95.6409443792355,35.0759332175397],[-95.6410563799312,35.0759102173687],[-95.6411123798056,35.0755672176734],[-95.641696379907,35.0755442174796],[-95.6418083796919,35.0753612179947],[-95.6421143794933,35.0753612179799],[-95.6422253801509,35.0754532177374],[-95.6423093795596,35.0755902177809],[-95.6423643803165,35.0756592173755],[-95.6425873798661,35.0756592173647],[-95.6428663801846,35.075247217162],[-95.6432833797327,35.0751782175445],[-95.6435343805726,35.0750642176502],[-95.6436183799501,35.0747662173391],[-95.643645380298,35.0746982177867],[-95.644091380295,35.0746752175995],[-95.6444533799856,35.0745382175344],[-95.6444813803601,35.0741952169411],[-95.6445923801019,35.0740572168418],[-95.644731380256,35.0741032171661],[-95.6450383801202,35.0743322169617],[-95.6456503806356,35.0745152173108],[-95.646264381229,35.0744932171617],[-95.6466813807673,35.0742872174966],[-95.6466813807213,35.0736462174969],[-95.6465983804645,35.0735772170043],[-95.6465703809351,35.0731652168164],[-95.6460133802691,35.072936217033],[-95.6458183802045,35.0727302173975],[-95.645762380294,35.072570217187],[-95.6462093803374,35.0725472169998],[-95.6467933804454,35.0726162165688],[-95.6470723807868,35.0725252168387],[-95.6476013810355,35.0725022166475],[-95.6478513809282,35.0723652165878],[-95.6481303812498,35.0719982166698],[-95.6483253812881,35.0718382164472],[-95.648909381378,35.0716552169395],[-95.6493833817512,35.0713122163246],[-95.6495503813739,35.0709232162929],[-95.6497453814007,35.0706032167564],[-95.6497733817818,35.070351216779],[-95.6493833816625,35.0700762166564],[-95.648938380783,35.0696872166543],[-95.6486883808691,35.0695272164533],[-95.6477693805108,35.0694122165694],[-95.6475463809546,35.069320215918],[-95.6474913810692,35.0688632163461],[-95.648159380553,35.0686112163377],[-95.6491893815507,35.0685652159566],[-95.6496903813937,35.0684512160502],[-95.6501363813742,35.0681992160526],[-95.6502753815136,35.0680392158326],[-95.6502473810717,35.0674442161655],[-95.6499973811595,35.0673072161299],[-95.6494963812803,35.0669182161306],[-95.6494963812655,35.0667122155863],[-95.6495803815555,35.0665972156539],[-95.6503593817166,35.0667122155445],[-95.6507213814186,35.0667352156925],[-95.6507773813012,35.0665062158793],[-95.650721381394,35.0663912159536],[-95.650665381477,35.0661402151272],[-95.6505823812252,35.0661402151312],[-95.6505543816777,35.0654762158667],[-95.6504993809126,35.0652932154907],[-95.6503323811914,35.0643092149072],[-95.6497203806563,35.0638512153159],[-95.6493583809411,35.0636452147892],[-95.6490833807654,35.0634602152305],[-95.6496993805506,35.0634152149158],[-95.6499513814351,35.0632772148097],[-95.6500683814093,35.062500214803],[-95.650267380701,35.0618822149592],[-95.6503063806109,35.0604872142228],[-95.6503353810384,35.0602352142454],[-95.6507563807508,35.0598702144132],[-95.6510393812416,35.0592752138315],[-95.6510973812087,35.0589322141361],[-95.6515203809877,35.0582012144456],[-95.6517163810822,35.0581782142706],[-95.6519973815065,35.0579492135472],[-95.6520813808972,35.057835213661],[-95.6525583814046,35.057424213495],[-95.6525353811913,35.0567832134964],[-95.6524533809712,35.0565772138554],[-95.6522033810671,35.056554213702],[-95.6519543812209,35.056692213808],[-95.6514843810087,35.0566922138308],[-95.6512913810369,35.0564862132958],[-95.6512963812227,35.0558452132959],[-95.6517753808958,35.0550452131061],[-95.6518043813249,35.0548162132942],[-95.651666381209,35.0546562130877],[-95.6513353811327,35.0544502134588],[-95.6513363811678,35.0542912132918],[-95.6518133807873,35.0540392132927],[-95.6519253805771,35.0539252134052],[-95.6520393804334,35.0534442127138],[-95.652405381181,35.0529192126711],[-95.6524353807506,35.0525982130963],[-95.6523253810355,35.052461213054],[-95.6523033808589,35.0516832130077],[-95.6518613810211,35.0513402124372],[-95.6516693801899,35.051043213085],[-95.6516433807565,35.0506762122825],[-95.6517283801936,35.0505622123963],[-95.6521203803778,35.0504492125415],[-95.6523163804674,35.0503572127691],[-95.6523463809331,35.0499912129095],[-95.6521833805325,35.049487212066],[-95.6519623801682,35.0493732121946],[-95.6515463806615,35.049374212261],[-95.6513263803385,35.0491912127923],[-95.6511063800057,35.0488702123303],[-95.6509703799613,35.0484122127159],[-95.650944380528,35.048047212006],[-95.6508623803128,35.0479102119623],[-95.6508363799884,35.0476582119875],[-95.6507533797316,35.0475892123943],[-95.6506713804074,35.0473372124222],[-95.6499543794852,35.0466752123842],[-95.6495123796556,35.0464452116495],[-95.6488203799499,35.046583211777],[-95.648653379395,35.0465142121877],[-95.6484333790721,35.046332211866],[-95.6481293793504,35.0461492124013],[-95.6476853794346,35.0460112123289],[-95.6471043794707,35.046011212357],[-95.6468833791227,35.0461252122498],[-95.6466903791838,35.0463782122815],[-95.6465813786518,35.0467442121449],[-95.6463883787029,35.0468592120826],[-95.6461663791865,35.0466752125677],[-95.6456413791298,35.0467902125215],[-95.6455303784707,35.0466762126448],[-95.6455063782259,35.0462412122912],[-95.6460943784898,35.0458982116708],[-95.6464313788099,35.0456242115591],[-95.6464353789611,35.0451442118188],[-95.6462143785901,35.0449382121845],[-95.6449693783859,35.0445952116528],[-95.6445823784058,35.04432021153],[-95.6435583776814,35.0442972123134],[-95.6435603777578,35.0440692116497],[-95.6437013779801,35.0437722113821],[-95.6441223776973,35.0434742119539],[-95.6443743785787,35.0432912115629],[-95.6442363784613,35.0431082111909],[-95.6442113781832,35.0428572112623],[-95.6447993784488,35.0425372117068],[-95.6448003784838,35.0423772114935],[-95.6446623783662,35.0421942111215],[-95.6446353780036,35.0420562110289],[-95.6445533777933,35.0419882114818],[-95.6444183777822,35.0413482115349],[-95.6443363775718,35.0412792110422],[-95.6444203778536,35.0410502112276],[-95.6445893775822,35.0408442115745],[-95.6445903776171,35.0406842113612],[-95.6443143782879,35.040409211233],[-95.6443443778642,35.0401812114673],[-95.6446523777453,35.0399982110737],[-95.6446813781794,35.0398382108591],[-95.6443493780634,35.0397242109931],[-95.6440453774537,35.0397012108423],[-95.6430763774601,35.039381211362],[-95.6429163772356,35.0393942110724],[-95.6416043775534,35.0394952113155],[-95.6404073769182,35.0397232111376],[-95.6402763771533,35.0399322109278],[-95.640489377163,35.0402732114168],[-95.6406733767287,35.0406372111735],[-95.6414173770549,35.0406072115472],[-95.6419383769212,35.0404232110969],[-95.6422603774739,35.0405532117042],[-95.6420913777583,35.0409412116898],[-95.6417863771195,35.0411592110058],[-95.6415923771324,35.0413872116787],[-95.6414113768479,35.0416022117491],[-95.6415353772389,35.042112211973],[-95.6412683774711,35.0424432120223],[-95.6410793768326,35.0428952113747],[-95.6410863771816,35.0432352118274],[-95.6411433771466,35.0435102119662],[-95.6413373771738,35.0438422120395],[-95.6417463772837,35.0442402115607],[-95.6418503776535,35.0448472117799],[-95.6417273773987,35.0455912120578],[-95.6413613775485,35.0460912127417],[-95.6409793778175,35.0460572120854],[-95.640610377761,35.0456192125089],[-95.6401923772234,35.0450762125701],[-95.6394983773999,35.0448642117816],[-95.6399613772663,35.0445662123513],[-95.639737376747,35.0442332122333],[-95.6393563770601,35.044167211894],[-95.6396623768315,35.0437482122651],[-95.6393833764343,35.0430592118552],[-95.6391203768143,35.0428642118329],[-95.6387473766025,35.0428472119632],[-95.638020376192,35.0432492117247],[-95.6378073761789,35.0428602117113],[-95.6372403759486,35.0426322119745],[-95.6381733760261,35.042319211827],[-95.6388703768609,35.0421522121554],[-95.6383853767948,35.0413492118733],[-95.6387593761381,35.0411482115424],[-95.638368375977,35.0409372116848],[-95.6383323760749,35.0405002112392],[-95.6387253763061,35.040396211801],[-95.6387063763088,35.0401782116014],[-95.6384823766999,35.0399992114187],[-95.6373043760617,35.040440211209],[-95.635201375813,35.0425372121715],[-95.6350063757861,35.042857211708],[-95.6349223755387,35.0435662121622],[-95.6348393753098,35.0438872126389],[-95.6346723756756,35.0441162124575],[-95.6338093752442,35.0443902125946],[-95.6331683752318,35.0448932125314],[-95.633085374998,35.0451452125115],[-95.6327783751535,35.0451912128575],[-95.6324453749844,35.044984212283],[-95.631888375226,35.0448702124279],[-95.63091437502,35.0448242121439],[-95.6304413746784,35.0449612122145],[-95.6294113745833,35.0450522128802],[-95.6283543741205,35.044937213003],[-95.6283253737045,35.0453492131937],[-95.6282143739594,35.0454402129156],[-95.6277693740137,35.0455322127],[-95.6272963736622,35.0455312126767],[-95.6269343739749,35.0457142130729],[-95.6261543738215,35.0463552131104],[-95.6252703733334,35.046879213132],[-95.6252703732908,35.0462842134633],[-95.625600373288,35.0460342126646],[-95.6256423734257,35.0458742133487],[-95.6256563731231,35.045141212686],[-95.6256143729609,35.0449582132087],[-95.6255873734763,35.0445232128551],[-95.6258763733871,35.0445012127219],[-95.6268793740042,35.0440662123185],[-95.6301633742867,35.0437022123939],[-95.6310543751205,35.0434732125403],[-95.6312493751556,35.0432672119866],[-95.6311103749983,35.0431762122767],[-95.6301923746781,35.0429462124644],[-95.6284393743078,35.042740212005],[-95.6274653740903,35.0425332123608],[-95.6270753739857,35.0424642127824],[-95.6267973736939,35.0426012119442],[-95.6263503736784,35.0430132121551],[-95.6263223732892,35.0431512122504],[-95.6262393730422,35.0432192127048],[-95.6259883731,35.0433112124798],[-95.6259333732408,35.0432192127196],[-95.6258773733025,35.0426702124853],[-95.6252703729975,35.0421872126356],[-95.6252703714753,35.02089920819],[-95.6266173718511,35.0203752081461],[-95.6277303721899,35.0201702084936],[-95.6290393725856,35.019415207649],[-95.6305973728587,35.0189582079989],[-95.6312373728461,35.0187532074699],[-95.6329073737951,35.0179982075072],[-95.6341323739237,35.0176782070216],[-95.6347723739143,35.0175182076768],[-95.6361353741703,35.0175192076572],[-95.6365523746129,35.0173822075893],[-95.6366083745053,35.0172902069244],[-95.6370253740551,35.0172442074725],[-95.6373873746581,35.0172902068868],[-95.6389173745484,35.0170622070485],[-95.6406983752736,35.0166512068194],[-95.6429793757824,35.0159422071583],[-95.6440093758545,35.0155302069192],[-95.6454843767947,35.0153482065154],[-95.6459843765848,35.0151422068463],[-95.6467083768425,35.0145472062432],[-95.6468193765729,35.0142502059769],[-95.6468473769377,35.013769206189],[-95.6463193767271,35.0136772064516],[-95.6461523761674,35.0135402064121],[-95.6462633768134,35.0134712059101],[-95.6468203765474,35.0132432061189],[-95.6473213763756,35.0129222056219],[-95.647321376343,35.0124652060472],[-95.6472663764707,35.0121902059082],[-95.64687637634,35.0117552055722],[-95.6468493768686,35.0115032055974],[-95.6464873762493,35.0112282054733],[-95.6456803766015,35.011297206009],[-95.6450133762451,35.0112742058757],[-95.6445953757414,35.0112052053992],[-95.6441503757875,35.0111822061545],[-95.6431213757633,35.0116162056135],[-95.639866375024,35.011935206151],[-95.6394763749179,35.0118442064532],[-95.6390043745982,35.0116382059317],[-95.63900437459,35.0115232060033],[-95.6391153743335,35.0114092061158],[-95.6396993744251,35.0112492058744],[-95.6410903750687,35.011089205594],[-95.6414803751585,35.0109522055274],[-95.6417863749386,35.0106542061048],[-95.6418143753198,35.0104032061736],[-95.6416753751608,35.0102882053526],[-95.6399233748256,35.0099212055328],[-95.6399233748142,35.0097612053196],[-95.6401733746954,35.0094642059459],[-95.6402013741773,35.0092122059685],[-95.6401743747058,35.0089602059937],[-95.6405083748819,35.0086172053856],[-95.6408973749285,35.0085252056039],[-95.641759375338,35.0085942051596],[-95.6425103751114,35.0088692052649],[-95.6434283754167,35.0088932054324],[-95.6435403752098,35.0088242049303],[-95.6435953750395,35.0085042054005],[-95.6437353752073,35.0080922052045],[-95.6441243752491,35.0079322049725],[-95.6442633753852,35.0077262053208],[-95.6442643753825,35.0070392049898],[-95.6442083754574,35.0066732051342],[-95.6438193753829,35.0063752048459],[-95.6432353752749,35.0063062052767],[-95.6425953752468,35.0059402045502],[-95.6415383747875,35.0058712050039],[-95.6399253746031,35.0055042051774],[-95.6382293741815,35.0053432049998],[-95.6356423728804,35.0047702046759],[-95.6351973729232,35.0047012051001],[-95.634974373372,35.0046782049454],[-95.6343633728884,35.0042882049048],[-95.6334173721643,35.0039902046433],[-95.6324723723696,35.0034642046175],[-95.6318043719504,35.0032112046274],[-95.6310533721918,35.0031422050663],[-95.6308593721836,35.0030742046253],[-95.6304423717066,35.0027302049065],[-95.6302183711982,35.0025472045386],[-95.6298853710407,35.0025012051228],[-95.6297733712476,35.0025702047256],[-95.6294123715934,35.0025692046967],[-95.629273371428,35.0023632050585],[-95.6291903711386,35.001837204991],[-95.6285503711023,35.0013562043359],[-95.628356371076,35.0010352047719],[-95.6282723707615,35.0008062049654],[-95.6280503712436,35.0006012044781],[-95.6275773708881,35.0005442045598],[-95.6279183704825,35.0001022047637],[-95.6361503727232,35.0001022043661],[-95.6372743735867,35.0001022043118],[-95.6419933747917,35.0001022040838],[-95.6431443751488,35.0006642039678],[-95.6435443748267,35.0008592039835],[-95.644462375163,35.0013172035603],[-95.6451573750568,35.0018662037637],[-95.6452403753315,35.0021872042324],[-95.6454073758929,35.0023472044376],[-95.6457683755519,35.0024162040174],[-95.645852375855,35.00248520451],[-95.6458513758511,35.0030802041788],[-95.645921375506,35.0031652045135],[-95.6459633756588,35.0032172042211],[-95.646296375831,35.0034692041811],[-95.6469363758282,35.0034012045992],[-95.6480763765474,35.0035842040235],[-95.6483823763553,35.0036762037716],[-95.6484113768003,35.0036682042991],[-95.648660376652,35.0036072041608],[-95.6488003768345,35.0034012045091],[-95.6489943768232,35.0031952039554],[-95.6492453767736,35.0032182041088],[-95.6493563765351,35.0033562041974],[-95.6494673762868,35.0033562041921],[-95.6499963765158,35.0030582038593],[-95.6501633770691,35.0031042041823],[-95.6504413764664,35.0030352036722],[-95.6505803766254,35.003150203594],[-95.6505523771337,35.0032642043767],[-95.6507473771982,35.0034702040123],[-95.6509973771006,35.0034712040465],[-95.6512473769932,35.0033332039404],[-95.6514983769437,35.0033562040939],[-95.6515603771618,35.0039292045397],[-95.6519153774042,35.0034712040022],[-95.6522773770932,35.0033112037715],[-95.6524163772473,35.0033572040958],[-95.6524433776164,35.0035852038588],[-95.652749377426,35.0037002037724],[-95.6545033778506,35.0040212041604],[-95.6546143776087,35.0041122038716],[-95.6546143776251,35.0043412036821],[-95.6531383775249,35.0043412037534],[-95.6529723779272,35.0044322043773],[-95.6527773778873,35.0045702044807],[-95.6525543774366,35.004547204326],[-95.6520813770837,35.0045242041833],[-95.651636377138,35.0046152039213],[-95.6507463772336,35.0046152039644],[-95.6507463772613,35.0050042039881],[-95.6505233768188,35.0050952046148],[-95.6501063772626,35.0050502043501],[-95.6494943767587,35.0050262041678],[-95.6491883769769,35.0053012043243],[-95.6484093768323,35.0054152042441],[-95.6482983761862,35.0054842047461],[-95.6482983761993,35.0056672042255],[-95.6487153766746,35.0059882046781],[-95.650022377069,35.0065142046864],[-95.6503563772728,35.0065602050013],[-95.6507453773243,35.0065372048169],[-95.6514413772139,35.0063772045701],[-95.6518023777608,35.0062862048361],[-95.652025377312,35.0063092040915],[-95.6524983776749,35.0064692042819],[-95.6532503774798,35.0065382047422],[-95.6536953783411,35.0066762048146],[-95.654502377997,35.0067222042074],[-95.6545013779801,35.0071342043967],[-95.6542513780924,35.0073402049532],[-95.6532493775184,35.007728204979],[-95.6530823778824,35.0079342046321],[-95.6531383777945,35.0081172050081],[-95.6536663779936,35.0080492045323],[-95.6547243784617,35.0075922049063],[-95.6551413779821,35.0071342043658],[-95.6555583784263,35.0070202044635],[-95.6558373787611,35.006836204025],[-95.6560593782726,35.006951204842],[-95.6561703789448,35.0072492042445],[-95.6562543783485,35.0073172046908],[-95.6565323786468,35.0072722043925],[-95.6571443791343,35.007066204718],[-95.6574223785398,35.0071122041363],[-95.6574783793413,35.0071572044184],[-95.6574223785561,35.0073402047999],[-95.6567543790739,35.0076152040744],[-95.6555303780941,35.0079582047256],[-95.6547513779511,35.0080952048109],[-95.6547513779659,35.0083012044559],[-95.6548623786233,35.0083932051127],[-95.6555583785308,35.0084842047956],[-95.6558083784432,35.0086222048775],[-95.6559473786086,35.0088282045158],[-95.6559473786282,35.0091022046111],[-95.6550013788362,35.00926220487],[-95.6535823778181,35.0097662048909],[-95.6532483776338,35.0099942055705],[-95.6533593783174,35.0104522051862],[-95.652468377487,35.0107272053709],[-95.6523293782486,35.0109102057564],[-95.6519393781621,35.0110932052547],[-95.6510493773649,35.0111842050143],[-95.6505213771739,35.0113672054186],[-95.6501313771005,35.0117332052956],[-95.6495193775466,35.0124192056098],[-95.6494633776592,35.012580205872],[-95.6492963771255,35.0128082056443],[-95.6492123768486,35.0131062059556],[-95.6492963771533,35.0131982057144],[-95.649296377168,35.0134042062587],[-95.6496293773565,35.0138842059829],[-95.6501023777423,35.0143652057466],[-95.65021337752,35.0147312064988],[-95.6506303780101,35.0152582065963],[-95.6508253780811,35.0155562059947],[-95.6509083774336,35.0155562059907],[-95.6510193780992,35.0157622065297],[-95.6515483783807,35.0161972059596],[-95.6522723786989,35.0164492068],[-95.652550378106,35.0165172063375],[-95.6529123787189,35.0167012067451],[-95.6541923787245,35.0167242059494],[-95.6549153789669,35.0165642066006],[-95.655499379101,35.0169992060279],[-95.6559443790499,35.0169532065746],[-95.6563063796398,35.0168162065094],[-95.6565283791431,35.0168162064986],[-95.6566673792988,35.0168852060892],[-95.6565563795603,35.0170682064734],[-95.6560553797401,35.0175032059531],[-95.655527379541,35.0175712064289],[-95.6552483792127,35.0178462065841],[-95.654803379267,35.0179372063222],[-95.6546643791244,35.018051206211],[-95.6546643791375,35.018235206636],[-95.6545533793924,35.018326206358],[-95.6538853789781,35.0181432069109],[-95.6535233783784,35.0181432069284],[-95.6532733784874,35.0183032062543],[-95.6532443790524,35.01985920725],[-95.6529103788796,35.0202482072899],[-95.6528273786409,35.0204312067733],[-95.652882378523,35.0208432069599],[-95.6529663788261,35.0209122074525],[-95.6529933792149,35.0214162074033],[-95.6528823786016,35.0219422074801],[-95.6526313786806,35.0223312075159],[-95.6511003788144,35.0235442079923],[-95.6503483781429,35.0239332080523],[-95.6490003777162,35.024392207785],[-95.6487113778102,35.0244812083222],[-95.6478163776854,35.0246412076794],[-95.647343377352,35.0248932085777],[-95.6469533772769,35.0252362082891],[-95.6464803778462,35.0255342086192],[-95.6464243770904,35.0261292082906],[-95.6459233772686,35.0265402084578],[-95.6456733773841,35.026792208446],[-95.6452833773074,35.0271122088913],[-95.6452273774216,35.0272962084197],[-95.6449773775387,35.0275702085271],[-95.6446983771941,35.0276162088717],[-95.6441983773777,35.0274552086364],[-95.6437803768855,35.0275472084195],[-95.6436973766419,35.0276612092049],[-95.6435573764594,35.0278672088567],[-95.6435853768864,35.028256208879],[-95.6437803769592,35.0285772093423],[-95.6438633772175,35.0286682090549],[-95.6442803767754,35.028737208632],[-95.6442803767951,35.0290122087736],[-95.6435853769552,35.0292182093515],[-95.6431393769712,35.0294232089718],[-95.6429723764508,35.0298352091692],[-95.6429443769739,35.0301562096432],[-95.6429723765097,35.0306592095477],[-95.6430553767811,35.0309342096853],[-95.6434443768574,35.0312552092398],[-95.6440013775217,35.0314612097572],[-95.6446413775334,35.0315982097738],[-95.6461713774351,35.0315302092494],[-95.6471173781575,35.0318052093453],[-95.6473673780698,35.0319432094271],[-95.6490653785677,35.0318742097477],[-95.6495933787799,35.0319892096505],[-95.6503463786132,35.0318062092353],[-95.6504293788405,35.0314632095387],[-95.6503453785161,35.0310972087852],[-95.6501503784548,35.0309362094345],[-95.6500953785842,35.0306852095074],[-95.6503453784867,35.0306852094953],[-95.6521273793023,35.030891209054],[-95.6523773792178,35.0310742094207],[-95.6523773792277,35.0312122086153],[-95.6517653796412,35.0314402093084],[-95.6518763794075,35.0316462089481],[-95.6521543797157,35.0317382095968],[-95.6539073800629,35.0316242087306],[-95.6548543798915,35.0313272093231],[-95.6555493797019,35.030709208556],[-95.656106380358,35.0308012091912],[-95.656801380247,35.0312812088978],[-95.6570523802024,35.0313732086486],[-95.657831380347,35.0312592087287],[-95.6578313803404,35.0311672089659],[-95.6577483809748,35.0309842085911],[-95.6575253805194,35.0308932088854],[-95.6569413804098,35.0308012091508],[-95.6569413803689,35.0302292087483],[-95.6558003804714,35.029610208923],[-95.6550773802013,35.0293812082482],[-95.6544933800885,35.0292442082288],[-95.6537973792865,35.0292212089962],[-95.653825379666,35.0289462088533],[-95.6541033799561,35.0287862086266],[-95.6540763795902,35.0286032082493],[-95.6534913794097,35.0281682088221],[-95.6535473792891,35.0278932086777],[-95.6541873793124,35.0281912080546],[-95.6547163795742,35.0283512082422],[-95.6551333800364,35.0284892083159],[-95.6559953804542,35.028672208653],[-95.6572203805989,35.0285812079778],[-95.6576263805324,35.0284582085587],[-95.6582773810304,35.0282612083996],[-95.6584443806745,35.0281692086287],[-95.6585003805571,35.0279402079161],[-95.6585833807991,35.0278032078644],[-95.6588343807544,35.0278942084682],[-95.6590283807627,35.0279632080561],[-95.6595293806124,35.0279402078663],[-95.6605593815822,35.0275062084073],[-95.6613103813358,35.0275062083709],[-95.6618673819968,35.0276662076579],[-95.6623673818,35.0276432083675],[-95.6626183817406,35.0275292075738],[-95.6634253822876,35.0274612079838],[-95.664677381863,35.027049207734],[-95.6669033825271,35.0264542070582],[-95.6674043832776,35.026454207034],[-95.6680163828951,35.0266602075487],[-95.6684893832432,35.0266142071947],[-95.6689063836809,35.0264092075758],[-95.6689343831545,35.02604220767],[-95.6687953829857,35.0257912068477],[-95.6684893831597,35.0254472071236],[-95.668044383183,35.0251042074525],[-95.6670983824181,35.0242342067887],[-95.6668763828788,35.0237302068473],[-95.6669043823378,35.0231582064435],[-95.6670433824558,35.0227002068158],[-95.667293382332,35.0223342069455],[-95.6674053830015,35.0219452069164],[-95.6674053829557,35.0213042069166],[-95.6673213826527,35.0212362064703],[-95.6673223826875,35.0210752062108],[-95.6664593821892,35.0204112060872],[-95.6662643821328,35.0203202063801],[-95.6657923818017,35.0199542065447],[-95.6653743821941,35.0198392066366],[-95.6653193823333,35.0197252067571],[-95.6657923817461,35.0191752064511],[-95.6660153821492,35.0185352064868],[-95.6661823817867,35.0183512060536],[-95.6662933824148,35.0180312056219],[-95.6663763817623,35.0179622060205],[-95.6664323816139,35.0172992058988],[-95.6666833824538,35.0171842059582],[-95.6667103818942,35.0170012055782],[-95.6674893820421,35.0169332059895],[-95.6677953827232,35.0166582058331],[-95.6678233821952,35.016269205808],[-95.6676293821787,35.0160862054387],[-95.6672393820595,35.0158112053159],[-95.6671563817766,35.0153762058644],[-95.6663773816042,35.0151012057605],[-95.6661823815414,35.0149182053912],[-95.6661963821839,35.0148252055814],[-95.6662103819275,35.0147352050111],[-95.666989382072,35.0146212050913],[-95.6672123816119,35.0144842050329],[-95.6672683823742,35.013980205078],[-95.6676293819988,35.0135682048713],[-95.6684643820277,35.0132482053038],[-95.6692713825468,35.0127902047444],[-95.6694383821942,35.0127442044053],[-95.6697713823631,35.0129502049335],[-95.6697163825317,35.0132482052432],[-95.6696323822385,35.0133172048446],[-95.6696603826556,35.0135682047731],[-95.6698553827087,35.0136142050947],[-95.6700503827471,35.0134542048721],[-95.6703003826167,35.0129962052389],[-95.6703283829963,35.0127222051423],[-95.6703563824715,35.0123782045027],[-95.6698833820941,35.0120122046674],[-95.6696333821851,35.0119202049166],[-95.66927138247,35.0117142043898],[-95.6692433820626,35.011600204509],[-95.6695213823609,35.0115542050638],[-95.6700223822154,35.0116002044714],[-95.6701063825086,35.01153120487],[-95.6703003825105,35.0115092047414],[-95.6704673830719,35.0116692049465],[-95.6705513824903,35.0119432050378],[-95.6706903826542,35.0121272045568],[-95.671163383017,35.0122872047471],[-95.6714133829488,35.0126992049243],[-95.6716633828594,35.0128132047943],[-95.6719973830599,35.0128132047782],[-95.6726093835571,35.0127452042982],[-95.6729153833422,35.0125162044729],[-95.6733603832535,35.0119442049482],[-95.6734723830368,35.0117382043985],[-95.6734723830138,35.0114172048252],[-95.673416383105,35.0112802047802],[-95.6732493834447,35.0111432047406],[-95.6729713831349,35.0110282039263],[-95.672359383524,35.0109142040738],[-95.6718583827619,35.0107532047379],[-95.6715243825467,35.0105472042097],[-95.6714973830851,35.0104332043288],[-95.671413382782,35.0103642047357],[-95.6714413831697,35.0102042045211],[-95.6715523829049,35.0099752038058],[-95.6717473829417,35.0097922043171],[-95.672387382942,35.0097692041205],[-95.6729713830629,35.0100212040684],[-95.6731383836096,35.0099752037292],[-95.6733053832324,35.0095862036974],[-95.6733053832014,35.0091512042419],[-95.6728043833175,35.008694203792],[-95.6727493834469,35.0084422038186],[-95.6729443834819,35.0082362041642],[-95.6730833827269,35.0081442034953],[-95.6733613830039,35.0078012037892],[-95.6735563830635,35.0079382038275],[-95.6735563830782,35.0081442034724],[-95.6731943834041,35.0085112042937],[-95.6731943834138,35.0086482043414],[-95.6736393833791,35.0088312037994],[-95.673806383046,35.0090602036018],[-95.6738063830754,35.009472203791],[-95.6736943832955,35.0097242037725],[-95.6737223837452,35.0104332042213],[-95.6738893834106,35.0106392038582],[-95.6748353841035,35.0105022037648],[-95.675085384014,35.0106162045341],[-95.6750293841396,35.0109602042758],[-95.6750573836476,35.0110742041565],[-95.6755863839159,35.011326204107],[-95.6755303840283,35.0114862043229],[-95.6752803841309,35.0115552039323],[-95.6746123837068,35.0112342043913],[-95.6744733835593,35.0112802047291],[-95.6745013839831,35.0116242044666],[-95.6745563838422,35.0117152041805],[-95.6745843833503,35.0118302041076],[-95.6748073838123,35.0120132044755],[-95.6757263841801,35.0122642043608],[-95.6759483836997,35.0124932041607],[-95.6760873838718,35.0127912044611],[-95.676059384385,35.0129742048412],[-95.6759203842342,35.0129742048479],[-95.6757263842259,35.0129052043606],[-95.6753353840522,35.0125162043558],[-95.6743063839758,35.0122192041447],[-95.6740563831773,35.0122642044416],[-95.6740283837037,35.0126312043474],[-95.6736103832295,35.0129742049596],[-95.67308238305,35.0133172046778],[-95.6730263831674,35.013546204491],[-95.6727763832732,35.0136602052845],[-95.6716913833076,35.0135002051238],[-95.6711623830474,35.0133632051017],[-95.6709683830473,35.0134082044966],[-95.6709953825188,35.0136602053707],[-95.671051383322,35.0137292049653],[-95.6711073832438,35.014049205389],[-95.6705783830017,35.014164205343],[-95.6704263831696,35.0144742053138],[-95.6704113824763,35.0145072050437],[-95.6700213823997,35.0148272054889],[-95.6699383830554,35.0149422054214],[-95.6699383830701,35.0151482050664],[-95.6704393829457,35.015491205634],[-95.6703833830615,35.0156972052817],[-95.6697993829913,35.0161552058303],[-95.669743383102,35.0162922058807],[-95.6701323831766,35.0165902052697],[-95.670550382789,35.0167732056283],[-95.6705223833023,35.0169562060083],[-95.6698263825232,35.0172532054036],[-95.6698543829355,35.0174372058273],[-95.6702713834026,35.017643205452],[-95.6702713834516,35.0183292057366],[-95.6699373832576,35.0184212055156],[-95.6698263826345,35.0188102055447],[-95.6697983831592,35.019153206138],[-95.6689633831238,35.0193822059889],[-95.6682963827887,35.0196562061165],[-95.6678233824651,35.020045206163],[-95.6678223824303,35.0202062064226],[-95.6683793831239,35.0208242062299],[-95.6686293830591,35.0212822067381],[-95.6686013827057,35.021922206693],[-95.6685183824719,35.022174206673],[-95.6684903829967,35.0225182064133],[-95.6682393830871,35.0230672066624],[-95.6681563828877,35.023799207282],[-95.6684343832351,35.0244402072683],[-95.6689623834735,35.0249212070294],[-95.6694913837467,35.0252412074301],[-95.6696853837632,35.0254242069002],[-95.6704643839455,35.025837207098],[-95.6707433834006,35.0259282068011],[-95.6712713835948,35.0257912067278],[-95.6715223835305,35.0256082072363],[-95.6719953838818,35.0256082072134],[-95.6723293840693,35.0254252068185],[-95.672663384242,35.0250362067786],[-95.6735533841366,35.0248992066879],[-95.6743893842117,35.0245782070741],[-95.6748343850551,35.0244642071704],[-95.6757523853242,35.0239832064402],[-95.6760863846271,35.0240062065895],[-95.6760863846402,35.0241892069683],[-95.6753903847654,35.0245552068601],[-95.6749173844387,35.0248992066219],[-95.6748343851058,35.0251732067212],[-95.6747223844215,35.0253562071054],[-95.674583384279,35.0254712070405],[-95.6743333843831,35.0255622067691],[-95.6741943842504,35.025814206752],[-95.674082384459,35.0259062074195],[-95.6732473844088,35.0259282066799],[-95.6729683840691,35.0260432075211],[-95.6730243840073,35.026592206856],[-95.6728853847641,35.0267072067911],[-95.6725513845766,35.026890207186],[-95.6724403839421,35.0271192070018],[-95.6724403839764,35.0275992076414],[-95.6726623843904,35.0277592078439],[-95.6731353847418,35.027759207821],[-95.6733023843973,35.0278282074102],[-95.6732743849122,35.0280342070565],[-95.6729123843338,35.0283322073812],[-95.6724673844012,35.0286062074981],[-95.6722473841044,35.0287872077948],[-95.6718833843327,35.0290872073129],[-95.6716603839099,35.0294532080811],[-95.671632384433,35.0297732076095],[-95.6718273844959,35.0299572080252],[-95.6725233843919,35.0298882074948],[-95.673971384971,35.0295912080632],[-95.6744713847758,35.029591208039],[-95.6750003850326,35.0296822077299],[-95.6751113847892,35.0297512073219],[-95.6750563849496,35.0299342077032],[-95.6747773855092,35.0300482075989],[-95.6741653850071,35.0300482076285],[-95.6734143843705,35.0302772074754],[-95.6731073845473,35.0306202080821],[-95.6721893842454,35.0306432082921],[-95.671966384704,35.0307582082313],[-95.6714933843789,35.0311242081124],[-95.671298384334,35.0311922085722],[-95.6708813838816,35.0311922085923],[-95.6707423837226,35.0310782078176],[-95.6707703840531,35.0301172082895],[-95.6706583842485,35.0300252076327],[-95.6700463837496,35.0300712079934],[-95.6696573836834,35.0298882076335],[-95.6695183835179,35.0296822079953],[-95.6694623835926,35.0293152080935],[-95.6692403831818,35.0292012082222],[-95.6689613837398,35.0292922079523],[-95.6685443833087,35.0295902082796],[-95.6677653831821,35.0299562081754],[-95.667431382975,35.0298642084288],[-95.6672643833129,35.0297042082236],[-95.6672363829073,35.0296132076091],[-95.6668193833459,35.0294982077009],[-95.6663463829996,35.0295672082205],[-95.6661793824611,35.0297272084417],[-95.6661793824905,35.030139208631],[-95.6664573828118,35.0304142078597],[-95.6664293833168,35.0304822083114],[-95.6660393832271,35.0306202084243],[-95.6652883825823,35.0307342083428],[-95.665038382693,35.0309172087336],[-95.6649823828121,35.0311692087123],[-95.6652603831365,35.031489208226],[-95.6659283826531,35.0316952087379],[-95.6674033836177,35.0318562080266],[-95.668321383913,35.0317412080538],[-95.6688493832062,35.0315812087144],[-95.6692113838075,35.0316042079631],[-95.6692393833189,35.0317642081749],[-95.6689053840323,35.0319702087354],[-95.6678203832198,35.032542208291],[-95.6674023836417,35.0328402086184],[-95.6672633835171,35.0332062084833],[-95.6664843834135,35.0338932088518],[-95.6663723836384,35.0342132092836],[-95.6664283835521,35.0344192089258],[-95.6668453831102,35.0344882094023],[-95.6669853833204,35.0346712088749],[-95.6670403831828,35.0348082089199],[-95.6669573838353,35.0348772094205],[-95.6667063829904,35.0349232088645],[-95.6663443832868,35.0348772094502],[-95.6658723829621,35.0346022093315],[-95.6655103832535,35.0344882094669],[-95.6648983827629,35.0346482088104],[-95.6647963825352,35.0347312090608],[-95.664591382933,35.034899208755],[-95.6644243824028,35.0351742089047],[-95.6645633826289,35.0362272090869],[-95.664647382932,35.0362962095795],[-95.6646473829647,35.0367532091542],[-95.6643683826528,35.0372572100192],[-95.6638393824434,35.0378292095479],[-95.6631443826101,35.0381262098423],[-95.6628373827836,35.0384242101643],[-95.6628653823015,35.0386772101853],[-95.6630263825758,35.0387122099993],[-95.6632553824028,35.038700210332],[-95.6638393824942,35.0385382099979],[-95.6647023829419,35.0384932096714],[-95.6662053833637,35.0380582092438],[-95.6669843835083,35.037944209324],[-95.667206383924,35.0381272096919],[-95.6673453841026,35.0385162097089],[-95.6672903833605,35.0386532097592],[-95.6667613840308,35.0389512100919],[-95.6664553833464,35.0391802099173],[-95.6662883837204,35.0395232096179],[-95.6660373837913,35.039799209818],[-95.6648963830945,35.0405772099206],[-95.6647013830627,35.0408282098598],[-95.6646463832331,35.0411492103351],[-95.6648403832872,35.0418582107757],[-95.6649513830504,35.0420192101305],[-95.6650633837985,35.0427282105752],[-95.6654523838632,35.0428882107695],[-95.6656753834259,35.0430722102844],[-95.6659953838792,35.043108210137],[-95.666704383468,35.0428892107552],[-95.6681793843735,35.0422252105185],[-95.6686803841953,35.041813210305],[-95.6688753842188,35.0414472104374],[-95.6700443844417,35.0410352101916],[-95.6705173847651,35.0406452100987],[-95.6708793844262,35.0400962098443],[-95.6709633846982,35.0397302099821],[-95.6710463849368,35.0395472095994],[-95.6710463848991,35.0390202094817],[-95.6706293844255,35.0387232092411],[-95.6700723846687,35.0386312095052],[-95.6699613840047,35.0384482091319],[-95.6699613839899,35.0382422094869],[-95.6703513840633,35.0378762096099],[-95.6703513840419,35.0375782093028],[-95.6699063840766,35.0373952089456],[-95.6698503841612,35.0371662091378],[-95.6695723838433,35.0369372093408],[-95.669600384226,35.0367082095289],[-95.6700173846735,35.0366402090584],[-95.6702953840872,35.0368002092581],[-95.6706293842911,35.036846209573],[-95.6707413840858,35.0368002092365],[-95.6710753842405,35.0361592092206],[-95.6712143843782,35.0359762088351],[-95.6717153851123,35.0357472090004],[-95.6727733847088,35.0356792084988],[-95.6734973849893,35.0354042092215],[-95.6735803852345,35.0353132086016],[-95.6735803851935,35.0347402090522],[-95.6729683846619,35.0343282088926],[-95.6729683846521,35.034191208845],[-95.6731073847865,35.0339622081285],[-95.6734413849788,35.0338482082301],[-95.6743043854232,35.0337562084255],[-95.6754733856526,35.0334362079425],[-95.6755843854107,35.033527208553],[-95.6755843854173,35.0336192083159],[-95.6751393854832,35.0338712083135],[-95.6746383856762,35.0344892081719],[-95.6747213850385,35.0346262082156],[-95.6755003851995,35.0347412090055],[-95.6760853853488,35.0347412089772],[-95.6766413859404,35.0345802086908],[-95.677420386085,35.034466208771],[-95.6778103861895,35.0345352083494],[-95.6780883864894,35.0345122081704],[-95.6785053860113,35.0340772086947],[-95.6805653870481,35.0331622085],[-95.681844386973,35.0327062080104],[-95.6834583871364,35.0321322074372],[-95.6846553877747,35.0319492078998],[-95.6851563876127,35.0317662074969],[-95.6859353877425,35.0314452078858],[-95.6861853885312,35.031262207495],[-95.6861853885197,35.0311022072818],[-95.6860463883607,35.0309872073601],[-95.6853783879531,35.0308962076759],[-95.6852113873966,35.0308042070218],[-95.6844323872405,35.0307582076278],[-95.6844603876283,35.0305982074132],[-95.6846553876731,35.0305302069534],[-95.6853233880627,35.0303692075609],[-95.6859073881378,35.029980207509],[-95.6858513882192,35.0297062074164],[-95.6855183880454,35.0294312072909],[-95.6856013873781,35.0291562071454],[-95.6858793876847,35.0292252067292],[-95.6863803884663,35.0296602070597],[-95.6867423881716,35.0297292075388],[-95.6873263882581,35.0295002068007],[-95.6876043885433,35.0292712069768],[-95.6898023888539,35.0293162071551],[-95.6899143886584,35.0294082069126],[-95.6898023888752,35.0296142065629],[-95.6895803884874,35.029820207118],[-95.6894693887652,35.0302322073126],[-95.6889403885411,35.0305982071963],[-95.6888563891505,35.0307132071288],[-95.6888843886749,35.03105620682],[-95.6889683889878,35.0312622073602],[-95.6891073891533,35.0314682069984],[-95.6891903885205,35.0316742075387],[-95.6892743888761,35.0324752077475],[-95.6892743888858,35.0326122077951],[-95.6893853886555,35.0328642077658],[-95.6894693889602,35.0329562075246],[-95.6897193888691,35.033047207229],[-95.6902203896212,35.0330702073703],[-95.6926133899817,35.0331162075855],[-95.6936423900154,35.0328182072285],[-95.6948673901093,35.0320172069563],[-95.6953403904426,35.0317652069574],[-95.6962313903818,35.0316052067011],[-95.6974003906029,35.031170207189],[-95.6985683916753,35.0307122066122],[-95.6987913912118,35.030529207122],[-95.7000983915274,35.0299572066563],[-95.7012953921739,35.0298882061017],[-95.7023803921065,35.0295902066414],[-95.702658392395,35.0294072062492],[-95.7035203927683,35.0289722058527],[-95.7057463925246,35.0282622061479],[-95.7069153936597,35.0280332062808],[-95.7078333930441,35.0277582060948],[-95.7099193943985,35.0270022051663],[-95.7108653941903,35.0268422058066],[-95.7117563941223,35.0265822054171],[-95.7122003949182,35.0264532057184],[-95.7122843943105,35.0263612050521],[-95.7124513948571,35.0263152056123],[-95.7129243942926,35.0260862048796],[-95.7129793950233,35.0257892055154],[-95.7128403948594,35.0256062051434],[-95.7120613946823,35.0252632054886],[-95.71192239452,35.0251022052358],[-95.7118103946925,35.0246902050521],[-95.7115323943747,35.0244622053013],[-95.7109483942587,35.0242792049509],[-95.7100303939242,35.0238442046406],[-95.7094733932469,35.0234552046439],[-95.7094453937356,35.0232952044321],[-95.7095563934758,35.0231352051129],[-95.7104463933407,35.0225852047866],[-95.711364393613,35.0221502043874],[-95.7116703942989,35.0219442047276],[-95.7116703942858,35.0217612043489],[-95.7113363940624,35.021441204838],[-95.7112253943075,35.0213952045123],[-95.7110023938438,35.0211892039789],[-95.7105573938901,35.0211662047342],[-95.7102243937359,35.0211662047503],[-95.7101403934329,35.0210972042578],[-95.7097233938783,35.0210752041587],[-95.7095003934441,35.0212812047138],[-95.7093333938099,35.0215102045324],[-95.7090273931272,35.0217612044769],[-95.7081373932443,35.0220592048271],[-95.7079153928564,35.0222652044828],[-95.7075533931675,35.0224252047135],[-95.7074143930037,35.0222422043415],[-95.7074423933897,35.0220592048608],[-95.7078873933206,35.0217622045784],[-95.7082213935145,35.0216702047993],[-95.7083873931106,35.0215562049092],[-95.7084993928939,35.0213502043595],[-95.7089723932222,35.0210292047633],[-95.7091113933419,35.0205942044018],[-95.7095563932776,35.0203652045698],[-95.7097223937647,35.020136203852],[-95.70994539328,35.0196562041009],[-95.7099453932456,35.0191752043144],[-95.7098063930866,35.0190602043927],[-95.7093333936232,35.0189002042024],[-95.7092773928167,35.0187862043231],[-95.7093603930636,35.0187172038225],[-95.7098053930092,35.0186262040843],[-95.7100283934499,35.0185112041452],[-95.7102783933212,35.0180762037783],[-95.7103343931923,35.0176872037519],[-95.7106673932941,35.0169552040195],[-95.7106673932663,35.0165662039958],[-95.7106123934087,35.0164972035019],[-95.7105283930664,35.0158792036717],[-95.7100273931941,35.0155822034352],[-95.7100553935785,35.0153762037889],[-95.7101383929227,35.0152612029572],[-95.7107233930883,35.0154902036387],[-95.7108903936464,35.0156042035127],[-95.71108539376,35.016497203479],[-95.7110573934034,35.0170922040483],[-95.7108623933979,35.0177102038919],[-95.7108633934901,35.0183512038915],[-95.7110573935098,35.0185802036926],[-95.7110023936719,35.0187862042396],[-95.7108633935326,35.0189462035602],[-95.7109743933072,35.0192662039812],[-95.7109463938597,35.019999203745],[-95.7115313940122,35.0200442040015],[-95.7118093943204,35.0201362037509],[-95.7120313938169,35.0200442039773],[-95.7121713939994,35.0198382043256],[-95.7122263937455,35.0183502037793],[-95.7124763936495,35.0183732039327],[-95.712560393956,35.0184882038571],[-95.7126713937321,35.0188312035443],[-95.7129773944508,35.0190832035055],[-95.7128943942301,35.0195182038642],[-95.7125883944795,35.0202272043291],[-95.7125053942883,35.0210742039777],[-95.7126163940579,35.0213262039484],[-95.7128393944986,35.0212112040092],[-95.713256394009,35.0206162043204],[-95.7135343942762,35.0201352036211],[-95.7138403940611,35.0199062037958],[-95.7141463947503,35.0197462035678],[-95.7142013945964,35.0196552038486],[-95.7142013945865,35.0195172037547],[-95.714118394325,35.019380203711],[-95.7140623943965,35.0189682035245],[-95.7141453946385,35.0188312034729],[-95.7141733940975,35.0182592039685],[-95.7142013944654,35.0178242036124],[-95.7143683940882,35.0174352035806],[-95.7145343945852,35.0173432038097],[-95.714785394534,35.0173432037976],[-95.714757394156,35.0176402031604],[-95.7146743948134,35.0177782032584],[-95.7146183950012,35.0189912036632],[-95.7149803947195,35.0192422035754],[-95.7153143949267,35.0193342042214],[-95.7155923952167,35.0191742039947],[-95.7159543948924,35.018830203339],[-95.7163153954293,35.0186012035111],[-95.7166213952274,35.0185552040645],[-95.7166213952455,35.0188072040405],[-95.7165383950248,35.0192422034999],[-95.7163163946452,35.0195632039834],[-95.7160933951644,35.0205242044202],[-95.7156493953684,35.0220582044171],[-95.7154543953481,35.0224702046158],[-95.7149543947734,35.0242782047106],[-95.7146203945991,35.0246442045849],[-95.7145653947563,35.0247812046352],[-95.7145933952112,35.0255602047275],[-95.7145093949179,35.0256282051818],[-95.7140133954156,35.0272622053145],[-95.7140093952311,35.0272762050635],[-95.7138983946195,35.027826205352],[-95.7136203952779,35.0286722058631],[-95.7135653954286,35.0287182052975],[-95.7133983949377,35.029542205684],[-95.7131483950648,35.0299542058854],[-95.7126753947217,35.0300692058366],[-95.7124523951836,35.0302292060606],[-95.7122853946697,35.0307332060207],[-95.7121183950224,35.0307782063136],[-95.7116453946564,35.0305732058386],[-95.7116453946335,35.0302522062652],[-95.7115623943752,35.0301612056534],[-95.7113393948239,35.030138206398],[-95.7112283941877,35.0303442060483],[-95.7112283942205,35.0308022065686],[-95.7115623944342,35.0309852060318],[-95.7116733950932,35.0310992059085],[-95.7116183943511,35.0312362059588],[-95.7105603947532,35.0312822063411],[-95.7103103939466,35.0312142059029],[-95.7102543940361,35.0310542065918],[-95.7103383943032,35.0306192062329],[-95.7102263944872,35.0303672062624],[-95.7097813945219,35.0301842059052],[-95.7087243940989,35.0306192063111],[-95.7081403939993,35.0306652066705],[-95.7078613936579,35.0307562064005],[-95.7078063938577,35.0314892061658],[-95.7079173936323,35.0318092065867],[-95.7083353941604,35.0322212067557],[-95.70872439423,35.0324502065473],[-95.7093093944071,35.0328392065426],[-95.7098653941535,35.0334342070836],[-95.7098383947196,35.0337092063271],[-95.7091703943317,35.0338922067382],[-95.7090593945916,35.0340522069568],[-95.7090593946113,35.0343272070983],[-95.7087253944222,35.0344872073276],[-95.7086973940279,35.0345562069263],[-95.7083083939781,35.03460120723],[-95.7079183938639,35.0343962067509],[-95.7072503934153,35.033732206618],[-95.7069163932066,35.0336182067521],[-95.7067213931584,35.0336402068808],[-95.7064433937742,35.0338922068703],[-95.7059143935436,35.0341672070375],[-95.705887393199,35.0342812069209],[-95.7059703935049,35.0350372068449],[-95.7060263934072,35.0350832071733],[-95.7060823933258,35.0353572072658],[-95.7063883940626,35.0358612072031],[-95.7064443939796,35.03611220713],[-95.7065553937345,35.0361582074558],[-95.7066113936662,35.036616207074],[-95.7067753940923,35.0368292070351],[-95.7068063937341,35.0368682070406],[-95.7073623943436,35.0369592076295],[-95.7076683941581,35.0371422070941],[-95.7080583942609,35.0371882074062],[-95.7083083941568,35.0370962076313],[-95.7089203946523,35.0370052069858],[-95.7090043940577,35.0370962075976],[-95.7090043940675,35.0372332076452],[-95.7093943941719,35.0373022072236],[-95.7094213945345,35.0374392072699],[-95.708336394633,35.0381722079843],[-95.7083093942851,35.0382412075829],[-95.7084203940597,35.0385612080039],[-95.7086433945283,35.0388362081346],[-95.7088653949538,35.0391562076508],[-95.7089213948724,35.0394312077898],[-95.7091723948425,35.0397282080384],[-95.7095893944152,35.0400032081597],[-95.710062394773,35.0400942078533],[-95.7101743946004,35.0405062080371],[-95.7102853952662,35.0407122076766],[-95.7105083948338,35.0409642076418],[-95.7105083948551,35.0412612079026],[-95.7103973951216,35.041513207884],[-95.7103133948693,35.0421542078877],[-95.7102583950413,35.0424972084823],[-95.7101473953323,35.0430922081562],[-95.7100633950473,35.0432762085853],[-95.7100633950769,35.0436882087745],[-95.7106813949714,35.0438772085017],[-95.7106023949274,35.0441882085151],[-95.7105553954591,35.044374209035],[-95.7104853949346,35.0447042090284],[-95.7097303949883,35.0446032088855],[-95.7096183952051,35.0448092085359],[-95.7095913948785,35.0451752092946],[-95.7094523947623,35.0456562090878],[-95.7093683953979,35.0461372088783],[-95.70909039518,35.0473042089626],[-95.7089793954727,35.0479222097014],[-95.7088403953596,35.0484482097794],[-95.7088133950364,35.0488602099699],[-95.7085903955279,35.04943320953],[-95.708395395529,35.0501422099895],[-95.7083403948115,35.0506232097786],[-95.7077833950548,35.0505322100891],[-95.7073943949868,35.0503252095173],[-95.7070873951424,35.0503712098633],[-95.7066423952002,35.0505102100251],[-95.7060023942974,35.0504872098906],[-95.7055293948487,35.0505332102446],[-95.7053903947175,35.0508072103466],[-95.7051673942686,35.0508072103574],[-95.7049453947605,35.0507392099179],[-95.7046113945633,35.0507852102651],[-95.7042493939898,35.0511512101408],[-95.704193394104,35.0513342105222],[-95.7040263944698,35.0515632103407],[-95.7039993941317,35.051769209987],[-95.7039993941875,35.0525472100343],[-95.7042223946562,35.052822210165],[-95.7041663947785,35.0531192104285],[-95.7036093941701,35.0536922109041],[-95.7034983944381,35.0539662110048],[-95.7030253941213,35.0544472108141],[-95.7029423938925,35.0547672112445],[-95.7024693944504,35.0549052113614],[-95.702329394268,35.0551112110131],[-95.7017733936387,35.0547452111819],[-95.7019123936548,35.0528682106081],[-95.702023393395,35.0527082103895],[-95.7023563932668,35.0487702097134],[-95.7024123931395,35.0484042098526],[-95.7025503931389,35.0469392094679],[-95.7025783934791,35.0461152090882],[-95.7026613937258,35.0460462094869],[-95.7027173935691,35.0452682094369],[-95.7027723933873,35.0447872087485],[-95.7028563935789,35.0433002091465],[-95.7031623933475,35.0428422086114],[-95.7036073932651,35.0423612088033],[-95.7039963932674,35.0416522083345],[-95.70399639321,35.0408512081216],[-95.7038853934437,35.0406452084821],[-95.7038293935201,35.0403012078466],[-95.7041633936977,35.0399812083034],[-95.7044133935853,35.039775207747],[-95.7062773935477,35.0377602078949],[-95.7062773935329,35.0375542073507],[-95.7060183940965,35.0373312078305],[-95.7057203937517,35.0371202079685],[-95.705387393609,35.0372802072985],[-95.7027993933809,35.0397752078252],[-95.7022433927861,35.0398902086799],[-95.7020483927445,35.0400042085715],[-95.7018253932195,35.0403472082748],[-95.7015473929376,35.0406222084298],[-95.7010463931029,35.0408512082646],[-95.7008243926987,35.0408282081098],[-95.700824392684,35.0406222084649],[-95.7014083927524,35.0401412086501],[-95.7013803923205,35.0396842081775],[-95.7012413930543,35.0394782085393],[-95.7008793924349,35.0392032084153],[-95.7001833925192,35.0389972079047],[-95.6987643923712,35.0390892086357],[-95.6986533917268,35.0391802083576],[-95.6982363922116,35.0397072084954],[-95.6980133917626,35.0397072085061],[-95.6979023920077,35.0396612081804],[-95.6979293914219,35.0391122079423],[-95.6977073918989,35.0388372078115],[-95.6970393914864,35.03867720853],[-95.6960933907789,35.0386092081255],[-95.6944223906308,35.038632208372],[-95.6942553909933,35.0388152087589],[-95.694200391175,35.0392952085017],[-95.6940603910107,35.0397532090288],[-95.694116390931,35.0400512084338],[-95.6942283907421,35.0402342088071],[-95.6941723908595,35.0404632086204],[-95.6940613911128,35.040531209076],[-95.6938383906573,35.040440208471],[-95.6935873906872,35.0401422090753],[-95.6933933906691,35.0399362085405],[-95.6930873908546,35.0397532090759],[-95.6928083904838,35.0394332086631],[-95.6923353901357,35.0394792090171],[-95.6920573898604,35.0398452088887],[-95.6917513900672,35.0399592087856],[-95.6912503902701,35.0407152087379],[-95.690888389731,35.0415612092531],[-95.6907493905157,35.0420652092119],[-95.6905543904938,35.042454209245],[-95.6904153903693,35.0428202091098],[-95.6904433898855,35.0430492098183],[-95.6908883898639,35.0434152096548],[-95.6921133909358,35.0437132090033],[-95.6921963902931,35.0437812094495],[-95.6921693908593,35.0440562095924],[-95.6918073902842,35.0443992093025],[-95.6916123902509,35.0446282100218],[-95.6916123902624,35.0447892093819],[-95.6918073903318,35.0450632094677],[-95.6920853906416,35.0451782093826],[-95.6920303908217,35.0456352098593],[-95.6921693909988,35.046002209757],[-95.6928923913017,35.0466882100064],[-95.6934493910846,35.0471462096003],[-95.6937833912984,35.0473302100092],[-95.6938113908245,35.0476962098659],[-95.6936723915813,35.047811209801],[-95.693783391346,35.0479942101743],[-95.6940073909501,35.0481082100455],[-95.6940073909632,35.0482912104243],[-95.6937003911138,35.0482682102736],[-95.6934493911602,35.0482002098354],[-95.6932543911104,35.0482002098449],[-95.6931433913523,35.0481082100874],[-95.6925313908223,35.0477192100934],[-95.6920583904824,35.0478792103296],[-95.6918633904311,35.0478572102197],[-95.6916963907624,35.0476052102519],[-95.6912783902636,35.0476052102721],[-95.6909443909772,35.0478112099332],[-95.690555390028,35.0478572102831],[-95.6904993901241,35.0477882106886],[-95.6904433901841,35.0472162102889],[-95.6901653898858,35.0472622097341],[-95.6898313906058,35.0475592100112],[-95.6894693900488,35.0481542105966],[-95.68916339029,35.04874921028],[-95.6891913898227,35.049207210799],[-95.6893303899883,35.0494132104371],[-95.6898043904024,35.0496422102246],[-95.6908053909757,35.0498942110514],[-95.6911953910965,35.050191210394],[-95.6911953911392,35.0507862109619],[-95.6911123909121,35.0511302107047],[-95.6911673907794,35.0513352112001],[-95.6914183907365,35.0514502111162],[-95.6920583907433,35.0515192106826],[-95.6925313911192,35.0518622112515],[-95.6926983916659,35.0518162109123],[-95.6929493915949,35.0515412107586],[-95.693032390954,35.0516332105174],[-95.6931163912898,35.0521592105846],[-95.6932833918529,35.0523422109552],[-95.6932553914669,35.0525262113816],[-95.6926983917364,35.0528002115038],[-95.692420391471,35.0533042114693],[-95.6921423911793,35.0534412115305],[-95.6915573910185,35.0532812113456],[-95.691307391121,35.0533502109551],[-95.6913903913843,35.0535102111642],[-95.6915023911938,35.0536702113719],[-95.6915023912069,35.0538532117506],[-95.691195391364,35.0539222113628],[-95.6911953913919,35.0543112113865],[-95.690945390605,35.0545172110435],[-95.6909453906099,35.0545862115401],[-95.6916133910422,35.0550202118162],[-95.6916133910586,35.0552492116266],[-95.6915023913119,35.0553182112293],[-95.6912513913632,35.0553182112415],[-95.6906953907371,35.0549982117414],[-95.6903333909924,35.0543802110256],[-95.6903053905816,35.0542192116668],[-95.6899713903615,35.0539452115877],[-95.689665390547,35.0537622112238],[-95.689136390295,35.053739211084],[-95.688969390646,35.0537622112576],[-95.6889693906624,35.053991211068],[-95.6891643907254,35.0541742114373],[-95.689275390495,35.0544252113616],[-95.6896373911259,35.0548602116988],[-95.6895813903588,35.0552952120563],[-95.6895263905094,35.0553412114906],[-95.6887463902972,35.0551582120491],[-95.6883293907245,35.0548832119278],[-95.6875773900104,35.05467721142],[-95.6872433898001,35.0545402113886],[-95.6863533899006,35.0546092119283],[-95.6851283897641,35.0548152116326],[-95.6849053893283,35.0549982120222],[-95.6849053893496,35.055295212283],[-95.6851843897222,35.0556392120083],[-95.6857133899938,35.0559362122435],[-95.686019389828,35.0563942118495],[-95.6859913894387,35.0565312118985],[-95.6851843897697,35.0563022121272],[-95.6849893897085,35.0561422119234],[-95.6845993895991,35.0560052118947],[-95.6838763893454,35.0560052119298],[-95.6833473891065,35.0561652121686],[-95.6828743887535,35.056142212026],[-95.682039388682,35.0558672119249],[-95.6814263890361,35.0559132122857],[-95.6810093885937,35.0560512123999],[-95.6806193885138,35.056325212514],[-95.6799513881324,35.056600212688],[-95.6794223879329,35.0573092122643],[-95.6794223879772,35.0579272129977],[-95.6795893885452,35.0581792129656],[-95.6797563882057,35.0583162130052],[-95.6796453884885,35.0587972127971],[-95.6796733880064,35.0590492127717],[-95.6802293886473,35.059575212816],[-95.6803963883143,35.0598042126184],[-95.6803963883537,35.0603532128552],[-95.6801183889893,35.0608802129862],[-95.680118389009,35.0611552131278],[-95.6803413885586,35.061155213117],[-95.6807023890906,35.0608572127924],[-95.6812873891956,35.0602392129299],[-95.681315388684,35.0600792127154],[-95.6814263893267,35.0599642127816],[-95.6814263893119,35.0597582131367],[-95.6816773892492,35.0595982129113],[-95.6820393889414,35.0594842130117],[-95.6822893888044,35.0589342127164],[-95.6825673890978,35.0588202128209],[-95.6826513894025,35.0589122125797],[-95.6826233890296,35.0592782124391],[-95.6824563894167,35.0598042125185],[-95.682372389199,35.060926213208],[-95.682261389477,35.0613382134025],[-95.6822613894966,35.0616122134978],[-95.6823453888971,35.0616352127599],[-95.6826513895946,35.0615892133133],[-95.6832633891432,35.0608342134019],[-95.683402389271,35.0605142129688],[-95.6834583891126,35.0597132127533],[-95.6836533891393,35.0593922122712],[-95.6838203896893,35.0593922122631],[-95.6842653896562,35.0595982127858],[-95.6847113896515,35.0595522124331],[-95.6847113896679,35.0597812131429],[-95.6841263895531,35.0602622129577],[-95.6840153898244,35.0605822124901],[-95.6840153898475,35.0609032129628],[-95.6841543900064,35.0610172128381],[-95.6846833902502,35.0609262130959],[-95.6855733901283,35.0605592131483],[-95.685713390309,35.0603312124781],[-95.685546389736,35.0600102129129],[-95.6855733900692,35.0597362128163],[-95.6856853898639,35.0596902124798],[-95.6857133902516,35.0595302122653],[-95.6857963895991,35.059461212664],[-95.6858243899835,35.0592552130177],[-95.6861303897668,35.0590032121275],[-95.6871043899431,35.0586372122222],[-95.687355390801,35.0587742122576],[-95.6874943900689,35.0590032120614],[-95.6882183903871,35.0592552129015],[-95.6883573905444,35.0593462126113],[-95.6882463908026,35.0594842127107],[-95.6878563907031,35.0594842127296],[-95.6872163906929,35.0593692128322],[-95.6866033901493,35.0594382124593],[-95.6864083901077,35.0595522123508],[-95.6863533902634,35.0596672122819],[-95.6863533902765,35.0598502126605],[-95.6866313905994,35.0601472129079],[-95.6866313906421,35.0607432126227],[-95.6864643901184,35.0611092124889],[-95.6863533903701,35.0611552128254],[-95.6860743900139,35.0610402129106],[-95.6858803900155,35.0611092125172],[-95.6857963897238,35.0612002131372],[-95.6857133903993,35.0615892131649],[-95.6857133904321,35.0620472127858],[-95.685991389859,35.0623902133641],[-95.685991389887,35.0627802134341],[-95.6858243902364,35.0627802134422],[-95.6849613897788,35.0626882128219],[-95.6845713896924,35.0628712132195],[-95.6844883903514,35.0630312134367],[-95.6844603899885,35.06353521339],[-95.6843213898459,35.0636492132789],[-95.6834023895025,35.0637412130863],[-95.6831523896215,35.0640382133592],[-95.683096389734,35.0641992136214],[-95.6828463898529,35.0644962138943],[-95.6824843892598,35.0645882136747],[-95.6818163897432,35.0643822140622],[-95.6811203889084,35.0639012134101],[-95.6803963886082,35.0639012134452],[-95.6801463887157,35.064038213505],[-95.6801463887273,35.0641992137645],[-95.6806193891344,35.0649772137888],[-95.6810923895104,35.0653202143577],[-95.6812873895635,35.06536621378],[-95.6815373894642,35.0653432136023],[-95.68167738964,35.0650452141878],[-95.6820383892973,35.065091213602],[-95.6827903900163,35.0653662137071],[-95.6839033903762,35.0654572133696],[-95.6840153901775,35.0655032136953],[-95.6840153902087,35.06593821405],[-95.6836253901551,35.0665792140685],[-95.6835423899198,35.066808213883],[-95.6835973898118,35.0673572141172],[-95.6837363899757,35.0675402144891],[-95.6840703901763,35.0675402144729],[-95.6842933906171,35.06742621458],[-95.6850453903808,35.0669222136922],[-95.6854623908102,35.066602214145],[-95.6864923908871,35.0662592135031],[-95.686993390712,35.0658922135744],[-95.687717390999,35.06570921406],[-95.6883023911466,35.065686213866],[-95.6883853914165,35.065938213838],[-95.6884963911779,35.0660752138802],[-95.6885243915935,35.0663042136893],[-95.6879123910849,35.0662132140025],[-95.6874663911011,35.0664192136691],[-95.6866593905936,35.0670372135423],[-95.6865203904674,35.0673802141409],[-95.6864643905848,35.0676092139541],[-95.6863253904522,35.0678612139368],[-95.6858523910264,35.0682272138178],[-95.68593639044,35.068433214358],[-95.6859363904729,35.0688912139789],[-95.6857963902856,35.0690282140333],[-95.6852123902385,35.0698062141089],[-95.6852123902697,35.0702412144636],[-95.6862703907687,35.0702182142467],[-95.6864093909294,35.0703552142875],[-95.6863533910419,35.0705162145497],[-95.6862983911942,35.0705842150028],[-95.6862703908131,35.0708362149801],[-95.6855743909154,35.0708822144456],[-95.6849893908006,35.0713632151598],[-95.6841823903259,35.072438215507],[-95.6840153906852,35.0725762147096],[-95.682901390297,35.0727362149769],[-95.6822613902703,35.0723922152691],[-95.6817043896225,35.0724152154616],[-95.6814823901258,35.0725072152353],[-95.6811473899018,35.0728272156779],[-95.6806463901033,35.0735602154646],[-95.6803963893525,35.0742692159267],[-95.6794493895438,35.0748412154756],[-95.6784193894669,35.0751852161637],[-95.6781133887875,35.0754822155401],[-95.6781133888023,35.0756882160843],[-95.6785583896719,35.0759402160387],[-95.6793663893873,35.0761692158099],[-95.6808133899314,35.0760322156921],[-95.6815653897117,35.0757572155141],[-95.6820663904359,35.0753912156316],[-95.6829573903702,35.075162215778],[-95.6831243909037,35.0749332159594],[-95.6833473903695,35.0737662149784],[-95.683430390618,35.0737202155427],[-95.683430390613,35.073651215046],[-95.6836253906448,35.0734002151069],[-95.6839033909579,35.0735602153065],[-95.6842653906878,35.0739722154781],[-95.684405390903,35.074223215401],[-95.684488391168,35.074407215822],[-95.6845993909295,35.0745442158642],[-95.6846553908466,35.0747962158375],[-95.6849893910768,35.0752082151111],[-95.6855743912409,35.0754142156269],[-95.6861593913869,35.0753682152675],[-95.6862423916289,35.0752312152159],[-95.6862703911123,35.075002215404],[-95.6866323916988,35.0748192150078],[-95.6872443913098,35.0749332157594],[-95.6876063919062,35.0748872154108],[-95.68816339164,35.0746582155733],[-95.6884413919515,35.0747962156537],[-95.6892213921817,35.0752302150249],[-95.6895273919979,35.0754362155543],[-95.6898613922084,35.075574215632],[-95.6903343925532,35.0754822149469],[-95.6908373924658,35.0750472154671],[-95.6909203927045,35.0748642150844],[-95.6909343924516,35.0748252150767],[-95.6915323922859,35.0745672147939],[-95.6918663924684,35.0743152148017],[-95.6921453927834,35.0738572151673],[-95.6932033932151,35.0728962146901],[-95.6936483931689,35.0729182147877],[-95.6938713927366,35.0731702147529],[-95.6940103929235,35.0736742146981],[-95.6944553929036,35.0740632147],[-95.694483393311,35.0741772145808],[-95.6947063937731,35.0743602149487],[-95.6952353931175,35.0742692152064],[-95.6959033935022,35.0740402144642],[-95.6960423936612,35.0741542152389],[-95.6961263939742,35.0743602148797],[-95.6956533936507,35.0747492149263],[-95.6956253932713,35.0750242150692],[-95.695152393821,35.0750472152577],[-95.6941493931763,35.0750932147381],[-95.6936483933299,35.0751612152127],[-95.6930923927614,35.0756422150262],[-95.6929523934816,35.0758942150089],[-95.692563392567,35.076420215099],[-95.6925913929973,35.0768552154523],[-95.6929253932225,35.0771982151287],[-95.6932593934331,35.0773362152064],[-95.6932313930535,35.077610215303],[-95.6925073927715,35.0778622153141],[-95.6921733925825,35.0780232155897],[-95.6921733925973,35.0782282160877],[-95.6927023928822,35.0787092158484],[-95.6929253933459,35.0789152154825],[-95.6930923930163,35.0791902156159],[-95.6931203934203,35.0792582160649],[-95.6934543936439,35.0795792156219],[-95.693816393346,35.0796022157699],[-95.6943173940718,35.0792582160067],[-95.6945953934691,35.079190215543],[-95.6955983941122,35.0791212158969],[-95.6963493938855,35.0793952159557],[-95.6965313942297,35.0793682155961],[-95.6966613939618,35.0793492156095],[-95.6968233942783,35.0793272154824],[-95.6974073943598,35.0790292160463],[-95.6977413945554,35.0789602155334],[-95.6979643949879,35.0787312157121],[-95.6980753947215,35.0784802157771],[-95.6982703947745,35.0785252151531],[-95.6983263946751,35.0785482153159],[-95.6983263946851,35.0786862154098],[-95.6984933943455,35.0788232154493],[-95.698688394392,35.0787772151087],[-95.6989113948359,35.0787082155006],[-95.6989943950894,35.0787312156621],[-95.6989393952582,35.0790292159719],[-95.6986883944364,35.0793952158421],[-95.6986603949497,35.0795782153228],[-95.6986883944956,35.0802192162204],[-95.6988283947635,35.0812032159056],[-95.6988833946309,35.0814092164472],[-95.6992453952619,35.081844215885],[-95.6992733947684,35.0819362156464],[-95.6994123949372,35.0821872164686],[-95.6993853955051,35.0824852158777],[-95.6993013952201,35.0826682162604],[-95.6992733948358,35.0828742159067],[-95.6994683948937,35.0829882166786],[-95.6993853955758,35.0834692164691],[-95.6995803956321,35.0835602161761],[-95.6994963953505,35.0837892159907],[-95.6994133951069,35.0839042168224],[-95.6994963953752,35.0841332166288],[-95.6995803956766,35.0841782169095],[-95.6995803956881,35.0843392162696],[-95.6997473953568,35.0845902161912],[-95.6997473953733,35.0848192169009],[-95.6994693950832,35.0849802162745],[-95.6994693951013,35.0852312171035],[-95.6998593952272,35.0855972169426],[-95.6998313957471,35.0858722170855],[-95.6996923956145,35.0861242170682],[-95.6993583954287,35.0863302167293],[-95.6993583954534,35.0866732173211],[-95.6994973956189,35.0868792169593],[-95.699915395243,35.0872222166315],[-95.6998593953539,35.0873602167281],[-95.6997763960064,35.0874282171824],[-95.6996083954085,35.0874062170714],[-95.6991073955359,35.0871082167887],[-95.6988573956352,35.0871312169663],[-95.698745394951,35.0873142173505],[-95.6987453949938,35.087909217019],[-95.6985513950085,35.0881612170043],[-95.6985233955268,35.0884132169817],[-95.6988573957355,35.0885272177468],[-95.6989403950929,35.0885962173401],[-95.6987733954753,35.0890542169691],[-95.698829395394,35.0893282170615],[-95.699247395919,35.0896942177986],[-95.6992473959355,35.089923217609],[-95.6984403953967,35.0901062180269],[-95.6984673957726,35.0904272175989],[-95.6985513951846,35.0906102179734],[-95.699108395844,35.090747217994],[-95.6992193956055,35.0908852180825],[-95.6990253956119,35.0910222181395],[-95.6980783957721,35.0911592182332],[-95.6980783957951,35.0914802178064],[-95.6982733958598,35.0916862183411],[-95.6981343957271,35.0919382183238],[-95.6981063953411,35.0921212178046],[-95.6983563952517,35.0922352176745],[-95.6985513953015,35.092235217665],[-95.6987463953562,35.0923042181522],[-95.6987743957867,35.0927392185054],[-95.6987193959456,35.0928992178219],[-95.6986353956523,35.0929672182763],[-95.6983843956986,35.0928992178382],[-95.6980223959801,35.0926472178798],[-95.6976333959286,35.0926702180642],[-95.6972983956931,35.0928302182937],[-95.6970763953054,35.0930362179494],[-95.6968813952771,35.0933342182659],[-95.6968253954142,35.0938372181742],[-95.696909395747,35.0943182188558],[-95.6970763954157,35.0945702188237],[-95.697633396085,35.0948442188918],[-95.697633396141,35.095622218939],[-95.6977453959422,35.0956682183653],[-95.6977453959982,35.0964462184124],[-95.6974113958306,35.0969042189488],[-95.6973833954414,35.0970422190441],[-95.6967153960384,35.0984152187921],[-95.6964833951877,35.0986322189575],[-95.6963253959651,35.0987812195684],[-95.6957403958373,35.0990792190045],[-95.6950163955651,35.0994682190633],[-95.6947103948628,35.0994452198119],[-95.694097395202,35.0992852196286],[-95.6933733949151,35.0994682191432],[-95.6928443946681,35.0995142194999],[-95.692566394378,35.0996742197266],[-95.6920093946575,35.1000862199428],[-95.6910623939331,35.1004302197276],[-95.6905333945936,35.1005902199664],[-95.6888063936915,35.1012312200499],[-95.6883613937657,35.1015972199296],[-95.6881103938433,35.1019632206991],[-95.6875263938161,35.1030162209161],[-95.6871913935955,35.1033822207904],[-95.6871643932839,35.1039552203409],[-95.6869133933515,35.1041832210166],[-95.686132393106,35.1041832210546],[-95.6857143934869,35.1039092209797],[-95.6854923930893,35.1039782205877],[-95.6850183927212,35.1043902207999],[-95.6849073929959,35.1047562206633],[-95.6849073930091,35.104939221042],[-95.6847123929741,35.1051452206964],[-95.6843223928794,35.1052132211656],[-95.684211393113,35.1050082206731],[-95.6839043932586,35.1049162209252],[-95.6834033925163,35.1050302208317],[-95.6828463927875,35.1053282211658],[-95.682205392787,35.105992221362],[-95.6821783924507,35.1062212211737],[-95.6823453921112,35.1063582212132],[-95.6829023927657,35.1064272216827],[-95.6829023927854,35.1067012217779],[-95.6823453922315,35.1080292212358],[-95.682317392758,35.1083952219945],[-95.681370392083,35.1094252220636],[-95.6813703921192,35.1099282219693],[-95.6814813927835,35.1101122223888],[-95.6826793925968,35.1103172219291],[-95.6829303925539,35.1104322218453],[-95.683236393276,35.1107292220912],[-95.6842943937867,35.1108672221336],[-95.6846843938698,35.1106382223042],[-95.6855763938587,35.1105232223324],[-95.6854393937984,35.1104922218032],[-95.6858263937446,35.1102942216106],[-95.6859383935229,35.1100202215099],[-95.6858543940977,35.109654221656],[-95.6855763937697,35.1092872217652],[-95.685520393841,35.1088752215788],[-95.6857433933676,35.108555222041],[-95.6857703937105,35.1084182219921],[-95.6861053939377,35.1081432218343],[-95.6865793934262,35.1080062217637],[-95.6871083936749,35.1079832215725],[-95.6878323939816,35.1080742212538],[-95.6885563942966,35.1082802217627],[-95.6893643949064,35.1084402210373],[-95.6894763946962,35.1083262211498],[-95.6903953950428,35.1082802216733],[-95.6907293952253,35.1080282216811],[-95.6911743951798,35.1080612213888],[-95.6913113952404,35.1080972212501],[-95.6914533946079,35.1077762207707],[-95.691564395198,35.1069302211672],[-95.691731394809,35.1063802208761],[-95.6919543952234,35.1059002211251],[-95.692399395136,35.1053502208205],[-95.6925673948247,35.1052362209303],[-95.6934023948073,35.1042742204176],[-95.693847395639,35.1040002203008],[-95.694237395732,35.103908220519],[-95.6944323957883,35.1040002202723],[-95.6944323958164,35.1043892202959],[-95.6943493955695,35.1044572207502],[-95.6942373958028,35.104892220211],[-95.6940983956702,35.1051442201937],[-95.6941263951931,35.1054652206649],[-95.6947263960501,35.1056322202736],[-95.6943833954942,35.1064932205829],[-95.6935693955023,35.1062892210702],[-95.6932633957651,35.1071812210142],[-95.6930403953425,35.107547220883],[-95.6930123949582,35.1077532214286],[-95.6928733957183,35.1079142207955],[-95.6924003954444,35.1089892211263],[-95.6920383948661,35.109287221451],[-95.6914533947744,35.110088221692],[-95.6909523949232,35.1100882217164],[-95.690367394769,35.1100202212945],[-95.6886403947101,35.1098822212846],[-95.687805393731,35.1094932213017],[-95.6873313942326,35.1094932213248],[-95.6872483940269,35.1101342222276],[-95.6873313943068,35.1105232222471],[-95.6872763945086,35.1112792221777],[-95.6870533940844,35.111622221881],[-95.6867463942548,35.1118742218719],[-95.6863013943091,35.1119652225093],[-95.6852693941131,35.111942222394],[-95.6838773933921,35.1116682223665],[-95.683320392749,35.1117592221101],[-95.6818443926852,35.1122632221338],[-95.6817043925029,35.1124692226848],[-95.6817043925226,35.1127442228263],[-95.6822063933493,35.113156222991],[-95.6835703936992,35.1138192230434],[-95.6839053930649,35.1140712230031],[-95.6841553938749,35.114185222873],[-95.6846853932954,35.1145062224204],[-95.6849073937129,35.1147122229538],[-95.6852693943175,35.1147802224872],[-95.6861623943528,35.1146662225617],[-95.6865243940351,35.1144142225682],[-95.6868583942308,35.1143462230009],[-95.6867753940169,35.1148722230761],[-95.6820393932577,35.1195182234697],[-95.6810683932661,35.1205152238108],[-95.6809253929404,35.1206632243746],[-95.6789473930862,35.1226542249196],[-95.6780053926382,35.1236162245382],[-95.6776933925816,35.1239362249796],[-95.6772753921092,35.124302224858],[-95.6771233922638,35.1244262252104],[-95.6767743922878,35.1247152251177],[-95.6767563923558,35.1247632246429],[-95.6766323920259,35.1251032251019],[-95.6761163923783,35.125103225127],[-95.6761963924668,35.1247672248554],[-95.6762173925351,35.1246812253694],[-95.6765513927034,35.1242332252959],[-95.6767463927367,35.1240042245767],[-95.6770253921705,35.1237982249183],[-95.6770753926784,35.1236292251853],[-95.67708039201,35.1236152245369],[-95.6770143925264,35.1233362251128],[-95.6769693922237,35.1231352248023],[-95.6770083922255,35.1230232250109],[-95.6770803919555,35.1228602246554],[-95.6770803919093,35.1222192246559],[-95.6771923925489,35.1214182244378],[-95.6771083922425,35.1213042245599],[-95.6771923925344,35.1212172241251],[-95.677331392675,35.1210752247386],[-95.6773313926706,35.1210142246124],[-95.6773303926015,35.1207002244639],[-95.677331392637,35.1205482246211],[-95.6769973924232,35.1203652242587],[-95.6765233920156,35.1202282242342],[-95.6757713922238,35.1203422241528],[-95.6759113914985,35.1200222246191],[-95.6763013915816,35.1197932238904],[-95.676997392382,35.1197932238565],[-95.6782233926045,35.1201362243887],[-95.678696392946,35.119999224318],[-95.6793343928401,35.1197892235576],[-95.6796713931719,35.1196792238444],[-95.6801173931507,35.1194042236811],[-95.68025639329,35.1192442234613],[-95.6803403926525,35.1187402235053],[-95.6802843927386,35.1185342238632],[-95.6799223930118,35.1181682240227],[-95.6793423921734,35.1178682236513],[-95.6789473927265,35.117664223219],[-95.6788823923974,35.1174872240206],[-95.6788633924119,35.1174362234589],[-95.6788633923526,35.1166122230808],[-95.6785853920411,35.1164742230004],[-95.6779443919828,35.1163372229839],[-95.6766073920399,35.1164282236648],[-95.6759503912309,35.1161692233968],[-95.6755773910093,35.1160162235259],[-95.6747133913734,35.1154902234968],[-95.6732093907833,35.1142312228371],[-95.6726243906158,35.1139792228895],[-95.6712323898979,35.1137502231468],[-95.6704523896805,35.1134982232088],[-95.6702013897235,35.1133842233389],[-95.6698393900033,35.113109223215],[-95.668614389809,35.1125142236062],[-95.6675833887485,35.1123312232776],[-95.6656343882589,35.1118042232549],[-95.664659388,35.1116672232547],[-95.6641023882498,35.1116672232818],[-95.6636833876997,35.1115982228056],[-95.6633493883984,35.1115982228218],[-95.6631543883404,35.1114842229492],[-95.6628483876215,35.1112322229881],[-95.6625413877654,35.1111172230747],[-95.661956387588,35.1107282230796],[-95.6609263874715,35.1105222234847],[-95.6602573870124,35.1103622233041],[-95.6590883867747,35.1105672229595],[-95.6571383863063,35.1109792232434],[-95.6564973862612,35.1110252236057],[-95.6563863865244,35.111231223256],[-95.6560793857723,35.1111622236736],[-95.6554953856428,35.1107962238439],[-95.6543533857233,35.1105212237579],[-95.6531003851694,35.1104752234878],[-95.652570384866,35.1103832237507],[-95.6522083851474,35.1101312237923],[-95.6517353847959,35.1101312238153],[-95.6511783850539,35.1102452237245],[-95.6508443848451,35.1101312238586],[-95.650510384623,35.1098332235678],[-95.6491173838652,35.1096952235416],[-95.647056383622,35.1097862233583],[-95.6465833832624,35.1096722234992],[-95.6459433831351,35.107932223011],[-95.6458873832312,35.1078642234626],[-95.6458593828271,35.1077952229674],[-95.6453583829297,35.1071542229922],[-95.6445793827257,35.1064442234331],[-95.6439103822484,35.1060322232765],[-95.6433533824767,35.1057342229965],[-95.6431863819333,35.1058262227674],[-95.6427973819092,35.1062312235507],[-95.6426393817887,35.1063992232426],[-95.642555382403,35.1065812235791],[-95.6426403818581,35.1067192236689],[-95.6441193830789,35.1078592233171],[-95.6441763830424,35.108110223244],[-95.6439533825934,35.1081102232549],[-95.643175382467,35.1078332239579],[-95.6425913823638,35.10783222394],[-95.6416173821725,35.1079912232548],[-95.6410333820825,35.1081722235693],[-95.6399493812766,35.1081922236486],[-95.6397553812782,35.1082612241546],[-95.6396443815363,35.1083982242076],[-95.6397013815294,35.1090602242774],[-95.6393683813932,35.1093112242232],[-95.6394253814241,35.1104992243643],[-95.6394823813744,35.1105672239125],[-95.6393993820745,35.1112982244856],[-95.63917738169,35.1115492244261],[-95.6392333816086,35.1118222244723],[-95.6392893815175,35.1119602245635],[-95.6393183820189,35.1127362245167],[-95.6394583822441,35.1131242244872],[-95.6397103822591,35.1133992246165],[-95.6397933816263,35.1136042251104],[-95.6396833819408,35.1138782252109],[-95.6396833819523,35.1140382245248],[-95.6391563818077,35.1142202248828],[-95.6386553819942,35.114745224932],[-95.638349381318,35.1150872254925],[-95.6379323817698,35.1151552250637],[-95.637571381241,35.1154972256268],[-95.6374333811629,35.1158622254452],[-95.6373783813365,35.1162272252597],[-95.6371003819506,35.1164552250373],[-95.6367383813656,35.1166612255992],[-95.6364053812557,35.1172772253568],[-95.636183381764,35.1174372255807],[-95.6356833810793,35.1177092256077],[-95.6352113808204,35.1183492255839],[-95.634877380618,35.1183252262876],[-95.6343763807699,35.1183702256974],[-95.6339593812298,35.1185512260038],[-95.633292380888,35.1187332263686],[-95.6328763805066,35.119075226035],[-95.6326813804749,35.1193262259742],[-95.6318193800751,35.1193942264664],[-95.6314863799322,35.1195532266495],[-95.6307353802227,35.1201682263811],[-95.6302633799835,35.1210822264526],[-95.6300433797411,35.122018226631],[-95.6298203801946,35.1220632269266],[-95.6291243803,35.1221532266307],[-95.6290143797118,35.1223812272995],[-95.6289863802251,35.1225642267802],[-95.6288483801354,35.1227692272848],[-95.6285143799677,35.1232252268293],[-95.6284863795751,35.1233172274929],[-95.628850380294,35.1236822272869],[-95.6287943795071,35.1238422275028],[-95.6283493795664,35.1240022268383],[-95.6275423799117,35.1239762274724],[-95.6268763795933,35.1238382274109],[-95.6264043792781,35.1236992272937],[-95.6260973794368,35.1237902270251],[-95.626154379402,35.1240642271176],[-95.626433378872,35.1243612273647],[-95.6267403796468,35.1247452271419],[-95.6268243790474,35.1247682273034],[-95.6268463791927,35.1251072277089],[-95.6252713789975,35.1251032276003],[-95.619710377415,35.1251032278707],[-95.5988613719247,35.1251032288843]],[[-95.6803123924964,35.1096312217599],[-95.6789753916972,35.1103172221092],[-95.6785853916174,35.1105922222697],[-95.6781673920493,35.1110272226447],[-95.6776103914689,35.1119882221982],[-95.6776103915019,35.1124462227184],[-95.6778613914622,35.1126062229193],[-95.6783343918054,35.1124922230143],[-95.6788633920294,35.1121262222312],[-95.679253392096,35.1116682225914],[-95.67950439203,35.1114622220349],[-95.6796993920566,35.1111412224522],[-95.6808133923889,35.1102032221378],[-95.6808693922599,35.1098142221115],[-95.6807853919535,35.1097002222336],[-95.6805343919964,35.1095852223174],[-95.6803123924964,35.1096312217599]],[[-95.6811473928994,35.1145062225925],[-95.6813753926859,35.114575223078],[-95.6814463932805,35.1145752230746],[-95.6815933929029,35.1145752230674],[-95.6818443928484,35.1145292227242],[-95.6824283929316,35.1142542225542],[-95.6824013934683,35.114117222508],[-95.6821503926185,35.1140942223546],[-95.6816213932773,35.1142312224279],[-95.6814563928246,35.1142942226548],[-95.6813353926126,35.114341223038],[-95.6811473928927,35.1144142228297],[-95.6811473928994,35.1145062225925]],[[-95.6810303929996,35.1163122234751],[-95.6808033932696,35.1163842232223],[-95.6807403930479,35.1164102235298],[-95.6805363925869,35.1164952229784],[-95.6803123929976,35.1165892237441],[-95.679838392618,35.1168402236968],[-95.679587392684,35.1170462233539],[-95.6795873927121,35.1174362234237],[-95.6796993925183,35.1175502233003],[-95.6803123930735,35.1176422239326],[-95.6808693928138,35.1175042238117],[-95.6814823933244,35.1169782237107],[-95.6821503928048,35.1166802233712],[-95.6821503927734,35.1162452230166],[-95.6817883930632,35.1161082229866],[-95.6814513927302,35.1162022228584],[-95.6814003930642,35.1162172235553],[-95.6811903932213,35.116262222951],[-95.6810303929996,35.1163122234751]],[[-95.6536633839169,35.0926682201076],[-95.6538853843113,35.0925532201684],[-95.6541643846313,35.0921642201313],[-95.6542753843748,35.0920502202438],[-95.6542483840121,35.0919132201975],[-95.6544433840355,35.0915462202837],[-95.6548053846008,35.0910662196266],[-95.6550003846243,35.090700219759],[-95.6550283840979,35.0903342198996],[-95.654944384694,35.0902652194071],[-95.6543593845545,35.0904022194831],[-95.6540813842529,35.0904022194966],[-95.6536913841434,35.0902652194679],[-95.6530233837076,35.0897842197139],[-95.6527173839045,35.0897612195632],[-95.6522713839191,35.0899442199636],[-95.6522433835412,35.0902412202257],[-95.6526893835679,35.090631220274],[-95.6526613840878,35.0909052203706],[-95.6524663840544,35.0911342201905],[-95.6525493834332,35.0915002200445],[-95.6531343836501,35.0924392203228],[-95.6533563840675,35.0926452199569],[-95.6536633839169,35.0926682201076]],[[-95.6516863831281,35.081014218437],[-95.6515473829756,35.0809912182782],[-95.651324382535,35.0811062182174],[-95.6513793824155,35.0814952182384],[-95.6515463829918,35.0818612180884],[-95.652103382788,35.082502218061],[-95.6525483827665,35.0828682187968],[-95.6531613833366,35.0831662181748],[-95.6534953835569,35.0834412183002],[-95.6536063833234,35.083647218839],[-95.6540793836714,35.083601218485],[-95.6540523833038,35.0833952188414],[-95.6535233830222,35.0829602185123],[-95.6526603834393,35.0825252181995],[-95.6524093825698,35.0822282188502],[-95.6519923829707,35.0815872179715],[-95.6519083826511,35.0812892185678],[-95.6516863831281,35.081014218437]],[[-95.6487943821589,35.0816572186696],[-95.6497133824744,35.0811772179855],[-95.6500193822709,35.0811082183733],[-95.6502983826256,35.0812002181227],[-95.650548382528,35.0812002181105],[-95.6506603823161,35.0810632180574],[-95.6507163821658,35.080376217724],[-95.650131381972,35.0797582179183],[-95.6501313819589,35.0795752184389],[-95.650438382683,35.0792552179977],[-95.6504933825143,35.0789572176879],[-95.6503823818452,35.0787052177173],[-95.6500483825209,35.0783852182065],[-95.6496313820702,35.0784082174929],[-95.6482383813404,35.0786592183896],[-95.648071381698,35.0787732182798],[-95.6480713817161,35.0790252182558],[-95.6487673816336,35.0792542180325],[-95.6493803821871,35.0793232176001],[-95.6496023817035,35.079506217968],[-95.6496023817414,35.0800332180855],[-95.6492403820837,35.080628218671],[-95.6489063819093,35.0809942185453],[-95.6484323815362,35.0813372182608],[-95.6484323815543,35.0815892182369],[-95.6485163818573,35.0816572186831],[-95.6487943821589,35.0816572186696]],[[-95.6442843805428,35.0787262180861],[-95.6441733807846,35.078635218375],[-95.6440063802347,35.078635218383],[-95.6438943804399,35.0786802177739],[-95.6436993804098,35.078955217925],[-95.643615380138,35.0793212186865],[-95.6436713809429,35.0794132184466],[-95.6438383805935,35.0794132184385],[-95.6440613810343,35.0792992185456],[-95.6442843805643,35.0790242183932],[-95.6442843805428,35.0787262180861]],[[-95.6446193806731,35.0771012174787],[-95.6439233807656,35.0770102177959],[-95.6437563802156,35.077010217804],[-95.6426983797164,35.0770322179746],[-95.642336380034,35.0772842179681],[-95.6423083796496,35.0774902176144],[-95.6424193803071,35.0775812182249],[-95.6427813800059,35.0775592180881],[-95.6433663801505,35.0774902175631],[-95.6438113801109,35.0776052183692],[-95.6438673809125,35.077650217752],[-95.6440343805632,35.0776512177902],[-95.6446193806912,35.0773532174547],[-95.6446193806731,35.0771012174787]],[[-95.6779193877936,35.0616812133056],[-95.6780303884346,35.0615442132527],[-95.678114387799,35.0610632134621],[-95.6782533879268,35.0607422129827],[-95.6789773881941,35.060285213373],[-95.679060388418,35.0598962133453],[-95.678977388112,35.059140212522],[-95.6788383879153,35.0584992125291],[-95.6787543885099,35.0584082128166],[-95.6787263880943,35.0581792130075],[-95.6785873879337,35.0580422129666],[-95.6784763881804,35.0580192128064],[-95.6780303881966,35.058225212473],[-95.6775023880189,35.058591213256],[-95.6768893875065,35.0590942131915],[-95.6761933876383,35.0595522128462],[-95.6759433877589,35.059873213331],[-95.6758313870796,35.0601242132661],[-95.6758043876492,35.0604452128407],[-95.6758873879058,35.060513213287],[-95.6759433878229,35.0607652132603],[-95.6763603873956,35.0610402133817],[-95.6768613881643,35.0612922133334],[-95.6771953883861,35.061589213578],[-95.6776413883946,35.0617272136503],[-95.6779193877936,35.0616812133056]],[[-95.6746073870256,35.0608342138217],[-95.6742173869046,35.0605362135335],[-95.6737993873052,35.0605362135538],[-95.6730763870679,35.0607652133993],[-95.6728813870279,35.0609022134564],[-95.6728533866435,35.0611082131027],[-95.6731033865607,35.0613142136349],[-95.6734653871736,35.061497213996],[-95.6746903873398,35.0617042136278],[-95.6751913871925,35.0617262137227],[-95.6752753874842,35.0616352131028],[-95.6752193875704,35.0614292134606],[-95.6747463871977,35.0611312131765],[-95.6746073870256,35.0608342138217]],[[-95.6844323889605,35.0547692122346],[-95.684404389441,35.0544942120944],[-95.6842933896762,35.0543112117211],[-95.6840703892125,35.054105212087],[-95.6835693893449,35.0538762114015],[-95.683347388939,35.0538302119805],[-95.6832083887981,35.0539682120811],[-95.6831243894091,35.0541052121329],[-95.6831803893295,35.0544032115379],[-95.6835423890578,35.054792211544],[-95.6839313891258,35.0549982120694],[-95.6843213892188,35.0549062122876],[-95.6844323889605,35.0547692122346]],[[-95.6781433865288,35.0371212084514],[-95.6805093873997,35.0366632087158],[-95.680648386643,35.036549208827],[-95.6806203871252,35.0362972088523],[-95.6805373868652,35.0361832089742],[-95.6796183864858,35.0357712088295],[-95.6793403870672,35.0355422081332],[-95.6781163860711,35.0356562089739],[-95.6774483865906,35.035954208414],[-95.6770033857604,35.0362512086964],[-95.676891385987,35.0365952084407],[-95.6771703863661,35.0370292087357],[-95.6774483866742,35.037121208485],[-95.6781433865288,35.0371212084514]],[[-95.6622813822346,35.0391802101194],[-95.6620303822743,35.0390202099183],[-95.6617243824745,35.0390432100987],[-95.6613903822789,35.0391112096659],[-95.6612513821395,35.0392712098858],[-95.6612513821543,35.0394772104301],[-95.6614743826098,35.0395692101822],[-95.6619473820569,35.0395002105619],[-95.662225382347,35.0393402103353],[-95.6622813822346,35.0391802101194]],[[-95.6630623817921,35.0295662083331],[-95.6623113820237,35.0293602078251],[-95.6618943815795,35.0294742086268],[-95.6618103812912,35.0296122087248],[-95.6617823818552,35.0305042086556],[-95.6621163820755,35.0307792087811],[-95.6632013820444,35.0309852083735],[-95.6638973819667,35.031283208647],[-95.6643983827189,35.0313062087883],[-95.6644813820664,35.0312372082876],[-95.6644253821576,35.0311002082427],[-95.664259382542,35.0309402080375],[-95.6639803821874,35.0308482082882],[-95.663897381929,35.0307572085756],[-95.6638693823883,35.0301842081282],[-95.6636473819661,35.0299102080437],[-95.6630623817921,35.0295662083331]],[[-95.646733382039,35.0834652188402],[-95.6465663814956,35.0835562185648],[-95.6465103815934,35.0835112191821],[-95.6464273813399,35.0834882190206],[-95.6463433819444,35.0835342193557],[-95.6461763814191,35.0838772190564],[-95.6461763814289,35.084014219104],[-95.6465103816361,35.0841062188506],[-95.6466213813861,35.0840832186797],[-95.6466773812802,35.0840142190797],[-95.6470113814528,35.0836252190398],[-95.646956381592,35.0835112191604],[-95.6468723812938,35.0835112191645],[-95.6468443817907,35.0834652188348],[-95.646733382039,35.0834652188402]]]},"properties":{"OBJECTID":4181,"COUNTYFP10":"121","FULLNAME":"Eufaula Lk","MTFCC":"H3010","Shape__Area":81360674.13671875,"Shape__Length":184979.6025124751}},{"type":"Feature","id":4182,"geometry":{"type":"Polygon","coordinates":[[[-95.6967633922519,35.0522732111892],[-95.6956773921989,35.0515412106263],[-95.6954543917304,35.0512672105419],[-95.6953433919229,35.0504882104537],[-95.6951203914182,35.0497102104173],[-95.6949813912527,35.0495042107791],[-95.6949813912363,35.0492752100693],[-95.6948973918276,35.0491382100257],[-95.6948423919307,35.0485202101943],[-95.695064391388,35.0478792101838],[-95.6950923917625,35.0475352095443],[-95.6952033914911,35.0472142099656],[-95.6954823918111,35.0468252099284],[-95.6956213919406,35.0465282096609],[-95.6957883915732,35.0462762096768],[-95.6958433914192,35.0461842099113],[-95.6961773915919,35.0457952098715],[-95.6964003920179,35.0454752094343],[-95.6965113917612,35.0453602095006],[-95.696650391894,35.0451092095641],[-95.696901391828,35.0449032090077],[-95.6969843920667,35.044719209478],[-95.6971513917091,35.0446052095878],[-95.6975963916531,35.0444912096841],[-95.6977913916864,35.0442622089649],[-95.6989883923066,35.0438272094515],[-95.6992663925918,35.0435982087282],[-95.6994883920933,35.0435752094512],[-95.6997673924609,35.0438492086336],[-95.700045392774,35.0440102088796],[-95.7002123924262,35.0440322089908],[-95.7004903927081,35.0437582088821],[-95.7007963925062,35.0437122094354],[-95.7011303927297,35.0440322089463],[-95.7014643929285,35.0440092087646],[-95.701604393129,35.0440552090889],[-95.7014653931504,35.046458209734],[-95.7013823929545,35.0472372098317],[-95.7013263931325,35.0483122101424],[-95.7012713933062,35.0486792100495],[-95.7011043938361,35.0511972106244],[-95.7010763935092,35.0522042104834],[-95.7009653937822,35.0525482102277],[-95.7006873934823,35.0525712104067],[-95.7004093931709,35.0524332103262],[-95.6993793930498,35.0521592102809],[-95.6990173933592,35.0522962103461],[-95.6986833931603,35.0523192105278],[-95.698460392718,35.0524112103015],[-95.6984603927787,35.0532572107991],[-95.6982383923794,35.0533032111409],[-95.6981263925749,35.0532122105305],[-95.6977093930153,35.0531202107879],[-95.6975703928547,35.052983210747],[-95.6974313926809,35.0526622111804],[-95.6967903926146,35.0524112103824],[-95.6967633922519,35.0522732111892]]]},"properties":{"OBJECTID":4182,"COUNTYFP10":"121","FULLNAME":"Eufaula Lk","MTFCC":"H2030","Shape__Area":725958.94921875,"Shape__Length":3622.390386614906}},{"type":"Feature","id":4183,"geometry":{"type":"Polygon","coordinates":[[[-95.5777603581042,35.0088052081277],[-95.577009358375,35.0091492088023],[-95.5769263581101,35.0089662084275],[-95.5765923579078,35.0089432082781],[-95.5757853582696,35.0091492088614],[-95.5756183577131,35.0090572091066],[-95.575618357705,35.0089432083251],[-95.5755353574483,35.0088742087318],[-95.5755073579289,35.0086002086378],[-95.5751453573274,35.0085772084897],[-95.5748953574314,35.0086682082183],[-95.5744503574807,35.0086912084054],[-95.5738383569572,35.0083942090733],[-95.5735603575516,35.0083482087556],[-95.5735043576624,35.008485208806],[-95.5732543568671,35.008577208581],[-95.573170357465,35.0085312091533],[-95.572975357394,35.0082342089017],[-95.5723633568917,35.0082342089312],[-95.572113356981,35.0081192090149],[-95.5716683570271,35.0080962088708],[-95.5713343568346,35.0082112088154],[-95.5709173564001,35.0084632088116],[-95.5705833562255,35.0088292086861],[-95.5704723565016,35.0092182087153],[-95.5702493560623,35.0093552087737],[-95.5701103568076,35.0093102093949],[-95.569749356228,35.0089432086085],[-95.5698883563511,35.0085542085779],[-95.5696933562931,35.0084402087052],[-95.5694153560078,35.0086692085292],[-95.5690533563122,35.008737208997],[-95.5687473556048,35.0086462092952],[-95.5674403561519,35.0087152089557],[-95.5667443553367,35.0085092093442],[-95.565826355046,35.008692208868],[-95.5656593554018,35.008783209492],[-95.5654373550253,35.0091502094073],[-95.5654093555516,35.009516209267],[-95.5653253552664,35.0096992096498],[-95.5648253554778,35.0099282094845],[-95.5645193547998,35.0102482090265],[-95.5641573551042,35.0103172095406],[-95.5636563552431,35.0101802095171],[-95.5631283550373,35.0101572093771],[-95.5628493546941,35.0102252098409],[-95.5625433548911,35.0102032097364],[-95.5619313543691,35.0099282096243],[-95.561737354364,35.0099052094681],[-95.5614313545772,35.0101112100272],[-95.5613753546895,35.0102712093438],[-95.5612643540435,35.0103402098458],[-95.56126435405,35.0104312095624],[-95.5611533543065,35.0105462094962],[-95.5611253539351,35.0109352095214],[-95.5607353538485,35.011118209919],[-95.5607353538288,35.0108432097774],[-95.5606523544601,35.0106152100171],[-95.5606523544437,35.0103862093072],[-95.5609863537239,35.0100882098831],[-95.5610973543618,35.009905209499],[-95.5615983541804,35.0094472098536],[-95.5620433541328,35.0094472098321],[-95.5624043547009,35.0096532094597],[-95.5627383549082,35.0097452092065],[-95.5633503545112,35.0097452091769],[-95.563684354702,35.0096072090668],[-95.5640463552807,35.0093102096877],[-95.5647133547233,35.0091272092767],[-95.5648803552569,35.0088982094581],[-95.5649643546313,35.0085542088157],[-95.5645193546578,35.0082572094755],[-95.5642683546845,35.0079142088956],[-95.5643523549614,35.0076162085843],[-95.564519354599,35.0074332090967],[-95.5647413549951,35.0073412093231],[-95.5657703550489,35.0073182091079],[-95.5662993552799,35.007044208987],[-95.5669393552756,35.0069522082939],[-95.5670783554313,35.0070212087838],[-95.5671893551927,35.0071582088261],[-95.5672173556572,35.0080742089665],[-95.5673283554186,35.0082112090088],[-95.5676623556242,35.00828020859],[-95.5682463557257,35.0082572092956],[-95.5684693561633,35.0080972090716],[-95.5687753559599,35.0080282085601],[-95.569053356273,35.00818820876],[-95.5693313565746,35.0081882087465],[-95.5695823565154,35.0080742088523],[-95.5705833561667,35.0080052083073],[-95.5706943568063,35.007845208988],[-95.5707223562735,35.0073872084662],[-95.5705553566179,35.0073182088769],[-95.5696653558139,35.0073182089198],[-95.5694983561568,35.007227208312],[-95.5695543560476,35.0071122083809],[-95.5698603558377,35.0069522081529],[-95.5712513564913,35.0069292088195],[-95.5713343567513,35.0070432086976],[-95.5712783568915,35.0075932089837],[-95.5718903564944,35.0075932089542],[-95.5721413564482,35.0076612084931],[-95.5726143567997,35.0076612084702],[-95.5726693566393,35.0074782089881],[-95.5725023569772,35.0073182087829],[-95.5723913572092,35.0070892080783],[-95.5722803565517,35.0069982083671],[-95.5721963571381,35.0067922087261],[-95.5722523570323,35.0067232082268],[-95.5726973569797,35.006654208608],[-95.572697356965,35.0064482080636],[-95.5717793566204,35.0058762086046],[-95.5714733567928,35.0055102078618],[-95.571417356884,35.0053732078168],[-95.5715283566225,35.0051892082856],[-95.5718073569821,35.0053502085318],[-95.5722523569572,35.0056702080374],[-95.5725303572654,35.0057622086862],[-95.5726413570235,35.0058532083975],[-95.5729753572324,35.0059682083098],[-95.5734203572092,35.006311207981],[-95.57353235703,35.0066312084021],[-95.5742273568979,35.0068142087474],[-95.5744503573583,35.0069752080968],[-95.5744503573681,35.0071122081445],[-95.574116357174,35.0072032087766],[-95.5732813571155,35.0071122082009],[-95.5731703573719,35.0072262080885],[-95.5732533567359,35.007387208344],[-95.5735593574514,35.0075932088736],[-95.5741163572344,35.0080502084215],[-95.5745613571949,35.0081652083285],[-95.575618357638,35.0080042089172],[-95.576008357759,35.0083022083063],[-95.5759803582657,35.0083942089699],[-95.5761193575236,35.0084852086797],[-95.5762863580769,35.0085312090029],[-95.5768983585646,35.0083252084289],[-95.5772873586162,35.0083022082446],[-95.5773433585266,35.0084622084551],[-95.5775383585911,35.0086682080907],[-95.5777603581042,35.0088052081277]]]},"properties":{"OBJECTID":4183,"COUNTYFP10":"121","FULLNAME":"Jones Crk","MTFCC":"H3010","Shape__Area":260350.00390625,"Shape__Length":6674.524432460227}},{"type":"Feature","id":4184,"geometry":{"type":"Polygon","coordinates":[[[-95.5896203629751,35.0319902125981],[-95.5902193629685,35.0333052122981],[-95.5900103631729,35.0333632122955],[-95.5895933636459,35.0337292121739],[-95.5891203633124,35.0339812130722],[-95.58906436342,35.0340732128378],[-95.5883963630334,35.0342792125151],[-95.5879233626885,35.0343712132001],[-95.5876733628089,35.0346912127394],[-95.5867553625167,35.0348522130433],[-95.5866163623805,35.035058212695],[-95.5865883628921,35.0352182129096],[-95.5863933628488,35.0353102126819],[-95.5856703626064,35.0354702129301],[-95.5854193626641,35.0355622127051],[-95.5844173620604,35.0355392134874],[-95.5833323621043,35.0355162133743],[-95.5828873612626,35.0356542134897],[-95.5816633611998,35.0362492132177],[-95.5810223611791,35.0366382132725],[-95.5805213613572,35.037050213486],[-95.5802983609065,35.0370272133313],[-95.5803823611818,35.0367072138001],[-95.5802703613789,35.0366382133089],[-95.5797973610389,35.0367992135912],[-95.5793243607185,35.037234213969],[-95.579157361076,35.0373482138592],[-95.5789903605407,35.0375542135123],[-95.5784623603661,35.0379662137271],[-95.5777943608787,35.0381722143038],[-95.5764033602676,35.0387902142054],[-95.5760973604661,35.0387902142202],[-95.5760973604514,35.0385842136759],[-95.576625360631,35.0382412139577],[-95.5774323602625,35.0379432136114],[-95.5782953606843,35.0375312133803],[-95.5786013604613,35.0371882136729],[-95.5791853605284,35.0366842136924],[-95.5797693606053,35.0363182138059],[-95.580493360886,35.0360432136293],[-95.5808553614728,35.035860213233],[-95.5813833616687,35.0357452132791],[-95.5822473612179,35.0350592129526],[-95.5824143617662,35.035036212779],[-95.5829983618497,35.0347612135084],[-95.5837773619683,35.0342802127848],[-95.584445362368,35.0342572125869],[-95.5847233617866,35.0344862132833],[-95.5852803624445,35.0346002131386],[-95.5859203624254,35.0343032128466],[-95.5868663621783,35.0335932123044],[-95.5871443624635,35.0333642124804],[-95.5871993623047,35.0332042122646],[-95.5877003630374,35.0329522122642],[-95.5881453629701,35.0326772121011],[-95.5883683624984,35.0323792126824],[-95.5885903628929,35.0322652118902],[-95.5896203629751,35.0319902125981]]]},"properties":{"OBJECTID":4184,"COUNTYFP10":"121","FULLNAME":"Blue Crk","MTFCC":"H3010","Shape__Area":211291.99609375,"Shape__Length":3983.2985227393438}},{"type":"Feature","id":4185,"geometry":{"type":"Polygon","coordinates":[[[-96.0866234930122,35.0503991918058],[-96.0858904932079,35.0505781911355],[-96.0826184917092,35.0512311918496],[-96.0810534920005,35.0515101922524],[-96.0809324917773,35.0513991916159],[-96.080765491221,35.0513081919076],[-96.079707491636,35.0515151916501],[-96.0787334914364,35.0515381918632],[-96.0782884905986,35.0517211922634],[-96.07828849063,35.0521561926177],[-96.077899490574,35.0521101923056],[-96.0774524905164,35.0519271919489],[-96.0771184903179,35.0519501921307],[-96.077118490341,35.0522701925567],[-96.0773464910286,35.0523681925861],[-96.0767804908709,35.0524951921982],[-96.0764784903382,35.0522471924224],[-96.0763114906813,35.052156192714],[-96.0757834904862,35.0522701926218],[-96.0748644901722,35.0527511924526],[-96.0738634896445,35.0531171923591],[-96.0733344894014,35.053209193047],[-96.0732504900176,35.0534151926958],[-96.0729194899729,35.0536411923833],[-96.0724434894964,35.0538271929239],[-96.0717204892634,35.0541011930542],[-96.0709694895388,35.054490193114],[-96.0703844893918,35.054513193308],[-96.0692714890762,35.0550171933138],[-96.0689094885034,35.0553831931892],[-96.0681864883397,35.0566191937907],[-96.0678244887453,35.0580831941385],[-96.0672404887091,35.0589991943073],[-96.0672674890998,35.0595251943767],[-96.0674904886492,35.0595251943659],[-96.0683744891493,35.0591901941016],[-96.0682184891513,35.0597671938431],[-96.06804048902,35.0601721937164],[-96.0677404886008,35.0602121937844],[-96.0667944888267,35.0606011938537],[-96.0667114885898,35.0608071944018],[-96.0666274884073,35.0624081947836],[-96.0665164887087,35.0631411945507],[-96.0666744888436,35.0631761943648],[-96.0656324884051,35.0661991949776],[-96.0648584886958,35.0691171961121],[-96.0643614891628,35.0709481963704],[-96.064178488724,35.0703041962415],[-96.0641784886711,35.0695711964798],[-96.0643734887107,35.0694341964228],[-96.0644014881428,35.068496196162],[-96.0640394883867,35.0677181961332],[-96.0642064879561,35.0665961954408],[-96.0655704889461,35.0636901948331],[-96.0657924883269,35.0619971946818],[-96.0662104887426,35.0608521947109],[-96.0664054886765,35.0592501942775],[-96.0665724882923,35.0587701936304],[-96.0666274880986,35.0581291936287],[-96.0669614882345,35.0572371936839],[-96.0670734879713,35.0563901931354],[-96.0681024888551,35.0554291935595],[-96.0683254883796,35.0550851929109],[-96.0688264891015,35.0546961928632],[-96.0691604883545,35.0540331927286],[-96.0698554890546,35.053300192933],[-96.070857488731,35.0529571922927],[-96.0741964897257,35.0521101924861],[-96.0779824907662,35.051286191924],[-96.0788444911432,35.0509201920243],[-96.0795404910367,35.0508281922276],[-96.0800974916837,35.0508041919886],[-96.0817114918465,35.0502551916737],[-96.0831584923705,35.0498661915799],[-96.0836314918202,35.0498431913914],[-96.0844654927485,35.0501861919422],[-96.0858574925684,35.05046019107],[-96.0866234930122,35.0503991918058]],[[-96.0827964918224,35.0505751920468],[-96.0827124924121,35.0504151918379],[-96.0816554919757,35.0506441916997],[-96.0812104920373,35.0508271920999],[-96.0810984913467,35.0509191918681],[-96.0812384915585,35.0511241914597],[-96.0816274916079,35.0510791920553],[-96.0826854920791,35.0506891919342],[-96.0827964918224,35.0505751920468]],[[-96.0644844883218,35.067489195402],[-96.0645954889875,35.0676951959406],[-96.0648464889293,35.0676031952662],[-96.0649294882404,35.0670311957598],[-96.0651524886676,35.0667341954884],[-96.0652364889144,35.0660241949888],[-96.0651524886131,35.0659781955612],[-96.0649294881694,35.0660471951692],[-96.0647904889478,35.0664591953648],[-96.0644844882789,35.066894195734],[-96.0644844883218,35.067489195402]]]},"properties":{"OBJECTID":4185,"COUNTYFP10":"121","FULLNAME":"Canadian Riv","MTFCC":"H3010","Shape__Area":449214.57421875,"Shape__Length":10315.749414437494}},{"type":"Feature","id":4186,"geometry":{"type":"Polygon","coordinates":[[[-95.4919263574343,35.3008752664282],[-95.4919203571559,35.3008732663359],[-95.4915753573388,35.3007982664778],[-95.4911813570461,35.3006982663639],[-95.4903763565789,35.3005982662702],[-95.4896603566419,35.300498266172],[-95.4888873567667,35.3004982662099],[-95.4880833563386,35.3002982659829],[-95.4870843558606,35.3000982666648],[-95.4862633555434,35.2998982664387],[-95.4855473556064,35.2997982663406],[-95.4848713548186,35.2995922667288],[-95.4840493553544,35.2993922665028],[-95.4833583547781,35.2992922664034],[-95.4828683545277,35.2991612666576],[-95.4828543547775,35.2991572664731],[-95.4828413550737,35.2991542663348],[-95.482657354631,35.2991052667733],[-95.4817713539974,35.2989052665503],[-95.4812453538784,35.2988042663965],[-95.4806553543813,35.2986032661128],[-95.4801633540404,35.2985032660037],[-95.4800643539459,35.2985032660085],[-95.4706633512337,35.2956032662038],[-95.468963350593,35.2950032663871],[-95.4667633501397,35.2943032664618],[-95.4653483501348,35.2938312662622],[-95.4649633493581,35.2937032666501],[-95.4630633493421,35.2932032660772],[-95.4616633491533,35.2930032658793],[-95.4606633486507,35.2931032660615],[-95.4590633482236,35.2935032666725],[-95.4576623480249,35.2938032662414],[-95.4558623473233,35.2943032669954],[-95.4535623468382,35.2951032672742],[-95.4523623460828,35.2956032670997],[-95.4516533464983,35.2958872676925],[-95.4512573461301,35.2960252669064],[-95.4512843463812,35.2946272669316],[-95.4517483463072,35.2945122669806],[-95.4530043469581,35.2939632666825],[-95.4547623465642,35.2928182666452],[-95.4553763471198,35.2922692663785],[-95.4555163473004,35.2920402665613],[-95.4556283470735,35.2916962659178],[-95.4558233471152,35.2915822660261],[-95.4564093473081,35.2915362665657],[-95.4566323477439,35.2913532661762],[-95.4568003474244,35.2911242663575],[-95.4568003473894,35.2906432656719],[-95.4571073472208,35.2904142658465],[-95.4579453473808,35.2899792654509],[-95.4585593479696,35.2898872656581],[-95.4591733476458,35.2896132655329],[-95.4603183476539,35.2891782660216],[-95.4610713483919,35.2890632651571],[-95.4629423487619,35.2881932652557],[-95.4648403495396,35.2880782652345],[-95.4652863495286,35.2879402651188],[-95.4658733497746,35.2879862654211],[-95.4674363503284,35.2881922649895],[-95.4684973500732,35.2882372652224],[-95.4693343502151,35.2881912648503],[-95.4695863502205,35.2883282648856],[-95.4701163505094,35.2882142649776],[-95.4702553506469,35.2880312645922],[-95.4702273502278,35.2877562644521],[-95.4701163504693,35.2876642646947],[-95.4700323501628,35.2875502648168],[-95.4698083505499,35.2873212650174],[-95.4693903500341,35.2870922652274],[-95.4688033497782,35.2869092648775],[-95.4681893500621,35.2866352648124],[-95.4681053497106,35.2859022650543],[-95.4678263502316,35.2854902648789],[-95.4677423499152,35.2852392649534],[-95.4677703493984,35.2850102642423],[-95.4681323499751,35.2846892646514],[-95.4681883498591,35.2844832641045],[-95.468467350134,35.2834762642335],[-95.4688023494953,35.2836592645957],[-95.4689423497109,35.2839112645648],[-95.4689423497559,35.2845292643987],[-95.4688583503686,35.2846892646159],[-95.4688303499977,35.2850782646407],[-95.4689143502993,35.2851242640684],[-95.468970350215,35.2853532647754],[-95.4690543505266,35.2855362642505],[-95.4693053504889,35.2857192646169],[-95.4700313500081,35.2860622642738],[-95.4707013504959,35.2859702644782],[-95.4713433506279,35.2864742643986],[-95.4718743509865,35.2866802649168],[-95.4727403516323,35.2874352647559],[-95.4730753509952,35.2876412643843],[-95.4736893515972,35.2877322649701],[-95.4739403515596,35.2879152644372],[-95.4740243518661,35.2880292643151],[-95.4744713519132,35.2880522644588],[-95.4746383515723,35.2881672643789],[-95.4746663519848,35.2883502647562],[-95.4748903516077,35.2887162646032],[-95.4751973523734,35.2889682645641],[-95.4754763518339,35.2891282647635],[-95.4755043522697,35.2896312646676],[-95.475448352384,35.289814265049],[-95.4754493524587,35.2902032650725],[-95.4757283519259,35.2904552650347],[-95.4760633521831,35.2905922650659],[-95.4765393526757,35.2906152652082],[-95.4770133521662,35.2905012653029],[-95.4773483524001,35.2903172648615],[-95.478074352752,35.2897452644239],[-95.4781853524887,35.2895392647736],[-95.4781853524786,35.2894012646797],[-95.4783803525186,35.2892642646227],[-95.4783803525036,35.2890582649778],[-95.4782133528329,35.2887832648445],[-95.4782683526739,35.2886232646287],[-95.4790783533806,35.2888292642339],[-95.4795803532736,35.288760264612],[-95.4801673534962,35.2884852644419],[-95.4810883530753,35.2889652641368],[-95.4816193534556,35.2894692649619],[-95.4815073536691,35.2896292642812],[-95.4806423531464,35.2899272646305],[-95.480279353431,35.2903622650028],[-95.4802793534493,35.2906142649787],[-95.4805033530638,35.2908652648974],[-95.4804193536766,35.2910262651609],[-95.4800293536101,35.2914842648007],[-95.4798613530236,35.2916212648566],[-95.4793873535798,35.2923772657068],[-95.4791083532483,35.2926062655308],[-95.4788853528275,35.2929952655652],[-95.4789973536416,35.2945972659847],[-95.4791373538672,35.2949862660013],[-95.4792493536704,35.2950552655931],[-95.4793893538926,35.2953982661779],[-95.4796403538617,35.2956732663071],[-95.4802823539852,35.2960612662528],[-95.4807293540473,35.2962902660413],[-95.4812323540267,35.2967712658029],[-95.4815113543749,35.2967712657893],[-95.4824043544024,35.2965412658888],[-95.4828233540636,35.2967472655132],[-95.4832143542216,35.2969072657071],[-95.4834933545714,35.296930265859],[-95.4835493544771,35.2970222656191],[-95.4845823547303,35.2971812657352],[-95.4856993552667,35.2971352662488],[-95.4864533551384,35.2968372659049],[-95.4866573556071,35.2968562658753],[-95.4867043550891,35.2968602660582],[-95.4875423562051,35.2972032657095],[-95.4880723556129,35.2973402657311],[-95.4885193556515,35.2972482659465],[-95.48868635619,35.2970882657252],[-95.4891613557368,35.2971112658674],[-95.4900553567434,35.2973392655877],[-95.4906973568437,35.2974082660528],[-95.4910043567001,35.2975222659199],[-95.4917863569909,35.297499265716],[-95.492567357222,35.2972922659866],[-95.4926513575136,35.2972012653667],[-95.4929023574559,35.2971092655916],[-95.4931533573933,35.2969492653662],[-95.4941303577224,35.2967652657928],[-95.4955543580951,35.2965582651326],[-95.4958613579281,35.2963522654727],[-95.496141358316,35.2962602647968],[-95.4967273585122,35.2962602647681],[-95.4973133578007,35.2961452648111],[-95.4973973580956,35.2961002654216],[-95.4973973580523,35.2955052648539],[-95.4970333582138,35.2948872650379],[-95.4970613576919,35.2945892647296],[-95.4978153584946,35.2947262647403],[-95.4985963587307,35.2945882646082],[-95.4989593584795,35.2946112647559],[-95.5002653588027,35.2947732649976],[-95.4999713591028,35.3008722658952],[-95.499687359419,35.3008302657632],[-95.4994723593385,35.3007982660909],[-95.498667358886,35.3008982662635],[-95.497669358469,35.3008982663124],[-95.4970733587083,35.3008982663416],[-95.4970393589309,35.3009082659069],[-95.497028358421,35.3009112660463],[-95.4966943582275,35.3010122662422],[-95.4962363585706,35.3010022658016],[-95.4957783580145,35.3009922662604],[-95.4950933577174,35.3009052658634],[-95.4950843581993,35.3009052658638],[-95.4942883581568,35.3009052659028],[-95.4940763573183,35.3009022657743],[-95.4933713578979,35.3008922662452],[-95.4929133573432,35.3009022658313],[-95.4927753572389,35.3009052659769],[-95.4920673567808,35.3009052660116],[-95.4919413572308,35.3008782665664],[-95.4919263574343,35.3008752664282]]]},"properties":{"OBJECTID":4186,"COUNTYFP10":"121","FULLNAME":"Eufaula Reservoir","MTFCC":"H2030","Shape__Area":3630676.7890625,"Shape__Length":16061.818110864842}},{"type":"Feature","id":4187,"geometry":{"type":"Polygon","coordinates":[[[-95.6953943711579,34.7621961575024],[-95.6957263712416,34.7618531577936],[-95.6961983715352,34.7616931575578],[-95.6967253716861,34.7616011577696],[-95.69758637206,34.7618301575393],[-95.6977153717544,34.761936157045],[-95.6978913718325,34.7620811574548],[-95.6979193723039,34.7631111574779],[-95.6980023725637,34.7632261574025],[-95.6982513724228,34.7632721577217],[-95.6983903725736,34.7632721577151],[-95.698667371894,34.7627681577493],[-95.6991113726636,34.7622641577755],[-95.6998603723179,34.7621731571237],[-95.7004153728824,34.7622871569795],[-95.7007753725044,34.7624931575068],[-95.7013583734649,34.7625621570764],[-95.7014133733207,34.7626081574048],[-95.7013583734744,34.7626991571242],[-95.7005813725203,34.7627681576579],[-95.6998323728453,34.7625621571492],[-95.699583372991,34.7625851573266],[-95.6993053727103,34.762882157601],[-95.6988623720127,34.7637521574333],[-95.6987233727709,34.763890157534],[-95.6984183721247,34.7640041574308],[-95.6980573724708,34.764004157448],[-95.697614371693,34.7637301573736],[-95.6974473720215,34.7634321579734],[-95.6974473720151,34.7633401573111],[-95.6973643717586,34.763272157764],[-95.6973643717088,34.7625621572669],[-95.6974473719542,34.7624711575463],[-95.6973923720807,34.7621731572415],[-95.6971963719734,34.7620131570375],[-95.6969753716125,34.7619441574507],[-95.6963923715625,34.7620361572415],[-95.6960323719711,34.7622651570694],[-95.6957823711934,34.7626081576735],[-95.6958103716247,34.7630661572937],[-95.6963093714102,34.763455157294],[-95.6963093714295,34.7637301574358],[-95.6961703722005,34.7640501578692],[-95.6958383721072,34.7642561575302],[-95.6954223717094,34.7643711583779],[-95.6942573716606,34.7646221583635],[-95.6939803714136,34.7647371583053],[-95.6936743716331,34.765034158581],[-95.6936753708171,34.7655611577998],[-95.6940353713384,34.7657671583271],[-95.6953113720797,34.7661101579591],[-95.6955893714979,34.7663391586559],[-95.6956453714097,34.7665221581328],[-95.6957003721665,34.7665911586269],[-95.6956733718394,34.7669571584867],[-95.6955343717111,34.7672771580207],[-95.6953953716005,34.7678501584767],[-95.6951733721438,34.7685131586069],[-95.6943693717746,34.7691311584801],[-95.6941753717905,34.7694061586313],[-95.693703371513,34.7697951586778],[-95.693536371901,34.7703451589696],[-95.6931483710351,34.7709171593911],[-95.6925933714228,34.7715581594179],[-95.6912903712793,34.7719471595042],[-95.6908463713993,34.7723131593839],[-95.6906243710305,34.7727941600809],[-95.6905133712789,34.7727941600862],[-95.6904303710159,34.7726341598768],[-95.6904023705942,34.7723131594051],[-95.69048537083,34.7720841595904],[-95.6907353707147,34.7718331596485],[-95.6924553712799,34.7710081591408],[-95.6928433712529,34.7705281593816],[-95.6929543709708,34.7700471586899],[-95.6932873710815,34.7694291588392],[-95.6936473715723,34.7692001590113],[-95.6938973714554,34.7689261589038],[-95.6942573719462,34.7686971590759],[-95.6945913712265,34.7683991587525],[-95.6947303713499,34.7680101587218],[-95.6948683714303,34.7676671581229],[-95.694867371363,34.7673691587149],[-95.6948673713052,34.7665451583355],[-95.6947563715425,34.7663851581275],[-95.6940073709713,34.7662251579499],[-95.6934253709388,34.765904158404],[-95.6930923707575,34.7655151583958],[-95.6930373708792,34.7651491585399],[-95.693397371346,34.7645771581197],[-95.69397937134,34.7643481582812],[-95.6945343709779,34.7640731581128],[-95.6950333716291,34.7639811583261],[-95.695338371376,34.76386715753],[-95.6955053719035,34.7635471579947],[-95.6954493719901,34.7633411574528],[-95.6952553710714,34.7631121576513],[-95.6952553710265,34.7624711576509],[-95.6953943711579,34.7621961575024]]]},"properties":{"OBJECTID":4187,"COUNTYFP10":"121","FULLNAME":"Brushy Crk","MTFCC":"H3010","Shape__Area":176387.05859375,"Shape__Length":5871.26872176396}},{"type":"Feature","id":4188,"geometry":{"type":"Polygon","coordinates":[[[-95.7015373872578,34.9676001946778],[-95.7010083869733,34.967120194963],[-95.7004803876589,34.9669821948946],[-95.7003413874951,34.9667991945225],[-95.7004803876003,34.9661591945622],[-95.7005913873372,34.9659531949119],[-95.700591387285,34.9652201942498],[-95.7008693875833,34.9651741948046],[-95.7012033869041,34.9654491949302],[-95.7016483877734,34.9657011948848],[-95.7025093872386,34.9657921945598],[-95.7032603878914,34.9657921945236],[-95.7042333880522,34.965860194927],[-95.7054013882873,34.9662721941605],[-95.7060133888089,34.9665471942727],[-95.7066243883995,34.9670271948828],[-95.7066243884077,34.9671421948113],[-95.7060133888561,34.9672101943918],[-95.7052903885977,34.9671421948756],[-95.7046783880957,34.9671421949052],[-95.7042343882111,34.9674401952338],[-95.7039003880204,34.9675771952976],[-95.703288388421,34.9676231947589],[-95.7028993874815,34.9678061951564],[-95.7024273880793,34.967852194611],[-95.7018983878209,34.9677381947544],[-95.7015373872578,34.9676001946778]]]},"properties":{"OBJECTID":4188,"COUNTYFP10":"121","FULLNAME":"Krebs Lk","MTFCC":"H2030","Shape__Area":137745.32421875,"Shape__Length":1759.5705441041055}},{"type":"Feature","id":4189,"geometry":{"type":"Polygon","coordinates":[[[-95.8360954270826,35.0396372012659],[-95.8355664277006,35.0392022018364],[-95.8353714276542,35.0392482012776],[-95.8350384275215,35.0395452015544],[-95.8343144272448,35.0398662020621],[-95.8340644273393,35.0398202017431],[-95.8340054272952,35.0397372015006],[-95.8338694272699,35.0395462016575],[-95.8338134273693,35.0395232014947],[-95.8333684265213,35.0395692018474],[-95.8331454269669,35.0395002022609],[-95.8332844270962,35.0392032019934],[-95.8333404269771,35.0389512020148],[-95.8337304270534,35.0386302015233],[-95.8337294269891,35.0383792015938],[-95.8335864266506,35.0383482019641],[-95.832783426272,35.0381732019948],[-95.8317264266913,35.0378072012888],[-95.8311424256877,35.0377842011516],[-95.8278864249075,35.0381512021133],[-95.8270524249272,35.0384942018462],[-95.826662424864,35.038998201817],[-95.8266074250261,35.0392042023639],[-95.8264124250027,35.0395702022313],[-95.8261064252146,35.0397532026249],[-95.8259674250819,35.0400052026075],[-95.8258004245403,35.0401192024977],[-95.8255774249907,35.0401192025085],[-95.8251604245074,35.0396842021742],[-95.825048424698,35.0395242019665],[-95.8249644243637,35.039021202065],[-95.8248804249535,35.0388612018559],[-95.824769424296,35.0387692020985],[-95.8238794243888,35.0387232018106],[-95.8235454241752,35.0385402023475],[-95.8232394243591,35.0383342018182],[-95.8227104240959,35.0381512023646],[-95.8224324237847,35.0380142023304],[-95.8219864237568,35.037602202163],[-95.8217644233445,35.0374652021262],[-95.8214304231441,35.0374652021424],[-95.82106842348,35.0379682020656],[-95.8207904231901,35.0381292023385],[-95.8202064230906,35.0381742017523],[-95.8199004232845,35.0381062022162],[-95.819760423066,35.0378082019159],[-95.8192604232401,35.0375112016795],[-95.819259423174,35.0372362024374],[-95.8193994233465,35.0368932018388],[-95.8197884233633,35.036389201868],[-95.8201554232318,35.0355022021526],[-95.8201774233491,35.035451201589],[-95.8201504229602,35.0349482016847],[-95.8200664226571,35.0348792011922],[-95.8195374233064,35.0348792012179],[-95.8192414230787,35.0350082018088],[-95.8187034224283,35.0352452020157],[-95.8182854228554,35.0356112018939],[-95.8181464227375,35.0360692015215],[-95.8178134225999,35.0362982022474],[-95.8176734224176,35.036504201899],[-95.8176464230035,35.037053202137],[-95.8173404223292,35.0374192020099],[-95.8173124228573,35.0378082020347],[-95.817534422362,35.0378312021895],[-95.8177574228306,35.0381062023202],[-95.8175904223005,35.0383812024697],[-95.8175074229546,35.0384722021903],[-95.8175074229677,35.0386552025689],[-95.8173684228252,35.0387702025041],[-95.8167284228301,35.0388612022516],[-95.8164224221345,35.0389302027631],[-95.8161994226047,35.0392052029154],[-95.8161714222285,35.0395252024437],[-95.8162554225332,35.0396172031017],[-95.8168954225628,35.0400062030942],[-95.8169234229964,35.0404862028329],[-95.8168674222145,35.040715202646],[-95.8167834228207,35.0407842031467],[-95.8167564224811,35.0409672026273],[-95.8163944228218,35.0415392030471],[-95.8161994227804,35.0416532029386],[-95.8160324222633,35.0421112034668],[-95.8159494229307,35.0423862036123],[-95.8158374222449,35.0425462029316],[-95.8155594228542,35.0427062031582],[-95.8153924223028,35.0426832030007],[-95.8152254226391,35.0425002035296],[-95.8151144219816,35.0424092029191],[-95.8149754218374,35.0425002035417],[-95.8150034222776,35.0430722030432],[-95.8148914225092,35.0434842032377],[-95.8146694221298,35.043805203721],[-95.8144744220883,35.0439192036125],[-95.8143074224296,35.0438052037385],[-95.8143634222744,35.043050202955],[-95.8140294220542,35.0427752037291],[-95.8139734221339,35.0424772034248],[-95.8141964216637,35.0422032033187],[-95.814196421649,35.0419972027746],[-95.8136954217832,35.0417912031541],[-95.8134724222205,35.0416082027862],[-95.8134444218115,35.0414702026937],[-95.8135834219474,35.041264203042],[-95.8135564215586,35.0407612031378],[-95.8135004216579,35.040738202975],[-95.8134724221417,35.0405092031659],[-95.8133054215787,35.0403262027953],[-95.8133334219187,35.0395022024159],[-95.8135284219356,35.0390452028319],[-95.8135564213976,35.0385182027131],[-95.8136394216248,35.0381752021173],[-95.8138894215056,35.0378772026975],[-95.8140844215422,35.0376942023094],[-95.8141684218256,35.0374882026604],[-95.814390421314,35.0372822021054],[-95.814446422086,35.0369162022447],[-95.8142514220215,35.0367102026093],[-95.8142514220018,35.0364352024679],[-95.8143624217287,35.0360922018707],[-95.8144464220023,35.0357492021741],[-95.8147244213912,35.035566201782],[-95.8153084214464,35.0349022015886],[-95.8153084214316,35.0346962019437],[-95.8151134213606,35.0343992016925],[-95.8150584214718,35.0338952017433],[-95.8149744220566,35.0336662019369],[-95.8146134214886,35.0334602014103],[-95.8143904210234,35.0332312016107],[-95.814406421742,35.0329052018051],[-95.8150724220393,35.0327562011697],[-95.815150422058,35.0327392012781],[-95.8151414216103,35.0323162014795],[-95.8146404217314,35.0319272014803],[-95.8146134213606,35.0316752015056],[-95.8148914216456,35.0314462007824],[-95.8160044219853,35.0312632012491],[-95.8166444219673,35.0309882010766],[-95.8176454225156,35.0308972013115],[-95.8179794218084,35.0307822013669],[-95.8179794217888,35.0305082012717],[-95.8178684220306,35.030416200615],[-95.8172564224364,35.030531200573],[-95.8170334219776,35.03039320049],[-95.81694942165,35.0299812012043],[-95.8167834220409,35.029913200762],[-95.8158374213583,35.0301872009031],[-95.815280421615,35.0302792006929],[-95.8151974213501,35.0300962012176],[-95.8152524211879,35.0298902006708],[-95.8154054210848,35.0298382009538],[-95.8157254215276,35.0297302004347],[-95.8159204215477,35.0293182011354],[-95.8158924211141,35.0288372004511],[-95.8158374212533,35.0287232005717],[-95.8151694217288,35.0284022010309],[-95.8147794216263,35.028357200765],[-95.8145294208328,35.0284712006592],[-95.8140284209868,35.0285402011801],[-95.8138894208294,35.0284482005248],[-95.81386142131,35.0281742004309],[-95.8136944207469,35.0279902009133],[-95.813221420386,35.0278532008887],[-95.8127204205088,35.027487201055],[-95.8108294200319,35.0272352002714],[-95.8105234202208,35.0270982002387],[-95.8104704195611,35.0270912008165],[-95.8101334201181,35.0270522008258],[-95.8098554198216,35.0271212004366],[-95.8096154194837,35.0271212004482],[-95.8092984200717,35.0271212004636],[-95.8079634193345,35.0273732005043],[-95.8070734194551,35.0277162011393],[-95.8069614187529,35.0276472006481],[-95.8069064188741,35.0272812007928],[-95.8066834193114,35.0270982004249],[-95.8066174189499,35.0271152012152],[-95.8058214189236,35.0273272011765],[-95.8052374188209,35.0273272012048],[-95.8048194183339,35.0274872014382],[-95.8040684185839,35.0275332009064],[-95.8033454183107,35.0272582007999],[-95.8027054183123,35.027304201162],[-95.8021764180753,35.0274872015664],[-95.8021214182276,35.0275552011201],[-95.801870417396,35.0277842009426],[-95.8015084177024,35.0278762016223],[-95.801147418037,35.0277152013804],[-95.8010364173713,35.0275092008416],[-95.8010364173155,35.0267312007944],[-95.8012034178392,35.0263652009283],[-95.8010644176688,35.0260912008399],[-95.800730417447,35.025793200549],[-95.8007024170233,35.0254502008579],[-95.8008694175552,35.0251982008738],[-95.8009804172722,35.024717201082],[-95.8011194174066,35.0244882003655],[-95.8015094174896,35.0242602005825],[-95.8022884176076,35.0237792007584],[-95.8026774176311,35.0233672005504],[-95.8027614179079,35.0230702002856],[-95.8026504172488,35.0229552003626],[-95.8025664178385,35.0227952001535],[-95.8027054179745,35.0225892005019],[-95.803123417554,35.0223142003401],[-95.8032904180842,35.0220402002368],[-95.8033454179138,35.0217191997616],[-95.8035404179308,35.0212622001776],[-95.8034014177506,35.0208501999952],[-95.8033184174939,35.0207811995026],[-95.8033184173988,35.0194541992187],[-95.802789417129,35.0191792000022],[-95.80281741752,35.0190651992194],[-95.8026784173627,35.0189731994634],[-95.8027064177421,35.0186981993205],[-95.8028734173714,35.0184011990517],[-95.8032914178493,35.0181131991873],[-95.8039124178176,35.0173921990511],[-95.8042914173771,35.0169761986585],[-95.8046254175746,35.0169361994883],[-95.8047644177319,35.0170281992444],[-95.8047644177417,35.0171651992919],[-95.8059054185576,35.0180581992122],[-95.8064064184282,35.0183321992831],[-95.8063784180472,35.0185841992604],[-95.805960418461,35.0187671996594],[-95.8060164183814,35.0190651990643],[-95.8062664183115,35.0194541990758],[-95.8067394186872,35.0197971996447],[-95.8076294186125,35.0200951999086],[-95.8088544187698,35.0201861995657],[-95.8094664192652,35.0200951998195],[-95.8097444195469,35.0198201996646],[-95.8097474196761,35.0196811995242],[-95.8101334195802,35.0195451995042],[-95.8102724197359,35.0196141990948],[-95.8105504191298,35.0195001991992],[-95.8108014199729,35.0194311995897],[-95.8108844193319,35.0195231993486],[-95.8109684196579,35.019912199368],[-95.8114134196525,35.0205071990149],[-95.8118464199738,35.0208771990371],[-95.81291542015,35.0217881997942],[-95.8135274206732,35.0220861991722],[-95.8140844204346,35.0222461993583],[-95.8147794211883,35.0222461993246],[-95.8165874213772,35.021994199261],[-95.8183124212915,35.0214221996745],[-95.8192304215454,35.0207351992993],[-95.8199814221799,35.020483199287],[-95.8211494223721,35.0203001988517],[-95.8215954223737,35.0203461991611],[-95.8224014228658,35.0201631987433],[-95.823319423177,35.0202771985809],[-95.8242094230728,35.0201631986557],[-95.8243764227168,35.0200711988848],[-95.8247104228925,35.0197281982768],[-95.8259344238748,35.0194301988097],[-95.8264504234986,35.019102197988],[-95.8265464234495,35.0190411987565],[-95.8267414234746,35.0186981981552],[-95.826824423682,35.0180801983172],[-95.8269914233064,35.0177141984512],[-95.8275194234773,35.0172561979053],[-95.8277704234259,35.0172561978932],[-95.8278534236825,35.0173241983395],[-95.827492424055,35.0176911982613],[-95.8272694236438,35.0182171983433],[-95.8272694236586,35.0184231979881],[-95.8271304235407,35.018881198515],[-95.8270754237274,35.0194301987544],[-95.8272144238962,35.0196821987236],[-95.8271584240071,35.0198191987739],[-95.8269364236144,35.0199561988323],[-95.8250724235577,35.0206431983539],[-95.8234864228637,35.0207811985248],[-95.8222904222821,35.021101199009],[-95.8214284228118,35.0215821988372],[-95.8210104223379,35.0219251994493],[-95.8210944226606,35.0222681991376],[-95.8212894227267,35.0224971989386],[-95.8212614223587,35.0229321992946],[-95.8215394226749,35.0231381998253],[-95.8235984229077,35.0242141991802],[-95.8244334229984,35.0247631993765],[-95.8249344237913,35.0253581999198],[-95.8251564233239,35.0257702000982],[-95.8264364243446,35.0274171998468],[-95.8269664246739,35.0278752003412],[-95.8276894249568,35.0282871995959],[-95.8284134243769,35.0285611996559],[-95.8292484253719,35.0291792003486],[-95.8303054249461,35.0294542004389],[-95.8307784253135,35.02968220018],[-95.8322804257488,35.0300942002962],[-95.8332264264904,35.0306432004869],[-95.8336994259504,35.0307582003923],[-95.8347854268841,35.0312382000797],[-95.8355084271325,35.0311692004473],[-95.8360374264553,35.0307802003981],[-95.8364264273945,35.0305972000006],[-95.8370214271096,35.0306192000909],[-95.8370384269987,35.0306202001364],[-95.8371494267436,35.0305282003682],[-95.8371494267255,35.0302761994929],[-95.8373444267654,35.0301392003352],[-95.837984427645,35.0298411999972],[-95.8381784276351,35.0296581996091],[-95.8382624270158,35.0294061996291],[-95.8383454272627,35.0293382000741],[-95.8382344274783,35.0288801995594],[-95.8379004272451,35.0284221999547],[-95.8379284267269,35.0281711991244],[-95.8381224276196,35.0280331999204],[-95.8382334273565,35.0278271993709],[-95.8378444272707,35.0273701998152],[-95.8377604269069,35.026454198779],[-95.8378714266338,35.0261111990812],[-95.8378714266043,35.0256991988921],[-95.8382054267965,35.0255841989476],[-95.8384834270995,35.0256071990996],[-95.8387064275566,35.0257221990171],[-95.8389284270826,35.0260421994326],[-95.8395414276571,35.0264081992609],[-95.8396814278593,35.0264801989903],[-95.8399034273703,35.0265901986764],[-95.8403204278209,35.0265681994362],[-95.840514427811,35.0263851990482],[-95.8406254275478,35.0261791993979],[-95.8405704276706,35.0258361988087],[-95.8403754275947,35.025469198914],[-95.8402634277902,35.0253781992028],[-95.8402084279212,35.0251491984958],[-95.8403754275651,35.0250571987249],[-95.8410704274259,35.025149198454],[-95.8415434277835,35.0252401990469],[-95.841905428383,35.0252401990293],[-95.8422114281712,35.0250571986358],[-95.8426004282126,35.0248971984038],[-95.8427394283518,35.024736199037],[-95.8428504280788,35.0243931984398],[-95.8430454281301,35.0244161985959],[-95.8432124286931,35.0245991989664],[-95.8432964281247,35.0250571985832],[-95.8433794283846,35.0251711984612],[-95.8439084286216,35.0249881989562],[-95.8441304281312,35.025079198662],[-95.8441304281509,35.0253541988034],[-95.8437134286244,35.0257201986816],[-95.8437414281423,35.0259721986562],[-95.8437974289455,35.0260411991501],[-95.8437974289504,35.0261091987011],[-95.843936428205,35.0261551990254],[-95.8443534286555,35.0261321988396],[-95.8448264289885,35.0258801988407],[-95.8462174287236,35.0256051986318],[-95.8469404289572,35.0253301984553],[-95.8473854298068,35.0253071982681],[-95.84822042984,35.0250551982516],[-95.8483314295834,35.0249411983642],[-95.8486094298733,35.0247811981376],[-95.8489154296712,35.024735198691],[-95.8493054297459,35.024391198034],[-95.8493604295755,35.0240711985044],[-95.849944429652,35.0237051977188],[-95.8507234297927,35.0235441983209],[-95.8510574299799,35.0233611979261],[-95.8513074298641,35.023109197938],[-95.8514184304888,35.0227431980746],[-95.8515014307355,35.022674197574],[-95.8516134305105,35.0223541980416],[-95.8518354299841,35.0219421978418],[-95.8520304300239,35.0218041977384],[-95.8522524304296,35.0218501980588],[-95.8522244300535,35.022170197587],[-95.8520304300764,35.0225371975007],[-95.8520024306078,35.0229711978104],[-95.8516694304883,35.0234521976129],[-95.8515024299532,35.0236581981652],[-95.8514744304632,35.0237961982604],[-95.851530430367,35.0238641978087],[-95.8520314302114,35.0237721980215],[-95.8522534305958,35.0235211980811],[-95.852336430813,35.0230401982908],[-95.8523924307006,35.022880198075],[-95.8526424306011,35.0228571978973],[-95.8527264309074,35.0229711977753],[-95.8527264309748,35.0239101980817],[-95.8526154303354,35.0240701983002],[-95.8523374309415,35.0241841981957],[-95.8517804302939,35.0242071983883],[-95.8515304303999,35.0243221983288],[-95.8511134299495,35.0243451985146],[-95.8511134299675,35.0245971984905],[-95.8514194306829,35.0248031981205],[-95.8514754306228,35.0253751985199],[-95.8512254307681,35.0260381986508],[-95.8505854299132,35.0266791986813],[-95.8501964298849,35.0270231984389],[-95.8495844302989,35.0272521991783],[-95.8488894295519,35.0273441989748],[-95.8488054301696,35.0275731987893],[-95.8490564301297,35.0277331989903],[-95.8500854301842,35.027732198894],[-95.8500854302072,35.0280531984672],[-95.8503084306675,35.0282131986696],[-95.8508644303677,35.0281671992108],[-95.8511984305533,35.0279611986504],[-95.8515874305848,35.0276631983245],[-95.8517824306345,35.0276631983151],[-95.851949431191,35.0277551989691],[-95.8519224308841,35.0283951989235],[-95.852339431328,35.0282811990213],[-95.8525344313695,35.0281661990834],[-95.8529234314207,35.028143198899],[-95.852895431066,35.0287611987343],[-95.8530074308705,35.0288531984917],[-95.8538414317746,35.0288521993042],[-95.8541754310905,35.0290581989329],[-95.8548434314978,35.0291501986632],[-95.8552054321186,35.0294471989064],[-95.8556244318133,35.0301331991702],[-95.8556794316856,35.030408199309],[-95.8558194319156,35.030866198923],[-95.8561254317529,35.0313691988137],[-95.8564044321204,35.0316441989416],[-95.8566264325442,35.0319411991915],[-95.8566274326184,35.0323301992149],[-95.8571004320784,35.032444199074],[-95.8570724326032,35.0327881997135],[-95.8572674326611,35.0329021995861],[-95.8578794322552,35.032787199628],[-95.8582414328614,35.0328791993732],[-95.8590204330201,35.0329701990519],[-95.8591874326772,35.0330611996596],[-95.8595494333162,35.0336111990256],[-95.8599114330427,35.0339771997653],[-95.8600774335493,35.0340221991427],[-95.8603004330972,35.0339991998657],[-95.8606624336705,35.0336331990909],[-95.8613854339007,35.0333121994825],[-95.8617464335332,35.0330151992043],[-95.8619974334736,35.0329001992638],[-95.8622194338759,35.032900199253],[-95.8623304336374,35.0330371992952],[-95.8623034342004,35.0332661991069],[-95.8621084341638,35.033449199495],[-95.8618864337697,35.0335641994341],[-95.8618304338789,35.0336781993189],[-95.8618024334847,35.0337471998168],[-95.8627214338472,35.0339301992516],[-95.8635004339945,35.0338611996164],[-95.863722434387,35.0337231995118],[-95.8640564345824,35.033654198999],[-95.864306434465,35.0333801988917],[-95.864473434086,35.0329681986945],[-95.8646954344784,35.0328301994892],[-95.8648624341405,35.0329901987949],[-95.8647244340904,35.0337461996287],[-95.8646964346169,35.034112199488],[-95.8645574344695,35.0341581989264],[-95.8642234342724,35.0342041992738],[-95.8641404340288,35.0343181991598],[-95.8637504339443,35.0345241997229],[-95.8637504339558,35.0346841990367],[-95.8638344342572,35.0347301993637],[-95.8644464347639,35.0347991998306],[-95.8647804349773,35.0349811992474],[-95.8649754350484,35.0352791995449],[-95.865003434558,35.0354161995911],[-95.8652544345198,35.0355991999575],[-95.8656994344799,35.035713199818],[-95.866033434695,35.0359191994466],[-95.8660054352117,35.0361481992584],[-95.8658104351735,35.0363081994809],[-95.8643354341689,35.035577199883],[-95.8638074339586,35.0354851992465],[-95.8633894343415,35.0352341993371],[-95.8632784345653,35.0348911996501],[-95.8632504341366,35.0344791994624],[-95.863055434077,35.034341199378],[-95.8612744333139,35.0342051994632],[-95.8606904332129,35.0342281996571],[-95.8606624337378,35.0345711993509],[-95.8609134337011,35.0347771998829],[-95.8615814341249,35.0350971993774],[-95.861581434143,35.0353491993533],[-95.8613034338481,35.0354412000289],[-95.861136433295,35.0353951997059],[-95.8604954332175,35.034983199548],[-95.8603014332142,35.0349831995574],[-95.8601064331761,35.0351441998263],[-95.8601064331925,35.0353731996367],[-95.8605524332219,35.0358071999233],[-95.8605804336392,35.0360591998979],[-95.8604404334421,35.0360591999047],[-95.8601904335365,35.0360131995858],[-95.86019043353,35.0359221998693],[-95.8597454335633,35.035716200246],[-95.8596894336562,35.0356021994673],[-95.8596894336118,35.0349841996335],[-95.8598554331962,35.0347091994839],[-95.8598554331864,35.0345721994364],[-95.8592154331454,35.0340231992309],[-95.858909433313,35.0335881997905],[-95.8585474326922,35.0332911995474],[-95.858241432886,35.0332221990656],[-95.8576564327419,35.0332911995907],[-95.8575454329986,35.0334051994781],[-95.8575454330117,35.0335881998567],[-95.8581024327878,35.0339541996876],[-95.8582144326301,35.0345721995161],[-95.8582144326498,35.0348471996575],[-95.8585484328715,35.035144199902],[-95.8586594326461,35.0354651994698],[-95.8589934328596,35.0356481998323],[-95.8595784330562,35.0363111999224],[-95.8600794338228,35.0365401997085],[-95.8603304337911,35.0368141997915],[-95.8607754337431,35.0368141997699],[-95.8608034341849,35.0374092003362],[-95.8605254338835,35.0374092003497],[-95.8593844331071,35.0370661998133],[-95.85699143273,35.0367701997151],[-95.8568244330812,35.0367931998888],[-95.8568804329998,35.0370671999812],[-95.8571304329267,35.0374112006071],[-95.8570754330938,35.0376852007049],[-95.8567414329066,35.0378682002005],[-95.8565184324545,35.0378231999265],[-95.8562684325474,35.0377542003414],[-95.8554334325043,35.0378692003103],[-95.8552384324448,35.0377322002722],[-95.8551554321767,35.0375032004658],[-95.8548494323574,35.0372512005048],[-95.8543474324486,35.037091200316],[-95.8532344321042,35.0372062002984],[-95.8531234314599,35.0372982000666],[-95.8523164318209,35.0374812004845],[-95.8522604319187,35.0374352001561],[-95.8522884313955,35.0371152006279],[-95.8520654318377,35.0370002007104],[-95.8516204309816,35.0369322002817],[-95.8515364315598,35.0366122007589],[-95.8514804315738,35.03539920036],[-95.8513684308519,35.0350551997274],[-95.851229430693,35.0349411998521],[-95.8507844307477,35.0350332005358],[-95.8501174304196,35.0353992004261],[-95.8497274303433,35.0357202000183],[-95.8491434302423,35.0357432002122],[-95.8488934303663,35.0361092000823],[-95.8486424304193,35.03613220026],[-95.8485314306611,35.0360402005026],[-95.8486424303683,35.0354222006633],[-95.8487534301035,35.0351941999945],[-95.8488094308838,35.0349422000159],[-95.8487814304567,35.0345531999937],[-95.8486144308012,35.0344842004046],[-95.8476684300991,35.0344842004505],[-95.8468054296388,35.0343472004448],[-95.845525429629,35.0342561998911],[-95.8453034292348,35.0343712007295],[-95.8453314296455,35.034531200042],[-95.8455534300644,35.0347602007409],[-95.8455264297231,35.034920200056],[-95.845470429829,35.0349892005553],[-95.8446354297811,35.0350352000276],[-95.8443294290854,35.0351032004928],[-95.8436064288387,35.0351952002907],[-95.8434954290937,35.0352872009582],[-95.8434674287142,35.0355612001554],[-95.8429944292822,35.0358362003198],[-95.8427714288334,35.0358362003306],[-95.8422984284691,35.0356532008743],[-95.8419924286745,35.035745200652],[-95.8417704282818,35.0358822007103],[-95.841074428383,35.0359052009096],[-95.8409914281345,35.0359512003454],[-95.840768428585,35.0359512003562],[-95.8405454281247,35.0357912010533],[-95.84054542811,35.0355852005091],[-95.8404344283518,35.0354932007516],[-95.8399894284014,35.0355162009388],[-95.83990542811,35.0356082007057],[-95.8399064281809,35.035951200398],[-95.8396554282439,35.0361122006696],[-95.8387094275416,35.0361122007156],[-95.8385984277999,35.0362492007686],[-95.8384884281318,35.0367662013276],[-95.8384874280862,35.0367762008913],[-95.838014427763,35.0371652009378],[-95.8376524280759,35.0373482013341],[-95.8376524280956,35.0376222014292],[-95.8377364274993,35.0376912010224],[-95.8377644279099,35.0378512012342],[-95.8380704277227,35.0380112014324],[-95.8385594279183,35.0380372017131],[-95.8389334281765,35.0380572008223],[-95.8391274281863,35.038149201475],[-95.8390164284479,35.0383322009597],[-95.8385154277108,35.0385152013627],[-95.8384604278763,35.0387672013413],[-95.838571428537,35.0389042013834],[-95.83857142856,35.0392242018097],[-95.8383214277913,35.0396822014426],[-95.8382384284602,35.0399802017536],[-95.8379594281486,35.0404832016727],[-95.8376814278833,35.0409872016381],[-95.8376264280603,35.0413992018298],[-95.8374594284425,35.0418562023117],[-95.8373484278065,35.042062201962],[-95.8372924279158,35.042177201893],[-95.8369594278028,35.0427492023113],[-95.8364024280891,35.0432532022902],[-95.8362914274612,35.0435732027218],[-95.8363194278965,35.0440772026723],[-95.8365974282521,35.0448322025403],[-95.8369324285252,35.045198202382],[-95.836987428386,35.0453122022614],[-95.836681427697,35.0454732025357],[-95.8365984283659,35.0457702028004],[-95.8364874277233,35.0458852027341],[-95.8362644281721,35.0458622025794],[-95.8361804278526,35.0455642031758],[-95.8357634282932,35.0454732025802],[-95.8356794279885,35.0453812028215],[-95.8356244281179,35.0451302028945],[-95.8356794279572,35.0449462024669],[-95.8357634282242,35.0445122021546],[-95.8355404277425,35.0440542025447],[-95.8355124272957,35.043390202381],[-95.8355674280279,35.0431162022832],[-95.8358184279618,35.0429102026262],[-95.8360404274583,35.0428182019532],[-95.8365694276837,35.0424752022351],[-95.8367084278049,35.0420632020393],[-95.8367084277556,35.0413762017088],[-95.8366244274493,35.0412622018309],[-95.8365964279412,35.0411472019039],[-95.8361514279367,35.0404152022095],[-95.8360954270826,35.0396372012659]]]},"properties":{"OBJECTID":4189,"COUNTYFP10":"121","FULLNAME":"Lk Mc Alester","MTFCC":"H2030","Shape__Area":8983471.77734375,"Shape__Length":35397.92712421326}},{"type":"Feature","id":4190,"geometry":{"type":"Polygon","coordinates":[[[-95.5902193629685,35.0333052122981],[-95.5896203629751,35.0319902125981],[-95.5901083631039,35.0317252119965],[-95.5902483632829,35.031471211921],[-95.5903513635508,35.0313012121391],[-95.5905233634122,35.0310062119625],[-95.590900363763,35.0303712122222],[-95.5917483634647,35.0296192115388],[-95.5921323632577,35.0292212119791],[-95.5924303635573,35.0287982112661],[-95.5926013633739,35.0285242111625],[-95.592850364116,35.028338211532],[-95.5931813641691,35.0282202114488],[-95.5933913640144,35.0282082117823],[-95.5935243638937,35.0283032116777],[-95.5935963636389,35.0283522112449],[-95.5937333637126,35.0285712114852],[-95.5939253636374,35.0287682116035],[-95.5944503646021,35.0287742118559],[-95.5949193638514,35.0285302113282],[-95.5954433647315,35.0280012110925],[-95.5955803647625,35.0276222115251],[-95.595606364129,35.0270542113065],[-95.5957153646667,35.0267682106502],[-95.5958263644031,35.0265542106295],[-95.5958343647693,35.0264872111244],[-95.5958793641343,35.0261522109006],[-95.5959623643674,35.0258912105038],[-95.5960163641431,35.0254632104704],[-95.5959033642935,35.0253902106934],[-95.5958763639289,35.0252252102499],[-95.5957913644769,35.0251302103523],[-95.5957903644186,35.0249632107143],[-95.5958703644772,35.0242062107359],[-95.5957013637719,35.0233302106558],[-95.5955893639586,35.0231162106458],[-95.5955333640376,35.0228082098783],[-95.5957773635704,35.0215282099593],[-95.5958323643139,35.021409209843],[-95.595886364098,35.0211002099233],[-95.5952063640131,35.0207292098664],[-95.5950943633042,35.020567209566],[-95.5952063639932,35.0204502095396],[-95.5951883639908,35.0195122092796],[-95.5950353640805,35.0193782093783],[-95.5941613631298,35.0195272100237],[-95.5940063631346,35.0195032098194],[-95.5932603636021,35.0193542101515],[-95.593093363075,35.019675209733],[-95.5930663627418,35.0199492098297],[-95.5928153628077,35.0201552094869],[-95.5923153630093,35.0202472101732],[-95.5908403629373,35.0199962103146],[-95.5904503628344,35.0199502100024],[-95.5895043621544,35.0202712105209],[-95.5891153620814,35.019996210398],[-95.587807361665,35.0198132100824],[-95.587835362056,35.0196992101989],[-95.5876963618969,35.0195842102772],[-95.5864443613697,35.0192642099112],[-95.5860263608692,35.0192412097659],[-95.5857763609602,35.0191502100614],[-95.5853593614071,35.0191502100815],[-95.5847193605301,35.0194932098051],[-95.5843293604289,35.0194712106041],[-95.5841623607618,35.0192422099023],[-95.5840233605849,35.0188762100507],[-95.5838563609227,35.0187152097993],[-95.583216360906,35.0185102102315],[-95.5824363606657,35.0179372098203],[-95.5820473606092,35.0178922104536],[-95.5814073597306,35.0182122100116],[-95.581156359785,35.0182582103549],[-95.5810453600252,35.0181442104781],[-95.5809343602441,35.0177322102941],[-95.5808223595403,35.0176402096374],[-95.5802103599356,35.0176172104006],[-95.5800153598727,35.0174342100313],[-95.5800433593514,35.017137209769],[-95.5802943592741,35.0167702098523],[-95.5803493600146,35.0166102096364],[-95.5803213595958,35.0163362095424],[-95.5801823594335,35.0161752101889],[-95.5798203597412,35.0162902101348],[-95.5792643591706,35.0167482097828],[-95.5789303589733,35.0167942101301],[-95.5788753591141,35.0167022103699],[-95.5788473595767,35.0161762102997],[-95.5791253589463,35.0157182097658],[-95.5791533593258,35.0154432096228],[-95.5790693590113,35.0152142098162],[-95.5788743589566,35.0151462093753],[-95.5785683591518,35.0151002099583],[-95.5779283591677,35.0153522099654],[-95.5776223584701,35.0153972093656],[-95.5772613588029,35.0152142099036],[-95.5769273585827,35.0149402098244],[-95.5766213587746,35.0148482100763],[-95.5759253579725,35.0148252099443],[-95.5758703581183,35.0148032098277],[-95.5758143582061,35.0146192094054],[-95.5762313586407,35.0143682094554],[-95.5762033582252,35.0141392096462],[-95.5758143581539,35.0138872096888],[-95.5746453579062,35.0139562093426],[-95.5745623576494,35.0138872097493],[-95.5745903580258,35.0135672093214],[-95.5741173576628,35.013406209984],[-95.5739783575022,35.0132692099431],[-95.5738663576486,35.0124912090015],[-95.5737273574831,35.0122852093632],[-95.5731433573522,35.0118962093676],[-95.5731153578426,35.0117592093213],[-95.5731713577351,35.0116672095557],[-95.5733373573344,35.011598209051],[-95.5738383571956,35.0117362091208],[-95.5745623575368,35.0123082094884],[-95.5749233581,35.0124452095187],[-95.5755083582805,35.0128802098453],[-95.5758693579363,35.0129032090941],[-95.5758973583224,35.0127202096134],[-95.5756473584004,35.0124452094837],[-95.5756743578195,35.0119642087964],[-95.5757303577087,35.0118272096453],[-95.5756193579261,35.0113922092958],[-95.5753133581034,35.0110952090496],[-95.5752853576943,35.010957208957],[-95.5757583580344,35.0107972087209],[-95.5760913581691,35.0105222085631],[-95.576203357941,35.0101562086994],[-95.5764533578158,35.0097672086636],[-95.5769263581492,35.0095152086646],[-95.577009358375,35.0091492088023],[-95.5777603581042,35.0088052081277],[-95.5780663588002,35.0087372085619],[-95.5784003589812,35.0084622084041],[-95.5785393582164,35.0082332085868],[-95.5785953589756,35.007684208347],[-95.5787893589512,35.0072942082675],[-95.5790123584944,35.0072032085402],[-95.5800973584375,35.0070432082745],[-95.5805423593086,35.0073172083484],[-95.5809873592723,35.0074772085402],[-95.5813493589745,35.007500207789],[-95.5814603596205,35.0074312081862],[-95.5819053595663,35.0073402084482],[-95.5821833598925,35.0076832081275],[-95.5827123592632,35.0079582082436],[-95.5827953595362,35.0082552085006],[-95.5831293597793,35.0088502081532],[-95.5836313597244,35.0095142082945],[-95.5835763599371,35.0104302084387],[-95.5834653602001,35.0106362089885],[-95.5834093603811,35.0117572087315],[-95.5835763600498,35.0120092086996],[-95.5836873598079,35.0121002093101],[-95.5837433606307,35.0124442090464],[-95.5838543603873,35.0125122085921],[-95.5838553605071,35.0135422095151],[-95.5839663602735,35.0137482091547],[-95.5840503606044,35.0142062096712],[-95.5842173602779,35.0145272092366],[-95.5845513604949,35.0147552089847],[-95.585524360684,35.0152132094582],[-95.5858033610466,35.0154192090897],[-95.585831360558,35.0155792093016],[-95.5859143608098,35.0155792092975],[-95.5859703607186,35.0157172093888],[-95.586081361381,35.0158772095967],[-95.5863873611939,35.0160372097952],[-95.5867493608993,35.0161052093287],[-95.5873333610416,35.0166552095838],[-95.5881683620108,35.0169062094733],[-95.5884463614393,35.0172722093181],[-95.588808362044,35.0173412097973],[-95.589587362197,35.0173412097597],[-95.5897823622402,35.017249209088],[-95.590032362128,35.0170432094309],[-95.5902823620255,35.0169742098215],[-95.5904223622342,35.017135209175],[-95.5905883627362,35.0171122099007],[-95.590922362026,35.0169512096251],[-95.5916733626726,35.0168602089729],[-95.5919793624594,35.0166542093131],[-95.5922303624066,35.0166312091354],[-95.5927583625714,35.0160812088266],[-95.5930083624674,35.0159902090979],[-95.5930083624527,35.0157842094529],[-95.5929533625935,35.0156922087933],[-95.593008362438,35.0155782089086],[-95.5935653630827,35.0155092092843],[-95.5937873634951,35.0156462093213],[-95.5938993633095,35.0158752091264],[-95.5941493632332,35.0161722093752],[-95.5941493632479,35.0163782090203],[-95.594038363524,35.0167682090957],[-95.5939273628878,35.0169742096454],[-95.5938993634108,35.0172942091739],[-95.593816363172,35.0174772095567],[-95.5937883627925,35.0177522096997],[-95.5936773630555,35.0179582093501],[-95.5935943628365,35.0184162098745],[-95.5939283630436,35.018507209575],[-95.5940113633003,35.0185762091683],[-95.5942963630303,35.0186192093467],[-95.5944843636582,35.0186662097151],[-95.5946513633105,35.0186892098725],[-95.5949023632298,35.0182762096248],[-95.595543363157,35.0165772091732],[-95.5957113637158,35.0160502090472],[-95.595795364009,35.0159802093996],[-95.5958223634428,35.0157052092566],[-95.5960173634762,35.015475208491],[-95.5962403638941,35.0150392089784],[-95.5969093633998,35.0144422082853],[-95.5969363637378,35.0142352085927],[-95.5966313639565,35.0138682087029],[-95.596659363435,35.013569208348],[-95.5968543634554,35.013156208103],[-95.5967713631921,35.0129952087468],[-95.5966193633308,35.0128982087597],[-95.5961033636738,35.0127662080691],[-95.5957413630642,35.0126292080389],[-95.5956863631757,35.0121262081357],[-95.5954633636194,35.0120342083836],[-95.5953803633595,35.0119202085055],[-95.5951853633031,35.0118282078527],[-95.5946843634585,35.0119212085854],[-95.5945453633043,35.011875208261],[-95.5944893633906,35.0116692086187],[-95.594044362521,35.0114172086641],[-95.5931263621977,35.011143208613],[-95.5929863628754,35.0108002080277],[-95.5925403619497,35.0104112080255],[-95.592540361935,35.0102052083805],[-95.5921513618571,35.0098612077609],[-95.5921513618197,35.0093362077357],[-95.5920113625038,35.0090842077664],[-95.5914833622736,35.0087182079337],[-95.5909263616191,35.0086502075102],[-95.5908983620996,35.0083752082692],[-95.5909823614903,35.0082602074373],[-95.5909823614545,35.0077572075314],[-95.5908423621468,35.0076202074905],[-95.5908703616384,35.0075052075607],[-95.5910093617746,35.0072992079089],[-95.5910933620433,35.0068872077156],[-95.5908703615781,35.0066592079621],[-95.5907863612375,35.0060642073979],[-95.5908973618541,35.0055832076059],[-95.5910923618958,35.0054692077143],[-95.5910643614689,35.0050802067925],[-95.590897361797,35.0047822073927],[-95.5908693613897,35.0046682075119],[-95.5907583616283,35.0045312074696],[-95.5906193614513,35.0041642066724],[-95.5905623614635,35.0035692070064],[-95.5905063615515,35.0033872066765],[-95.5901453609769,35.0030902073323],[-95.5897273613692,35.0029752065247],[-95.5895323613079,35.0028152072203],[-95.5893653607221,35.0023122064231],[-95.5892543609623,35.0021972064999],[-95.5892543609574,35.0021292069489],[-95.5890593608863,35.0018312066511],[-95.5890593608797,35.0017392068882],[-95.5888643608088,35.0014422066367],[-95.5888093609382,35.0011902066632],[-95.5891423610777,35.0009842070021],[-95.5902553614118,35.000710206853],[-95.5903103612487,35.0004902065572],[-95.5900883608412,35.0004212060712],[-95.5890313603842,35.0003872063467],[-95.5892043611913,35.0000902060774],[-95.5892043611694,34.9997832062528],[-95.5874793603128,34.9997732067724],[-95.5871733605137,34.9998072065627],[-95.5871453601349,35.0000912062231],[-95.5865603599853,35.0000912062513],[-95.5865323604497,34.999589206393],[-95.586616359842,34.9994972066261],[-95.5868943601437,34.9994972066127],[-95.5870053599051,34.9996352067013],[-95.5874783602582,34.999658206844],[-95.5877843600573,34.9996242061544],[-95.5885353607104,34.9996242061181],[-95.5888693609135,34.9996592059239],[-95.5892033611149,34.999670206417],[-95.58956436076,34.9995432059156],[-95.5895923611477,34.9993832066003],[-95.5895923610874,34.998536206056],[-95.5893973610196,34.9982842060893],[-95.5893693606008,34.9980092059489],[-95.588979360462,34.9974602057307],[-95.5890073608074,34.9967052058472],[-95.5889233604963,34.9965232055188],[-95.5888673605402,34.9957222053082],[-95.5885323602589,34.9952412055377],[-95.5883653605528,34.9944632054981],[-95.5881143596426,34.9935932056997],[-95.5883093596875,34.9935242051935],[-95.5885603605634,34.9939142052516],[-95.58878236007,34.993960205572],[-95.5888663603634,34.9938922051175],[-95.5888933597923,34.9935482053773],[-95.5890323599415,34.993525205205],[-95.5892273600158,34.9938692049346],[-95.5892553604459,34.9943032052419],[-95.5890333600596,34.9945322050632],[-95.589005360581,34.9948302053718],[-95.589394360649,34.9950362058974],[-95.5893953607231,34.9954252059212],[-95.5898403606933,34.9956772058758],[-95.5899513604679,34.995998205444],[-95.5905353605987,34.9963872054396],[-95.5907583610738,34.9967532052871],[-95.5910363613851,34.9968902053214],[-95.5913983610873,34.9969132054694],[-95.5914533609269,34.9967302059873],[-95.5912863612551,34.9964332057344],[-95.5912573607932,34.9962042059252],[-95.5909793604475,34.995586205205],[-95.5909233605077,34.9950142057043],[-95.5911733612476,34.9941452050287],[-95.5913683612664,34.9937102055637],[-95.5916463606638,34.9936412050536],[-95.5917013605213,34.9937102055476],[-95.5916183611819,34.9938932050311],[-95.5917023606101,34.9943052052164],[-95.5917023606411,34.9947402055713],[-95.5916183612455,34.9947852049609],[-95.5915913609351,34.9953812055767],[-95.5917303611023,34.9956102053805],[-95.5919803610244,34.9958852055101],[-95.5922863608258,34.9958852054954],[-95.5924253609701,34.9957932057258],[-95.5925643610948,34.9954272049615],[-95.5927593611447,34.9954272049521],[-95.5928983613134,34.9956792058208],[-95.5931213617721,34.9958162058578],[-95.593315361769,34.9957242051862],[-95.5934543619068,34.9955412057],[-95.5934823613773,34.9951292055093],[-95.5937323612797,34.9951292054972],[-95.5939823621289,34.9957932056507],[-95.5949843618918,34.9966402052473],[-95.5954573622856,34.9972352057926],[-95.5955963624431,34.9973272055488],[-95.5959583621435,34.9973272055313],[-95.5960133619831,34.9971442051499],[-95.5962363624239,34.9970292052107],[-95.5967643626182,34.9968922051375],[-95.5967643626019,34.9966632053269],[-95.5963743624795,34.9963432049193],[-95.5964023619434,34.995840205012],[-95.5965413620763,34.9955882050291],[-95.596485362174,34.9955422056],[-95.5962903621193,34.9954742051591],[-95.5958183618143,34.9954742051818],[-95.5956783625115,34.9954052055913],[-95.5956503620519,34.9945582050483],[-95.5953723617275,34.9942382046353],[-95.5951213617396,34.9936892053096],[-95.5948153619267,34.9935292051111],[-95.5946483613653,34.9933692049059],[-95.5944253617846,34.9929342045617],[-95.5942303617234,34.9927742052573],[-95.5940353616704,34.9927292049819],[-95.5938413616833,34.9929582048018],[-95.5934513615901,34.9930492045372],[-95.5925063609238,34.9929122045351],[-95.5922833613578,34.9926832047352],[-95.5919493611507,34.9925922050348],[-95.59183836049,34.9924552049925],[-95.5914483603692,34.9921582047504],[-95.5913373605752,34.9915632050868],[-95.5913373605165,34.9907392047081],[-95.59150336102,34.9907392047001],[-95.5917543610243,34.9915172047356],[-95.5919493610921,34.9917692047023],[-95.5921713606051,34.9919062047393],[-95.5927563607677,34.9920892050899],[-95.5931733612202,34.9920902051161],[-95.5938683610374,34.9915632049647],[-95.5939233617763,34.9913802045832],[-95.5936443614136,34.9911742049517],[-95.5935613611487,34.9909912045769],[-95.5936163609834,34.9907392045981],[-95.593839361426,34.9906482048707],[-95.5939503611645,34.9904652044866],[-95.5940893613137,34.9904422043143],[-95.5944233615291,34.9906482048426],[-95.5950903618839,34.9906472047641],[-95.5952853619467,34.9908302042342],[-95.5952853619876,34.9914042047294],[-95.5954523616513,34.9915872042008],[-95.5956193622029,34.9916102043583],[-95.596148361572,34.9918612042626],[-95.5963703619746,34.9918612042519],[-95.5965653620146,34.9917242041948],[-95.5967043621768,34.9918842044014],[-95.597733362224,34.9917702044695],[-95.5977333622371,34.9919532048483],[-95.5972053620477,34.9921592045189],[-95.5968983622031,34.9922052048647],[-95.5968703618138,34.9923432049601],[-95.5970923622245,34.9924572048315],[-95.5977323622267,34.9924572048006],[-95.5980663624371,34.9925952048785],[-95.5981503627451,34.9927322049222],[-95.5980663624534,34.9928242046891],[-95.5975653626021,34.9928242047133],[-95.5974823623569,34.9929162044802],[-95.597455362035,34.9933502047901],[-95.5974273625466,34.993511205051],[-95.5974563622331,34.9954792053343],[-95.5973723628441,34.9956172054323],[-95.5974283627545,34.9957772056429],[-95.5975393625094,34.995822205023],[-95.5977893623989,34.9956402055778],[-95.5981233625914,34.9955262047802],[-95.5980953631111,34.9958002048769],[-95.5977903624795,34.9961212053645],[-95.5975403626031,34.9964872052348],[-95.5973453625795,34.9968542051488],[-95.5973443625772,34.9974722058825],[-95.5976503623933,34.9976772054665],[-95.5975393626595,34.9979292054479],[-95.5975403627516,34.9985702054479],[-95.5977903626607,34.9986632061443],[-95.5977343627731,34.9988232054609],[-95.5977353628619,34.999418206029],[-95.5975683632269,34.9996382063303],[-95.5975683632604,35.0001072055614],[-95.5972563632025,35.0004142063004],[-95.5968103623236,35.0006812060932],[-95.5968383627423,35.0009552061872],[-95.5968943626528,35.0011162064441],[-95.5972843627769,35.0014592061179],[-95.5974233629457,35.0017112060873],[-95.597145362667,35.0020322065736],[-95.5970343629577,35.0026272062477],[-95.5970063626272,35.0035892067219],[-95.5968943628569,35.003978206751],[-95.596867363459,35.0047572068463],[-95.5966443630493,35.0053072071404],[-95.5967283633867,35.0058572074197],[-95.5968393631465,35.0059722073428],[-95.5967293634902,35.0066582076328],[-95.596785363412,35.0069782071573],[-95.5968403633039,35.0075282074379],[-95.5969523631263,35.0078712071253],[-95.596952363146,35.0081472073132],[-95.5970073630019,35.0081922075953],[-95.5970633638639,35.0090852075687],[-95.5970083631316,35.009360207713],[-95.5969523632668,35.0098402074561],[-95.596758363288,35.0101852081501],[-95.5966463635471,35.0109862083686],[-95.5961733632758,35.0121092082244],[-95.5963683633354,35.0122462082627],[-95.5968713632908,35.012404208359],[-95.5969523634516,35.0124292086132],[-95.5971483635412,35.0123362078953],[-95.5974263638214,35.0120372084276],[-95.5976213638665,35.0119692079679],[-95.5977883635203,35.0120142082446],[-95.5982903643155,35.0119892079622],[-95.5982353635944,35.0124212081809],[-95.5981523642484,35.0125132079477],[-95.5980973635128,35.012741208614],[-95.5979823636029,35.0131232083193],[-95.5983463643073,35.0132902079396],[-95.5988693643239,35.013911208787],[-95.5990033642571,35.0141112081477],[-95.5993013646042,35.0143532085458],[-95.5996833643339,35.0143682083225],[-95.6006053647755,35.0137012079736],[-95.6008203648367,35.0134652087279],[-95.600927364386,35.0132302086343],[-95.6010873645962,35.0130172077582],[-95.6012083647547,35.0122202077244],[-95.6014223647644,35.0119132078895],[-95.6014753645159,35.0117962078659],[-95.6015293652181,35.0117482083389],[-95.6014623647738,35.0112552079999],[-95.601405364825,35.0112072075789],[-95.60144936503,35.0106912079683],[-95.6016643650894,35.0104312076114],[-95.6019083647034,35.0102882072741],[-95.6021313651671,35.0104942078077],[-95.602298364834,35.0107222075639],[-95.6025213653648,35.0118672075053],[-95.6028553655948,35.0122792076785],[-95.6034393657142,35.0125072083139],[-95.6064553664921,35.0168102086416],[-95.6073103665901,35.0170612085301],[-95.6073933668681,35.0174272083843],[-95.6076723672455,35.0178392085601],[-95.6085073673513,35.0185942093011],[-95.6090083672385,35.0190972091828],[-95.6092593671988,35.0192572093839],[-95.6096203677735,35.0195552087743],[-95.6101773675516,35.0199442087712],[-95.6108453679659,35.0201272091177],[-95.610956367724,35.0202182088289],[-95.6110123676328,35.0203552088739],[-95.6113183683532,35.0206302090007],[-95.6121813679311,35.0209962088172],[-95.6129323686135,35.0214072089239],[-95.6134333684778,35.0215902092785],[-95.6139063688375,35.021705209184],[-95.6146583686441,35.0217962088642],[-95.6153813689095,35.0219562090425],[-95.6160773697097,35.0219552089626],[-95.6169673696012,35.0217722094401],[-95.6178853699065,35.0217942086156],[-95.6184143701618,35.0218632090867],[-95.6190263697647,35.0218632090571],[-95.6193873703067,35.0217022087801],[-95.6198613698313,35.0220682086154],[-95.6202503707936,35.0222052086443],[-95.6206403708883,35.0221362090281],[-95.6213913706241,35.0218842090157],[-95.6226703705703,35.0217232086943],[-95.6252703714753,35.02089920819],[-95.6252703729975,35.0421872126356],[-95.6247713732094,35.0417732123779],[-95.6244113726893,35.0415902120165],[-95.6239383723329,35.0415212124421],[-95.6236313724835,35.0414992123377],[-95.6232973722649,35.0412472123778],[-95.6227693720707,35.0413852124973],[-95.6224903726105,35.0412252122976],[-95.6223513724466,35.0410422119256],[-95.621989371855,35.0411562127246],[-95.6214893720665,35.0413852125593],[-95.6212383721357,35.0416372125475],[-95.6210163717315,35.041615212439],[-95.6208763715261,35.0415002125173],[-95.6209043719105,35.0412942128711],[-95.6213493718349,35.0409052119265],[-95.6213773722145,35.0406302126828],[-95.621293371913,35.0405842123557],[-95.620124371672,35.0407452126718],[-95.6200133719482,35.041134212701],[-95.6199023712972,35.0411342127063],[-95.6195123711895,35.0410202128431],[-95.6187333710153,35.0407232126199],[-95.618205370839,35.0411122126692],[-95.6182603716107,35.0413872128081],[-95.6183723714234,35.0415932124477],[-95.6185673714864,35.041776212817],[-95.6185673714945,35.0418902126991],[-95.6179823713435,35.0418682126082],[-95.617927371499,35.041982212493],[-95.6179553710087,35.0421202125856],[-95.6177043710631,35.0421652128826],[-95.6171203709437,35.0419372131466],[-95.6167863707497,35.0420292129256],[-95.6167863707807,35.0424632132341],[-95.6169253709446,35.0426462127068],[-95.6169543714229,35.0431042132258],[-95.6168153712804,35.043219213161],[-95.6167873708877,35.0433102128789],[-95.6165363709553,35.0435392127015],[-95.6163423709601,35.0436542126393],[-95.6162033708224,35.0438372130248],[-95.6162033708355,35.0440202134035],[-95.6159803704094,35.0443412129878],[-95.6158413711792,35.0446382132554],[-95.6158423712355,35.0447762133492],[-95.6161763705499,35.0449592137118],[-95.6160923711805,35.0453712130058],[-95.6163433711473,35.0456222138228],[-95.6165103708078,35.0457602139087],[-95.616566370715,35.0458742137881],[-95.6163433711736,35.0459892137273],[-95.6161213707742,35.0460342131235],[-95.6160373713885,35.0462182135526],[-95.6161493711996,35.0464012139259],[-95.6162053711363,35.0469272139946],[-95.6162883713947,35.0470192137534],[-95.6166233716564,35.0472242133359],[-95.6170123717358,35.0475902140746],[-95.6170133717954,35.0477742136002],[-95.616818371752,35.0478652142256],[-95.6162893714836,35.0476142134221],[-95.615844370632,35.0476142134437],[-95.6155103713406,35.0477512135075],[-95.6152873708998,35.047866214346],[-95.6149533707041,35.0479352139595],[-95.6147033708098,35.0480492138537],[-95.6142853703307,35.0483242140156],[-95.6142583708919,35.0485302136618],[-95.6145363712034,35.048667213696],[-95.6146483710161,35.0488732142349],[-95.6145363712313,35.0490562137197],[-95.6142303705518,35.0493542140417],[-95.6140083710747,35.0497202139107],[-95.6138133710184,35.0496292142035],[-95.6138133709872,35.0491942138487],[-95.6138403704129,35.0488052138237],[-95.6135063701909,35.0485082144783],[-95.6134783706828,35.0483932136519],[-95.613534370554,35.0480042136255],[-95.6136453702893,35.0477752138096],[-95.6138953701623,35.0473632136082],[-95.6138953701361,35.04699721375],[-95.6138393702321,35.0469282141554],[-95.6137833703167,35.0466992134483],[-95.6138953701033,35.046539214129],[-95.6139503708339,35.0462412138192],[-95.6138393701764,35.046150214108],[-95.6134213705736,35.0461042137971],[-95.6134213705474,35.045738213939],[-95.6133653706435,35.045669213445],[-95.61244737033,35.0455322134418],[-95.6124193699193,35.0453722132299],[-95.6132263704583,35.0451892137115],[-95.6138663704735,35.0453722131599],[-95.6144233702188,35.0453032135356],[-95.6148683710492,35.0450052132069],[-95.6150343706223,35.0445702137434],[-95.6152013702222,35.0438602132388],[-95.6151173707709,35.0431282126272],[-95.614978370607,35.0429452131546],[-95.6149503701964,35.0427852129427],[-95.6148943702892,35.042670213017],[-95.6148383703722,35.0424192130899],[-95.6147553701121,35.0423042131655],[-95.6147543700182,35.0416402130002],[-95.6150603707026,35.0414112131749],[-95.6152273703321,35.0411142129059],[-95.6155333701106,35.0407932124184],[-95.6155883708511,35.0406332122026],[-95.615783370891,35.0404952120992],[-95.6158383707126,35.0400612126873],[-95.6157273700353,35.0396942127881],[-95.6151143703451,35.0391222124153],[-95.615058370433,35.0389392120393],[-95.6148913698668,35.0387112122831],[-95.614863370362,35.0386422117879],[-95.6146693703487,35.0385052126489],[-95.6146133704398,35.0383672125577],[-95.6142233703091,35.037933212268],[-95.6140563697395,35.0376582121345],[-95.6138333701702,35.0373832120036],[-95.6137223695045,35.0371782124103],[-95.6135273694384,35.0369492117099],[-95.6134993699336,35.036880212114],[-95.61335936972,35.0366512123102],[-95.6129143697317,35.0361482115265],[-95.6123293695594,35.0358282120277],[-95.6121903693661,35.0352332114664],[-95.611689369482,35.0347752118696],[-95.6116333686772,35.0346842112564],[-95.6115493692767,35.0346612119942],[-95.6114943694191,35.0345922115002],[-95.6107143691609,35.0337682111593],[-95.6105753689987,35.0336082118522],[-95.6101853688761,35.0332882114447],[-95.6091833682693,35.0332202119421],[-95.6083493683047,35.0337922114856],[-95.6078483675574,35.0338382118409],[-95.6077923676486,35.033701211796],[-95.6084323685123,35.0331742116473],[-95.6085713677491,35.0329682110963],[-95.6086263684765,35.032625211401],[-95.6085563679109,35.0323812117987],[-95.6085153677977,35.0322362113825],[-95.608236368318,35.0318012110412],[-95.6080973681606,35.0317092112851],[-95.6079023680829,35.0313202112707],[-95.6075963673331,35.0306342110009],[-95.6074283675756,35.0297872113642],[-95.6074573680122,35.0296622109714],[-95.6074573679761,35.0291582110192],[-95.6074003671145,35.028921210841],[-95.6071343673581,35.0287632107333],[-95.6064823676869,35.0285972111731],[-95.6060643671505,35.0280712111219],[-95.6059803668294,35.0277502106532],[-95.6062313667668,35.0275902104278],[-95.6065643669129,35.0274762105296],[-95.6066763676053,35.0274072109269],[-95.6066753675295,35.0269952107376],[-95.607009367704,35.0266292099639],[-95.6071763673481,35.026537210193],[-95.6075103675078,35.0259652106736],[-95.6075933677253,35.0254842099836],[-95.6075653673163,35.0253472099373],[-95.6073983676575,35.025232210017],[-95.6070643674634,35.025324209796],[-95.606647367029,35.0255762097923],[-95.6064523669955,35.0258052105116],[-95.6062023671028,35.0259422105713],[-95.6058403665096,35.0260342103517],[-95.6052843668073,35.0260572105441],[-95.6048103664275,35.0263092105431],[-95.6047823669571,35.0267212107338],[-95.604838366861,35.0267902103284],[-95.6048383668659,35.0268582107788],[-95.6049213671227,35.0269272103721],[-95.6049223671805,35.0270872105853],[-95.6047553666485,35.0273392105695],[-95.6048113665769,35.027751210756],[-95.6046993667854,35.027842210478],[-95.6045323671332,35.0278202103669],[-95.6044493668748,35.027728210608],[-95.6043103666978,35.0273622107565],[-95.6042793661447,35.0271542110204],[-95.6040343664674,35.0270602102775],[-95.6039753664247,35.0269962109145],[-95.6035023660192,35.026241210156],[-95.6030843663904,35.0258292108862],[-95.6025833656102,35.0254172107212],[-95.6021383656416,35.0251882100328],[-95.6013313659807,35.0250742101897],[-95.6002743655294,35.0251202105719],[-95.6001073649828,35.0251662109111],[-95.6002183656582,35.0255092105984],[-95.6003023650587,35.0255322107598],[-95.6002823650507,35.0258132102809],[-95.6003223651128,35.0258942104319],[-95.6003773658724,35.0260022109329],[-95.6005813654656,35.0263562102257],[-95.6008033658895,35.0266542105221],[-95.600776365553,35.026882211187],[-95.600692365268,35.0270662107168],[-95.6006653658341,35.0273402108135],[-95.6007203656917,35.0274092113075],[-95.6008043660062,35.0276382111139],[-95.6009433661783,35.0279352113681],[-95.600888365441,35.0281412110158],[-95.6004433655198,35.0285762113922],[-95.6004433655362,35.0288052112027],[-95.6006103660993,35.0289882115734],[-95.6005823657148,35.0291942112198],[-95.6003873656781,35.0293782116543],[-95.6003323658385,35.0295612111364],[-95.6003603653695,35.0299962114899],[-95.6004713660367,35.0302242112488],[-95.6008613661528,35.0304532110404],[-95.6008333657634,35.0305902110895],[-95.6006383657299,35.0308192118088],[-95.6005833658986,35.0311172112193],[-95.6003883658471,35.0310942119625],[-95.6002493656849,35.030934211756],[-95.5999983656935,35.0303392112001],[-95.5998593655329,35.0302022111591],[-95.5996643654781,35.0301332115712],[-95.5991083657792,35.0302022111955],[-95.5988023650865,35.0303162110924],[-95.5987463652218,35.030797211781],[-95.598385365571,35.0308432112302],[-95.5982183650178,35.0307972118066],[-95.5977453655722,35.0308892115923],[-95.5969383650283,35.0310042115597],[-95.5968263652499,35.0312782116605],[-95.5968273653175,35.0315762119677],[-95.5967433650259,35.0316682117346],[-95.596159364913,35.0315302116688],[-95.5951023644846,35.0318972116245],[-95.5946563644925,35.0319892123083],[-95.5939053638378,35.0319662121791],[-95.5930983641867,35.0319892123836],[-95.5930153639381,35.0320352118194],[-95.5922913636541,35.0322642125643],[-95.5921523635164,35.0324472120504],[-95.5919303640214,35.0325622119896],[-95.5911783633366,35.0327682125703],[-95.5907053639025,35.0330202125692],[-95.590344363367,35.0332722125628],[-95.5902193629685,35.0333052122981]],[[-95.5970383624427,34.9927992044806],[-95.5968153619839,34.9926622044436],[-95.5963983624308,34.9926622044638],[-95.5961203621341,34.9927312049738],[-95.5957873620027,34.9930512045171],[-95.5955923619708,34.9933032045026],[-95.5955923620067,34.9938072053542],[-95.5957043618177,34.9939902048283],[-95.5958703623213,34.9939902048203],[-95.5960653623662,34.9939212052135],[-95.5961483617057,34.9937382048307],[-95.5961763620902,34.9935322051844],[-95.5963713621172,34.9932122047484],[-95.5966493624057,34.9930282043099],[-95.5970103620533,34.9929372045759],[-95.5970383624427,34.9927992044806]]]},"properties":{"OBJECTID":4190,"COUNTYFP10":"121","FULLNAME":"Eufaula Lk","MTFCC":"H2030","Shape__Area":11174557.2578125,"Shape__Length":43608.239633540805}},{"type":"Feature","id":4191,"geometry":{"type":"Polygon","coordinates":[[[-96.0249404821716,35.1201462070406],[-96.0257124820018,35.1201852070098],[-96.026464482687,35.1200022074938],[-96.0273554826285,35.119888206669],[-96.0293614829752,35.1192252064527],[-96.029779483457,35.1189972066684],[-96.0308114835822,35.1180592063586],[-96.0322604840897,35.1161602065028],[-96.0352974842916,35.1114702050576],[-96.036468484526,35.1099592051923],[-96.0380004842848,35.1066642036541],[-96.038418484745,35.106137204416],[-96.0387254845908,35.1061152042818],[-96.0387524849634,35.1063892043754],[-96.0384464842878,35.1067322040825],[-96.0378614842368,35.1080822045592],[-96.0376934846013,35.108929204211],[-96.037972484954,35.1089982046939],[-96.038752485081,35.1080142040654],[-96.0395324851815,35.1066642035792],[-96.0404794849342,35.1053372041497],[-96.0417884852845,35.1039872036376],[-96.0418724855693,35.103804203255],[-96.0413994851904,35.103415203255],[-96.0413714847713,35.1031402031151],[-96.041789485268,35.1031182029755],[-96.0422344852395,35.1033922030486],[-96.0425404850406,35.1033922030337],[-96.0442394855335,35.1026432033475],[-96.0447684857663,35.10240920328],[-96.045632486246,35.1021802025283],[-96.0468394864155,35.1015582024507],[-96.0470524863925,35.1014482027435],[-96.0473984862419,35.1013382030299],[-96.0471854862673,35.1014812024662],[-96.0471314864637,35.1015172023369],[-96.047070486336,35.1015592024857],[-96.0470044868751,35.1015942023107],[-96.0465114865152,35.1018572028197],[-96.0448934861824,35.1026222032427],[-96.0437564856639,35.1032742029071],[-96.0418644852381,35.1043542035379],[-96.0414134850408,35.1048052037556],[-96.0405624852273,35.105909203648],[-96.0402464849846,35.1062152043406],[-96.0392194851273,35.1076512043238],[-96.0390304844757,35.107915203965],[-96.0379514849084,35.1093982043281],[-96.0373874848976,35.1102742044425],[-96.0369134845107,35.1104162047447],[-96.0363844842975,35.110920204722],[-96.0356874844255,35.1119502047782],[-96.0355204839353,35.1127742051637],[-96.0357984842449,35.1128882050321],[-96.0356564839662,35.1130422049742],[-96.0355944847033,35.1132472054749],[-96.0352964843975,35.1135752053866],[-96.0351284847299,35.1139782051668],[-96.0350484846202,35.1140172051777],[-96.0343814843338,35.1149512061837],[-96.0336464844727,35.1156282060866],[-96.0332934843321,35.1162002056063],[-96.0328714836916,35.1167972062867],[-96.0328964839555,35.1168502060412],[-96.0325104840747,35.1173042063946],[-96.0310614835174,35.1185162068198],[-96.0310894839597,35.1191112064863],[-96.0307824832422,35.1195162063659],[-96.0306154835841,35.1194092068162],[-96.0303084837415,35.1194772063821],[-96.0294444833065,35.1203242069673],[-96.0288874835735,35.1205522067584],[-96.028358483332,35.1206672067126],[-96.0283574832973,35.1208292070182],[-96.0279764827165,35.120833207222],[-96.0262514827446,35.120590206848],[-96.0249764820465,35.1202022069335],[-96.0249404821716,35.1201462070406]],[[-96.0346564844195,35.1138952058438],[-96.0344054844611,35.1137582058086],[-96.0341554836645,35.1138262053718],[-96.0340994837888,35.1141472058467],[-96.0341544836463,35.114215205395],[-96.0345444837405,35.114147205825],[-96.0346564844195,35.1138952058438]]]},"properties":{"OBJECTID":4191,"COUNTYFP10":"121","FULLNAME":"Canadian Riv","MTFCC":"H3010","Shape__Area":309621.07421875,"Shape__Length":8943.200667723586}},{"type":"Feature","id":4192,"geometry":{"type":"Polygon","coordinates":[[[-95.66045837631,34.9562071952805],[-95.6606453759689,34.9559271948983],[-95.6608843762407,34.9556491946062],[-95.6609503765911,34.9554761946872],[-95.6606623758109,34.9552661948709],[-95.6600563756015,34.9554701944525],[-95.6595563757788,34.9552181945005],[-95.6615853761996,34.9532041946863],[-95.662030376116,34.9527011938595],[-95.6624203761895,34.9523351939825],[-95.6626703760691,34.9520141943969],[-95.662864376066,34.9519231937717],[-95.6629483763691,34.9519921942643],[-95.662948376387,34.9522431941941],[-95.662698376509,34.9525871939452],[-95.6626983765171,34.9527011938273],[-95.6625863767305,34.952861194046],[-95.6623363759402,34.9530211942713],[-95.66233637595,34.9531591943653],[-95.6620023766715,34.9534791939085],[-95.6618913760336,34.9536621942927],[-95.6616413761459,34.953868194849],[-95.6611963762327,34.9544171942083],[-95.6610853764876,34.9545091948758],[-95.661029375704,34.9547151945235],[-95.6610853765088,34.9548071942838],[-95.6613353764096,34.9547841950055],[-95.6619743763212,34.9541661942409],[-95.662475376148,34.953823194524],[-95.6632263767683,34.9533651939674],[-95.6638653767108,34.9531821944571],[-95.6646153773157,34.9531591942554],[-95.664699376708,34.9530681945347],[-95.6647553766005,34.9529761938699],[-95.6645323770297,34.9526781944727],[-95.6643663764887,34.9521521944092],[-95.6641153765286,34.9519921942081],[-95.663921376509,34.9517631935075],[-95.6640043767525,34.951648193575],[-95.6642543766468,34.9515341936809],[-95.6645053766053,34.9516711937164],[-95.6650883766684,34.9517631934513],[-95.6656723767909,34.9520381935648],[-95.6658673768407,34.9520381935554],[-95.6659223775893,34.951992194121],[-95.6658953772154,34.951694193815],[-95.6655223769397,34.9507781936913],[-95.6655473771854,34.950576193331],[-95.6655723774318,34.9503841934336],[-95.6653993765878,34.9501621939555],[-95.6653173772819,34.9501631940057],[-95.6649023769038,34.9499031936792],[-95.6654333772389,34.9497911938641],[-95.6670623773017,34.9506651937813],[-95.6673963775038,34.9506881939307],[-95.6674793777475,34.950573193099],[-95.6675073772278,34.9502981938553],[-95.6674243778705,34.9502301934089],[-95.6674793777149,34.9501151934778],[-95.6678963772614,34.9500241937411],[-95.6681463780729,34.9501611937768],[-95.6680073779498,34.9505501938073],[-95.6681743776069,34.9506421935622],[-95.668813377569,34.9507341932942],[-95.6696753779897,34.9509631930632],[-95.6700093781903,34.9509631930471],[-95.6701483783248,34.9507341932298],[-95.6702873784463,34.9503221930338],[-95.670565377824,34.9499781932814],[-95.6709823782683,34.9498641933792],[-95.6719823787755,34.9498411931654],[-95.6723453785385,34.9500701929585],[-95.6725393785435,34.9500931931147],[-95.6728733787343,34.9499561930509],[-95.6730953791173,34.9496811928985],[-95.6730123788492,34.949452193092],[-95.6726233787799,34.9492231933001],[-95.6720663790216,34.9491091934448],[-95.6716773780496,34.9488341933219],[-95.6715663782817,34.9486051926173],[-95.6715103783436,34.9480561932823],[-95.671594378619,34.9477351928054],[-95.6720663789061,34.9474841928529],[-95.6722613789363,34.9472091927018],[-95.672316378745,34.9465911928648],[-95.6725673786677,34.9462251920951],[-95.6733173783635,34.946065192745],[-95.6741243789218,34.9461561924227],[-95.6742353786653,34.9460421925352],[-95.6742633790433,34.9457441922266],[-95.6743743787868,34.9456301923392],[-95.6748473791315,34.9455381925535],[-95.6752923790919,34.9456531924605],[-95.6769873795057,34.9463631919761],[-95.6772373794113,34.9464081922488],[-95.6784333800049,34.9462481919779],[-95.6784053796188,34.9464311923581],[-95.6783213802297,34.9465691924561],[-95.6774043800051,34.9470261920751],[-95.6770433794486,34.9469811927071],[-95.6764033794206,34.9466141919341],[-95.6754863791294,34.9461341922378],[-95.6749303794192,34.9460421925017],[-95.6747363794288,34.9462251919905],[-95.6747083790475,34.9464771928674],[-95.6745413794083,34.9466371921893],[-95.6744023792624,34.9467061926927],[-95.6734573785964,34.9465681926442],[-95.6730113786028,34.9466371922631],[-95.6728453790164,34.9468891922472],[-95.672705378873,34.9476441930353],[-95.6725463787119,34.9478951929728],[-95.6719563783486,34.9481461929311],[-95.6719563783688,34.9484301925902],[-95.6722613790433,34.9487141931338],[-95.672790378406,34.9488801927],[-95.6734293792805,34.9491551928109],[-95.6736513788064,34.9494751932267],[-95.6736513788194,34.9496581927062],[-95.6735123786849,34.9498871934228],[-95.6732623788021,34.9501621935765],[-95.6727063791276,34.9505741928933],[-95.6717613785495,34.951672193413],[-95.6717053786717,34.9519701937229],[-95.6717613785788,34.9520841936024],[-95.6716223784459,34.9523361935852],[-95.671288378247,34.9523591937669],[-95.6710373782771,34.9520611934717],[-95.6707033780765,34.9520611934878],[-95.6706763786361,34.9522441938679],[-95.6707033781188,34.952656194056],[-95.6700643782138,34.9533661936841],[-95.6697033785565,34.9533201942697],[-95.6696473786234,34.9528391935863],[-95.6693973778135,34.9527251937163],[-95.6689523778548,34.9526331939748],[-95.6670353779914,34.952679193499],[-95.6667573776996,34.9528161935601],[-95.6664513770217,34.9531371940477],[-95.6664383773215,34.9531831943794],[-95.6663683776904,34.9534341943126],[-95.66636837771,34.9537091944542],[-95.6667073772616,34.9539701939314],[-95.6668123776401,34.9540521941256],[-95.6667853772971,34.9541891941746],[-95.6665623777573,34.9543271942793],[-95.6661183778482,34.9542811939696],[-95.6655903776361,34.9541661940666],[-95.6653123773411,34.9542581947422],[-95.6648953769246,34.9547611946683],[-95.6641443772117,34.9553331942078],[-95.6636723769198,34.9555171946556],[-95.6613933764909,34.956043194837],[-95.6609843764324,34.9563651944765],[-95.6609603762183,34.9563591950992],[-95.66045837631,34.9562071952805]],[[-95.6666733773673,34.9523351937775],[-95.6670063775084,34.9521521942819],[-95.667368377204,34.9520841938141],[-95.6677573772652,34.9521981936775],[-95.6690363781237,34.9522211937814],[-95.6697863778,34.9517871934366],[-95.6698703780916,34.9516951936697],[-95.6698703780818,34.951558193622],[-95.669286377974,34.9514891940529],[-95.6690083776578,34.9512831935219],[-95.6684523779475,34.9511911937858],[-95.6679793775962,34.9511911938086],[-95.6675073772978,34.9512831935943],[-95.6668673773235,34.9516721936489],[-95.6663953770479,34.952084193861],[-95.6663953770625,34.952290193506],[-95.6666733773673,34.9523351937775]],[[-95.6707043780643,34.951237193109],[-95.6710653786225,34.9513061935883],[-95.6712873781192,34.9512141938147],[-95.6718723782409,34.9508251937627],[-95.672067378276,34.950619193209],[-95.6720673782581,34.9503681932791],[-95.671732378904,34.9502761935324],[-95.6715103784998,34.9502531933775],[-95.6711483788076,34.9503681933234],[-95.6708703785223,34.9505961931011],[-95.6707043780302,34.9507571933687],[-95.6707043780643,34.951237193109]]]},"properties":{"OBJECTID":4192,"COUNTYFP10":"121","FULLNAME":"Mud Crk","MTFCC":"H2030","Shape__Area":482171.01171875,"Shape__Length":10150.304700593835}},{"type":"Feature","id":4193,"geometry":{"type":"Polygon","coordinates":[[[-95.7883244131596,35.0126541989805],[-95.7885434133929,35.012235199356],[-95.7886584133142,35.012014199011],[-95.7888254129647,35.012014199003],[-95.7892704138045,35.0118531987219],[-95.7894094130658,35.0119911988091],[-95.7895764136206,35.0120601992976],[-95.7903554137731,35.0120601992599],[-95.7907174134668,35.0119681985801],[-95.7911344139042,35.0117621989151],[-95.7914964135996,35.0116941984472],[-95.7923304145268,35.0120141988331],[-95.7929704145401,35.0121751990616],[-95.7934704143397,35.0121061985407],[-95.7936934147738,35.011900198885],[-95.7936654143206,35.0111451981054],[-95.7938604143573,35.0109621986166],[-95.7940554143873,35.0106871984656],[-95.7943334146756,35.0105041980734],[-95.7945834145796,35.0105271982269],[-95.7949454151939,35.0107331987536],[-95.7953904151573,35.0108931980458],[-95.7962254151956,35.010710198526],[-95.7965034154758,35.0104131982518],[-95.796725414974,35.0103441986438],[-95.7969764149244,35.0103671978978],[-95.7969764149358,35.010527198111],[-95.7968644151592,35.0108251984234],[-95.7975604150713,35.0109851986029],[-95.7979214156442,35.0112601987269],[-95.7981994159554,35.011397198761],[-95.8003694158858,35.0117181982292],[-95.8007034160846,35.0116951980475],[-95.8014274163729,35.0115351977992],[-95.801900416711,35.0113521982969],[-95.8023174171631,35.0113521982767],[-95.8024844168333,35.0116261983638],[-95.8025954165948,35.0117641984524],[-95.8025954166078,35.0119471979318],[-95.8018444168529,35.0119241987019],[-95.8010654167136,35.012107198219],[-95.8007304164816,35.0123131987795],[-95.800508416107,35.0127021988138],[-95.8002574161779,35.0129761989212],[-95.8003134161179,35.0135491984678],[-95.8003964163893,35.013823198559],[-95.8003964164024,35.0140061989377],[-95.8006204169173,35.0142811990683],[-95.8011214167879,35.0145561991855],[-95.8015664167711,35.0149911986193],[-95.8018444171069,35.0154711992453],[-95.802233417237,35.0165471986813],[-95.8023444170016,35.0167301990546],[-95.802984417018,35.0169361995678],[-95.8029564175297,35.017096198883],[-95.8026784172316,35.0171421992275],[-95.8020664167231,35.0170501994944],[-95.8017884173062,35.0168441989636],[-95.8017884172768,35.0164321987745],[-95.8015934171877,35.0158831994466],[-95.8013714167623,35.015563199031],[-95.8013714167524,35.0154251989371],[-95.8010094170211,35.0149911986463],[-95.8006204169468,35.0146931992575],[-95.8002024164401,35.0145791984963],[-95.8000074163788,35.0144181991456],[-95.7999244160779,35.0137321988653],[-95.7997854158895,35.0132051987545],[-95.7997294159873,35.0131601984724],[-95.7997294159709,35.012931198662],[-95.7997854158633,35.0128391988965],[-95.8000074162527,35.012656198507],[-95.8003134160212,35.012198197972],[-95.8001464163625,35.012084198098],[-95.7982554158823,35.0117861987819],[-95.7978104159221,35.0116721980221],[-95.7970874156375,35.0112371986018],[-95.7967814149337,35.0111911982855],[-95.7966694151569,35.0114881985517],[-95.7967534154682,35.0116721980733],[-95.7966974155774,35.0117861988574],[-95.7964754151783,35.0118321982999],[-95.795640415117,35.0116941982464],[-95.7953064149018,35.0114881986178],[-95.7950844144764,35.0111681982022],[-95.794834414561,35.010985198735],[-95.7945564151573,35.0109621985828],[-95.7942504144714,35.0111681982426],[-95.7942494144824,35.0119691984554],[-95.7941944146412,35.0121291986712],[-95.7938884148546,35.0123351983309],[-95.7937214143229,35.0125871992143],[-95.7934424148841,35.0127241992754],[-95.7924134139186,35.0125641991121],[-95.7915234139933,35.0122661988482],[-95.7912454136886,35.0122201985306],[-95.7911624143738,35.0127461986059],[-95.7909674143274,35.0127921989464],[-95.7906334141171,35.0126551989149],[-95.7899384133454,35.0124031989726],[-95.7896044131515,35.0124941987053],[-95.7895764136828,35.0129291990613],[-95.7891594132569,35.0132951989396],[-95.7891314137603,35.013341199272],[-95.789214413139,35.0137071991261],[-95.7889084133377,35.0137071991409],[-95.788630413015,35.0134101988936],[-95.788658413396,35.0131581989163],[-95.7889364136811,35.0129291990923],[-95.7889364136681,35.0127461987137],[-95.7887974135092,35.0126321988383],[-95.7883244131596,35.0126541989805]]]},"properties":{"OBJECTID":4193,"COUNTYFP10":"121","FULLNAME":"Bull Crk","MTFCC":"H3010","Shape__Area":179323.71484375,"Shape__Length":5997.848080171551}},{"type":"Feature","id":4909,"geometry":{"type":"Polygon","coordinates":[[[-95.5668733426565,34.8210891744101],[-95.5666783425987,34.8209751745371],[-95.5665833417918,34.8209961746146],[-95.5661143425439,34.8212611743159],[-95.5659843419153,34.8213201743558],[-95.5648493413996,34.8207311741193],[-95.5647733414435,34.8203201748788],[-95.5645523419716,34.8201061748738],[-95.5642913415509,34.8199911740584],[-95.5640973415378,34.8198541740199],[-95.5641533414288,34.8197391740886],[-95.56440234128,34.8196701744793],[-95.5645413414244,34.819579174756],[-95.5645693418043,34.8193041746128],[-95.5644023412415,34.8191211742418],[-95.5640693410921,34.8191901747545],[-95.5631813412835,34.8192361742287],[-95.562987341272,34.8191211743094],[-95.5630153407333,34.8185721740706],[-95.5626543410583,34.8182741737804],[-95.5626263406479,34.8181141744676],[-95.562793341193,34.818045173963],[-95.5629313413007,34.8180911742875],[-95.5631533408056,34.8181141744425],[-95.5632643414501,34.8180221737748],[-95.5631813411935,34.8179541742277],[-95.5631263413167,34.8176101744911],[-95.56279334114,34.8172901740802],[-95.5624873403877,34.8165571743314],[-95.5628483409428,34.8165801735804],[-95.5631533407236,34.8169461743238],[-95.5635703412001,34.8172901740431],[-95.5639863416045,34.8172671738577],[-95.5642363414909,34.817038174035],[-95.5645693416386,34.8169461742561],[-95.564819341533,34.8168321734626],[-95.5649293411853,34.8160771735746],[-95.5648743413262,34.8159851738143],[-95.5648743413229,34.8159391734832],[-95.5647913410648,34.8158481737705],[-95.5647633415456,34.8155731736299],[-95.5650403417799,34.8152751733092],[-95.565484341681,34.8152071737369],[-95.5658453413207,34.8150011731751],[-95.5659013412099,34.8148631730784],[-95.5660953412021,34.814703173755],[-95.5665113416146,34.8147951734982],[-95.566900341671,34.8148401737644],[-95.5669553415189,34.8147721733113],[-95.5670113422786,34.8142221730249],[-95.5670393417737,34.8141541734724],[-95.5672883416393,34.8142911735083],[-95.5675103420676,34.8146571733563],[-95.5678163418803,34.814817173555],[-95.5680103418837,34.8148171735458],[-95.5682873421309,34.8147031736503],[-95.5683713423937,34.8141991727944],[-95.5686483426442,34.81413117323],[-95.568731342003,34.8142221729427],[-95.5687323420912,34.8148171735113],[-95.5688703422021,34.8149091732677],[-95.5690923426015,34.814863172926],[-95.5693143420677,34.8143371728434],[-95.5692033422872,34.813925172659],[-95.5694253426898,34.8139251726484],[-95.5695643428341,34.8138331728788],[-95.5696193426498,34.8133071728042],[-95.5702303422127,34.813398173391],[-95.57028634304,34.8138101726787],[-95.5698423422765,34.8144051732686],[-95.5702863430754,34.8143141735307],[-95.5705083425802,34.8143371727864],[-95.5705913428384,34.8144281733984],[-95.5705633424537,34.8146341730449],[-95.5700923431329,34.8151831733049],[-95.5700923431475,34.8153901729964],[-95.5702303423606,34.8155041737713],[-95.5703413430276,34.8157331735768],[-95.5702863431911,34.8159621733902],[-95.5699813425495,34.8161451737837],[-95.5698423424067,34.8162591736726],[-95.5698423424325,34.8166261735774],[-95.5699813425993,34.8168541733353],[-95.5699533431156,34.8170831740467],[-95.5699553432111,34.8171231741],[-95.5696763429424,34.8182511741786],[-95.56975934326,34.8191891744363],[-95.5696483426285,34.8194641736842],[-95.5693433429007,34.8198531746222],[-95.568899343011,34.8200821744542],[-95.5685773424717,34.8201411745033],[-95.5683993423132,34.8201741742411],[-95.5680663421702,34.8203341744703],[-95.5675673424745,34.8212271744709],[-95.5674563427582,34.8217301743826],[-95.5672343423492,34.8216391746766],[-95.5668733426565,34.8210891744101]]]},"properties":{"OBJECTID":4909,"COUNTYFP10":"121","FULLNAME":"Blue Crk","MTFCC":"H2030","Shape__Area":542450.03125,"Shape__Length":4331.342018455147}},{"type":"Feature","id":4910,"geometry":{"type":"Polygon","coordinates":[[[-95.5668733426565,34.8210891744101],[-95.5666783425987,34.8209751745371],[-95.5665833417918,34.8209961746146],[-95.5661143425439,34.8212611743159],[-95.5659843419153,34.8213201743558],[-95.5648493413996,34.8207311741193],[-95.5647733414435,34.8203201748788],[-95.5645523419716,34.8201061748738],[-95.5642913415509,34.8199911740584],[-95.5640973415378,34.8198541740199],[-95.5641533414288,34.8197391740886],[-95.56440234128,34.8196701744793],[-95.5645413414244,34.819579174756],[-95.5645693418043,34.8193041746128],[-95.5644023412415,34.8191211742418],[-95.5640693410921,34.8191901747545],[-95.5631813412835,34.8192361742287],[-95.562987341272,34.8191211743094],[-95.5630153407333,34.8185721740706],[-95.5626543410583,34.8182741737804],[-95.5626263406479,34.8181141744676],[-95.562793341193,34.818045173963],[-95.5629313413007,34.8180911742875],[-95.5631533408056,34.8181141744425],[-95.5632643414501,34.8180221737748],[-95.5631813411935,34.8179541742277],[-95.5631263413167,34.8176101744911],[-95.56279334114,34.8172901740802],[-95.5624873403877,34.8165571743314],[-95.5628483409428,34.8165801735804],[-95.5631533407236,34.8169461743238],[-95.5635703412001,34.8172901740431],[-95.5639863416045,34.8172671738577],[-95.5642363414909,34.817038174035],[-95.5645693416386,34.8169461742561],[-95.564819341533,34.8168321734626],[-95.5649293411853,34.8160771735746],[-95.5648743413262,34.8159851738143],[-95.5648743413229,34.8159391734832],[-95.5647913410648,34.8158481737705],[-95.5647633415456,34.8155731736299],[-95.5650403417799,34.8152751733092],[-95.565484341681,34.8152071737369],[-95.5658453413207,34.8150011731751],[-95.5659013412099,34.8148631730784],[-95.5660953412021,34.814703173755],[-95.5665113416146,34.8147951734982],[-95.566900341671,34.8148401737644],[-95.5669553415189,34.8147721733113],[-95.5670113422786,34.8142221730249],[-95.5670393417737,34.8141541734724],[-95.5672883416393,34.8142911735083],[-95.5675103420676,34.8146571733563],[-95.5678163418803,34.814817173555],[-95.5680103418837,34.8148171735458],[-95.5682873421309,34.8147031736503],[-95.5683713423937,34.8141991727944],[-95.5686483426442,34.81413117323],[-95.568731342003,34.8142221729427],[-95.5687323420912,34.8148171735113],[-95.5688703422021,34.8149091732677],[-95.5690923426015,34.814863172926],[-95.5693143420677,34.8143371728434],[-95.5692033422872,34.813925172659],[-95.5694253426898,34.8139251726484],[-95.5695643428341,34.8138331728788],[-95.5696193426498,34.8133071728042],[-95.5702303422127,34.813398173391],[-95.57028634304,34.8138101726787],[-95.5698423422765,34.8144051732686],[-95.5702863430754,34.8143141735307],[-95.5705083425802,34.8143371727864],[-95.5705913428384,34.8144281733984],[-95.5705633424537,34.8146341730449],[-95.5700923431329,34.8151831733049],[-95.5700923431475,34.8153901729964],[-95.5702303423606,34.8155041737713],[-95.5703413430276,34.8157331735768],[-95.5702863431911,34.8159621733902],[-95.5699813425495,34.8161451737837],[-95.5698423424067,34.8162591736726],[-95.5698423424325,34.8166261735774],[-95.5699813425993,34.8168541733353],[-95.5699533431156,34.8170831740467],[-95.5699553432111,34.8171231741],[-95.5696763429424,34.8182511741786],[-95.56975934326,34.8191891744363],[-95.5696483426285,34.8194641736842],[-95.5693433429007,34.8198531746222],[-95.568899343011,34.8200821744542],[-95.5685773424717,34.8201411745033],[-95.5683993423132,34.8201741742411],[-95.5680663421702,34.8203341744703],[-95.5675673424745,34.8212271744709],[-95.5674563427582,34.8217301743826],[-95.5672343423492,34.8216391746766],[-95.5668733426565,34.8210891744101]]]},"properties":{"OBJECTID":4910,"COUNTYFP10":"121","FULLNAME":"Hartshorne","MTFCC":"H2030","Shape__Area":542450.03125,"Shape__Length":4331.342018455147}}],"source":{"service":"https://services7.arcgis.com/cpyRdAfuizCFzBhp/arcgis/rest/services/Pittsburg_County_Data/FeatureServer/7","publisher":"OU Center for Spatial Analysis (contracted by the Oklahoma State Election Board)","retrieved":"2026-09-01","crs":"EPSG:4326","note":""}}