{"type":"FeatureCollection","features":[{"type":"Feature","properties":{"Precinct":"1","PCT_CEB":"610001","P0010001":"383","P0030001":303,"St_house":"017","St_senate":"07","Comm":"03","Uscong":"02","COUNTY_NAM":"PITTSBURG","CO_FIPS":"121","GeoID":"61121610001020701703","precinct_num":1},"geometry":{"type":"Polygon","coordinates":[[[-95.7607134004298,34.9322111856277],[-95.7605064007611,34.9327491853653],[-95.7602894006307,34.9333141854542],[-95.7598764004402,34.9343861865429],[-95.7594714006177,34.9354151865398],[-95.7590504000553,34.9364731869807],[-95.7586373998647,34.9375441871238],[-95.7585444000463,34.9375121865461],[-95.7579133995495,34.9373281870508],[-95.7567953998427,34.9370281867049],[-95.7567953998357,34.9369291866179],[-95.7557163992503,34.936780186966],[-95.755174399287,34.9366451870371],[-95.7550743991428,34.9365981866645],[-95.7550443995455,34.9365311871613],[-95.7552143993015,34.9360581868375],[-95.7553993988487,34.9355121867305],[-95.7545963993666,34.9352971867075],[-95.7543903988029,34.935242186869],[-95.7542543987886,34.9352051869611],[-95.7540173985853,34.9351411867074],[-95.7532653987715,34.9349421865235],[-95.7526763984258,34.9347871865702],[-95.7513813977024,34.9344451860869],[-95.7509373977881,34.9343221867088],[-95.7507113980949,34.9342591865008],[-95.7502803978842,34.9341391863617],[-95.7500083978556,34.9340631864534],[-95.7498093976169,34.9340141868923],[-95.748983397069,34.9338091864341],[-95.7483743975947,34.933658186667],[-95.7480413974348,34.9335751864375],[-95.7464283963464,34.9331331867356],[-95.7457933965643,34.9329601868504],[-95.7445803960471,34.9326301869188],[-95.7445103963969,34.9326121860888],[-95.7441403963189,34.9325171862049],[-95.7439863963709,34.9325041865097],[-95.7426213960224,34.9324961862051],[-95.7422673957936,34.932494187029],[-95.7419473953397,34.9324461866207],[-95.7417213956458,34.932373186849],[-95.7415733950743,34.9323251864324],[-95.7406773948661,34.93196118671],[-95.7399863951773,34.9316811863701],[-95.7388873945403,34.9312021867291],[-95.7378563944989,34.9326971867476],[-95.7375713947484,34.9323641866323],[-95.737436394772,34.9322051864719],[-95.7378083939883,34.9315251864471],[-95.7385963944695,34.9302771861849],[-95.7389983941809,34.9296411863971],[-95.7390653945824,34.9295341859366],[-95.7394553946363,34.9288921858715],[-95.7398193943846,34.9282631855104],[-95.7399673949345,34.9280081862875],[-95.7401453950734,34.9277001855088],[-95.740260394998,34.9275251854949],[-95.740340395102,34.9274031861379],[-95.7407453949537,34.926783185292],[-95.7408203948264,34.9266701854526],[-95.7413523951486,34.9257261857877],[-95.7417573949994,34.9250931852393],[-95.742015395244,34.924689185408],[-95.7425633954131,34.9238031848304],[-95.7426343951127,34.9238651849995],[-95.742712395137,34.923926185122],[-95.7431453954556,34.9242611853227],[-95.7438113958006,34.924780185038],[-95.7445823956392,34.9255831853066],[-95.7448133955766,34.925822185569],[-95.7464233965985,34.92728718587],[-95.7468243963268,34.9275421850663],[-95.7470593964435,34.9276921857045],[-95.7471753964339,34.9277901857396],[-95.7473533966,34.9278661856525],[-95.7490933973043,34.9286141851265],[-95.7502303969902,34.9288771855571],[-95.7502733971861,34.9288831858328],[-95.7522093979639,34.9293141859092],[-95.7540463986615,34.9299451853575],[-95.7544903985758,34.9300671855886],[-95.7549823989186,34.9302051856589],[-95.7553123989397,34.930291185128],[-95.75592639864,34.9303621856877],[-95.7560863988665,34.9303791855678],[-95.7564313986789,34.9303951853926],[-95.7567553993146,34.9303911851918],[-95.7570203990132,34.930391185179],[-95.7573293989512,34.9303581854349],[-95.757501399731,34.9303301850295],[-95.7576923995925,34.9302921850597],[-95.7580293999271,34.9302221853998],[-95.7595383997343,34.9298851850128],[-95.7602763997739,34.9297411855048],[-95.7608774006601,34.9296731850255],[-95.7614253999954,34.9297111849598],[-95.762094400454,34.9298701850945],[-95.7620194005865,34.9300561856157],[-95.7619604005569,34.9301771849255],[-95.7618954002437,34.9302211851671],[-95.7613414006595,34.9305961854687],[-95.7612894000543,34.930702184983],[-95.7611654006222,34.9310271856469],[-95.7611123999729,34.9311661857897],[-95.7609124006278,34.9316881856856],[-95.760813400552,34.9319501852301],[-95.7607134004298,34.9322111856277]]]}},{"type":"Feature","properties":{"Precinct":"3","PCT_CEB":"610003","P0010001":"1547","P0030001":1220,"St_house":"017","St_senate":"07","Comm":"03","Uscong":"02","COUNTY_NAM":"PITTSBURG","CO_FIPS":"121","GeoID":"61121610003020701703","precinct_num":3},"geometry":{"type":"Polygon","coordinates":[[[-95.7501913982574,34.9468381888545],[-95.749924398461,34.9467661891312],[-95.749317398179,34.9465991886232],[-95.7484773978805,34.9463861886946],[-95.7473743979708,34.9460981889037],[-95.7465623980709,34.9458761885571],[-95.745763397875,34.9456631886265],[-95.7453733977683,34.9455601892725],[-95.7452583969294,34.9455261886032],[-95.7448763971931,34.9454151888784],[-95.7447413972237,34.9453571888976],[-95.744384396845,34.9452031889793],[-95.7442053966311,34.9451061889936],[-95.7440743968462,34.9450341892638],[-95.7429573962635,34.9444121883988],[-95.7428813963334,34.9443701891559],[-95.7428063964496,34.9443271889673],[-95.7425383966011,34.9441761891837],[-95.7421333966896,34.9439541888175],[-95.7419463961042,34.9438511885544],[-95.7418033966617,34.9437731885472],[-95.7413103962632,34.9435031886608],[-95.7409983961713,34.9433301887601],[-95.7406853960331,34.9431581889057],[-95.740397396156,34.9429991887527],[-95.7399303960671,34.9427751882969],[-95.7395033960359,34.9425701887187],[-95.7393973956133,34.9425201882076],[-95.7392023955573,34.9424331886856],[-95.7389743957687,34.9423311884707],[-95.7388783958103,34.9422881882832],[-95.7388643951606,34.9422821889054],[-95.7385343951352,34.9421341883643],[-95.7382083952954,34.9419891888613],[-95.737858395241,34.9418311887576],[-95.7377793951722,34.9417951888933],[-95.7377673955147,34.9417901886624],[-95.7374763946016,34.9416671883775],[-95.7374213947473,34.9416441882147],[-95.7370793950639,34.9414851880642],[-95.7362373946586,34.9410741888612],[-95.7353853946879,34.9406501881573],[-95.7352773941732,34.9406091880629],[-95.7348923942931,34.9404331880268],[-95.7345933939073,34.9402961879935],[-95.7342563944557,34.9401371887422],[-95.7341613936444,34.9400931885083],[-95.734027393721,34.9400301882959],[-95.7333263935676,34.939737188254],[-95.7323963935767,34.9393101883143],[-95.7322173933639,34.9392291881701],[-95.7322713931658,34.9391671879949],[-95.7327673936404,34.938550188183],[-95.7332063932694,34.9379191877256],[-95.7335433935793,34.9375021881878],[-95.7338423939257,34.9370861877989],[-95.7341413933801,34.9367721876358],[-95.7342483938315,34.9365751875031],[-95.7343463938719,34.9364681879403],[-95.7346283934376,34.9361581879633],[-95.7350343942436,34.9356591873236],[-95.7352113943424,34.9354421871608],[-95.7352583938199,34.9353841871712],[-95.7355393942336,34.9350051875968],[-95.7355903938958,34.9349361870978],[-95.735732394172,34.9347451872411],[-95.7362263945514,34.9340921875611],[-95.7363363942461,34.9339451870452],[-95.7367243942158,34.9334241871865],[-95.736940394315,34.9330701869741],[-95.7373043940636,34.9324461868445],[-95.737436394772,34.9322051864719],[-95.7375713947484,34.9323641866323],[-95.7378563944989,34.9326971867476],[-95.7388873945403,34.9312021867291],[-95.7399863951773,34.9316811863701],[-95.7406773948661,34.93196118671],[-95.7415733950743,34.9323251864324],[-95.7417213956458,34.932373186849],[-95.7419473953397,34.9324461866207],[-95.7422673957936,34.932494187029],[-95.7426213960224,34.9324961862051],[-95.7439863963709,34.9325041865097],[-95.7441403963189,34.9325171862049],[-95.7445103963969,34.9326121860888],[-95.7445803960471,34.9326301869188],[-95.7457933965643,34.9329601868504],[-95.7464283963464,34.9331331867356],[-95.7480413974348,34.9335751864375],[-95.7483743975947,34.933658186667],[-95.748983397069,34.9338091864341],[-95.7498093976169,34.9340141868923],[-95.7500083978556,34.9340631864534],[-95.7502803978842,34.9341391863617],[-95.7507113980949,34.9342591865008],[-95.7509373977881,34.9343221867088],[-95.7513813977024,34.9344451860869],[-95.7526763984258,34.9347871865702],[-95.7532653987715,34.9349421865235],[-95.7540173985853,34.9351411867074],[-95.7542543987886,34.9352051869611],[-95.7543903988029,34.935242186869],[-95.7545963993666,34.9352971867075],[-95.7553993988487,34.9355121867305],[-95.7552143993015,34.9360581868375],[-95.7550443995455,34.9365311871613],[-95.7550743991428,34.9365981866645],[-95.755174399287,34.9366451870371],[-95.7557163992503,34.936780186966],[-95.7567953998357,34.9369291866179],[-95.7567953998427,34.9370281867049],[-95.7579133995495,34.9373281870508],[-95.7585444000463,34.9375121865461],[-95.7586373998647,34.9375441871238],[-95.7590504000553,34.9364731869807],[-95.7594714006177,34.9354151865398],[-95.7598764004402,34.9343861865429],[-95.7602894006307,34.9333141854542],[-95.7605064007611,34.9327491853653],[-95.7607134004298,34.9322111856277],[-95.760813400552,34.9319501852301],[-95.7609124006278,34.9316881856856],[-95.7611123999729,34.9311661857897],[-95.7611654006222,34.9310271856469],[-95.7612894000543,34.930702184983],[-95.7613414006595,34.9305961854687],[-95.7618954002437,34.9302211851671],[-95.7619604005569,34.9301771849255],[-95.7620194005865,34.9300561856157],[-95.762094400454,34.9298701850945],[-95.763520400957,34.9302111855251],[-95.7641954007923,34.9303411852161],[-95.7662974020718,34.9307471850263],[-95.7662554019304,34.9308541854857],[-95.7675904018113,34.931204185438],[-95.7674974020111,34.9314281850216],[-95.7674034021643,34.9316511854582],[-95.7670134021307,34.9325771851821],[-95.7669474017799,34.9327441857226],[-95.7665644020777,34.933765185348],[-95.7661244015405,34.9349211858304],[-95.7657474021134,34.9358981861163],[-95.7653344019223,34.936961185889],[-95.7651334016313,34.9374811865917],[-95.765114401653,34.937529186117],[-95.7650284021772,34.9377501864606],[-95.7649244018701,34.9380201863757],[-95.7647234015787,34.9385351868468],[-95.7645134017711,34.9390741866309],[-95.7641064018571,34.9401211865619],[-95.7638984021419,34.9406551870137],[-95.7636984018968,34.9411691874385],[-95.7632864017521,34.9422311871648],[-95.7628814019313,34.9432841873735],[-95.7624654016007,34.9443401877215],[-95.7623374019829,34.9446621882467],[-95.7620794017587,34.9453521878296],[-95.7618154012574,34.9460571881073],[-95.7616634014296,34.9464291882506],[-95.7613984017772,34.9470791886799],[-95.7613474012251,34.9472801880959],[-95.7613154015487,34.9474051884888],[-95.7607024010006,34.9474081886573],[-95.7597724010415,34.9474251885899],[-95.7594874013151,34.9474301888352],[-95.7578984004706,34.9474111889315],[-95.7573264009254,34.9474271888006],[-95.7571174002274,34.9474411885595],[-95.7568514004863,34.9474951883745],[-95.756656400436,34.9474871889128],[-95.7565054006282,34.9474881889664],[-95.755331400144,34.9474821887452],[-95.7547704002082,34.9474781885872],[-95.7540473999545,34.9474741884368],[-95.7533113990986,34.9474811887964],[-95.752836399553,34.9474661890242],[-95.7524913997379,34.9474131892849],[-95.7519853987491,34.9473191885546],[-95.7501913982574,34.9468381888545]]]}},{"type":"Feature","properties":{"Precinct":"4","PCT_CEB":"610004","P0010001":"2304","P0030001":1681,"St_house":"017","St_senate":"07","Comm":"03","Uscong":"02","COUNTY_NAM":"PITTSBURG","CO_FIPS":"121","GeoID":"61121610004020701703","precinct_num":4},"geometry":{"type":"Polygon","coordinates":[[[-95.7722524021095,34.9177051825579],[-95.7720974021896,34.9187401828205],[-95.7718434022117,34.9202871825111],[-95.7718034021731,34.9205361832495],[-95.7716594027636,34.9215761828437],[-95.7716414028356,34.9216791831167],[-95.7715474021122,34.9222201829879],[-95.771301402505,34.9237641834385],[-95.7710824022381,34.9237141838321],[-95.7702874022326,34.9235661833135],[-95.77039940198,34.9228551836646],[-95.7695754015246,34.9226471830674],[-95.769472402142,34.9226181835284],[-95.7694154022118,34.9228321835465],[-95.7680594013571,34.922482183595],[-95.7675824017111,34.9223601833656],[-95.7667804013762,34.9221461833888],[-95.7653074004887,34.9217551833434],[-95.763947400347,34.9213921836896],[-95.7625743996021,34.9210261838976],[-95.7611813997285,34.920663183346],[-95.760648399283,34.9205241832314],[-95.760547399094,34.9204981838312],[-95.7598383994752,34.9202931833674],[-95.7597183993038,34.9202581835513],[-95.7584593984533,34.919943183417],[-95.757107398682,34.9195751835313],[-95.7555893984045,34.9191681836466],[-95.7541783976955,34.918794183486],[-95.7540393975424,34.9187601837171],[-95.7525163970331,34.9183551839253],[-95.7515493971374,34.9181001838568],[-95.7494773963406,34.9175631833759],[-95.7496653960317,34.9170851837191],[-95.749716396582,34.916857183053],[-95.7497163965729,34.916729183422],[-95.7500163960951,34.9167181828983],[-95.7507723969798,34.9167201829544],[-95.7514243966384,34.9167151835909],[-95.7528733972845,34.9167161835674],[-95.7540833976384,34.9167071830924],[-95.7540833975125,34.914934182843],[-95.7540923969914,34.9143821824666],[-95.7541053975352,34.9135501826162],[-95.754111396888,34.9131821826651],[-95.754108397635,34.9129961821476],[-95.7540983971189,34.9122581821538],[-95.7540793970437,34.9109421823793],[-95.7540773969408,34.9107981820077],[-95.7540743967915,34.9106551816823],[-95.7540543966713,34.9093591819346],[-95.7552413977581,34.9093601819238],[-95.7562043974501,34.9093611819237],[-95.7563493978804,34.9093801818971],[-95.7582943981452,34.9093741815256],[-95.7592383987553,34.9093821818506],[-95.7601673986697,34.9093881811843],[-95.7614703988409,34.909396181492],[-95.761697398576,34.9093971815273],[-95.7616383985786,34.909971181126],[-95.761580398614,34.9103531817279],[-95.7615523991394,34.9107081819775],[-95.7629263990041,34.9106901819773],[-95.7629263990123,34.910806181952],[-95.7629253990807,34.9124231821734],[-95.7637973999477,34.9124101815295],[-95.7650363998498,34.9124301814965],[-95.7663044001968,34.9124401818984],[-95.7670234002637,34.912426182115],[-95.7679374003806,34.9124151815616],[-95.7679424004975,34.9107951812011],[-95.7679244004892,34.9097681813172],[-95.7679324008193,34.9091931807754],[-95.7679164009193,34.9083841810919],[-95.7679044003045,34.9075621808065],[-95.7684154006196,34.9075681810596],[-95.7689864010185,34.907564180847],[-95.7703074011241,34.9075581805056],[-95.7708094010215,34.9075581804814],[-95.7713104017716,34.907557180411],[-95.7713754011886,34.9075571804078],[-95.7714624016259,34.9075571804036],[-95.7720934012101,34.9075551802807],[-95.7721724012763,34.9075551802768],[-95.773293402,34.9075541801766],[-95.7738304017218,34.9075541801507],[-95.7737764019417,34.9079221810035],[-95.7735814019715,34.9090421807068],[-95.7735374017529,34.9093691805601],[-95.7734704022784,34.9098661810908],[-95.7733004016651,34.9109321809907],[-95.7732394024617,34.9113281813415],[-95.7731224024872,34.912107181441],[-95.7730064025528,34.9127991811097],[-95.7728974020403,34.9134411820605],[-95.7727914025714,34.9141581819869],[-95.772743402163,34.9144231816679],[-95.7726054021134,34.9151941822973],[-95.7724044018899,34.9166661821103],[-95.7722524021095,34.9177051825579]]]}},{"type":"Feature","properties":{"Precinct":"5","PCT_CEB":"610005","P0010001":"1460","P0030001":1097,"St_house":"017","St_senate":"07","Comm":"03","Uscong":"02","COUNTY_NAM":"PITTSBURG","CO_FIPS":"121","GeoID":"61121610005020701703","precinct_num":5},"geometry":{"type":"Polygon","coordinates":[[[-95.762094400454,34.9298701850945],[-95.7614253999954,34.9297111849598],[-95.7608774006601,34.9296731850255],[-95.7602763997739,34.9297411855048],[-95.7595383997343,34.9298851850128],[-95.7580293999271,34.9302221853998],[-95.7576923995925,34.9302921850597],[-95.757501399731,34.9303301850295],[-95.7575273991323,34.9302491857747],[-95.7575383996313,34.9300921856999],[-95.7579153990593,34.9291281851165],[-95.7579453995457,34.9290511851473],[-95.7583373996653,34.9280291845759],[-95.7586793992739,34.9271361845835],[-95.7588543992637,34.9266891845639],[-95.7590223998295,34.9262601844787],[-95.7591883994035,34.9258351845788],[-95.7593513997381,34.9254171841039],[-95.7595353992432,34.9249311840769],[-95.759716399509,34.9244531844204],[-95.7583583994601,34.9240921839598],[-95.7569913989937,34.9237311843989],[-95.7556253985739,34.923371183985],[-95.7540873982686,34.9229701843791],[-95.7525373974064,34.9225621844496],[-95.7510243973613,34.9221631840357],[-95.7507633969441,34.9220951844973],[-95.7500153964159,34.9218881839427],[-95.7495273971589,34.9217641845205],[-95.7496453963137,34.921453184505],[-95.7498383971337,34.9209411841731],[-95.74994239654,34.9206511842313],[-95.7500703970621,34.920399184249],[-95.7499983964196,34.9203791842258],[-95.7490353967111,34.9201471843227],[-95.7485113966827,34.9200051840688],[-95.7488253967964,34.9191791835824],[-95.7489593966908,34.9188341837907],[-95.7491783960205,34.9183511839008],[-95.7494773963406,34.9175631833759],[-95.7515493971374,34.9181001838568],[-95.7525163970331,34.9183551839253],[-95.7540393975424,34.9187601837171],[-95.7541783976955,34.918794183486],[-95.7555893984045,34.9191681836466],[-95.757107398682,34.9195751835313],[-95.7584593984533,34.919943183417],[-95.7597183993038,34.9202581835513],[-95.7598383994752,34.9202931833674],[-95.760547399094,34.9204981838312],[-95.760648399283,34.9205241832314],[-95.7611813997285,34.920663183346],[-95.7625743996021,34.9210261838976],[-95.763947400347,34.9213921836896],[-95.7653074004887,34.9217551833434],[-95.7667804013762,34.9221461833888],[-95.7675824017111,34.9223601833656],[-95.7680594013571,34.922482183595],[-95.7694154022118,34.9228321835465],[-95.769472402142,34.9226181835284],[-95.7695754015246,34.9226471830674],[-95.77039940198,34.9228551836646],[-95.7702874022326,34.9235661833135],[-95.7701384025922,34.9246181834635],[-95.7700914022236,34.9247931834741],[-95.7699664018491,34.9251631835236],[-95.7697894026671,34.9256271843303],[-95.7694374025915,34.9264741839921],[-95.7692374023477,34.9270061843509],[-95.769144402549,34.9272521840538],[-95.7690894018068,34.9273881840578],[-95.7689614021885,34.9277021842126],[-95.7688884024132,34.9278801843634],[-95.7685154022687,34.9288081850784],[-95.768349401796,34.9292411844494],[-95.7681974019704,34.9296431850823],[-95.7680154016584,34.930125184924],[-95.7678444018545,34.9305771851748],[-95.7677524021019,34.9308191846924],[-95.7676254016298,34.9311211851909],[-95.7675904018113,34.931204185438],[-95.7662554019304,34.9308541854857],[-95.7662974020718,34.9307471850263],[-95.7641954007923,34.9303411852161],[-95.763520400957,34.9302111855251],[-95.762094400454,34.9298701850945]]]}},{"type":"Feature","properties":{"Precinct":"6","PCT_CEB":"610006","P0010001":"1949","P0030001":1537,"St_house":"017","St_senate":"07","Comm":"02","Uscong":"02","COUNTY_NAM":"PITTSBURG","CO_FIPS":"121","GeoID":"61121610006020701702","precinct_num":6},"geometry":{"type":"Polygon","coordinates":[[[-95.761697398576,34.9093971815273],[-95.7614703988409,34.909396181492],[-95.7601673986697,34.9093881811843],[-95.7592383987553,34.9093821818506],[-95.7582943981452,34.9093741815256],[-95.7563493978804,34.9093801818971],[-95.7562043974501,34.9093611819237],[-95.7552413977581,34.9093601819238],[-95.7540543966713,34.9093591819346],[-95.7540743967915,34.9106551816823],[-95.7540773969408,34.9107981820077],[-95.7540793970437,34.9109421823793],[-95.7540983971189,34.9122581821538],[-95.754108397635,34.9129961821476],[-95.754111396888,34.9131821826651],[-95.7541053975352,34.9135501826162],[-95.7540923969914,34.9143821824666],[-95.7540833975125,34.914934182843],[-95.7540833976384,34.9167071830924],[-95.7528733972845,34.9167161835674],[-95.7514243966384,34.9167151835909],[-95.7507723969798,34.9167201829544],[-95.7500163960951,34.9167181828983],[-95.7497163965729,34.916729183422],[-95.749716396582,34.916857183053],[-95.7496653960317,34.9170851837191],[-95.7494773963406,34.9175631833759],[-95.7491783960205,34.9183511839008],[-95.7489593966908,34.9188341837907],[-95.7488253967964,34.9191791835824],[-95.7485113966827,34.9200051840688],[-95.7472413962192,34.9196601843447],[-95.7464693954783,34.9194671844394],[-95.7462303960819,34.919407184371],[-95.7454203953767,34.9192041840046],[-95.7451783958401,34.9191291841411],[-95.744986395026,34.919071184163],[-95.7449663950045,34.9191641839731],[-95.7448763953477,34.9194491836828],[-95.7447173952021,34.9199181838208],[-95.7446533949438,34.9200821842224],[-95.7445483954894,34.9203491839987],[-95.7444993950237,34.9204621847362],[-95.7444563957347,34.9205621839722],[-95.7442833949287,34.9208741840366],[-95.7441143952086,34.9212011847953],[-95.7438973950623,34.9215431844522],[-95.7435863950687,34.9221011842215],[-95.7430733947236,34.9229791844271],[-95.7425633954131,34.9238031848304],[-95.741756394814,34.9231351845186],[-95.7407283947428,34.9222521850551],[-95.7406643944717,34.9222351851704],[-95.7389773935491,34.9217951846653],[-95.7375933932059,34.921607185021],[-95.7371153935177,34.9215431847788],[-95.7364233929041,34.9215581846074],[-95.7364313932185,34.9207601845327],[-95.7364023931261,34.9130641834506],[-95.7364023931245,34.9130421833313],[-95.734437391932,34.9130471836574],[-95.7297603908784,34.913053183261],[-95.7287103907488,34.9130511841183],[-95.7287093906975,34.9129811835754],[-95.7287073905586,34.9123311831588],[-95.7275693899453,34.9123261838814],[-95.7275703900379,34.912977183445],[-95.7275703900432,34.9130521833201],[-95.7231883891798,34.9130571837625],[-95.7232153890167,34.9057831824302],[-95.7268173896812,34.9057781820254],[-95.7293943904766,34.9057781819014],[-95.7362033923739,34.9057761823804],[-95.7363223924964,34.9057751823284],[-95.7364303921089,34.9057751823232],[-95.7364303921044,34.905711182058],[-95.736454392317,34.905697182308],[-95.7364413925286,34.9045001817476],[-95.7364553921075,34.9020881815898],[-95.7364543920235,34.9015571812869],[-95.736403391457,34.9015571812894],[-95.735891391995,34.9015541811751],[-95.7322883903835,34.9015371814607],[-95.7267683898043,34.9015111814218],[-95.7243853890113,34.9014971817876],[-95.723636388451,34.9014921815922],[-95.723637388472,34.9011351821505],[-95.7236103881192,34.9011341821055],[-95.7236473888401,34.8997851816996],[-95.7236513880416,34.8985911812772],[-95.7261923889663,34.8985921812013],[-95.7321073907742,34.8985921809167],[-95.7321063907106,34.898349180458],[-95.7321043905468,34.897346180785],[-95.7320993901433,34.8949241801652],[-95.7364523914613,34.8949331803725],[-95.736473391269,34.8911671795789],[-95.7451803930494,34.8911511793188],[-95.7470903934901,34.8911501791806],[-95.7470903934582,34.8907001790305],[-95.7470933935338,34.8898051789616],[-95.7472593940379,34.8898121783784],[-95.7476113941768,34.8898561786],[-95.7479063943704,34.889899178778],[-95.7481433936706,34.8899101783766],[-95.748404394083,34.889910178364],[-95.7486723939173,34.8898621788268],[-95.748974394423,34.8897281780041],[-95.7490143944777,34.8897061787822],[-95.7490943945896,34.8896961783154],[-95.7492613942397,34.8896891779833],[-95.7493623944293,34.8897231786533],[-95.7495623947175,34.8898171784992],[-95.7497333945586,34.8898891782272],[-95.7498163948129,34.889924178045],[-95.7500043945418,34.8899781787375],[-95.7502023947351,34.8900411780475],[-95.7504383948912,34.8900941786913],[-95.7506823945177,34.8901281784551],[-95.7506643945872,34.8901971780533],[-95.7505923948609,34.8904131781648],[-95.7505103946673,34.8905811787524],[-95.7504163948128,34.8906941785927],[-95.7502743945327,34.8908321786936],[-95.7500883949114,34.8909871786843],[-95.7499413943972,34.891093178203],[-95.7498673945666,34.8911461788618],[-95.7559263958592,34.8911741780681],[-95.758555397268,34.8911861784972],[-95.7585563972853,34.8907751783541],[-95.758601396675,34.8907871780083],[-95.7586483970558,34.8907861779596],[-95.7590313968302,34.8907801785627],[-95.7592313971131,34.8907991785335],[-95.76076939739,34.8908021776991],[-95.7629153979829,34.8908001784026],[-95.7629193982118,34.8914131780053],[-95.76292339848,34.8925801780766],[-95.7629253977103,34.8931001787695],[-95.7629273978531,34.8938071782278],[-95.7629293979679,34.8941181782375],[-95.762932398129,34.8944281782008],[-95.7629343982482,34.8948021784294],[-95.7629393985307,34.8955161791109],[-95.762942398694,34.8958571787109],[-95.7629393985669,34.8960261793409],[-95.7629303981947,34.8966631791561],[-95.7629273980698,34.8968641794691],[-95.7629243988449,34.8970751793458],[-95.7629243988602,34.8972901794075],[-95.7629083981826,34.8981991792257],[-95.7629123983752,34.8982981793125],[-95.762917398616,34.89842417975],[-95.762911398372,34.8989071796296],[-95.7629133984985,34.899384179231],[-95.762917398809,34.9011461798703],[-95.7629153988343,34.9028111805156],[-95.762919399067,34.9034771798742],[-95.7629243993671,34.9044381803003],[-95.7629213992503,34.9047531804954],[-95.7629103988105,34.9057441805126],[-95.7629043994748,34.9063541808762],[-95.7629203994046,34.9075821810731],[-95.7636263997678,34.9075651811513],[-95.7639053992163,34.9075651811379],[-95.7649163993357,34.9075661811355],[-95.7651423999237,34.9075661811246],[-95.7656874000164,34.9075661810984],[-95.7668444006106,34.9075591807186],[-95.7673264004796,34.9075561805565],[-95.7679044003045,34.9075621808065],[-95.7679164009193,34.9083841810919],[-95.7679324008193,34.9091931807754],[-95.7679244004892,34.9097681813172],[-95.7679424004975,34.9107951812011],[-95.7679374003806,34.9124151815616],[-95.7670234002637,34.912426182115],[-95.7663044001968,34.9124401818984],[-95.7650363998498,34.9124301814965],[-95.7637973999477,34.9124101815295],[-95.7629253990807,34.9124231821734],[-95.7629263990123,34.910806181952],[-95.7629263990041,34.9106901819773],[-95.7615523991394,34.9107081819775],[-95.761580398614,34.9103531817279],[-95.7616383985786,34.909971181126],[-95.761697398576,34.9093971815273]]]}},{"type":"Feature","properties":{"Precinct":"7","PCT_CEB":"610007","P0010001":"1064","P0030001":797,"St_house":"017","St_senate":"07","Comm":"02","Uscong":"02","COUNTY_NAM":"PITTSBURG","CO_FIPS":"121","GeoID":"61121610007020701702","precinct_num":7},"geometry":{"type":"Polygon","coordinates":[[[-95.7761624023058,34.8999331788303],[-95.7757674020506,34.901005179019],[-95.7756244017418,34.901392178957],[-95.7752114015504,34.9024531795365],[-95.7751754016885,34.9025781799296],[-95.7750774016643,34.9029151793493],[-95.7749794016405,34.9032561798534],[-95.7746694017121,34.9040781801544],[-95.7744364017459,34.9047421803311],[-95.7743394017665,34.9050551804381],[-95.7742174015328,34.9054491797999],[-95.774113402137,34.9058891803913],[-95.7741094019526,34.9059051802329],[-95.7740674018162,34.9060831803823],[-95.7740044016182,34.9064431799657],[-95.7739854016444,34.9065561807018],[-95.7739654016242,34.9066681804923],[-95.7739344019974,34.9068401803633],[-95.7738304017218,34.9075541801507],[-95.773293402,34.9075541801766],[-95.7721724012763,34.9075551802768],[-95.7720934012101,34.9075551802807],[-95.7714624016259,34.9075571804036],[-95.7713754011886,34.9075571804078],[-95.7713104017716,34.907557180411],[-95.7708094010215,34.9075581804814],[-95.7703074011241,34.9075581805056],[-95.7689864010185,34.907564180847],[-95.7684154006196,34.9075681810596],[-95.7679044003045,34.9075621808065],[-95.7673264004796,34.9075561805565],[-95.7668444006106,34.9075591807186],[-95.7656874000164,34.9075661810984],[-95.7651423999237,34.9075661811246],[-95.7649163993357,34.9075661811355],[-95.7639053992163,34.9075651811379],[-95.7636263997678,34.9075651811513],[-95.7629203994046,34.9075821810731],[-95.7629043994748,34.9063541808762],[-95.7629103988105,34.9057441805126],[-95.7629213992503,34.9047531804954],[-95.7629243993671,34.9044381803003],[-95.762919399067,34.9034771798742],[-95.7629153988343,34.9028111805156],[-95.762917398809,34.9011461798703],[-95.7629133984985,34.899384179231],[-95.762911398372,34.8989071796296],[-95.762917398616,34.89842417975],[-95.7629123983752,34.8982981793125],[-95.7629083981826,34.8981991792257],[-95.7629243988602,34.8972901794075],[-95.7629243988449,34.8970751793458],[-95.7629273980698,34.8968641794691],[-95.7629303981947,34.8966631791561],[-95.7629393985669,34.8960261793409],[-95.762942398694,34.8958571787109],[-95.7629393985307,34.8955161791109],[-95.7629343982482,34.8948021784294],[-95.762932398129,34.8944281782008],[-95.7629293979679,34.8941181782375],[-95.7629273978531,34.8938071782278],[-95.7629253977103,34.8931001787695],[-95.76292339848,34.8925801780766],[-95.7629193982118,34.8914131780053],[-95.7629153979829,34.8908001784026],[-95.762914397928,34.8906801782427],[-95.7629133978683,34.8904921776325],[-95.7629113977623,34.8903051779679],[-95.7629083976009,34.8899911778194],[-95.7629083975969,34.8899351779246],[-95.7630933980822,34.8899341778694],[-95.7631773983811,34.8899451774753],[-95.7632863980409,34.8899591781182],[-95.7633223979131,34.8899791781432],[-95.763320397843,34.8902981776241],[-95.7633183977716,34.8906001781167],[-95.7633163977242,34.8912391780241],[-95.7681213993215,34.8912941776414],[-95.7697543995047,34.8912601777873],[-95.7708344001238,34.8912321773383],[-95.771756400611,34.8912141773599],[-95.7717564005675,34.8906001777107],[-95.7717564005527,34.8903911770275],[-95.7717524003368,34.8899621769506],[-95.7711684002337,34.8899561776002],[-95.7707713998095,34.8899521774341],[-95.7673163987651,34.8899171777785],[-95.7673283989935,34.8852861765072],[-95.7673323990861,34.8839741769168],[-95.7713123992938,34.8839821761964],[-95.773927400052,34.8839771758392],[-95.7739243999933,34.8851121762278],[-95.7739224008282,34.885512176761],[-95.7739214008021,34.885799176559],[-95.7752124004166,34.8858041767284],[-95.7761424012762,34.8858041766837],[-95.7761414012065,34.8854751767399],[-95.7761344007774,34.8840001758986],[-95.7776824015178,34.8840011758704],[-95.7782754011385,34.8840011758419],[-95.7782594013721,34.8850771761975],[-95.7782564012445,34.8852401765498],[-95.7796554022682,34.8852191764095],[-95.779655402182,34.8840031758681],[-95.7805204018259,34.8840031758265],[-95.7805204018246,34.8839851758924],[-95.7805684020535,34.8811831756631],[-95.7805764014962,34.880773175566],[-95.7806084019622,34.8790981753555],[-95.7824324020112,34.8790901748974],[-95.7831294019586,34.8790951750954],[-95.7840464020674,34.8770071746068],[-95.7840734022853,34.8751021736403],[-95.7841274018022,34.8710131731792],[-95.7853874026771,34.871021173489],[-95.7894154033127,34.8710421733684],[-95.7894084030453,34.8718501730067],[-95.7894254039165,34.8730201732162],[-95.7894154034914,34.8735671733612],[-95.7894054039544,34.8739531732466],[-95.789387404066,34.874617173413],[-95.7893774036306,34.8750181739928],[-95.7893864040895,34.8756051741901],[-95.7893714034741,34.8767371744405],[-95.7893604039228,34.8775771746612],[-95.7893624040977,34.8787381744548],[-95.7893624042528,34.8809281751251],[-95.7893624042698,34.8811681745457],[-95.7893604042072,34.8815941753834],[-95.7893524038742,34.8821301750189],[-95.7893404042814,34.883039174837],[-95.7893384041977,34.8831661753211],[-95.7893404042962,34.8832471754739],[-95.7906274046382,34.8834471756785],[-95.7907004044211,34.8833741749932],[-95.7916204047502,34.8824341754948],[-95.7918024050889,34.8823291751212],[-95.7918694045974,34.882311175184],[-95.7919574050828,34.8823361754379],[-95.7922044048558,34.882475174667],[-95.7920644046684,34.8826121747214],[-95.7907634046753,34.8838071752524],[-95.790407404383,34.88421617532],[-95.7896614049061,34.884843175607],[-95.7894034046465,34.8850371756081],[-95.7891934048119,34.8851961757852],[-95.7879544040782,34.8861311759667],[-95.7875014037825,34.8865151757808],[-95.7868394036997,34.887076175706],[-95.7863384038802,34.8875191764554],[-95.7856924036426,34.8881161762478],[-95.7844464035099,34.8894221765194],[-95.7831494028047,34.8906411772622],[-95.7830274034506,34.8907571772428],[-95.7825324030115,34.8912231772581],[-95.7819634027438,34.8917681773373],[-95.7809454023694,34.8927481777931],[-95.7803264024826,34.8933171771872],[-95.7797694027703,34.8938471774707],[-95.7793594026735,34.894281177799],[-95.7789154028072,34.8948351782889],[-95.7789064023907,34.8948471779456],[-95.778848402405,34.8949321782865],[-95.7787514024133,34.8950721775784],[-95.778644401959,34.8952281776116],[-95.7785474019695,34.8954001783851],[-95.7780454021353,34.8962911782927],[-95.7773374017609,34.8974571783518],[-95.7772734023988,34.8975781785612],[-95.7769254024949,34.8982321782804],[-95.7766814019982,34.8986081786133],[-95.7765854020589,34.8988341791889],[-95.7764214016753,34.8992171789428],[-95.7761624023058,34.8999331788303]]]}},{"type":"Feature","properties":{"Precinct":"8","PCT_CEB":"610008","P0010001":"1817","P0030001":1374,"St_house":"018","St_senate":"07","Comm":"02","Uscong":"02","COUNTY_NAM":"PITTSBURG","CO_FIPS":"121","GeoID":"61121610008020701802","precinct_num":8},"geometry":{"type":"Polygon","coordinates":[[[-95.8259884170744,34.9268841813617],[-95.8245824166419,34.9271351813592],[-95.8243074164832,34.9271841818425],[-95.8231124159394,34.9273841821666],[-95.8218544160727,34.9276031815748],[-95.8202914155547,34.9278631819967],[-95.8182044150228,34.9281821824774],[-95.8165654145773,34.9284371826714],[-95.815501414712,34.9286291826189],[-95.8149024139214,34.9287371822521],[-95.8121914132381,34.929163182321],[-95.8098744128361,34.9295401828002],[-95.8095424127321,34.9295911824795],[-95.8076894122573,34.9298761831735],[-95.8070534124485,34.929979182577],[-95.8038844112166,34.930493183145],[-95.8003724102706,34.9310701839483],[-95.7994464105068,34.9312231838821],[-95.7987424102427,34.9313291834278],[-95.7982414103972,34.9314051833734],[-95.7962454095873,34.9317081840083],[-95.7930594084668,34.9322301840482],[-95.7918734083397,34.9324221840015],[-95.7908634082785,34.9325861844486],[-95.7901004079781,34.932716184209],[-95.7897514079855,34.9327751842595],[-95.7878654077775,34.9330411840753],[-95.7872294070695,34.9331461844708],[-95.7863034073057,34.9333001844508],[-95.785743406524,34.933393184287],[-95.7843094065918,34.9336481844711],[-95.7839094060321,34.9336961849141],[-95.7837334059656,34.9337171849956],[-95.7832514061026,34.9338031845039],[-95.7828004058836,34.9339611846462],[-95.7823674065074,34.9342331846699],[-95.7823534058591,34.9342451852261],[-95.7819964064137,34.9345681849093],[-95.7818494059086,34.9348021849584],[-95.781830405929,34.934832185449],[-95.7817284057107,34.9350461854693],[-95.781656405994,34.9353971855358],[-95.7816294056799,34.9359411855425],[-95.7816444064093,34.9364161850506],[-95.781660406289,34.9369361857427],[-95.7816774062162,34.9374741854696],[-95.781681406477,34.9385321858899],[-95.7816844066737,34.9393401855275],[-95.7816894060285,34.9396541856759],[-95.7804674059931,34.9393201864589],[-95.7798874060646,34.93916118632],[-95.7786594057523,34.9388461861844],[-95.7781054052321,34.9387041859319],[-95.7776204052153,34.938586185888],[-95.7775234052127,34.9385721861438],[-95.777366405125,34.9385501860322],[-95.7768394049645,34.9385061858191],[-95.7766874051093,34.9384931861239],[-95.7761844051641,34.9384721860752],[-95.7754594048158,34.9384421865198],[-95.774739404699,34.9384071858334],[-95.7742694044853,34.9383841865899],[-95.7736224041562,34.9383451866141],[-95.7732414044726,34.9383221864669],[-95.7716674034208,34.9382531860462],[-95.7713144032375,34.9382371862218],[-95.7699034034485,34.9381551860906],[-95.7693924031273,34.9380641863987],[-95.7693004033557,34.9380381860987],[-95.768590402792,34.9378441861442],[-95.7689114032078,34.9367051864546],[-95.7689684031388,34.9365031860927],[-95.7691384028806,34.9358291863555],[-95.7691734026962,34.935706186055],[-95.7693144029046,34.9352121856597],[-95.7694934030632,34.9345301855516],[-95.7696044027802,34.9340441855282],[-95.7696694030629,34.9335711852095],[-95.7696764024783,34.9334321850689],[-95.769680402657,34.9333361851207],[-95.7696844028374,34.9332651854305],[-95.7697044028353,34.9328391854915],[-95.7696864028584,34.9322561854799],[-95.7696714030262,34.9317501854358],[-95.769670402974,34.9316681852366],[-95.7696614025116,34.9310351847083],[-95.7696554021977,34.9305341848953],[-95.7696884027934,34.9300371852657],[-95.7697274027875,34.9298141848317],[-95.7698614026586,34.9291421842895],[-95.7699454029203,34.9286291848159],[-95.7699934024225,34.9282661841949],[-95.7700194027246,34.9282061841138],[-95.770081402892,34.9280681840168],[-95.7700974027319,34.928029184009],[-95.7705484028854,34.926950184393],[-95.7708234020983,34.9262451841147],[-95.7709394029592,34.9259371842383],[-95.7710124027242,34.9256131836231],[-95.7710414022503,34.9253301840091],[-95.7711344029245,34.9247491840847],[-95.7712284027489,34.9242131835457],[-95.771301402505,34.9237641834385],[-95.7715474021122,34.9222201829879],[-95.7716414028356,34.9216791831167],[-95.7716594027636,34.9215761828437],[-95.7718034021731,34.9205361832495],[-95.7718434022117,34.9202871825111],[-95.7720974021896,34.9187401828205],[-95.7722524021095,34.9177051825579],[-95.7724044018899,34.9166661821103],[-95.7728524019808,34.9166621819034],[-95.7732374027474,34.9166591826454],[-95.7746384029656,34.9166521822537],[-95.7759354028552,34.9166121821379],[-95.7770084031535,34.916639182437],[-95.7777174036583,34.9166561822906],[-95.7779394040633,34.9166931821943],[-95.7784824040736,34.9168381816869],[-95.7782054038736,34.9176121824619],[-95.7781084038886,34.9178471825549],[-95.7793264037387,34.9181851819574],[-95.7799374042054,34.9183421820022],[-95.7803754046586,34.9173081817724],[-95.7806384042203,34.9166871817865],[-95.7806644045224,34.9166261816589],[-95.7806544040463,34.9164521816973],[-95.7806414043275,34.9162371816363],[-95.7805964040061,34.9157691815544],[-95.7805524046327,34.915335181248],[-95.7805704045107,34.9145251815167],[-95.7806114042514,34.9094271802068],[-95.7828124046981,34.9094441799885],[-95.7828234045579,34.9129501813327],[-95.7833854045395,34.9129491812593],[-95.7894274068391,34.9129371804126],[-95.7938304077775,34.9129531809413],[-95.798233408716,34.9129691805705],[-95.8045794107262,34.9129921804303],[-95.8068584111926,34.9130081801619],[-95.8122194124894,34.9130131792357],[-95.8157324135231,34.9130221794831],[-95.8243184150889,34.913046179281],[-95.8261114154971,34.9130131785661],[-95.8266404157465,34.9130041790232],[-95.8267354156553,34.9130031789723],[-95.826829416417,34.9130011788752],[-95.8294584172838,34.9180491795393],[-95.8295994175475,34.9183331800908],[-95.8301744173149,34.9194891796249],[-95.8315364177084,34.9220931805108],[-95.8321524184827,34.923316180447],[-95.8327014188367,34.9243821812114],[-95.8331754184033,34.9253451808079],[-95.8332624188535,34.9255281811824],[-95.8333604189162,34.9257341808226],[-95.8332444189339,34.925751180716],[-95.8331484189796,34.9257641813225],[-95.8317174182862,34.9260011806731],[-95.8273944175089,34.9266611817611],[-95.8266754174489,34.9267711814927],[-95.8265004174292,34.9267971818056],[-95.8259884170744,34.9268841813617]]]}},{"type":"Feature","properties":{"Precinct":"11","PCT_CEB":"610011","P0010001":"4455","P0030001":3581,"St_house":"018","St_senate":"07","Comm":"02","Uscong":"02","COUNTY_NAM":"PITTSBURG","CO_FIPS":"121","GeoID":"61121610011020701802","precinct_num":11},"geometry":{"type":"Polygon","coordinates":[[[-95.7816894060285,34.9396541856759],[-95.7816844066737,34.9393401855275],[-95.781681406477,34.9385321858899],[-95.7816774062162,34.9374741854696],[-95.781660406289,34.9369361857427],[-95.7816444064093,34.9364161850506],[-95.7819564064947,34.9364981852347],[-95.7823144060187,34.9366291858867],[-95.782596406513,34.9367321852459],[-95.7832194066387,34.9369151855946],[-95.7840204069306,34.9371771850957],[-95.7840564068023,34.9371901856958],[-95.784607407188,34.9373971853605],[-95.7848374070701,34.9375081850927],[-95.785154407391,34.9376421858854],[-95.786706407464,34.9382961855129],[-95.7881324079921,34.938991185246],[-95.789497408385,34.9396241857089],[-95.7904404089806,34.9400801860911],[-95.7912424084256,34.9404271859302],[-95.7921434088656,34.9407911856523],[-95.7924924088717,34.9409241854979],[-95.7929004089175,34.9410791854599],[-95.7948374097618,34.9417941860944],[-95.7957104097984,34.9421001858304],[-95.7959094100386,34.9421701854644],[-95.7965104100448,34.9423731858408],[-95.7970914109217,34.9425701859403],[-95.8005374116337,34.9438021861566],[-95.8013564118635,34.9440981863316],[-95.8034324119609,34.9448391863643],[-95.8043464129993,34.9451411859132],[-95.8050034129043,34.9453421861943],[-95.8050504123868,34.9453561859409],[-95.8057264131714,34.9455361861481],[-95.806766412852,34.9457491860669],[-95.8069414128757,34.9457791856488],[-95.8079374132106,34.9459471861843],[-95.8092714139304,34.9461021861016],[-95.8103524146027,34.9461701856004],[-95.8116964148766,34.9461811860447],[-95.812553415048,34.9461701854941],[-95.8149444153051,34.9460841858935],[-95.8167644160665,34.9460561854087],[-95.8196864166655,34.9459581852269],[-95.8202714168144,34.9459571851524],[-95.8203584163523,34.9459561851019],[-95.8204464168359,34.9459561850976],[-95.8211734172746,34.9459541849699],[-95.822173416882,34.9459311856554],[-95.8237014175911,34.945890185482],[-95.8244184175657,34.9458831851233],[-95.8250484180024,34.9458771848151],[-95.8270884181735,34.9458411848484],[-95.8273504186328,34.9458491852061],[-95.8284174186535,34.9458841849764],[-95.8286624192232,34.9458851850109],[-95.8300004192184,34.9458881850852],[-95.8309284190854,34.9458831848088],[-95.8316704193231,34.9459201846874],[-95.8329094201335,34.9460691843315],[-95.8334954203354,34.9461611849653],[-95.8334954203443,34.9462861844574],[-95.8334944203112,34.9464721849751],[-95.8334924203437,34.9482301854288],[-95.8334914204132,34.9498551851208],[-95.8334884204504,34.9523301854957],[-95.8335154208596,34.9531211861436],[-95.8243884184864,34.953087186809],[-95.8217624172174,34.9530791865655],[-95.8202124172834,34.9530741864089],[-95.8201424178772,34.9564791875765],[-95.8201394177479,34.9566171876706],[-95.8066634142458,34.956619187515],[-95.8024534132655,34.9566191877184],[-95.802495412764,34.9601091883194],[-95.8005994129719,34.960098188801],[-95.7991574126522,34.9601211890363],[-95.7927764108173,34.9601011893179],[-95.7926514104221,34.9601801893842],[-95.7925384105764,34.960160189363],[-95.7921894105773,34.9601271896507],[-95.7913294102641,34.9601021894341],[-95.7896194101051,34.9601021895167],[-95.7857684086859,34.9601071899342],[-95.7838694087564,34.9601211897748],[-95.7832814084679,34.960117189618],[-95.7826844077624,34.9601181896931],[-95.7820554082718,34.9601311894261],[-95.78106240719,34.960152189547],[-95.7806274077021,34.9601561897532],[-95.779124407251,34.9601721896673],[-95.7790174067856,34.9601731897187],[-95.7784884065358,34.9601781899757],[-95.7772714067565,34.9601841903123],[-95.7760554061242,34.9601911897958],[-95.7751234060716,34.9601981901649],[-95.7734914059322,34.9601951901049],[-95.7729174053935,34.9601901899011],[-95.7725274052939,34.960187189781],[-95.7717874051501,34.960170189929],[-95.7717934054452,34.960405190017],[-95.771794405521,34.9608191902988],[-95.7717964056944,34.9619501905017],[-95.7695304049316,34.9619401910475],[-95.7693704047062,34.9619391910089],[-95.7686744048054,34.9619361909036],[-95.7660954039169,34.9619291907041],[-95.7660964039891,34.9622931913689],[-95.7661104037747,34.9627941911815],[-95.7661224043597,34.9631941908145],[-95.7660904038072,34.963644190966],[-95.7660324038212,34.9637251911217],[-95.7660264035436,34.9637341915387],[-95.7658574038027,34.9637671912761],[-95.7654864036852,34.9637691913866],[-95.7650204036586,34.9637691914091],[-95.76476940371,34.9637691914212],[-95.7646544037716,34.9637511914927],[-95.7646224031866,34.9637461912628],[-95.7645464032575,34.9637191909157],[-95.7645354036328,34.9635241908812],[-95.7645664032206,34.962805190866],[-95.7629364031746,34.9628141913614],[-95.7613884024345,34.9628201908147],[-95.7605384025861,34.9628111913383],[-95.7597624025722,34.9628021909591],[-95.7595224022343,34.962803191017],[-95.7584924021333,34.9628051911593],[-95.7585244017997,34.9625391914329],[-95.7587014018752,34.9619941913726],[-95.7589744018831,34.9611291908813],[-95.7590764020988,34.9608791909929],[-95.7592534021822,34.9604451906759],[-95.7593284020466,34.9602151908155],[-95.759374402365,34.9599891911416],[-95.7594024018414,34.9596601911965],[-95.7594284021312,34.9594271903002],[-95.7594724023521,34.9591331910754],[-95.7595184017727,34.9589271905289],[-95.7595434020292,34.9588781909571],[-95.760271402411,34.9574231901073],[-95.7603814020992,34.9571851898748],[-95.7609794018598,34.9558931902826],[-95.7613034024492,34.9552371895728],[-95.7616134023914,34.9546111893532],[-95.7621574023599,34.9535181890846],[-95.7621924021773,34.9534191898952],[-95.7623494022323,34.9529811893939],[-95.7625214020789,34.9524791895261],[-95.7628724020964,34.951468189466],[-95.7630744024304,34.9509011892853],[-95.7632244021619,34.9504791886258],[-95.7635634025241,34.949495188917],[-95.7639144025417,34.9484851889032],[-95.7642394022577,34.9475421883953],[-95.7642664026047,34.9474611882411],[-95.7642934020525,34.9473821881796],[-95.7644274019466,34.947034188249],[-95.7645604026936,34.9466851882721],[-95.7647234021393,34.9464141883078],[-95.7648584020839,34.9461241883645],[-95.7653314023625,34.9451031878356],[-95.7658084028257,34.9440711876964],[-95.7659454028626,34.9437761875216],[-95.7665644027081,34.9426271873545],[-95.7668234029868,34.9420511867543],[-95.7673134022498,34.9409571873413],[-95.7677634023614,34.9399411870449],[-95.7682424029197,34.9389411865886],[-95.7682644030373,34.9388951862565],[-95.7685464025611,34.9379981860818],[-95.768590402792,34.9378441861442],[-95.7693004033557,34.9380381860987],[-95.7693924031273,34.9380641863987],[-95.7699034034485,34.9381551860906],[-95.7713144032375,34.9382371862218],[-95.7716674034208,34.9382531860462],[-95.7732414044726,34.9383221864669],[-95.7736224041562,34.9383451866141],[-95.7742694044853,34.9383841865899],[-95.774739404699,34.9384071858334],[-95.7754594048158,34.9384421865198],[-95.7761844051641,34.9384721860752],[-95.7766874051093,34.9384931861239],[-95.7768394049645,34.9385061858191],[-95.777366405125,34.9385501860322],[-95.7775234052127,34.9385721861438],[-95.7776204052153,34.938586185888],[-95.7781054052321,34.9387041859319],[-95.7786594057523,34.9388461861844],[-95.7798874060646,34.93916118632],[-95.7804674059931,34.9393201864589],[-95.7816894060285,34.9396541856759]]]}},{"type":"Feature","properties":{"Precinct":"14","PCT_CEB":"610014","P0010001":"2291","P0030001":1737,"St_house":"017","St_senate":"07","Comm":"03","Uscong":"02","COUNTY_NAM":"PITTSBURG","CO_FIPS":"121","GeoID":"61121610014020701703","precinct_num":14},"geometry":{"type":"Polygon","coordinates":[[[-95.7484773978805,34.9463861886946],[-95.749317398179,34.9465991886232],[-95.749924398461,34.9467661891312],[-95.7501913982574,34.9468381888545],[-95.7519853987491,34.9473191885546],[-95.7524913997379,34.9474131892849],[-95.752836399553,34.9474661890242],[-95.7533113990986,34.9474811887964],[-95.7540473999545,34.9474741884368],[-95.7547704002082,34.9474781885872],[-95.755331400144,34.9474821887452],[-95.7565054006282,34.9474881889664],[-95.756656400436,34.9474871889128],[-95.7568514004863,34.9474951883745],[-95.7571174002274,34.9474411885595],[-95.7573264009254,34.9474271888006],[-95.7578984004706,34.9474111889315],[-95.7594874013151,34.9474301888352],[-95.7597724010415,34.9474251885899],[-95.7607024010006,34.9474081886573],[-95.7613154015487,34.9474051884888],[-95.761315401558,34.9475361882587],[-95.7613124014872,34.9484961886387],[-95.7613104014659,34.9494991892109],[-95.7613084014429,34.9504801887646],[-95.7613064023205,34.9514761890127],[-95.7613034022518,34.9524651889367],[-95.7619274024117,34.9524781895085],[-95.7625214020789,34.9524791895261],[-95.7623494022323,34.9529811893939],[-95.7621924021773,34.9534191898952],[-95.7621574023599,34.9535181890846],[-95.7616134023914,34.9546111893532],[-95.7613034024492,34.9552371895728],[-95.7609794018598,34.9558931902826],[-95.7603814020992,34.9571851898748],[-95.760271402411,34.9574231901073],[-95.7595434020292,34.9588781909571],[-95.7595184017727,34.9589271905289],[-95.7594724023521,34.9591331910754],[-95.7594284021312,34.9594271903002],[-95.7594024018414,34.9596601911965],[-95.759374402365,34.9599891911416],[-95.7593284020466,34.9602151908155],[-95.7592534021822,34.9604451906759],[-95.7590764020988,34.9608791909929],[-95.7589744018831,34.9611291908813],[-95.7587014018752,34.9619941913726],[-95.7585244017997,34.9625391914329],[-95.7584924021333,34.9628051911593],[-95.7584784023916,34.9629211911347],[-95.758491402142,34.9635781918746],[-95.7585034018141,34.9637871916579],[-95.7585324023738,34.9653901921287],[-95.7585664023495,34.968162192763],[-95.7585794021162,34.969048192414],[-95.7585834023207,34.9693151921851],[-95.7585934028377,34.9700611925491],[-95.7585994022428,34.9704291924996],[-95.7586004023354,34.9710771928234],[-95.7572444024046,34.9710751927963],[-95.755861402121,34.9710721927242],[-95.7543744015112,34.9710701927034],[-95.7509404005434,34.9710711929156],[-95.7497374005134,34.9710711929738],[-95.7475293997425,34.9710661937482],[-95.7472313994129,34.9710671938089],[-95.7467683995249,34.9710591934609],[-95.7459243990555,34.9710511931313],[-95.7451423987637,34.9710501931227],[-95.7445953985785,34.9710551933807],[-95.7439443989674,34.9710751934388],[-95.7436173990912,34.9710711932694],[-95.7428083984463,34.9710641938837],[-95.7422193981106,34.971049194117],[-95.7414063981754,34.9709841938448],[-95.7411263977775,34.9709331932957],[-95.7408053981748,34.9708621936213],[-95.7402713976849,34.9707521939502],[-95.739710397746,34.9707051935999],[-95.739357397563,34.970694194007],[-95.7390563970961,34.9707201934267],[-95.7388003978175,34.9707571933534],[-95.7380163974474,34.9709581937041],[-95.7378143970764,34.9710051940912],[-95.7374453970539,34.9710401939309],[-95.7369933967778,34.9710481943231],[-95.7366683969939,34.9710361937832],[-95.7364973971576,34.9710341936988],[-95.7364123968132,34.971034193703],[-95.736280396987,34.9710331936631],[-95.7361303963256,34.9710271942918],[-95.7357263964752,34.9710121936168],[-95.7353053967368,34.9710121936372],[-95.7336373958257,34.9709921936911],[-95.730954395511,34.9710001941911],[-95.73022239484,34.9709991941801],[-95.7289003946866,34.9709891946803],[-95.7279063944544,34.9709641944702],[-95.7277693943965,34.9709661945694],[-95.7269873941059,34.970980194356],[-95.7259753939424,34.9710141941804],[-95.7248323939987,34.97104019454],[-95.7245883934741,34.9710241947103],[-95.7238683933553,34.9709641946652],[-95.7235913931013,34.9709791944737],[-95.7236333932242,34.9706121945672],[-95.723816393469,34.9685391939094],[-95.7239303932982,34.9676751943714],[-95.7239853931053,34.9670361935621],[-95.7240753936326,34.9663471940336],[-95.7241293934031,34.9658451932721],[-95.7242293934718,34.9648331931778],[-95.7243473934624,34.9636321933254],[-95.7243693935678,34.9634141931237],[-95.7245173931369,34.9620141930496],[-95.7245333929691,34.9618671925382],[-95.724603393455,34.9609911924467],[-95.7246263927067,34.9607631926813],[-95.7246713929627,34.9603121924828],[-95.7247723930785,34.9593101919521],[-95.7248763933428,34.9584381920441],[-95.724942392748,34.9576211919864],[-95.7250613927941,34.9565461916723],[-95.725102392869,34.9561561916003],[-95.7253053931225,34.9538071916528],[-95.7254003929717,34.9529681914744],[-95.7255473925114,34.9518061907282],[-95.7256153929128,34.9510461906114],[-95.7256973921682,34.9503331908714],[-95.7257373921887,34.9498301909636],[-95.7258163921969,34.949013190006],[-95.725880392441,34.9486491902373],[-95.7259883929151,34.9481201900217],[-95.7260043927541,34.9480691903577],[-95.726105392918,34.9477411904553],[-95.7263633922421,34.947040190363],[-95.7265953921732,34.9465361895003],[-95.7268303922508,34.9461361898552],[-95.7270563928136,34.9457821896424],[-95.7273863927966,34.9453321894764],[-95.7277133926438,34.9449301897343],[-95.7283143925816,34.9441691895456],[-95.7285333928252,34.9438921893008],[-95.7287013925064,34.9436701889069],[-95.7295043927972,34.9426101892542],[-95.7296643930081,34.9424071888411],[-95.729836392875,34.9421891886322],[-95.7298683934567,34.9421481885311],[-95.7303013928133,34.9415991891725],[-95.7304513934596,34.9413951887135],[-95.7308043936109,34.9409591882954],[-95.7311383928835,34.9405581885992],[-95.7315163932914,34.9400751887018],[-95.73198439337,34.9395011881841],[-95.7322173933639,34.9392291881701],[-95.7323963935767,34.9393101883143],[-95.7333263935676,34.939737188254],[-95.734027393721,34.9400301882959],[-95.7341613936444,34.9400931885083],[-95.7342563944557,34.9401371887422],[-95.7345933939073,34.9402961879935],[-95.7348923942931,34.9404331880268],[-95.7352773941732,34.9406091880629],[-95.7353853946879,34.9406501881573],[-95.7362373946586,34.9410741888612],[-95.7370793950639,34.9414851880642],[-95.7374213947473,34.9416441882147],[-95.7374763946016,34.9416671883775],[-95.7377673955147,34.9417901886624],[-95.7377793951722,34.9417951888933],[-95.737858395241,34.9418311887576],[-95.7382083952954,34.9419891888613],[-95.7385343951352,34.9421341883643],[-95.7388643951606,34.9422821889054],[-95.7388783958103,34.9422881882832],[-95.7389743957687,34.9423311884707],[-95.7392023955573,34.9424331886856],[-95.7393973956133,34.9425201882076],[-95.7395033960359,34.9425701887187],[-95.7399303960671,34.9427751882969],[-95.740397396156,34.9429991887527],[-95.7406853960331,34.9431581889057],[-95.7409983961713,34.9433301887601],[-95.7413103962632,34.9435031886608],[-95.7418033966617,34.9437731885472],[-95.7419463961042,34.9438511885544],[-95.7421333966896,34.9439541888175],[-95.7425383966011,34.9441761891837],[-95.7428063964496,34.9443271889673],[-95.7428813963334,34.9443701891559],[-95.7429573962635,34.9444121883988],[-95.7440743968462,34.9450341892638],[-95.7442053966311,34.9451061889936],[-95.744384396845,34.9452031889793],[-95.7447413972237,34.9453571888976],[-95.7448763971931,34.9454151888784],[-95.7452583969294,34.9455261886032],[-95.7453733977683,34.9455601892725],[-95.745763397875,34.9456631886265],[-95.7465623980709,34.9458761885571],[-95.7473743979708,34.9460981889037],[-95.7484773978805,34.9463861886946]]]}},{"type":"Feature","properties":{"Precinct":"19","PCT_CEB":"610019","P0010001":"527","P0030001":412,"St_house":"017","St_senate":"07","Comm":"01","Uscong":"02","COUNTY_NAM":"PITTSBURG","CO_FIPS":"121","GeoID":"61121610019020701701","precinct_num":19},"geometry":{"type":"Polygon","coordinates":[[[-95.6307273640271,34.8984951857954],[-95.6307163644078,34.8983741855897],[-95.6306853637844,34.8971721856975],[-95.6306933640914,34.8962681852114],[-95.6306953641743,34.8961281850247],[-95.6307083638229,34.8953511850225],[-95.6307083637895,34.894879184753],[-95.6307083637853,34.8948201847193],[-95.6307053635862,34.8939721850279],[-95.6314183642766,34.8939871847888],[-95.6345003651078,34.893963184429],[-95.6356233650257,34.8939671845603],[-95.638422366225,34.8939751847962],[-95.6396803661094,34.8939951847625],[-95.6397893666677,34.8939971848498],[-95.6400463659957,34.8940011841233],[-95.640179366768,34.8940071843947],[-95.6414623669149,34.8940621841816],[-95.6415533666387,34.8940661843625],[-95.6422083673394,34.8941111846159],[-95.6425033666321,34.8941311846283],[-95.6439323672511,34.894140184077],[-95.6440163675493,34.8941411841193],[-95.6450323679028,34.8941681844212],[-95.6460263681354,34.894195183825],[-95.6462963680659,34.894195183812],[-95.6472253679803,34.89419718386],[-95.6483283687693,34.8941991838996],[-95.6486283682924,34.8941991838852],[-95.6494503686423,34.8942231840575],[-95.6498303691782,34.8942341836493],[-95.650142369259,34.8942511844214],[-95.6505073691023,34.8943051842061],[-95.6517263698977,34.8946311839525],[-95.6519203699047,34.8946831836528],[-95.6526213700485,34.8948391836472],[-95.6527253694765,34.8948531842904],[-95.653180369897,34.8949181836807],[-95.6536553703438,34.8949561836186],[-95.654848369909,34.8949371835809],[-95.6558133705901,34.8948901840565],[-95.6571823711193,34.8948251836792],[-95.6576753705978,34.8948011834437],[-95.6587913710868,34.8947551839583],[-95.6601203715604,34.8946991839997],[-95.6607473718569,34.8946731836651],[-95.6640023726193,34.8946871832576],[-95.6662543736311,34.8946741834468],[-95.6666663729533,34.8946891832222],[-95.6669003730136,34.8946971835813],[-95.6672873738757,34.8947311833383],[-95.6676003740059,34.8947911834032],[-95.6683903737854,34.8950171830369],[-95.6691113739608,34.8952221835004],[-95.6706213747692,34.8956621831151],[-95.6716943750882,34.895975183166],[-95.6722503748034,34.8961371834451],[-95.6738893753023,34.8966261835235],[-95.6745693753708,34.8967711830096],[-95.6747773760265,34.8968151832382],[-95.6751233758893,34.8968871829578],[-95.6766143758059,34.8971761836761],[-95.6771133764705,34.8972731836465],[-95.6777163765634,34.8973901836385],[-95.6823183777991,34.898260183228],[-95.6835643780387,34.8984571832958],[-95.6843823782104,34.8985871829802],[-95.6858793783997,34.8987981827848],[-95.6875053791806,34.8990831833113],[-95.689334379492,34.8994961834592],[-95.6895223792201,34.8995381826967],[-95.6902083795665,34.8996801829429],[-95.690698379814,34.8997821831452],[-95.691940379874,34.900063183505],[-95.6923103799513,34.9001471828797],[-95.6931403806846,34.9003481831528],[-95.6945383807884,34.9006861834461],[-95.6953783810858,34.9008821834871],[-95.6958053811095,34.9009821827005],[-95.6965383818431,34.9012111833752],[-95.6970783817161,34.9013801830799],[-95.6981903820475,34.901729182997],[-95.6984723816425,34.9018321832556],[-95.7000743822309,34.9024171832838],[-95.7001983825891,34.9024701830337],[-95.7010373828513,34.9028241831954],[-95.7010513826484,34.9034911834992],[-95.7010513827116,34.9043831834291],[-95.7011803833022,34.9044431835028],[-95.7011533830479,34.9058321839616],[-95.7011563832508,34.9067311842154],[-95.7011573833074,34.9068761837341],[-95.7011413835138,34.9075691843438],[-95.7011543833516,34.9094621847528],[-95.7011653832545,34.9135821848477],[-95.701167383388,34.9141571853892],[-95.7011933841386,34.9204181865831],[-95.692263381908,34.9204351869007],[-95.688948381062,34.9204311868751],[-95.682725379359,34.9204301871283],[-95.6825933795327,34.9204291870884],[-95.6813803790382,34.920422187722],[-95.678072378516,34.9204071871867],[-95.6656233749667,34.9203551880761],[-95.6656083748927,34.9164381874873],[-95.66560937469,34.9129251867167],[-95.6568813719331,34.9129371867928],[-95.649537370405,34.9129421873774],[-95.6483663700461,34.9127471873986],[-95.6483823699093,34.9130361872884],[-95.6480673696915,34.9130491879055],[-95.6465923696366,34.9130311880423],[-95.6448433685675,34.9130311881264],[-95.6435833685924,34.9130391876581],[-95.6416653677789,34.9130241879551],[-95.613132361172,34.9128271891989],[-95.5955383564509,34.912865190005],[-95.5955493559774,34.9116751897671],[-95.5956113560203,34.9097771891224],[-95.5956253557165,34.9090191891004],[-95.5956013554922,34.908868189305],[-95.5955333559286,34.9087631889435],[-95.5952653560721,34.9084991893238],[-95.5951163554464,34.9083421892566],[-95.5949983553605,34.9082061892608],[-95.5949223554251,34.9080891892434],[-95.5948073554724,34.9078691889556],[-95.5947533556548,34.9077101887912],[-95.5946583557159,34.90728618895],[-95.5945883551436,34.9069471894457],[-95.5944623555625,34.9064771892748],[-95.5944573553246,34.9063921889369],[-95.5944653556885,34.9062921888032],[-95.5945083558723,34.9061281893019],[-95.5946423557708,34.9058381884592],[-95.5947363556239,34.9057041885459],[-95.594961355251,34.905488188427],[-95.5953143554113,34.9051771884001],[-95.5955733557104,34.9048841883119],[-95.5959013556053,34.9044961883184],[-95.5959263558589,34.9044041885543],[-95.595915355343,34.9043241884482],[-95.5958343560707,34.9041461883047],[-95.5956483555172,34.9038381884426],[-95.5956223552061,34.9037711880397],[-95.595597355838,34.9036671886218],[-95.5955863553029,34.9033151885128],[-95.59559735572,34.901999187837],[-95.5955973557163,34.9019471881274],[-95.5956153556067,34.9013111883578],[-95.5955903553063,34.9007401880024],[-95.5955903552691,34.9002141879307],[-95.5955683550986,34.8995131878516],[-95.595583354824,34.8985121873707],[-95.5971543557329,34.8985161874805],[-95.5979893557837,34.8985011876453],[-95.5987433556767,34.8985051868949],[-95.5991763559725,34.8985151873371],[-95.5994603565533,34.8985281870261],[-95.5996173566408,34.8985471869989],[-95.600081356575,34.8985491870692],[-95.6021433568708,34.8985461868313],[-95.6035123574038,34.8985311869704],[-95.6039463577456,34.8985371872274],[-95.6058673578003,34.8985691868181],[-95.6079063588289,34.8985781871369],[-95.6084173582458,34.8985951870001],[-95.6087633590044,34.8986161870565],[-95.6089803582777,34.8986441865438],[-95.6092953584982,34.8986681867405],[-95.6093503583511,34.8986711868768],[-95.6096713588493,34.8986881867491],[-95.6102673586099,34.898693186952],[-95.6106153594598,34.8986961870742],[-95.6113783588674,34.8986491866601],[-95.6120703594783,34.8985941867784],[-95.6121473594514,34.8985881864969],[-95.6123203593818,34.8986091865615],[-95.6125243598518,34.8986491866051],[-95.6127293594695,34.8986981870653],[-95.6128203600924,34.8987011863005],[-95.6128903597395,34.898675186892],[-95.6130263597438,34.898571186567],[-95.6131283599714,34.8984861862239],[-95.6132053599428,34.8984561866299],[-95.6134503596139,34.8984631869422],[-95.6156323600795,34.8984741864474],[-95.616890360862,34.898474186387],[-95.6182443607,34.8984691860905],[-95.6189693610467,34.8984721861945],[-95.6195893610207,34.8984741862574],[-95.6201913619582,34.8984721861359],[-95.6240153621272,34.8984691858133],[-95.6250023629334,34.8984791862289],[-95.6254693630081,34.898502186372],[-95.6277033631866,34.898504185458],[-95.6293843637992,34.8984901856284],[-95.6297773640377,34.8984871854706],[-95.6307273640271,34.8984951857954]]]}},{"type":"Feature","properties":{"Precinct":"20","PCT_CEB":"610020","P0010001":"254","P0030001":206,"St_house":"017","St_senate":"07","Comm":"02","Uscong":"02","COUNTY_NAM":"PITTSBURG","CO_FIPS":"121","GeoID":"61121610020020701702","precinct_num":20},"geometry":{"type":"Polygon","coordinates":[[[-95.5576493288207,34.6569281446849],[-95.5579213288447,34.6569391442819],[-95.5580813281685,34.6569061445451],[-95.5581873285811,34.6568131447308],[-95.558233328905,34.656659144793],[-95.5582873287078,34.656609144274],[-95.5583603284935,34.6565761445413],[-95.5584333282816,34.6565761445378],[-95.5585193286732,34.6565871441437],[-95.5585933285111,34.6566371446566],[-95.5588323288168,34.6568401441517],[-95.5591113291651,34.6568461444163],[-95.5592643290727,34.6569451444962],[-95.5593773289269,34.6570871447702],[-95.5594303286891,34.657120144497],[-95.5595173291275,34.6571371443807],[-95.5595973292387,34.6571151442576],[-95.5597093290313,34.6570381442844],[-95.5598093291725,34.6570431445112],[-95.5598493292346,34.657126144755],[-95.5597833288825,34.6572801446938],[-95.5598233289404,34.6573021448112],[-95.5600683295098,34.6572961445217],[-95.5601223293226,34.6573901443748],[-95.5601023293004,34.6574771448066],[-95.5600423292213,34.6575541447773],[-95.5598363286725,34.6577141450005],[-95.5598093292247,34.6577961443018],[-95.5600093295181,34.6579661449688],[-95.5604343294757,34.658450144875],[-95.5604413289201,34.6587251450168],[-95.5604743295568,34.6588071452146],[-95.5606673295279,34.6590101447119],[-95.5606363290034,34.6592091449339],[-95.5611663292991,34.6591951451599],[-95.5619883296448,34.6591591452528],[-95.5624953297741,34.6591561450899],[-95.5633573301773,34.659138145115],[-95.5642853300461,34.6591511447736],[-95.5650653302474,34.6591821443734],[-95.5654463308293,34.6591891446794],[-95.5656243309916,34.6592111447903],[-95.5657033310592,34.6592291447207],[-95.5658033303036,34.6592721449082],[-95.5660803305717,34.6594581445137],[-95.5662123304024,34.6595241448653],[-95.5663693305003,34.6596931445888],[-95.5664443312908,34.6598421451887],[-95.5664893306882,34.6599661446325],[-95.5664963310168,34.6600231445734],[-95.5665313308617,34.6603181447404],[-95.5665173311562,34.6609581446957],[-95.5665293309124,34.6623851451151],[-95.5665313310192,34.6625881455208],[-95.5665233316181,34.6636051458439],[-95.566561331661,34.6647481457033],[-95.5665833309143,34.6652061453241],[-95.566628331222,34.6654871457418],[-95.5667963318445,34.6658631460557],[-95.5669533310441,34.6660471455743],[-95.5670943312954,34.6661591462566],[-95.5671163314175,34.6661771461896],[-95.5672683312785,34.6662731461306],[-95.5675043314343,34.6663201455976],[-95.5683623316539,34.66633014602],[-95.5698053320221,34.666328145859],[-95.5716723331673,34.6663271457243],[-95.5740913329314,34.6663251455171],[-95.5748603335189,34.6663151459169],[-95.5749683340305,34.6663111457267],[-95.5751103334207,34.6663061454884],[-95.5753583341318,34.6663371451133],[-95.5754613335154,34.6663791452544],[-95.5755723341695,34.6664251455803],[-95.5758433341562,34.6665661458006],[-95.5760973342544,34.6667151454927],[-95.5762263339498,34.6668351456467],[-95.5763803339136,34.6670761460059],[-95.5766643345297,34.6675991459258],[-95.5770773339621,34.6685341460295],[-95.5774943344745,34.6694001456363],[-95.5783753349933,34.6713081467012],[-95.579456334919,34.673571147106],[-95.5796073356485,34.6738911466265],[-95.579768335065,34.6745271472875],[-95.5798683352388,34.675001146746],[-95.579993335686,34.675670147138],[-95.5799713356193,34.6764501472803],[-95.5796793357902,34.679650147966],[-95.5796663361281,34.6802471477289],[-95.5796893354175,34.6805551475991],[-95.5797153357345,34.6807081483866],[-95.5797583359412,34.6808701477912],[-95.5798273355507,34.6809701479214],[-95.5800033356345,34.6811981476776],[-95.5802003357903,34.6813881483714],[-95.5805283357303,34.6816441485175],[-95.5810913366915,34.6821251482782],[-95.5813633367358,34.6824271478588],[-95.5815783368273,34.6826231479302],[-95.5816773360331,34.6827761487142],[-95.5819253367787,34.6833031479216],[-95.5821363367125,34.6838991485269],[-95.5822023370942,34.6841711485269],[-95.58218533632,34.6843761481267],[-95.5821583368749,34.6844951482418],[-95.582085337099,34.6846711483001],[-95.582009336279,34.6847631489661],[-95.5816813363928,34.685283148776],[-95.5815773369827,34.68552614924],[-95.5815563369248,34.6857661486619],[-95.5815543368393,34.6858691489343],[-95.5815963370065,34.6861291492791],[-95.581665336619,34.6862741487948],[-95.5817943363204,34.6864801493333],[-95.5820633371285,34.6868341486237],[-95.5824633368397,34.6875141495119],[-95.5828403372924,34.6883301495034],[-95.5828663376107,34.6885001492793],[-95.5828523369776,34.6887321492298],[-95.5828503368971,34.6889091493311],[-95.5827303367476,34.6891891497103],[-95.5826423371701,34.689286149709],[-95.5824953375604,34.689470149242],[-95.5821573372077,34.6899491498521],[-95.5820873366686,34.6900811496717],[-95.5820543369447,34.6901921494167],[-95.5820723368902,34.6903381498805],[-95.5821223374229,34.6905191492652],[-95.5821803374268,34.6906951493173],[-95.5822633367903,34.6908531494342],[-95.5823623368939,34.6909851501452],[-95.5825353368341,34.6911481495901],[-95.5828733372387,34.6914141501987],[-95.583052337454,34.6915331494046],[-95.5833293377198,34.6916851501338],[-95.5839223373603,34.6919671496725],[-95.5848333382669,34.6923761496803],[-95.5867743384107,34.6932881495458],[-95.5869753387449,34.6933771500597],[-95.5871603383348,34.6934321498994],[-95.5873023386265,34.6934591502435],[-95.5874443389165,34.693460150283],[-95.5877163389407,34.6934721499265],[-95.5883783390613,34.6934411502583],[-95.5893203395763,34.6934101496776],[-95.5901483393035,34.6934121497309],[-95.5903023392512,34.6934211501404],[-95.5904603393858,34.6934501496769],[-95.5905743392783,34.693476149976],[-95.5906743394201,34.6934911497664],[-95.5908223399913,34.6935341499517],[-95.5909853394592,34.6935751500436],[-95.5912093399572,34.69361415004],[-95.5914233399919,34.6936591494154],[-95.591605339441,34.6936901499427],[-95.5918213395689,34.6937421496421],[-95.5920213398529,34.6937761494082],[-95.5923033403448,34.6938461499379],[-95.5924853397937,34.6938741494269],[-95.5926813398944,34.6939401497755],[-95.5930473397914,34.6941011500179],[-95.5932753404827,34.6942511497575],[-95.5934303404836,34.6943581502076],[-95.5935753400215,34.6944761502683],[-95.5937053406629,34.6946011497543],[-95.5938083400515,34.694716149678],[-95.5938783406046,34.6947861502177],[-95.5939553405863,34.6949031502352],[-95.5940253402456,34.6950531499824],[-95.5940743407301,34.695208149962],[-95.5940983409562,34.6953871501547],[-95.5941233403253,34.6955071503136],[-95.5942233405259,34.6963661505104],[-95.5943543403635,34.6971981503551],[-95.5944263410245,34.6974851501499],[-95.5945803410303,34.6983291505491],[-95.5946023411748,34.6986681509553],[-95.5946363409765,34.6990071504616],[-95.5946523408273,34.699124150482],[-95.594649340697,34.6992511509663],[-95.5945843413283,34.6999451507261],[-95.5945993411402,34.7001701512504],[-95.5946363410762,34.7004391511128],[-95.5947153411661,34.7007791506633],[-95.5948993407431,34.701316151236],[-95.5949483412276,34.7014711512156],[-95.5950763408846,34.7017061512982],[-95.5952803413731,34.7020131511135],[-95.5953533411728,34.7021801516475],[-95.5954013416144,34.7023851512443],[-95.5954243417968,34.7026031514441],[-95.5953923412282,34.7028331513027],[-95.5954073410347,34.7029801518128],[-95.5955213418581,34.7034581514558],[-95.5955823411022,34.7036381516931],[-95.5957953420071,34.7039321518053],[-95.5958693418473,34.7040151511481],[-95.5960573415833,34.7041711511674],[-95.596144342025,34.7042341513822],[-95.5962553417822,34.7043141514837],[-95.596764342023,34.7045821512774],[-95.5970983422334,34.7047241515409],[-95.5974143425069,34.7048451517323],[-95.5975773419798,34.7049561514679],[-95.5977393423081,34.7051041520173],[-95.5979033418281,34.7052261513629],[-95.5980083422081,34.7053301516765],[-95.5980953426537,34.7054511518788],[-95.5981593420322,34.7055641517117],[-95.5981923426714,34.705680151685],[-95.5981963419672,34.7058191518253],[-95.5981733427065,34.7059231521449],[-95.5980973418904,34.7060721518527],[-95.5979793427252,34.7062391514965],[-95.5978833418792,34.7063641518926],[-95.597753342154,34.7064821519663],[-95.5975193421142,34.7067681517294],[-95.5972543424386,34.7070991517788],[-95.5971893421285,34.7071881523053],[-95.5969953421434,34.7074511519009],[-95.5963773423251,34.7083511522315],[-95.5958933424097,34.7090211526986],[-95.5955173420979,34.7095651527227],[-95.5952213418864,34.7099311525954],[-95.5950043417291,34.7101221524558],[-95.5947523417481,34.7103251528735],[-95.5945093412842,34.7105141526425],[-95.5943593415319,34.7106471525123],[-95.5941793412937,34.7108671528144],[-95.5940313416381,34.7110571526251],[-95.593887341271,34.711279153018],[-95.5937763415342,34.7114921529927],[-95.5937233417865,34.7116661529575],[-95.5936823416953,34.7118321534507],[-95.5936303420041,34.7121521529807],[-95.5936353413479,34.7123141532865],[-95.5937053419287,34.7127811533215],[-95.5937603417941,34.712964153698],[-95.5938233420338,34.7131951535984],[-95.5938363417528,34.7134161530382],[-95.5938073413228,34.713639153472],[-95.5937663421287,34.7137721533365],[-95.5936713413362,34.7139991530593],[-95.5934813415391,34.7142971533759],[-95.5926253414969,34.7155031534965],[-95.5922423417604,34.716054153845],[-95.5921013415386,34.7163651538619],[-95.5920513419325,34.716576153741],[-95.5920333411067,34.7167051543186],[-95.5920283417838,34.716843154413],[-95.5920843417023,34.7171231538845],[-95.5923483414344,34.7182681547248],[-95.5924093415757,34.718417154426],[-95.5924723418061,34.7185141544175],[-95.5925673417243,34.7186471542756],[-95.592658341455,34.7187511545899],[-95.592777341585,34.7188571540962],[-95.5929373418176,34.7189621544534],[-95.5930713417412,34.7190291548512],[-95.5936253422658,34.7192341544238],[-95.5942523425781,34.7194331546145],[-95.5946673420498,34.7195981541404],[-95.5949973420817,34.7198391544911],[-95.5950593422641,34.7199131543171],[-95.5951163422184,34.7200411548449],[-95.5951583423757,34.7201591549103],[-95.5951973424034,34.7204141550238],[-95.5952793426395,34.7208541547075],[-95.5955533428338,34.7219761544824],[-95.5956183431628,34.722158154812],[-95.5956783432559,34.7222811551081],[-95.5957573424316,34.7224061545966],[-95.5958323432178,34.7224931550238],[-95.5961963430347,34.722834154607],[-95.5964503431499,34.7232261547581],[-95.5965273431355,34.7234001547167],[-95.596575343578,34.723617154869],[-95.5966593430265,34.7243301555013],[-95.5966673434358,34.7248781556923],[-95.5967073435255,34.725357155385],[-95.596731343755,34.7255831550558],[-95.5967683436841,34.7257551558231],[-95.5968663437494,34.726001155517],[-95.5970293432393,34.7263571558043],[-95.59716534328,34.7267741553199],[-95.5971813431347,34.7269461560881],[-95.5971833432414,34.7271461554554],[-95.5971433432025,34.7273961562405],[-95.5970423439331,34.7276611559243],[-95.5969483431821,34.7278161559107],[-95.5968553433743,34.7279371561215],[-95.5967163432328,34.7280701559907],[-95.5965153438149,34.7282241559359],[-95.5958743428897,34.7285461564858],[-95.594607342628,34.7290991560696],[-95.5938473424817,34.7294521562618],[-95.5933933430285,34.7296961567888],[-95.5926923429372,34.7302911564916],[-95.5907443426498,34.7319751572117],[-95.5905663425042,34.7321911573284],[-95.590498342058,34.7323251572405],[-95.5904373419432,34.7325561571469],[-95.5904233422081,34.7327681570706],[-95.5904533418155,34.7329801569923],[-95.5904903426442,34.7331541569528],[-95.5905813423811,34.7333471568911],[-95.5907043427025,34.7335371575884],[-95.5907973425274,34.7336621570762],[-95.5908923424431,34.7337591570662],[-95.5910853424105,34.7339081576604],[-95.5913403425551,34.7340551572598],[-95.5918253425757,34.734229157199],[-95.5919843427574,34.7342681571985],[-95.5921943426074,34.7343251571297],[-95.5925713430116,34.7344421571329],[-95.5928013428936,34.7345531577646],[-95.5930593431772,34.7347001573639],[-95.5931893429168,34.7347881569355],[-95.5934193428047,34.7349851570524],[-95.5935573429186,34.7351211570474],[-95.5937113428792,34.735315157029],[-95.5938023435137,34.7354831576085],[-95.5939233437524,34.7358161577322],[-95.5940113433534,34.7360561571488],[-95.594663344042,34.7379211580315],[-95.5949593433787,34.7379061582223],[-95.5951263439157,34.737722157789],[-95.5954033441581,34.7375391573969],[-95.5959853441635,34.7374701577718],[-95.5964563444381,34.7376991575602],[-95.5967343438435,34.7377451578781],[-95.5974273444838,34.7374471575376],[-95.5976493439774,34.7373091574329],[-95.5977313441525,34.7368751571199],[-95.5978703442873,34.7366461573025],[-95.598314344185,34.7365311573528],[-95.59856334495,34.7366681573888],[-95.5988683447033,34.7366451572087],[-95.5989793444438,34.73648515699],[-95.5990623446812,34.7362791573408],[-95.5992843450661,34.7360271573539],[-95.5994783450663,34.7359811570134],[-95.5996723450841,34.7361871575488],[-95.5998113452493,34.7363931571874],[-95.6000883446067,34.7364161573398],[-95.6005873452372,34.7360271572919],[-95.6008643454908,34.7360041571131],[-95.6010863450116,34.7362551570326],[-95.6013363449252,34.7364151572341],[-95.6015023454271,34.7363921570607],[-95.601668345025,34.7363011573361],[-95.6019453452466,34.7358201575357],[-95.6019733456202,34.7354541567764],[-95.6021393452117,34.7352711572888],[-95.6024723453673,34.7352931573923],[-95.602610345475,34.7353391568175],[-95.6028043454671,34.7351791565949],[-95.6028323458359,34.7347441571375],[-95.6029433455748,34.7345611567532],[-95.6033313455719,34.7344231566406],[-95.6034973460611,34.7342171569875],[-95.6036363453062,34.7341261563649],[-95.6040793460777,34.7343091567228],[-95.6042733460827,34.7343311568329],[-95.6045523464226,34.7342171569373],[-95.6043843458103,34.7339881562351],[-95.6043843458039,34.7338961564722],[-95.6041623453885,34.7337131570031],[-95.6041343458712,34.733462156175],[-95.6042453456148,34.7333471562411],[-95.6047163458606,34.7331641567391],[-95.604966345766,34.7332091561127],[-95.6052723464955,34.7336211562879],[-95.6059103464079,34.7336671565888],[-95.6059653462573,34.7336211562549],[-95.6060763459914,34.7333691562733],[-95.6064643459645,34.7328881564676],[-95.6066583468593,34.7327741565762],[-95.6071293462169,34.7327511563882],[-95.607795346522,34.7327051560253],[-95.6080993471075,34.7323841564371],[-95.6083213466219,34.7325441566399],[-95.6083493470419,34.7328421560468],[-95.6086823471992,34.7328871563158],[-95.6087933469444,34.7327961565939],[-95.6088483467843,34.7326131562122],[-95.6086823471704,34.732475156126],[-95.6086823471577,34.732292155747],[-95.6091533474018,34.7320861560793],[-95.6092913465957,34.7319261558594],[-95.6092363467335,34.7317881557679],[-95.6092913465621,34.7314441560258],[-95.6096243467034,34.731261155631],[-95.6102063476065,34.7311691558404],[-95.6107603472319,34.7313751554593],[-95.61123234754,34.7314201557217],[-95.6113153477966,34.7314891562144],[-95.6118423479541,34.7314891561893],[-95.6119523476545,34.7314201556874],[-95.6125623480622,34.7313971554928],[-95.6128683478843,34.7316941557395],[-95.6131173477403,34.7316941557277],[-95.6133393481316,34.7315341555037],[-95.6133393481173,34.7313281558584],[-95.6130893482085,34.7312361561074],[-95.6130343483479,34.7311221553283],[-95.6131443480436,34.7309851552753],[-95.6137823479511,34.7309611559324],[-95.6140313477991,34.7308471560383],[-95.6145583479502,34.7307551553509],[-95.6146693485947,34.7306631555827],[-95.6149463488451,34.7305951551191],[-95.6149743483289,34.7303661553069],[-95.6153063484351,34.7303431551256],[-95.6153343488423,34.7304571559058],[-95.6154733481001,34.7305491556622],[-95.615778348756,34.7305711557669],[-95.6162773485079,34.7304791550809],[-95.6164153486171,34.730548155571],[-95.6164713485226,34.7306401553314],[-95.6166933489314,34.7307311550375],[-95.6168873489364,34.7307541551938],[-95.6172203490778,34.7305711556983],[-95.6176353494309,34.7304791550163],[-95.6176913493362,34.7305701556296],[-95.6176913493842,34.7312571559613],[-95.6177753487895,34.7313491557204],[-95.6181073489084,34.7315091559179],[-95.6182743494598,34.73153115513],[-95.6183573497069,34.7314631555749],[-95.6183843491427,34.7312111555973],[-95.6183293492869,34.7311651552687],[-95.6182733493464,34.7305701556019],[-95.6186333489396,34.7303641550402],[-95.6187443495825,34.7302491551064],[-95.6184663492475,34.7297691553787],[-95.6184113493677,34.7293801553571],[-95.6185493494624,34.7292421552564],[-95.6189653489595,34.7291051551888],[-95.6192983491232,34.7292421552208],[-95.6197423499538,34.7296081550583],[-95.6201583494779,34.7298591549686],[-95.6205743498806,34.7298131555169],[-95.6208513501485,34.7299961549834],[-95.621073349671,34.7302711551148],[-95.6211843503426,34.7305681553708],[-95.62162835025,34.7305911555153],[-95.6217663503384,34.7303621547986],[-95.6220433505808,34.7301791553057],[-95.6224873504833,34.7301331549535],[-95.6229033508844,34.7300641553363],[-95.6230413500799,34.7299271552819],[-95.6234293509828,34.7298811549322],[-95.6239013504026,34.730086155408],[-95.6243173508085,34.7300861553882],[-95.6252663507343,34.7298481551156],[-95.6259453516463,34.7298611547858],[-95.626029351026,34.7295871546862],[-95.6261673511224,34.7294721547511],[-95.6266663517673,34.7292891543484],[-95.6273323511571,34.729015154221],[-95.6275823519428,34.7287861543983],[-95.6280813516931,34.7286721544924],[-95.62819235144,34.7286031548896],[-95.6288853521026,34.7286261541229],[-95.6291903518512,34.7285351543917],[-95.629356352342,34.7283521540048],[-95.6295793518085,34.7271621546553],[-95.6299123519291,34.726681153953],[-95.6302173516745,34.7265441538907],[-95.630771352172,34.7263611543846],[-95.6316863523331,34.7263161540562],[-95.6324343528931,34.7269801541868],[-95.6327673530488,34.7270031543366],[-95.633072352791,34.726820153943],[-95.6336543527995,34.7267971537498],[-95.6337653534377,34.7266141542648],[-95.6334603527562,34.7262251542552],[-95.6334333532692,34.7257441535699],[-95.6336833531652,34.7256531538413],[-95.6347363534322,34.7256301536257],[-95.6350413532032,34.725859153422],[-95.635179353306,34.7258361532498],[-95.6354013536942,34.7256311536403],[-95.6360113531865,34.7253791536349],[-95.636205353201,34.7255391538391],[-95.6365933541087,34.7255621539862],[-95.6368983538557,34.7254481531902],[-95.6370603541609,34.7252641536565],[-95.6372593534809,34.7250361538825],[-95.6371763541237,34.7249671533897],[-95.6371483536989,34.7246011535324],[-95.6370653534328,34.7243951529918],[-95.6371493537054,34.7240291531292],[-95.6374263539558,34.7239601535186],[-95.637731353741,34.7243951529601],[-95.6378983542926,34.7244181531177],[-95.6380923542831,34.7242351536288],[-95.638369353639,34.7242351536157],[-95.6386193544423,34.7242581528701],[-95.6390903537855,34.7240301530832],[-95.6393673540358,34.7239611534726],[-95.6396173539574,34.7242361536027],[-95.6405593544935,34.7245111528004],[-95.6406423547469,34.7245341529621],[-95.6423343549534,34.7242821529052],[-95.6427503553306,34.7238711527419],[-95.6442193550626,34.723253152837],[-95.6453283561263,34.7232081524994],[-95.6457443556232,34.7230701523855],[-95.64604935626,34.7228191524409],[-95.6460773557471,34.7226361529599],[-95.645966355981,34.7224291523743],[-95.6457443555705,34.7223151525027],[-95.6454673552978,34.7220631525395],[-95.6453013556793,34.7218571529021],[-95.6452733552689,34.72169715269],[-95.6455233560514,34.7214221525362],[-95.646077355656,34.7213311527932],[-95.6468813560463,34.7210111523281],[-95.6472143562051,34.7210791518634],[-95.6476303566126,34.7211021520092],[-95.6481563567109,34.7209191525045],[-95.6486833568189,34.7202101520284],[-95.6488503564424,34.7198211519963],[-95.6488783568271,34.7196151514504],[-95.6489893565596,34.7193401522024],[-95.649155356151,34.7191571518156],[-95.6493493561336,34.7188601515451],[-95.6496263563711,34.7186081515556],[-95.6503203570626,34.7183791517118],[-95.6506523571846,34.7185851513412],[-95.650902357095,34.7187001512579],[-95.6514283572061,34.7187001512328],[-95.6517893568248,34.7181961512629],[-95.6524823574747,34.7180361510165],[-95.6529813571995,34.7175561512519],[-95.6534253570908,34.7173501515856],[-95.6537303577259,34.7170751514291],[-95.6538403574183,34.7168921510449],[-95.6542563578051,34.7166181509294],[-95.6550883577015,34.7163891510791],[-95.6556983580884,34.7160691506233],[-95.6558363582006,34.7161811513057],[-95.6560853580532,34.7161331508701],[-95.6561963577918,34.7159471512462],[-95.656278357981,34.7157151503933],[-95.6564723579666,34.7154611512144],[-95.656665357917,34.7153661504041],[-95.6567763585774,34.7155021504003],[-95.6567203578075,34.7159091512606],[-95.6566093580622,34.7159991509362],[-95.6571903580271,34.7160161507963],[-95.6570513578953,34.716288150806],[-95.6570503587687,34.7165811508821],[-95.6571613585297,34.7167171508784],[-95.6569123586914,34.7169691508666],[-95.6577873587991,34.7169671507323],[-95.6604963594235,34.7170071506568],[-95.6623683599004,34.717000151143],[-95.663072360173,34.7170131508121],[-95.6637923602885,34.717028150573],[-95.6720363621831,34.7170301502734],[-95.6770223631777,34.7170321501288],[-95.6777483635701,34.717028149909],[-95.6798343640788,34.7170281498097],[-95.6821653651593,34.7170571501422],[-95.6823943649871,34.7170571501313],[-95.6848503655669,34.7170541498755],[-95.6875063664287,34.7170581499344],[-95.6876283666899,34.7170511496044],[-95.6877943662947,34.7170601500132],[-95.6878883661585,34.7170771498965],[-95.6879843661166,34.7171171499453],[-95.6880963668193,34.7171961500003],[-95.688498366599,34.717527150018],[-95.6888883667282,34.717953149938],[-95.6894253664952,34.7186011493378],[-95.6898573667905,34.7192721498074],[-95.6903053669227,34.7198601500307],[-95.6903693671982,34.719939150088],[-95.6906553669906,34.7202141502163],[-95.691147367354,34.7206501496952],[-95.6915643678215,34.7208701499687],[-95.6919243674382,34.7210021497679],[-95.6928053678425,34.7212641501653],[-95.6934043677569,34.7214841504302],[-95.6944483685324,34.7218451500076],[-95.6948753685577,34.7219681502862],[-95.6952093687665,34.7220891504766],[-95.6955213688546,34.7222121498614],[-95.6960043687866,34.722447149927],[-95.6969403690629,34.7229871506025],[-95.6972223695619,34.7231591504588],[-95.697377369559,34.7232121502073],[-95.6976023692044,34.7232581505277],[-95.6978703690452,34.7233011498079],[-95.6978913701613,34.7382041527292],[-95.6978913701815,34.7384941526662],[-95.6978253712377,34.7459221548407],[-95.6977813713841,34.75146915536],[-95.7002143718957,34.7528811558679],[-95.7016123719809,34.7529611559078],[-95.7018153724149,34.7531511557018],[-95.7019423729482,34.7537191559136],[-95.7022473727163,34.7539081556565],[-95.702907372789,34.7545191560351],[-95.7029323730579,34.7546451555724],[-95.7028053725702,34.7547291558703],[-95.697778371467,34.7546401555867],[-95.6977173718266,34.7616421569227],[-95.6977153717544,34.761936157045],[-95.6977013720955,34.7632341577873],[-95.6980313721337,34.7635661578545],[-95.6984393721681,34.7635601575572],[-95.6987593725948,34.7632201579879],[-95.699079372108,34.7626771571137],[-95.6995563726253,34.762402156949],[-95.7002163726594,34.7624611569512],[-95.7008673731846,34.7626521576695],[-95.7014133733207,34.7626081574048],[-95.7015523734715,34.7626081573982],[-95.7021063730742,34.7624931574433],[-95.7024393732155,34.7623101570485],[-95.7024673735986,34.7620811572364],[-95.7023843733404,34.7619891574774],[-95.7015793728559,34.761623156758],[-95.7014133732372,34.7614171571208],[-95.7014403726699,34.7611201568583],[-95.7015243729311,34.7605931567361],[-95.7016903725241,34.7604331565149],[-95.7025223733309,34.7603641568778],[-95.7027443728293,34.7602961564168],[-95.70346537299,34.7602961563824],[-95.7042413739283,34.7606621571032],[-95.7045743741192,34.7611881571592],[-95.7049633741931,34.7614861565487],[-95.7054903743521,34.7615081566428],[-95.706127374197,34.7612561566362],[-95.7062383739342,34.7610501569857],[-95.706238373915,34.7607761568901],[-95.705794373982,34.7603871568872],[-95.7051013742124,34.7602721569918],[-95.7048243739381,34.7599981569094],[-95.7048243739012,34.7594711567912],[-95.7047403735823,34.7591741565341],[-95.7044073733833,34.7585331565497],[-95.704407373316,34.7575721561225],[-95.7047683738404,34.7571601559157],[-95.7051843733404,34.7570681561328],[-95.7058213741391,34.7575941561743],[-95.7058773740542,34.7578231559824],[-95.7064873744649,34.7578461561189],[-95.7069863742088,34.7576401564499],[-95.7075413738419,34.7572971558311],[-95.7088453749346,34.7569591563075],[-95.7092533749597,34.7568191561013],[-95.7095733744964,34.7566131555416],[-95.7097293745171,34.7563411555312],[-95.7097293744983,34.756072155667],[-95.7094823747086,34.7556941552648],[-95.7088163743733,34.7553051552724],[-95.7086773742113,34.7551451559651],[-95.7087053745993,34.7549851557503],[-95.7088993745897,34.7548011553159],[-95.7091763748401,34.7547331557516],[-95.7096753745983,34.7547331557278],[-95.7112843755064,34.7552591557228],[-95.7125873756562,34.7549611553533],[-95.7127813756612,34.7549841555096],[-95.7131143758216,34.7550751552104],[-95.7135033758987,34.7554191558304],[-95.7144453755241,34.7555331556676],[-95.7148063760902,34.75571615513],[-95.715139376265,34.7560131553753],[-95.7152783764318,34.7562421551794],[-95.7156663764689,34.7566771555161],[-95.7157493767447,34.757020155205],[-95.7156113766645,34.7573641558502],[-95.7155003760167,34.7574091561403],[-95.7151673758675,34.7574781557536],[-95.7151673758884,34.757776156061],[-95.7150563761496,34.7579591555459],[-95.7150563761608,34.7581191557592],[-95.7153623759829,34.7584171560521],[-95.715583376347,34.7585311559238],[-95.717053377066,34.7585081556881],[-95.7182713768736,34.7582431559511],[-95.718756376872,34.7581021556949],[-95.7191053768377,34.7576601558983],[-95.7193273772178,34.757340155461],[-95.7195763770593,34.757134155804],[-95.7200753777071,34.7569961556861],[-95.7212963776708,34.7569731554623],[-95.721379377929,34.7570651552212],[-95.7215453775709,34.7576031558407],[-95.7214683776539,34.7584101554366],[-95.7215553781336,34.759016155611],[-95.7217983777254,34.7592171559124],[-95.7222063777647,34.7592821553051],[-95.7229883780676,34.7594441555737],[-95.7234323788886,34.7596731553632],[-95.7235433786499,34.759811155452],[-95.7235993785777,34.760223155639],[-95.7234883788421,34.760451156308],[-95.7230443780629,34.760818156234],[-95.7229333783257,34.7610241558844],[-95.7229613787457,34.7613211561442],[-95.7234333790793,34.7617331563113],[-95.7240153790973,34.7618471561657],[-95.7247383793844,34.7623281559183],[-95.7252923789888,34.7622361561289],[-95.7253753792309,34.7620991560771],[-95.7253483788557,34.7617781556054],[-95.7250703794359,34.7615271556887],[-95.7249043789164,34.7612981558859],[-95.7248203785894,34.7608861557003],[-95.7249313792307,34.7607491556472],[-95.7251253792211,34.7605651561121],[-95.7256243789777,34.7605421559227],[-95.7256523793817,34.7606111555187],[-95.7263453791496,34.7607021561016],[-95.7268723793006,34.7606111554605],[-95.7273713799436,34.7604041557452],[-95.7283143795994,34.760290155818],[-95.7295903803246,34.7604041556393],[-95.7297013800842,34.7605181555162],[-95.7300623806566,34.7607931556408],[-95.7309773808477,34.7611811555749],[-95.7315873803703,34.7613641559247],[-95.7322813811,34.7616841554189],[-95.7332523811758,34.7618671557515],[-95.7346113812806,34.7623701555929],[-95.7351933821899,34.7623701555651],[-95.7355813821868,34.7622321554525],[-95.7358033816771,34.7620491559623],[-95.7359423818102,34.7617971550801],[-95.7361073822064,34.7609281553074],[-95.7362743818425,34.7607221556543],[-95.7374383818318,34.7602861551973],[-95.7378263826848,34.7595311552962],[-95.7379373824171,34.7592561551491],[-95.738048382151,34.7590041551675],[-95.7379643817839,34.7580201545789],[-95.7377973821094,34.7576771548939],[-95.7376863823289,34.7572651547096],[-95.737824382398,34.7567611547505],[-95.7380743822666,34.7562811540985],[-95.7384343818676,34.7561891543184],[-95.7388783826821,34.756326154345],[-95.7395713824453,34.7563491544775],[-95.7399323829888,34.7562111543661],[-95.7409853832586,34.7562341544815],[-95.7413733832556,34.7560961543689],[-95.7418173831307,34.7556611539925],[-95.7419003833584,34.7553181542956],[-95.7417893826978,34.7551801542069],[-95.7409013828579,34.7547691541059],[-95.7406523829875,34.7545631535733],[-95.7402073821009,34.754059153642],[-95.740069381987,34.7539221536008],[-95.7400133820784,34.7537851535557],[-95.7399303827212,34.7537161539623],[-95.7399303826988,34.7533961535356],[-95.7399853825209,34.7529611540771],[-95.7400963822499,34.7526401535988],[-95.7402903822437,34.7525031535418],[-95.740290382226,34.7522511535655],[-95.740262382715,34.7520911533535],[-95.7403453820353,34.7516331537281],[-95.7404553826335,34.7515421531069],[-95.7407333820243,34.7513811537333],[-95.7415923822796,34.7512441536445],[-95.741941382329,34.7519961533715],[-95.7419563837398,34.7622021555577],[-95.7421993836327,34.7666971559187],[-95.7418273834894,34.766992156105],[-95.7409403837598,34.767493155961],[-95.7404033831539,34.7677101561411],[-95.7401173833866,34.7677931564002],[-95.7398143837289,34.7678561566337],[-95.7358643822123,34.7678151567227],[-95.7289863807174,34.7678741570849],[-95.7274873804522,34.7678951572294],[-95.7273923805405,34.7678551571806],[-95.7272263800365,34.7678481568644],[-95.7268793801341,34.7678701570002],[-95.7265973796474,34.7678741571989],[-95.7260803799507,34.7678291569388],[-95.7256103797362,34.7677941571394],[-95.7250473797094,34.767814157193],[-95.7243133789477,34.7678391574862],[-95.7242923789842,34.7694231570811],[-95.7242973796337,34.7753761584082],[-95.7242993798254,34.7767871589855],[-95.7243033802906,34.7807731591738],[-95.724304380446,34.782325159984],[-95.7240813800024,34.7824001598698],[-95.7240223799597,34.7823351595611],[-95.7227633800308,34.782334159575],[-95.7227503803303,34.7823781598141],[-95.7225563803318,34.7824461602738],[-95.7223343799149,34.78224015974],[-95.7221393798652,34.7822411597956],[-95.7220963796763,34.7823341596069],[-95.7216733798448,34.7823281602486],[-95.7164553779847,34.7823311606368],[-95.7157483784732,34.7823311606706],[-95.7118693775537,34.7823321609023],[-95.7117643771942,34.7825191605721],[-95.7109593767803,34.7831601606108],[-95.7099333769065,34.7837551612284],[-95.7096563766707,34.7840301604841],[-95.708962376874,34.7841901607307],[-95.7087413765275,34.7843281608353],[-95.708602376396,34.7846021609375],[-95.7080473767646,34.7849691608687],[-95.7072293757712,34.7859431610373],[-95.7063863762579,34.786082161218],[-95.7056043760031,34.7866071612809],[-95.7053283758159,34.7869121619256],[-95.7050463753556,34.7872921615464],[-95.7041243757952,34.7877061618727],[-95.7031533748926,34.7885571617497],[-95.7031823753626,34.7889061617191],[-95.7034413756775,34.7888371621093],[-95.7036403750007,34.7886561618135],[-95.7039423755375,34.7889651617165],[-95.704147375161,34.7890991625148],[-95.7040703752085,34.7893981619729],[-95.7037913757832,34.7897291620229],[-95.7034043758363,34.7899191618451],[-95.7022513754424,34.7901381621472],[-95.7015963747663,34.7904401626711],[-95.7011423753217,34.7908031624124],[-95.7009323745855,34.7909341621924],[-95.7004593751345,34.7909451627243],[-95.6999843746803,34.7907991622825],[-95.6999853747062,34.7905071622529],[-95.7000543742986,34.790363162777],[-95.6998173749954,34.7903111621794],[-95.699196374076,34.7903091621165],[-95.6990743747066,34.790208162842],[-95.6990543746622,34.7899781620867],[-95.6993073746927,34.7898221620464],[-95.6992433744155,34.7897191626766],[-95.6986493738392,34.7895801625646],[-95.6976963737408,34.7899961629849],[-95.6971293735496,34.7903171625857],[-95.6968233737699,34.7906241624251],[-95.696371373517,34.7909621628074],[-95.6958643734048,34.7912071624838],[-95.6954873739456,34.7917381628052],[-95.6949713734314,34.7922011626827],[-95.6946123729859,34.7924141635684],[-95.6943163736482,34.79241216349],[-95.6940483729062,34.7923411629136],[-95.693901373277,34.7922441629262],[-95.6937763728703,34.7921611626865],[-95.6936113733017,34.7920071627589],[-95.693365372684,34.7919861626977],[-95.6930163726918,34.7920501629795],[-95.6926143729586,34.792383163128],[-95.6922263729782,34.7927581634217],[-95.6917863724009,34.7933591633897],[-95.6909833729522,34.7936171636822],[-95.6904693725061,34.7937281634501],[-95.6900903720232,34.7938101636675],[-95.689416372257,34.7940031636422],[-95.6888863719242,34.7934881632057],[-95.688174372177,34.7934341634376],[-95.6876993717158,34.7931881637618],[-95.6876463719575,34.7932111639299],[-95.6871373717299,34.7931321638938],[-95.6868193713544,34.7928791638865],[-95.6863563714129,34.7921101633778],[-95.6860813712514,34.7921231630935],[-95.685885371163,34.7922311636067],[-95.6857713712831,34.7923861635939],[-95.6858303713674,34.7930431634329],[-95.68564137071,34.793234163292],[-95.6854403712813,34.7932331641545],[-95.6850893711888,34.7931911640254],[-95.6848893709006,34.7930971641794],[-95.6848493708151,34.7926821638528],[-95.6847533708522,34.7925741633537],[-95.6842023704861,34.792644163923],[-95.6839013709125,34.7925851639037],[-95.6835943701355,34.7921581639335],[-95.6833423701383,34.7921281634559],[-95.6829963702902,34.7922631634277],[-95.6827363699414,34.7925101640842],[-95.6826043701318,34.792745164179],[-95.6826363707332,34.7929841635519],[-95.6823933702664,34.7931291639816],[-95.6818703703041,34.7932671641007],[-95.6815183701653,34.7932251639716],[-95.6814653703853,34.7929391642223],[-95.6815633704043,34.7925251639354],[-95.6817043697283,34.7922381641305],[-95.6821783700957,34.7918071639379],[-95.6823403704006,34.7916211634123],[-95.6823723700442,34.7910261637416],[-95.6822983702075,34.7909941631629],[-95.6823393703012,34.7908651634836],[-95.6822453704292,34.7907301635328],[-95.6818963695203,34.7905481632169],[-95.6814463702398,34.7906071632721],[-95.6811953693913,34.7906001638594],[-95.6809793692499,34.7903561633645],[-95.6810173701056,34.7902531630904],[-95.6806913693708,34.7901681636671],[-95.6802203691239,34.7903331632352],[-95.6800023698165,34.7904801637564],[-95.6795353697596,34.7907091635894],[-95.679225368892,34.7909731632367],[-95.6789493695754,34.790870163877],[-95.6787783688302,34.7907311637448],[-95.6787283691876,34.7904191636909],[-95.6786313691783,34.7903101631455],[-95.6783873686651,34.7904561636216],[-95.6782053692359,34.7907071635603],[-95.6778483688753,34.7908101638496],[-95.6773903692119,34.7906981640819],[-95.6768093683549,34.7907841635948],[-95.676531368948,34.790716164057],[-95.675727368524,34.7905551638358],[-95.675033367791,34.7901891640104],[-95.674673368177,34.7900971633654],[-95.6742293682778,34.7901891640488],[-95.6737293676075,34.7906701638597],[-95.673119368104,34.7907611636056],[-95.6723703675376,34.7906691638784],[-95.6722033678999,34.7908531643115],[-95.6718703677972,34.7915851640445],[-95.6716213671222,34.792729163963],[-95.6715653673615,34.7946981642979],[-95.6715443672909,34.794754165093],[-95.6715663675553,34.796797165253],[-95.6716253681212,34.8043111660062],[-95.6694033676917,34.8056071667612],[-95.6689203677958,34.8058891672502],[-95.6683013678943,34.8062561671846],[-95.6677583670126,34.8065081671869],[-95.6665853675028,34.8069121670622],[-95.6661063668848,34.8070761674837],[-95.6654463668707,34.807302167187],[-95.6644573669028,34.8077391676821],[-95.6640493668844,34.8079741677901],[-95.6638913667618,34.8081161671776],[-95.663796366859,34.8082021675666],[-95.6635593666808,34.8084971677464],[-95.6633483668215,34.8089671679336],[-95.6630743667266,34.8092681674936],[-95.6626903660226,34.8095021675542],[-95.6621293661094,34.8098211679614],[-95.6609343655966,34.8104711684356],[-95.6607373654622,34.8105861683735],[-95.6600523660997,34.8109871680866],[-95.6589793658491,34.811645168026],[-95.6577513656084,34.8123491683039],[-95.6574133652351,34.8125291685601],[-95.6566613645663,34.8129621688587],[-95.655789364633,34.8134651688066],[-95.6544193641137,34.8143311693973],[-95.6543603640782,34.8143681693146],[-95.6531833644156,34.8152381691819],[-95.6509213639606,34.8169751696726],[-95.6489933636904,34.8184871705218],[-95.6464823624913,34.8203841703385],[-95.6451133629372,34.8215261711172],[-95.6446953624631,34.8218751711079],[-95.6436143618527,34.8226911711685],[-95.6422803621162,34.8237371710982],[-95.6409863615346,34.8247521713893],[-95.637935361398,34.8269941719166],[-95.6364323610299,34.8281971728281],[-95.6355463604627,34.8289201730701],[-95.6308523597767,34.8325891731956],[-95.6286573588265,34.8342561740394],[-95.6263703589978,34.8358091741062],[-95.6249613584714,34.8367151747521],[-95.624626358238,34.8369081747107],[-95.6241693586488,34.8371931744381],[-95.6237223586252,34.8374961749984],[-95.6232063581,34.8378031748479],[-95.6224933583406,34.8382371751909],[-95.6218373576242,34.8386271752926],[-95.6213123575846,34.8389861748522],[-95.6206583578657,34.8394541749679],[-95.6203603575553,34.839729175124],[-95.6200803571789,34.8399831752062],[-95.6196503570495,34.8403591755483],[-95.6193783570489,34.8406811760806],[-95.6190053568752,34.8412041760314],[-95.6189713571005,34.8412521755574],[-95.6188383572347,34.8413471754656],[-95.6186373569158,34.8414781761445],[-95.6183933573019,34.8416221756288],[-95.6180563569767,34.8418291762357],[-95.6173143567703,34.8422411764608],[-95.6170783566264,34.8423641758717],[-95.6165533565791,34.8426131757342],[-95.6159593569303,34.8428761762482],[-95.6151563565827,34.843143176058],[-95.6146373559083,34.8433071764815],[-95.6141263565041,34.8434691768118],[-95.6132093562674,34.8437591767927],[-95.6119053551779,34.8441481768792],[-95.6110043556809,34.8444061762771],[-95.6104143553111,34.8445681766113],[-95.609642354594,34.844715177159],[-95.6092373547035,34.8447911770999],[-95.6081693546543,34.8450181768691],[-95.6063563542409,34.8453931772311],[-95.6026333534104,34.8461151775626],[-95.6024323530862,34.8461681773282],[-95.6022363529951,34.8462411771201],[-95.6020553536016,34.8463401772159],[-95.6016943530658,34.8465901780161],[-95.6012983527073,34.8468641772313],[-95.6010183532298,34.8471131779814],[-95.6006483531815,34.8474411778969],[-95.6003203532876,34.8478441776855],[-95.5998933524064,34.8483411782337],[-95.5995223523232,34.8488311784551],[-95.59937035248,34.8489891776839],[-95.5992453529858,34.8490931780084],[-95.5990363522947,34.8492061778543],[-95.5987003529119,34.8493651780374],[-95.5979583526989,34.849686178546],[-95.5974893525449,34.8498541782528],[-95.5972433519334,34.849922178715],[-95.5966373517213,34.8500901784284],[-95.5960673522773,34.8502281785498],[-95.5952383516192,34.8504381784198],[-95.5941803511363,34.850691178493],[-95.5940833511356,34.8507051782466],[-95.5938863509951,34.8507341786994],[-95.5935363509564,34.8507991790276],[-95.5930513509526,34.8508671786019],[-95.5913983507497,34.8510311790796],[-95.5904993504333,34.8511081790904],[-95.5892313500929,34.8512011789604],[-95.58841234989,34.8512901786236],[-95.5882653502695,34.8513171789814],[-95.5883683496349,34.851100178822],[-95.5886423497145,34.8505831791538],[-95.5888173497114,34.8502311790358],[-95.5888823500176,34.8500871786608],[-95.588885350156,34.850077179097],[-95.5889033500865,34.8500071785531],[-95.5889403499733,34.8495751783351],[-95.5888993498389,34.849126178233],[-95.5887073498414,34.8478921786651],[-95.5886553501069,34.8475951784065],[-95.5885093495731,34.8467651786558],[-95.5884113494923,34.8463011778619],[-95.5883563496273,34.846126177856],[-95.5881053496389,34.8455631778817],[-95.5877613498352,34.8450131776145],[-95.5874203492691,34.8444331777567],[-95.5867393490702,34.8430951778938],[-95.5866813490682,34.8429501774784],[-95.5866643491713,34.8428381776896],[-95.5866683493512,34.8427581775827],[-95.5867223491511,34.8426691779561],[-95.5868493487393,34.8425821775192],[-95.5869873488381,34.842502177406],[-95.587345349241,34.8423411771292],[-95.5879393488907,34.8420891771244],[-95.5882293497406,34.8419731771358],[-95.5883563493301,34.8419051775786],[-95.5884633497888,34.8418091776254],[-95.5885043489867,34.8417311776093],[-95.5884643489007,34.8413091769586],[-95.5883513489899,34.840365177324],[-95.5882713488014,34.839288176926],[-95.5882233491793,34.8379521762259],[-95.5882203490269,34.8377621764225],[-95.5882403490475,34.8376551768633],[-95.5882733487712,34.8375421761265],[-95.5883973491128,34.8373581765947],[-95.5885473488668,34.8372501760838],[-95.5887083491337,34.8371811764787],[-95.5890093495986,34.8371251765695],[-95.5893273490538,34.8370771761305],[-95.5895993490752,34.8370501766661],[-95.5898513490669,34.8370001761377],[-95.5900683492329,34.8369331766225],[-95.5902033491941,34.8368751766287],[-95.5906093491137,34.83655317609],[-95.5911403494223,34.8360621758145],[-95.5917653495883,34.8354991757983],[-95.5923943499429,34.8349781759279],[-95.593070349778,34.8344421753607],[-95.5941093502383,34.833608175368],[-95.5943533498487,34.8334131753211],[-95.5949393500169,34.8330211751301],[-95.5950543508485,34.8329531755735],[-95.5955603509103,34.8326511750567],[-95.596239350898,34.8323051751924],[-95.5967163505168,34.8320391754444],[-95.5971633505476,34.83183817511],[-95.5977913508766,34.8316131745551],[-95.5981903513846,34.8314861749512],[-95.5986373514228,34.8313891749354],[-95.598915351721,34.8313421745447],[-95.5995373517791,34.831221175208],[-95.5998043515654,34.831147174467],[-95.6000813518137,34.8310511745056],[-95.600324351384,34.8309441749358],[-95.6006153513773,34.8307761743382],[-95.6011423515073,34.830383175003],[-95.6013973516238,34.8301301749683],[-95.6015873523265,34.8299231743683],[-95.601669351623,34.8297871743629],[-95.6017153519503,34.8296841740885],[-95.6017493516981,34.8292531748162],[-95.601740352158,34.828940174714],[-95.6012973513832,34.8287111740251],[-95.6013293519179,34.8280011744258],[-95.6008033518001,34.8279091737887],[-95.6004173519022,34.8281381745173],[-95.5999483517621,34.8285051744445],[-95.5995893513015,34.8285051744617],[-95.5992863516103,34.8280931742865],[-95.5987893510323,34.8279091738851],[-95.5984023510831,34.8280691741169],[-95.5980433506241,34.8280921742996],[-95.5977393509026,34.8279091739353],[-95.597711350497,34.8278181742199],[-95.5980743511303,34.8276351738237],[-95.5982693511688,34.827474174454],[-95.5985223511796,34.8270381740404],[-95.5984673513109,34.8268091742323],[-95.5983023508408,34.8266261738613],[-95.5983053509317,34.8259401735759],[-95.5976153503662,34.825322173774],[-95.5972563507968,34.8252071738627],[-95.5968423504819,34.8251841737169],[-95.5965933506308,34.8252531742255],[-95.5963183504892,34.8255501736005],[-95.5963193505565,34.8258481739079],[-95.5964883503256,34.8262141737583],[-95.5965193499967,34.8266711742314],[-95.5963533504102,34.8269231742156],[-95.5960783502493,34.8269461743943],[-95.5960223503471,34.8269001740659],[-95.5958013499861,34.826831174479],[-95.5956083500435,34.8270371741334],[-95.5951113503972,34.8273121742991],[-95.5948073497892,34.8273121743136],[-95.5946973500791,34.8272441747678],[-95.5947263496093,34.8270151740563],[-95.5940083495502,34.8264871739262],[-95.593621349585,34.8264191743936],[-95.5931783497127,34.8262361740359],[-95.5932073492332,34.8258701741759],[-95.593430349674,34.8257551742368],[-95.5935993494028,34.8255481736379],[-95.5936283498355,34.8253651741569],[-95.5931853490655,34.8252051739647],[-95.5926213489906,34.8252051739917],[-95.5922713489474,34.8252051740084],[-95.5908283485854,34.8252971738404],[-95.5906613489219,34.8251141743687],[-95.590661348901,34.8248161740613],[-95.5900513484868,34.8247481745394],[-95.5896623484464,34.8249311740376],[-95.589107347901,34.8250921743238],[-95.5888573479872,34.8249311740761],[-95.5888573479776,34.8247941740283],[-95.5883023483185,34.8247711738892],[-95.587914348323,34.8249321741674],[-95.5871363482278,34.825092174418],[-95.5865263478394,34.8253901747546],[-95.5858043476416,34.8255271748369],[-95.5857213473528,34.825001174769],[-95.5855263472708,34.8245431742575],[-95.5848603469624,34.8245431742894],[-95.5844443474477,34.824429174427],[-95.5842493473834,34.8242231738918],[-95.5840553473671,34.8240401744215],[-95.5838333469709,34.8241311741488],[-95.5836113465764,34.8242461740879],[-95.5832503469208,34.8242231739396],[-95.5830563469045,34.8240401744693],[-95.5830563468867,34.8237881744929],[-95.5831393471322,34.823697173873],[-95.5828893463224,34.8235821739564],[-95.5824173469167,34.823582173979],[-95.5821123462527,34.8234451739457],[-95.5818903467044,34.8228041739559],[-95.5817233461367,34.8225521739876],[-95.5817513465214,34.8223461743411],[-95.5820843466466,34.8219341741355],[-95.5821953463774,34.821637173869],[-95.5820563462137,34.8214541734967],[-95.5819173460549,34.8213391735748],[-95.5815013465498,34.8213621737603],[-95.5810853461582,34.8215681743247],[-95.5808073458535,34.8215231740531],[-95.5806683456979,34.8214541735631],[-95.5804183457826,34.8212711740954],[-95.579808345386,34.8214541736042],[-95.5795863458811,34.8214311743485],[-95.5790583456643,34.8212481739948],[-95.5786423452663,34.8213631739432],[-95.5784483452758,34.8215461743314],[-95.5784763456974,34.8218661738575],[-95.5785873454684,34.8221411739941],[-95.5785593450837,34.82234717454],[-95.5783653451043,34.8226901742422],[-95.5782543453656,34.8228731746264],[-95.5777543455688,34.8229881745789],[-95.5772553449094,34.8229651744371],[-95.5770333453949,34.8228051742344],[-95.5768383453323,34.822622174764],[-95.5768103449058,34.822233173842],[-95.5766163448959,34.8221411740883],[-95.5761163450942,34.8221871744433],[-95.5757563446017,34.8223931741057],[-95.5756723443245,34.8226911744172],[-95.5757843450363,34.822897174057],[-95.5756173444927,34.822988174681],[-95.5753953449894,34.8229881746916],[-95.5753123447345,34.8229431744107],[-95.5750903443399,34.8230571743036],[-95.5750623448497,34.8231941743527],[-95.5752293445084,34.8233091742732],[-95.5751733446143,34.8233781747726],[-95.5750903443673,34.8234461743277],[-95.5740073445186,34.8236291747584],[-95.5734253445325,34.8239731745255],[-95.5731753437501,34.8242481746793],[-95.5729813437659,34.8245221747842],[-95.5729253438862,34.8247971749288],[-95.5727593442981,34.8250261747474],[-95.5723983437608,34.8252551754748],[-95.5722593436116,34.8252781747476],[-95.5720093437011,34.8251631748311],[-95.5717593437874,34.8250031746296],[-95.5715653437406,34.8243851748041],[-95.571315343822,34.8241561750053],[-95.5710383435636,34.8241111747337],[-95.5706493435087,34.8240881745867],[-95.570344343773,34.8243621746969],[-95.5702883430053,34.8247971750548],[-95.5700113436542,34.8248661746654],[-95.5697893432693,34.8251181755517],[-95.5696223436299,34.8252781748737],[-95.5693173429739,34.825255175622],[-95.5691783428054,34.825003174753],[-95.5685953427552,34.8250951754431],[-95.5682903429905,34.82495817541],[-95.5682623425688,34.8246371749382],[-95.5684283430611,34.8244771747169],[-95.5684283430467,34.8242711750717],[-95.568150342737,34.8241571752028],[-95.5678173425635,34.8238821750768],[-95.5675163429309,34.8229851749292],[-95.5674273423965,34.8229231747608],[-95.5673903424432,34.8224101743932],[-95.5674483424297,34.8223351745153],[-95.5676713428596,34.822064174548],[-95.5677803425093,34.8219331747727],[-95.5680303423783,34.8214571743059],[-95.5682403422018,34.8211361747221],[-95.5683853426183,34.8209571745215],[-95.5686633429036,34.8207241745122],[-95.5691843427659,34.8204811740284],[-95.5696933429748,34.8202921742466],[-95.5699583426667,34.8201941741932],[-95.5705683430601,34.8199671744459],[-95.5707513434477,34.8198951738015],[-95.5710373432131,34.8197831739983],[-95.5722033432942,34.8193241742747],[-95.5730443436014,34.81899817353],[-95.5747493443847,34.81837017405],[-95.5753763446705,34.8181891737337],[-95.577109344964,34.8177091730108],[-95.5782523448891,34.817411173548],[-95.5784013446016,34.8173731735802],[-95.5793713455031,34.8171601735646],[-95.5796793453922,34.8170881729142],[-95.5797653457821,34.8170731731149],[-95.5797513451158,34.8168311727029],[-95.579737345292,34.8157791725598],[-95.5797463447614,34.8150861728493],[-95.5797273447292,34.8143681728819],[-95.5797313448052,34.8128091726464],[-95.5797223452669,34.8125211719029],[-95.5797283445963,34.8118161725363],[-95.5797233451574,34.8103011716404],[-95.5797343446567,34.8087131718603],[-95.5797313445063,34.8085531716471],[-95.5797073441575,34.8066271715079],[-95.5797343445025,34.8065171709103],[-95.5796243447948,34.8064821710937],[-95.5791823440824,34.8064821711148],[-95.5788793444266,34.8065741708922],[-95.5785753447179,34.8065741709067],[-95.5782713440938,34.8063451711105],[-95.5776933442724,34.8063921715155],[-95.5772513435792,34.8066671716786],[-95.5769773435017,34.8072161719292],[-95.5767303437577,34.8074911711835],[-95.576151343909,34.807811171638],[-95.5752403439413,34.8079721719411],[-95.5748813434952,34.8081781716034],[-95.5744143434526,34.8086141720273],[-95.5737243429434,34.8087971715399],[-95.573359343125,34.80909917205],[-95.5733103435535,34.809140172152],[-95.5727563430563,34.8093281718896],[-95.5724083431226,34.8095681722262],[-95.5724673432719,34.8111511726708],[-95.5718613430497,34.8111761720586],[-95.5716343424157,34.8111831723935],[-95.5711493424072,34.8111831724167],[-95.5711213429073,34.811183172418],[-95.5664953415184,34.8111841726853],[-95.5663223415896,34.8111841726935],[-95.5647323406989,34.8111801725842],[-95.5624303400635,34.8111611727138],[-95.5603213402845,34.8111431728804],[-95.5598163393481,34.8111371726267],[-95.5587283392547,34.8111391727713],[-95.5565423386049,34.811150173385],[-95.555254338229,34.8111381728908],[-95.5523013379807,34.8111201730978],[-95.5511163378851,34.8111131737296],[-95.5498843374099,34.8111271735373],[-95.5486893368501,34.811115173938],[-95.5472283365469,34.8111271736641],[-95.5468153362797,34.8111221734523],[-95.5463973366798,34.8111171732408],[-95.5447443355643,34.8110971741923],[-95.5405973348071,34.8111311741658],[-95.5400733347892,34.8111411737545],[-95.5397473349601,34.8111481740941],[-95.5393173348038,34.8111451739758],[-95.5387193340513,34.8111421738655],[-95.5366313334499,34.8111591738529],[-95.5355643334323,34.8111791739305],[-95.533925332968,34.8111871743792],[-95.533768332881,34.8111761738773],[-95.5336383331433,34.8111161747029],[-95.533284332909,34.8110371746593],[-95.5323353329505,34.8108121741797],[-95.5312723321915,34.8104391740478],[-95.5308973318751,34.8102521744008],[-95.5307683321697,34.8099911740139],[-95.5305673318164,34.8096311744427],[-95.5303003320058,34.8093591744524],[-95.5297863315233,34.8089561738046],[-95.5296113314949,34.8088601738647],[-95.5293703320122,34.8088941736517],[-95.5286823315903,34.8090011741421],[-95.5285453315344,34.8090321737852],[-95.5283713315558,34.8089861743617],[-95.5281163313885,34.8085151741504],[-95.5279563311549,34.8083981741369],[-95.5278173310009,34.8083521738124],[-95.5276523314434,34.8083591741444],[-95.5274503310819,34.8085421745329],[-95.5272093307173,34.8088251741575],[-95.5269473311735,34.8090511738419],[-95.5266743311122,34.8091711740149],[-95.5260223305634,34.8093121742791],[-95.5255643309083,34.8093221747639],[-95.5251323306503,34.8091891740226],[-95.5244013300303,34.8092611746931],[-95.5233923300893,34.8104901749864],[-95.5229393297572,34.8103631745239],[-95.5226893298633,34.8104861748348],[-95.5226623304227,34.8106691743158],[-95.5229943305579,34.8110591743704],[-95.5230503304681,34.8112191745812],[-95.5229943305771,34.8113331744661],[-95.5231613302632,34.8118371753101],[-95.523049330478,34.8120201747951],[-95.5229113303864,34.8122031751807],[-95.5227993306349,34.8128671753522],[-95.522577330258,34.8132331752214],[-95.5226333301715,34.8134391748639],[-95.5226883300305,34.8135311755236],[-95.5227163304506,34.8138281748842],[-95.522327330423,34.8141941756607],[-95.5219943302784,34.8143321757707],[-95.5219663299065,34.8147211757962],[-95.5218833305636,34.814858175848],[-95.5215773298789,34.8150871756734],[-95.5215213300345,34.8158651757244],[-95.52143832981,34.8162541757526],[-95.5212163303356,34.8166661759529],[-95.5207713304186,34.8171701759269],[-95.5202443302722,34.8173301761655],[-95.5196893297056,34.8171921760978],[-95.5185503290391,34.8171001763892],[-95.5174953295589,34.8168481764632],[-95.5167183286089,34.8169851765481],[-95.5164683287225,34.8172141763709],[-95.5162463292272,34.8173281762637],[-95.5157193290792,34.817466176383],[-95.5153303290451,34.8177401764972],[-95.5151363290481,34.8178321762694],[-95.5150253284196,34.8181521767015],[-95.5149873284573,34.8181701766374],[-95.5144143288838,34.8184491769919],[-95.5142413280661,34.8185991767505],[-95.5141323284138,34.8186941766576],[-95.5141333284046,34.817901176814],[-95.5141363280886,34.8114151750881],[-95.5141453266244,34.7974051730389],[-95.5141463266491,34.797096172222],[-95.5141493264005,34.7915611713593],[-95.5141193263276,34.7847011703045],[-95.5141593258367,34.7768811688649],[-95.5141323253798,34.7753931683203],[-95.5141373255441,34.7744261685141],[-95.5141523251518,34.771730167795],[-95.514163324713,34.7710211682427],[-95.5141723250152,34.7693731674828],[-95.5141743250769,34.76892916761],[-95.5141763251447,34.7685721672685],[-95.5141643245696,34.7683071675901],[-95.5141643245196,34.7675921668612],[-95.5141663245853,34.7672041668831],[-95.5141963244837,34.7587111657598],[-95.514201323745,34.757690165252],[-95.5142013237427,34.7576571655227],[-95.5142173241701,34.7531531647298],[-95.5142343237456,34.748661163593],[-95.5142593235188,34.7416841625132],[-95.5142723229772,34.7381701616919],[-95.514273322996,34.7377751613897],[-95.5142983227771,34.7309051607671],[-95.5143203215756,34.7248331593205],[-95.5143233216685,34.724169159154],[-95.5143723212065,34.7107301565557],[-95.5143793205024,34.7088711559188],[-95.514381320567,34.7084661560529],[-95.5143903207714,34.7054051555209],[-95.5143953209437,34.7045481554115],[-95.5144823188262,34.6807241513198],[-95.5144843186766,34.6772311505711],[-95.5144863184229,34.6722401497122],[-95.5145363180462,34.6722751495317],[-95.5148023187061,34.6724991499978],[-95.5149043180405,34.6725001491399],[-95.515144318383,34.6725661494865],[-95.5153103188882,34.6725881495979],[-95.5155493182786,34.6725611492358],[-95.5158683186761,34.6724621491336],[-95.5159553191099,34.6724131495586],[-95.5162873192152,34.6723751495822],[-95.5163813190781,34.6723801498092],[-95.5166073187707,34.6724351496471],[-95.5167733192823,34.6725511496141],[-95.5168723193878,34.6727101497767],[-95.5169063191736,34.6728201494722],[-95.5169123185799,34.6732151497741],[-95.5169653192502,34.6733751499851],[-95.5171113188373,34.673534149246],[-95.5173713192092,34.6736171494793],[-95.5177363190484,34.6736111491842],[-95.5179033195965,34.6735841497249],[-95.5182683194273,34.6734581492697],[-95.5189933197648,34.673326149419],[-95.5192733192545,34.6732491494378],[-95.5195123195396,34.6731561496172],[-95.5195853193269,34.6731451491044],[-95.5196853194689,34.6731611498405],[-95.5200643199703,34.673343149256],[-95.5203373200439,34.6733981490916],[-95.5208353197548,34.6733811491803],[-95.5212013205325,34.6732721495121],[-95.5216673205543,34.6732001497537],[-95.5223653205474,34.6731901492576],[-95.5226183205866,34.6731571495164],[-95.5228503205498,34.6731021496568],[-95.5231303209365,34.6729921490472],[-95.5234023209431,34.6727501495208],[-95.5234693204388,34.6725471491118],[-95.5233563205605,34.6720581489593],[-95.5233303202377,34.6718221488255],[-95.5233433208192,34.6715141489536],[-95.5235033210244,34.6712231489624],[-95.5236423202671,34.6710971485179],[-95.5241153205987,34.6708111487435],[-95.5247203207423,34.670322148557],[-95.5250863206111,34.6700751487946],[-95.5253923212868,34.6697131482072],[-95.525964320805,34.6693061482216],[-95.5261833210434,34.6689441485376],[-95.5263963209833,34.6682901479247],[-95.526470320796,34.6679771478183],[-95.5266303209901,34.6675271476599],[-95.5266503210064,34.6673561478355],[-95.5266433215674,34.6671591477079],[-95.5266703210151,34.6670761483603],[-95.5268163214818,34.6669501479155],[-95.5272083216662,34.6668351479683],[-95.5274143213184,34.6667141477521],[-95.5276673213401,34.6664281479881],[-95.5279073216659,34.6662521479218],[-95.5287383214819,34.6655271475895],[-95.5291173219441,34.6651431477787],[-95.5293433216135,34.6648631473944],[-95.5294173214452,34.6648241473838],[-95.5295303212903,34.6648351469884],[-95.5296493214114,34.6648131477628],[-95.5297163218179,34.6647751477989],[-95.5297623221464,34.6646871473195],[-95.5297493215306,34.6645001476552],[-95.5298163219195,34.6642091476685],[-95.5298763220032,34.6641981471563],[-95.5299893218518,34.6642591472773],[-95.5302483222002,34.664671147455],[-95.530374321755,34.6647701475362],[-95.5304473215445,34.6647921476521],[-95.531199322245,34.6648081474579],[-95.531445321967,34.6648801471826],[-95.5318373221726,34.6650721470605],[-95.5321623219611,34.665149147013],[-95.5323753228457,34.6651491470029],[-95.5325083227164,34.6651221475451],[-95.532748322147,34.6650061475588],[-95.5329013229329,34.6648031471458],[-95.532934322654,34.6646491472086],[-95.5329673223823,34.6646001476363],[-95.5329413229718,34.6645511471675],[-95.5329813229995,34.6641381469292],[-95.5329143225717,34.6638691470682],[-95.5329543226224,34.6637871468669],[-95.5331273225466,34.6637211474002],[-95.5332673227446,34.6637321470035],[-95.5335863222599,34.6638801466463],[-95.533852322923,34.6641501474436],[-95.5340783226239,34.6643261474879],[-95.5342703225391,34.6643911468911],[-95.5344303227645,34.6643921469298],[-95.5348023229188,34.6642491474858],[-95.5350753229783,34.6641011469157],[-95.5352813235271,34.6639411466924],[-95.5354743234776,34.663848146874],[-95.5358803234134,34.6637551470454],[-95.5365583233745,34.6636891466554],[-95.5369173238305,34.6636231471799],[-95.5376093235289,34.6633761465028],[-95.5379543233276,34.663194147053],[-95.5381473241821,34.6631671466931],[-95.5381873242396,34.663184146579],[-95.5383733238838,34.6633541463474],[-95.5385533241571,34.6636401469903],[-95.5388053241732,34.6639421465719],[-95.5394433241157,34.6644201470895],[-95.5398693241162,34.6648541473786],[-95.5401353247736,34.665041147031],[-95.5404343242568,34.6651341468262],[-95.5407663243621,34.6650961468496],[-95.5410393244214,34.6649481471788],[-95.5411193245276,34.6648541473194],[-95.5411993246303,34.66471114699],[-95.5411063247989,34.6644921467471],[-95.5409133248289,34.6643051470913],[-95.5407133245392,34.6641891471259],[-95.5404943242708,34.6641181465469],[-95.5403683247172,34.6640361463535],[-95.5403483246837,34.6639591463866],[-95.5403683247046,34.6638541469201],[-95.5405673249232,34.6636131465441],[-95.5406673241605,34.663552146413],[-95.5407803249023,34.6635251469562],[-95.5412923243616,34.6634861469249],[-95.5415113246212,34.6634311461666],[-95.5423033244535,34.663085146297],[-95.5424493249264,34.6630471463293],[-95.5425953254017,34.6630471463224],[-95.5426493252091,34.6630631461613],[-95.5431013255092,34.6633991464084],[-95.5433203248768,34.6634481468681],[-95.5435333248627,34.663459146468],[-95.5438523252655,34.6634371463336],[-95.5440183257652,34.6633821464772],[-95.5442513257702,34.6632611462597],[-95.5444243256949,34.6632011461715],[-95.5447563258001,34.663163146195],[-95.5453283253344,34.6629871461129],[-95.5458273259708,34.662679146218],[-95.5461263254301,34.6624271462273],[-95.5462123258173,34.6623721463747],[-95.5464783255565,34.6622891461165],[-95.5466783258272,34.6621301459398],[-95.5468443263216,34.6619981461155],[-95.5470833257055,34.6618771458978],[-95.5474823262171,34.6618001459111],[-95.5480743266884,34.6617621459223],[-95.5481743259273,34.6617241459567],[-95.548812326705,34.6612791460073],[-95.5490453267107,34.6611691453998],[-95.5492443269422,34.6611141455419],[-95.5494343267582,34.6610861460351],[-95.5495443264623,34.6610701461884],[-95.5496833266142,34.6610861460233],[-95.5500163267844,34.6613171459111],[-95.5502153270197,34.6613171459017],[-95.55075432682,34.6611081460919],[-95.5509803273951,34.6609221455632],[-95.5511533273167,34.6608171460894],[-95.5512593268365,34.6608171460844],[-95.5514723268274,34.6609001454207],[-95.5517183274475,34.6609551452576],[-95.5519973269026,34.661048145953],[-95.552210326887,34.6610371454336],[-95.5524423277464,34.6609381453355],[-95.5528553270884,34.6605701453645],[-95.5532743276244,34.6604381455283],[-95.5534603272507,34.6603501450423],[-95.5536133280432,34.6602411453843],[-95.5537523272759,34.6599711454672],[-95.5537863279343,34.6596971453697],[-95.5537523272398,34.6594501456263],[-95.5537663278745,34.6592411449421],[-95.5538453279282,34.6590591455049],[-95.5539393277843,34.6589661447918],[-95.5544773275375,34.6587461453722],[-95.5549363281217,34.6584991447061],[-95.5552423279083,34.6582851446759],[-95.5555143279133,34.6580211450302],[-95.5559603278902,34.6577081449063],[-95.556269327826,34.6576401444412],[-95.5563653277799,34.6576201444099],[-95.5568313287064,34.6576261446656],[-95.5570503280667,34.6575711448067],[-95.5572563286193,34.6574661444321],[-95.5574493285668,34.657329144375],[-95.5575693287244,34.6571641448237],[-95.5576493288207,34.6569281446849]]]}},{"type":"Feature","properties":{"Precinct":"21","PCT_CEB":"610021","P0010001":"444","P0030001":346,"St_house":"018","St_senate":"07","Comm":"03","Uscong":"02","COUNTY_NAM":"PITTSBURG","CO_FIPS":"121","GeoID":"61121610021020701803","precinct_num":21},"geometry":{"type":"Polygon","coordinates":[[[-96.0890014899573,35.00019718232],[-96.0889824900596,35.0013671825298],[-96.0888874905814,35.00736118395],[-96.0888634904756,35.0088621841959],[-96.0888234905989,35.0113591846895],[-96.0888504909879,35.0118641846861],[-96.088841490762,35.0145271847697],[-96.0888264912375,35.0183071853064],[-96.0888004917104,35.0291361875391],[-96.0888054929399,35.042988190332],[-96.0887994931585,35.0498811911],[-96.0871214927149,35.0502791916217],[-96.0870174932899,35.0503041909856],[-96.0866234930122,35.0503991918058],[-96.0858574925684,35.0504601919693],[-96.0844654927485,35.0501861919422],[-96.0836314918202,35.0498431913914],[-96.0831584923705,35.0498661915799],[-96.0817114918465,35.0502551916737],[-96.0800974916837,35.0508041919886],[-96.0795404910367,35.0508281922276],[-96.0788444911432,35.0509201920243],[-96.078875490759,35.0505991915505],[-96.0787124912677,35.0502331917007],[-96.0785204904415,35.0500041918998],[-96.0776954908133,35.0494321915383],[-96.0762614899155,35.0487471913708],[-96.0755164904312,35.0486101913596],[-96.0747444897031,35.048587192131],[-96.0728214895836,35.0489071917515],[-96.0728194894934,35.0489421915733],[-96.072847489001,35.0490511921217],[-96.0729004896691,35.0491741915185],[-96.0729544894812,35.0492581918076],[-96.0729884892654,35.0493421920976],[-96.0729984897339,35.0494091916017],[-96.0729764896166,35.0494581920728],[-96.0729324893771,35.0494901917577],[-96.072868489109,35.0495141919727],[-96.0727074897381,35.0495321919146],[-96.0724704895403,35.0495441915824],[-96.0724084893627,35.0495371921606],[-96.0723594888884,35.0495271917],[-96.0721074888852,35.0494121917841],[-96.0719454894655,35.0493961919505],[-96.0717774888699,35.0494031922828],[-96.0716384887228,35.0494521918602],[-96.0711214890537,35.0497851920139],[-96.0707364892009,35.0499841922527],[-96.0701454887873,35.0501691918533],[-96.0698484885085,35.050227191855],[-96.0696834889518,35.0502401924649],[-96.069594488421,35.0502281919137],[-96.0695344883349,35.0502041926042],[-96.0694994885083,35.0501741921163],[-96.0694804885228,35.050123192454],[-96.0694604884892,35.0500471925336],[-96.0694304888857,35.0498951917932],[-96.069411488895,35.0497711923485],[-96.0693954881403,35.0495941922485],[-96.0693964881702,35.0493651924382],[-96.0693874886411,35.0492121916504],[-96.0693414882973,35.0490831919755],[-96.0692694885499,35.0490031918725],[-96.0691534885615,35.0489331922347],[-96.0690484881853,35.0488821916773],[-96.0689404885696,35.0488361922508],[-96.0688044885553,35.0487971922505],[-96.0686524878007,35.0487811924165],[-96.0684784878276,35.0488081918763],[-96.0680884877384,35.0489451919428],[-96.0678884883622,35.0490271921517],[-96.0674684877768,35.0491031920934],[-96.0670884881443,35.0491431921652],[-96.0668424875312,35.0491811921379],[-96.0666174878928,35.049232191812],[-96.066059487209,35.0493901919596],[-96.065546487714,35.0495671920854],[-96.0650894872196,35.0497571928103],[-96.0646064873204,35.0499781922737],[-96.0643434868259,35.0501231927044],[-96.0640684875762,35.0503051921507],[-96.0639214870633,35.0504251923176],[-96.063707487041,35.0505501927193],[-96.0635304869336,35.0506441925832],[-96.0633914867861,35.0506871927822],[-96.0631044869711,35.0507451927835],[-96.0629814866633,35.0507491929747],[-96.0627824864303,35.0507761924357],[-96.0625164866836,35.0507491929973],[-96.06236648692,35.0507181924687],[-96.0611204866822,35.0505311928651],[-96.0605384866637,35.0504061925022],[-96.0590864858511,35.0500091930786],[-96.0584154852996,35.0498411925279],[-96.0578274859065,35.0497771931909],[-96.0574854853342,35.0497601924205],[-96.0572394856162,35.0497401924058],[-96.0568674854524,35.049740192424],[-96.0562424852552,35.0498471929116],[-96.055614484921,35.0499831929435],[-96.0549364849633,35.050081193017],[-96.0547034849731,35.0503971932692],[-96.0544234845976,35.0506541934901],[-96.0543114848117,35.0508201930871],[-96.0542734848591,35.0509711928853],[-96.0542914848056,35.0511261928659],[-96.0545904852327,35.0518381934395],[-96.0545944845409,35.0521441932172],[-96.0545464850278,35.0523501937636],[-96.0543624846077,35.0526091931731],[-96.0541254844253,35.0528331936627],[-96.0535884847452,35.0534061932376],[-96.0530704841533,35.0540571937249],[-96.0526724846091,35.0544261937409],[-96.0524984846423,35.0545411936777],[-96.0523494840313,35.054587194016],[-96.0518104842226,35.0546621939173],[-96.0510964843923,35.0547351937345],[-96.050893483974,35.054765194234],[-96.0504544843052,35.0548301936675],[-96.0501204841167,35.0549911939431],[-96.0496064836964,35.0554501945342],[-96.0495094837057,35.0556021943816],[-96.0494884836371,35.0556841945817],[-96.0494814842288,35.0559191946701],[-96.0495344840295,35.0564871939848],[-96.0495434835723,35.0568291945296],[-96.0495074837165,35.0570381943149],[-96.0493654834421,35.0572501942444],[-96.0489784835076,35.0576041944648],[-96.048833483989,35.0577551942682],[-96.0487084835997,35.057914194441],[-96.0485634840871,35.0581491945361],[-96.0483354834255,35.0584121950322],[-96.0479054832965,35.0587771948646],[-96.0475184833762,35.059327195166],[-96.0471764837329,35.0597231955301],[-96.0470634839063,35.059967195141],[-96.0468854837693,35.0602941950004],[-96.0465354837701,35.0608981951022],[-96.0463824829876,35.0611401955218],[-96.0463204837209,35.06129419546],[-96.0462934833776,35.061425195231],[-96.0463084831863,35.0615971950995],[-96.0462934834068,35.0618291959487],[-96.0462764835239,35.0619141953883],[-96.0461734832527,35.062034195553],[-96.0456734834831,35.0625141953171],[-96.04549648338,35.062667196114],[-96.0452734829485,35.0629051954525],[-96.0452264834755,35.0630251956145],[-96.0451554828983,35.0632641958912],[-96.0450314834829,35.0638151962261],[-96.0448734833823,35.0642551959203],[-96.0445424833574,35.0647551957027],[-96.0440474829233,35.0652771965118],[-96.0437134827452,35.0655821962596],[-96.0435784827897,35.0657161961748],[-96.0428984827601,35.0661021960923],[-96.0422574827329,35.0663851966352],[-96.0417454823702,35.0663591963558],[-96.041262482449,35.066275196987],[-96.0410814821457,35.0662251964796],[-96.0407814826155,35.0661231962685],[-96.0407514821159,35.0660151966657],[-96.0406754821755,35.0658301961983],[-96.0405584821363,35.0656991964343],[-96.0401454818422,35.0653151966627],[-96.0390284821442,35.0644861961081],[-96.0385044812082,35.0642251966405],[-96.0380344818804,35.0640111966484],[-96.0379404811125,35.063926196315],[-96.0375134810287,35.0629901961688],[-96.0371924813977,35.0625231961473],[-96.0365654810281,35.0615261958847],[-96.0362804803855,35.0612951959958],[-96.0360464803129,35.0611121956287],[-96.0361064801664,35.0579091957231],[-96.0325674797276,35.0579011955252],[-96.0298644784872,35.057901195657],[-96.0293344790907,35.057905195868],[-96.0233624773419,35.0579011959739],[-96.021426476596,35.0578991959756],[-96.019075476389,35.0578791960636],[-96.018292476053,35.0578981960821],[-96.015271475357,35.0579361961899],[-96.0147034750872,35.0577961960312],[-96.0137854747671,35.0575531965168],[-96.01331547455,35.0574781966647],[-96.0130314748711,35.0574951965663],[-96.012927474548,35.0575391968098],[-96.0127604749062,35.0576591960784],[-96.0124004744132,35.0578471967059],[-96.0122394741473,35.0579251967277],[-96.0120884743423,35.0579641967421],[-96.0117424744869,35.0579921962566],[-96.0100104742079,35.0579901962484],[-96.0080774736031,35.058016196647],[-96.0062694725012,35.0580641971588],[-96.0048804728403,35.0580701966048],[-96.0027484719997,35.0580871965965],[-96.0010724716224,35.0581251966388],[-96.0003434710919,35.058134197091],[-96.0002644710256,35.0581331970485],[-96.0000124710305,35.0581311969682],[-95.99882947103,35.05813819735],[-95.9981074708244,35.058152197134],[-95.9975274709079,35.0581571973937],[-95.9970734705383,35.0581501970917],[-95.9958084703315,35.0581431977286],[-95.9901394682491,35.0582101975094],[-95.9892244680855,35.0582081974614],[-95.9875654675962,35.0582331978003],[-95.9832434668207,35.0582431975745],[-95.98106346645,35.0582321980707],[-95.9803994662362,35.0582481979445],[-95.9795634661419,35.0582911981774],[-95.9760114650983,35.0582641979996],[-95.9751074645439,35.0582421979245],[-95.9746654647312,35.058242197946],[-95.9743644642627,35.0582421979607],[-95.9743614644847,35.0507681972719],[-95.9743674635924,35.0470001963911],[-95.9743554636988,35.0437141953436],[-95.9743864622901,35.0291441934773],[-95.969033461364,35.0291031936381],[-95.965685459893,35.0291471931399],[-95.9655304592786,35.0205001921096],[-95.9655214597389,35.0201991916641],[-95.9655234597233,35.0186891919015],[-95.9655194593905,35.0166371913274],[-95.9655044594842,35.015105190547],[-95.9654824582844,35.0000641884587],[-95.9654824582745,34.9999261883648],[-95.9699544588156,34.9999741876721],[-95.9755684610546,35.0000351875257],[-95.9767104609629,35.0001731875641],[-95.9774484610117,35.0001661872042],[-95.9808844620695,35.0001621877515],[-95.9819234625876,35.0001661869869],[-95.9832064627273,35.0001371873806],[-95.9833084629608,35.0001381874221],[-95.9832964623958,35.0000191873091],[-95.9832834626488,34.9994131871322],[-95.9832794622777,34.9968231868308],[-95.9832864625636,34.9962831870106],[-95.9832824623356,34.9956911865822],[-95.9833044623284,34.9939031865382],[-95.9833024621914,34.9932861858514],[-95.9833084624481,34.9929851863047],[-95.9833074623838,34.9927351864214],[-95.9833064623109,34.9923661855254],[-95.9833114625115,34.9919291859774],[-95.9833034619988,34.9899511852321],[-95.9833134615032,34.9891141851511],[-95.9833094621804,34.9886031848755],[-95.9833144613198,34.9859051849693],[-95.9833144613038,34.9856831845837],[-95.9833204615381,34.9850691849348],[-95.9833164612654,34.9838521843484],[-95.9833024614638,34.9831291841506],[-95.983312461879,34.9824521842827],[-95.9833084616513,34.9818621839468],[-95.9833174611241,34.9812311835107],[-95.9833144608407,34.9792151837038],[-95.9833064613424,34.9788441836147],[-95.9833064613079,34.9783621837822],[-95.9833174608776,34.977788183287],[-95.9833204607138,34.9735541824143],[-95.9833124611805,34.9726941821686],[-95.98331446031,34.9718001821469],[-95.983298460436,34.9713611825073],[-95.9832864607716,34.9712611823747],[-95.9830564608847,34.9710801820998],[-95.9828084601746,34.9710611821315],[-95.9826484608486,34.9710591820467],[-95.9829544599149,34.9607831802165],[-95.9830714596652,34.95687317905],[-95.9832614592723,34.9539261792975],[-95.98323545894,34.9535631786804],[-95.9832424592219,34.9529661789192],[-95.9832624592031,34.952308179031],[-95.9832374588373,34.950827177914],[-95.9832554587222,34.9501211785016],[-95.9832554585356,34.9475071779877],[-95.9832614587763,34.9469811779163],[-95.9832714592244,34.9467631777154],[-95.9832674588099,34.9435551766802],[-95.9832794584399,34.9431751770728],[-95.983272458966,34.9424941770204],[-95.9832744581245,34.9420041768173],[-95.9832784582729,34.9414851761708],[-95.9832904587726,34.9406891761892],[-95.9834084588492,34.9406961765075],[-95.9840334590541,34.9406941763847],[-95.9840954583321,34.9406971765206],[-95.9845364589994,34.9407211767111],[-95.9846274587251,34.9407541764359],[-95.9846484588016,34.9407831759789],[-95.9846394583985,34.9409821761994],[-95.984634459074,34.9410951760354],[-95.9846014584727,34.9415101763649],[-95.9845914589435,34.9420041767536],[-95.9859924591618,34.9420121761568],[-95.9866374593946,34.9420081768397],[-95.9872164592662,34.9420231766069],[-95.9878374592843,34.9420041765965],[-95.9881574597344,34.9420011764421],[-95.9887494602071,34.9419931760431],[-95.9896414602039,34.9420031764629],[-95.9905674608773,34.9420011763255],[-95.9914454602251,34.9420141759855],[-95.9920694603833,34.9420091766232],[-95.9931284609286,34.9420011762015],[-95.9940764617234,34.9420071764334],[-95.9947814611412,34.9420011761215],[-95.9956374621648,34.9419861762849],[-95.9964644618427,34.9419591758942],[-95.9966394618639,34.941957175793],[-95.9989054626226,34.9419341755179],[-96.0000094625583,34.9419481761126],[-96.0008614633973,34.9419451759325],[-96.0008924629805,34.9411661758377],[-96.0008974632009,34.9410041755318],[-96.0008984632195,34.9406161755545],[-96.0008834633466,34.9395421752938],[-96.0009134629063,34.939082175579],[-96.0008964629837,34.9386111753572],[-96.0009064625379,34.9384681750313],[-96.000931462784,34.9382741750415],[-96.0009474625985,34.9378801747858],[-96.0009634624142,34.9375021752708],[-96.0009814631662,34.9363421746242],[-96.0009504625408,34.9351221747994],[-96.0009674622267,34.9322741742426],[-96.0010054621152,34.9312231741449],[-96.0009694621728,34.9302191735288],[-96.0009714621886,34.9291401739351],[-96.0009424625179,34.9273941731398],[-96.0033124627013,34.9273411732693],[-96.0040724628699,34.9273201731596],[-96.0043444628924,34.9273131728224],[-96.0048904630314,34.9273171729811],[-96.0057064631011,34.9273271725053],[-96.0061554632397,34.9273471725102],[-96.0063704633174,34.9273471724998],[-96.0067824635374,34.9273481725262],[-96.0095084640449,34.9273381728307],[-96.0099084646076,34.927337172765],[-96.0108344643818,34.9273371727202],[-96.012045464782,34.9273421728931],[-96.0129894653921,34.9273601727815],[-96.0141364655216,34.9273521723557],[-96.015842465492,34.927327172015],[-96.0171894659028,34.9273181724324],[-96.018554466249,34.9273111720423],[-96.0218004674768,34.9271431722011],[-96.027207469105,34.9271571716883],[-96.0272224683944,34.9200501709],[-96.027200467876,34.914473169903],[-96.0271974675886,34.9123931689312],[-96.0271754664713,34.8984001667962],[-96.0271754664563,34.8981881668735],[-96.0182724645802,34.8980961666414],[-96.018291464153,34.8923471657723],[-96.0183044635682,34.8882931651378],[-96.0183084636597,34.8869711650853],[-96.0183304635654,34.8839451643808],[-96.0183874635108,34.8839451643781],[-96.0186314631341,34.8839371639959],[-96.0193104640427,34.8839131646506],[-96.0254214650397,34.8838881640975],[-96.0260734655971,34.8838851639271],[-96.0263944651953,34.8838991636605],[-96.0446284698853,34.8837611626863],[-96.0447524695371,34.8738761609793],[-96.0448124696102,34.8737171608095],[-96.0447074678831,34.854638157927],[-96.0311744644515,34.8547041580377],[-96.0310294648716,34.8539941584479],[-96.0309524648656,34.8535341578387],[-96.0309454644878,34.8527841581889],[-96.031011464811,34.8522291576712],[-96.0311254646656,34.8517201574822],[-96.0313114642617,34.8512131573824],[-96.0316224642572,34.8506851581029],[-96.0319964644748,34.8501381579407],[-96.0323154648508,34.8497451577166],[-96.0327764646134,34.8492991577297],[-96.0333134651995,34.8488131576859],[-96.0335194648466,34.8486271571584],[-96.0342444651483,34.8480091572894],[-96.0343574649856,34.8479121572896],[-96.0355254651156,34.8468631572298],[-96.0364124657224,34.8460651562139],[-96.0370104655374,34.8455421562528],[-96.0385124658516,34.8442681565516],[-96.0390554658129,34.8437291558523],[-96.0393414655615,34.8433871561923],[-96.0395074660478,34.8431471558646],[-96.0396744656666,34.8427021559382],[-96.0397464662675,34.8421381559029],[-96.0397464662596,34.8420261561133],[-96.0397414659622,34.8411011555558],[-96.0397484662256,34.8402371551239],[-96.0398974659408,34.8402401552556],[-96.0500384685618,34.8402441549523],[-96.0518024694236,34.8402291550722],[-96.052209469411,34.8402201546359],[-96.0533084691119,34.8401971544174],[-96.0547354696362,34.8402071548116],[-96.0574204700396,34.840185154563],[-96.0580544706612,34.8401791542547],[-96.0625074721142,34.8401771539476],[-96.0634734719456,34.8401951538351],[-96.0659294725245,34.8402181538823],[-96.0660634724434,34.8402201539684],[-96.0661984724085,34.8402211540082],[-96.0677054730456,34.8402341536381],[-96.0710254741181,34.8402241539145],[-96.0711094735168,34.8402241539105],[-96.0711924737684,34.8402231538602],[-96.0724044742147,34.8402271539869],[-96.0755904753673,34.840201153529],[-96.0759514750206,34.840199153419],[-96.0784454755619,34.8402081537155],[-96.0809044762779,34.8402041534118],[-96.0815714766303,34.8401861534456],[-96.082408476772,34.8401631532397],[-96.0830164770876,34.8401631532104],[-96.0839414768151,34.8401641532121],[-96.0880754787633,34.8401631529666],[-96.0887884785522,34.8401631529322],[-96.0908344790007,34.8401411527144],[-96.0915734790964,34.8401481530029],[-96.0919394789809,34.8401371524759],[-96.0919374789216,34.8406071526525],[-96.0918864797825,34.8480501546105],[-96.0918854797427,34.8481431544197],[-96.0918804795668,34.848932154077],[-96.0919184795727,34.8495291547355],[-96.091911480156,34.849650154942],[-96.0919024797495,34.8498041548778],[-96.091843479725,34.849994154684],[-96.0917484798354,34.8502651546449],[-96.0917384802724,34.8502841546257],[-96.0916374800997,34.8504861549896],[-96.0917834796805,34.8505561546261],[-96.0918414796758,34.8506071551859],[-96.0918944803446,34.8507451543779],[-96.0918844799052,34.8510871549239],[-96.0918864800238,34.8514511546892],[-96.0918884801403,34.8517851548643],[-96.0918964806052,34.8531091550087],[-96.0918844801504,34.854542155704],[-96.0918104803244,34.8546581556822],[-96.0917064800031,34.8547271552845],[-96.091555480199,34.8547781558544],[-96.0906744798133,34.8547671553876],[-96.090628480378,34.8547661553435],[-96.0903884800402,34.8547631552162],[-96.0895794793952,34.8547411560353],[-96.0890154793214,34.8547421552095],[-96.0890094799548,34.8549161560711],[-96.0890064798235,34.8550261557681],[-96.0890154794235,34.8561801561357],[-96.0890154795094,34.8573901563985],[-96.0890324794724,34.8584321560769],[-96.0890184798092,34.8596531568496],[-96.0890184798099,34.8596631564133],[-96.0890184798107,34.8596741569226],[-96.0890124796221,34.8609361568952],[-96.0890324797284,34.8620371566071],[-96.089013479834,34.8632671568974],[-96.0890094807285,34.8658101577218],[-96.0890234805674,34.867063158176],[-96.0890074808186,34.8683831581363],[-96.0890104810218,34.8692851585283],[-96.0890084814539,34.876668159504],[-96.089006481369,34.8767781601002],[-96.0890204811529,34.877256159747],[-96.0890184812529,34.8799661602091],[-96.0890274817149,34.8805941605054],[-96.0890224817168,34.8838791606093],[-96.0890214817302,34.8847201608751],[-96.0890294823352,34.8880081620165],[-96.0890334817231,34.8894371616263],[-96.0890244822508,34.8900801617188],[-96.0890434823046,34.891092162706],[-96.0890514819105,34.8929771627431],[-96.0890404823625,34.8938591631089],[-96.0890474827252,34.8943931626507],[-96.0890464827284,34.8950891633979],[-96.0890464827292,34.8951011630542],[-96.0890444827322,34.8964451632255],[-96.0890254828605,34.8979901637104],[-96.0891134824694,34.8983361635374],[-96.0889664829668,34.9000161639834],[-96.0889624829191,34.901950164491],[-96.0889594828905,34.9035011643535],[-96.0889524835471,34.9046501644901],[-96.0889474836483,34.9093221658564],[-96.0889434836325,34.9117021663283],[-96.088941483642,34.9131351661235],[-96.0889394836126,34.9140231667666],[-96.0889364836501,34.9164991671865],[-96.0889354836282,34.9168421668789],[-96.0889274845943,34.9229771685296],[-96.0889264846566,34.9245001679949],[-96.0889194848084,34.93117116928],[-96.0889944847544,34.9320861693708],[-96.0889954848202,34.9323581702725],[-96.0889824851932,34.9334291703955],[-96.0889844855703,34.937409171199],[-96.0889674857107,34.9378211704894],[-96.0889594853579,34.9380751705582],[-96.0889664856925,34.9382151707443],[-96.0889924851371,34.938741170814],[-96.0889424855894,34.9397611712755],[-96.0889274859376,34.9417831713608],[-96.0889234857886,34.9422931715906],[-96.0889454859938,34.9434721722152],[-96.0889534855497,34.9446511719413],[-96.0889524864836,34.9457831721898],[-96.0889464862164,34.9459371721254],[-96.0889154857335,34.9467101728414],[-96.088916485787,34.9468111721215],[-96.0889214860716,34.9475481729678],[-96.0889334866836,34.9483241729214],[-96.0889204861281,34.9489861729942],[-96.088951486676,34.9491211729477],[-96.0889884865965,34.9491691724702],[-96.0890864867958,34.9512841732584],[-96.0890864868426,34.9519381729602],[-96.0890864876496,34.963213175159],[-96.0890864879007,34.9667201765463],[-96.0890864880639,34.9689971767455],[-96.0890874882521,34.9709781767303],[-96.0890884883663,34.9719241773604],[-96.0890844887525,34.9799001788079],[-96.08908448913,34.9851641797017],[-96.0890844896573,34.9925131808984],[-96.0890744892439,34.9932141809778],[-96.0890014899573,35.00019718232]]]}},{"type":"Feature","properties":{"Precinct":"26","PCT_CEB":"610026","P0010001":"835","P0030001":664,"St_house":"017","St_senate":"07","Comm":"01","Uscong":"02","COUNTY_NAM":"PITTSBURG","CO_FIPS":"121","GeoID":"61121610026020701701","precinct_num":26},"geometry":{"type":"Polygon","coordinates":[[[-95.5076923393969,35.0005972101009],[-95.5076883390497,34.9983272102228],[-95.507681339296,34.993713208839],[-95.5076803392189,34.9932822086692],[-95.5076743387655,34.990820208895],[-95.5076723385794,34.9895082084052],[-95.5076723385683,34.989352208377],[-95.5076713384718,34.9886462080655],[-95.5076703383902,34.9881522085762],[-95.5076723384747,34.988036207702],[-95.5076693383006,34.9875452083516],[-95.5076703383311,34.9873212078731],[-95.5076683381987,34.9867642081649],[-95.5076653388738,34.9855672076036],[-95.5076613385292,34.9833302074546],[-95.5076603384406,34.9827362069326],[-95.5076453381017,34.9751022060196],[-95.5076323369567,34.9674732044384],[-95.5076323369529,34.9674192046362],[-95.5076273374554,34.9650962041027],[-95.5076283374715,34.9646692041179],[-95.5076323365835,34.9622162029609],[-95.5076173365629,34.9590562023461],[-95.5076133362464,34.9572092022672],[-95.5076123361403,34.9563692020467],[-95.5077513362912,34.95636920204],[-95.5114913370622,34.9563562021576],[-95.5249553409165,34.9563052018466],[-95.5277753412918,34.9563072009042],[-95.5300023420457,34.9563082008434],[-95.5431353458407,34.9563012007867],[-95.5453933462494,34.9565252002571],[-95.5521693484294,34.9566652001177],[-95.5597823498448,34.9566651997513],[-95.5602193503052,34.9563802000248],[-95.5602273497362,34.9558071995754],[-95.5763863545026,34.9563341989154],[-95.5775983549505,34.9563321987645],[-95.5951993590981,34.9562861984851],[-95.603647361463,34.9562771976616],[-95.6050143619045,34.956278197642],[-95.6059063619016,34.9562761975065],[-95.6066423618604,34.9562961974977],[-95.6077813625198,34.9562891971187],[-95.6080093623033,34.9563181975511],[-95.6228143662917,34.9563141966527],[-95.6227983664591,34.9564551968864],[-95.6230493664074,34.9564481965502],[-95.6250113665636,34.9564641962971],[-95.6263663673494,34.9564871963974],[-95.6276103674821,34.956481196959],[-95.6299123681149,34.9564651961073],[-95.6304433687366,34.9603831967172],[-95.6306973689581,34.9622601972732],[-95.6307433685132,34.9639461979892],[-95.6303463690155,34.9643281977081],[-95.6314723690686,34.9642741978517],[-95.6328343692959,34.9645261977622],[-95.6332513697419,34.9644351980255],[-95.6338073694164,34.9640231978093],[-95.6338073694098,34.9639311980463],[-95.6346973702104,34.9638861977186],[-95.6351143697667,34.9639321971303],[-95.6356703703747,34.9640011976002],[-95.6357343706417,34.9639581974049],[-95.635809370519,34.9639091978306],[-95.6358093704913,34.9635201978068],[-95.6360043705347,34.9634291971815],[-95.6375593707373,34.9639381972903],[-95.6392293708242,34.9637041971677],[-95.6397853714128,34.9634991975421],[-95.6402863712412,34.9631781970452],[-95.6406193714035,34.9632931969576],[-95.6407303711617,34.9633851976144],[-95.6407303711861,34.9637281973071],[-95.6405083716991,34.9639571971284],[-95.6404303716916,34.9641311970943],[-95.640396371919,34.9642081970637],[-95.6404803713325,34.964414197604],[-95.6415083713854,34.9650331974351],[-95.6422033721507,34.9651931976149],[-95.6424813724669,34.9653991972465],[-95.6425933722779,34.9655821976199],[-95.6429273724834,34.9656511972011],[-95.6455963730479,34.9656291969532],[-95.6460693733846,34.9654231972853],[-95.6466803729053,34.9649201973499],[-95.6468473734503,34.9648511968452],[-95.6469993733119,34.9649531970637],[-95.647014373114,34.9650341972159],[-95.6471533732762,34.9651951974688],[-95.6471253728836,34.9652861971867],[-95.6471813736868,34.9653551967814],[-95.6475143738393,34.9653321974991],[-95.6477373733808,34.9652181976062],[-95.6487663734149,34.9649211972956],[-95.6503783743983,34.9645321971941],[-95.6504623737922,34.9644631966933],[-95.6511573745331,34.9642801971804],[-95.6511573745136,34.964006197085],[-95.6508233742951,34.963754197125],[-95.6508233742886,34.9636621964628],[-95.651491374649,34.9630901969273],[-95.6516023743876,34.9629071965431],[-95.6513803739378,34.9622431963883],[-95.6512413737512,34.9617401964891],[-95.6511583743271,34.9607331966349],[-95.6510473736664,34.9605951965462],[-95.6508523736133,34.9605491962245],[-95.6508253741566,34.960504195941],[-95.650463373552,34.9604351963611],[-95.6502133736398,34.9602971962792],[-95.65021337363,34.9601601962315],[-95.6503243733719,34.9600231961784],[-95.65090837347,34.9599541956536],[-95.6510193741258,34.9600231961449],[-95.6518533741264,34.9599551956543],[-95.6522153738121,34.9597491959919],[-95.6524373741951,34.9594741958395],[-95.6528273742735,34.9591771955598],[-95.6535223741248,34.9591311960945],[-95.6536333747725,34.959085195758],[-95.6539943744249,34.9590621955751],[-95.6543563750279,34.9591081958887],[-95.6551903750333,34.9591081958485],[-95.6555513746792,34.958994195949],[-95.656497375333,34.9583081956186],[-95.6568443752286,34.9581871953956],[-95.6568343757422,34.959284195824],[-95.6568073756218,34.9625521960439],[-95.6563983755446,34.9626091960046],[-95.6553833752492,34.9627481961938],[-95.6549943752025,34.9628391968285],[-95.654549375278,34.9632281968738],[-95.6545323753953,34.9633171964986],[-95.6518703744115,34.9655231971389],[-95.6502693739901,34.9666401976706],[-95.6474833734632,34.967611197795],[-95.6460013731574,34.9686311983266],[-95.6447563730678,34.9698931983598],[-95.6412593719961,34.9715931989956],[-95.6389473718635,34.9725161986735],[-95.6360113706979,34.9737991997606],[-95.6347273706116,34.9752481994604],[-95.6338463703378,34.9768311999489],[-95.6334793705268,34.9785342005726],[-95.6328423707472,34.9797032007673],[-95.6317873704599,34.9807472005909],[-95.6309203698522,34.9811502013047],[-95.6319483708514,34.9824282010697],[-95.6334733706429,34.9840692014295],[-95.6349133718455,34.9851072017541],[-95.6364453719301,34.9863052013882],[-95.6374933720372,34.9872892019295],[-95.6387503728663,34.9885942020342],[-95.6394543732656,34.990379201906],[-95.6391153729885,34.9925602021759],[-95.6385093728425,34.9936532024477],[-95.6375223730135,34.9947342030816],[-95.6365823726574,34.9956932034608],[-95.6357523729173,34.9968132031948],[-95.6355933727919,34.9975642037986],[-95.6358213726596,34.9987722039586],[-95.6361503727232,35.0001022043661],[-95.6372743735867,35.0001022043118],[-95.6414703741283,35.0030172041716],[-95.6469803762494,35.0059142049331],[-95.6480703766493,35.0089092050495],[-95.6487283768062,35.0119832061462],[-95.6471503767077,35.0152762066986],[-95.6341133745874,35.026710208806],[-95.6324803736845,35.0292682095058],[-95.6320513737679,35.0319672103801],[-95.6328933742822,35.033894210524],[-95.6354733753047,35.0351072108014],[-95.6396603761197,35.0350982101821],[-95.6441643773099,35.0359782102374],[-95.648482378878,35.0370032107197],[-95.6518173798594,35.0384942103415],[-95.6551703808831,35.0414772106915],[-95.6661283843332,35.0512252118175],[-95.6657453876624,35.0944682201201],[-95.642007382106,35.1056822233524],[-95.6336003802231,35.1109652246386],[-95.6252583788831,35.1193992261176],[-95.619710377415,35.1251032278707],[-95.6153753772097,35.1289902290779],[-95.6141733764037,35.1300682286839],[-95.6087433759296,35.1360282305925],[-95.6046973749028,35.1422082318276],[-95.6037963747061,35.1452322324825],[-95.6023483753552,35.1500912335849],[-95.6012343751324,35.152547234033],[-95.5997623745551,35.1558332342552],[-95.5985543745749,35.1597462356145],[-95.5952343734963,35.1597582354325],[-95.5866443717402,35.1597872353948],[-95.5863653713917,35.1597802359836],[-95.5863743715628,35.1563702354875],[-95.5863763713971,35.1527882342229],[-95.5863763713,35.1514422339587],[-95.5863883708281,35.1496532338681],[-95.5863793701665,35.1462672335846],[-95.5863783701002,35.1459902333505],[-95.5863783700103,35.1447432331731],[-95.586380369102,35.1308542304529],[-95.5773723668269,35.130603230961],[-95.577418366994,35.128277230288],[-95.577451366598,35.1265042300376],[-95.5774783667292,35.1234262296228],[-95.5775433656192,35.1161012286287],[-95.5773873655794,35.1161022286825],[-95.56873736374,35.116150228627],[-95.5687043631338,35.103987226677],[-95.5686973626371,35.1015912263627],[-95.5429993562117,35.1017062275379],[-95.542999356182,35.1012932273023],[-95.5429003555715,35.0941062255095],[-95.5428393551069,35.0894552251155],[-95.5428143544668,35.0841562243958],[-95.5432373551732,35.0838162239221],[-95.5435673548167,35.0786322231136],[-95.5435343541574,35.0782382228599],[-95.5433433542452,35.0775712225648],[-95.5431313542541,35.076843223044],[-95.5431133543024,35.0766162224275],[-95.543093354245,35.0762082224244],[-95.5430943542747,35.0759752224286],[-95.5430933541359,35.0746872221512],[-95.5430703538312,35.0727692223842],[-95.5430863536442,35.0723552221016],[-95.5430893537615,35.0720502214702],[-95.5431063535096,35.0700832212313],[-95.5431193540457,35.0691502212014],[-95.5429573534717,35.0655782204061],[-95.542955353365,35.0653832203712],[-95.5427113537434,35.0654212203437],[-95.5426863532758,35.0625222201238],[-95.5426603526609,35.0582122193276],[-95.5426633527949,35.0581412196375],[-95.5428363525242,35.0553502190123],[-95.5519763537802,35.0437812162375],[-95.5521053539851,35.0384442155487],[-95.5521313539669,35.0339012147539],[-95.5427933498491,35.0206492122919],[-95.5426643497221,35.0144832110046],[-95.5426543492019,35.0136912112086],[-95.5426773491331,35.0103812108426],[-95.5429853496819,35.0069472101178],[-95.5431183495199,35.0064622101394],[-95.5430663488624,35.0058352098907],[-95.542960349284,35.0050122095633],[-95.5428123486504,35.0040952093825],[-95.5428223490965,35.003847209591],[-95.5428453492503,35.0036582089333],[-95.5429053493167,35.0034042088616],[-95.5429163489128,35.0031972091697],[-95.542857348844,35.0027672090491],[-95.5428123485441,35.0026042086991],[-95.5428223488985,35.0010682086298],[-95.5356943466454,35.0018222097089],[-95.5355133472074,35.001297208793],[-95.5352863465211,35.0005702093188],[-95.5350753465888,35.0000122086751],[-95.5349673469466,34.999596209205],[-95.5345753467068,34.998931209012],[-95.5345313464595,34.9988552090928],[-95.5341463465643,34.9984702083733],[-95.5339263462378,34.9982392084807],[-95.5334113456869,34.997532209047],[-95.532891345806,34.9968622086287],[-95.5322123457239,34.9958802081619],[-95.5317453456075,34.9952752080524],[-95.5314123454251,34.9948812078131],[-95.5312263448754,34.9946302078922],[-95.5310723449167,34.9944672084468],[-95.5308563447846,34.9943592079535],[-95.5305263447618,34.9942522084113],[-95.530229345368,34.9941172084705],[-95.5298503448651,34.9939212084074],[-95.5295333445374,34.993696207898],[-95.5293743443496,34.9935722084598],[-95.5291613443626,34.9935482082582],[-95.529089344622,34.9935632080568],[-95.5289413449553,34.9935952077469],[-95.5275643440707,34.9938892079353],[-95.5261683441066,34.9942252082707],[-95.5248813438023,34.994573208257],[-95.5239643435612,34.9948042082044],[-95.5232143429712,34.9950422084679],[-95.5223533426278,34.9952542084323],[-95.5220303429448,34.995360208859],[-95.5218033432169,34.9954642091884],[-95.5212763430756,34.9956962091633],[-95.520886342984,34.9958102090643],[-95.5197173427581,34.9961882086352],[-95.5189573426034,34.9964212095671],[-95.518248342113,34.99661520959],[-95.5177873423278,34.9967532088069],[-95.517043342016,34.9969902090238],[-95.5165583420183,34.997145209029],[-95.5160633415623,34.9973772090024],[-95.5150533415203,34.9978242099617],[-95.5143843410874,34.9980332097779],[-95.5140373411879,34.9981002092993],[-95.5134553411876,34.9982442096992],[-95.5126383410935,34.9985622100726],[-95.5123833409647,34.9986402100989],[-95.5123073410385,34.9986542098514],[-95.5122463409053,34.9986232102178],[-95.5121963403886,34.998669209652],[-95.5120503408156,34.9987142099438],[-95.511354340019,34.9987712099185],[-95.5109923403212,34.9988092098966],[-95.510656340039,34.9989682100798],[-95.510217340383,34.9992232102161],[-95.5098693404553,34.9995452098527],[-95.5096323402714,34.9997572097869],[-95.5091933397156,35.0000052104984],[-95.5088053397216,35.0001882099967],[-95.5086013401598,35.0002742103909],[-95.5083793397638,35.0003682102571],[-95.5078723396468,35.0005452103826],[-95.5076923393969,35.0005972101009]]]}},{"type":"Feature","properties":{"Precinct":"27","PCT_CEB":"610027","P0010001":"2361","P0030001":1994,"St_house":"015","St_senate":"07","Comm":"01","Uscong":"02","COUNTY_NAM":"PITTSBURG","CO_FIPS":"121","GeoID":"61121610027020701501","precinct_num":27},"geometry":{"type":"Polygon","coordinates":[[[-95.4510393444298,35.2756442640067],[-95.4510343450099,35.2744432632616],[-95.4510203442901,35.2734722632729],[-95.4510103446783,35.2728212628109],[-95.4510043443699,35.2724062633825],[-95.4510183439817,35.2705052626034],[-95.4510073442968,35.2694862621909],[-95.4510063442423,35.2693732623552],[-95.4510123445038,35.2691432624981],[-95.4510133445485,35.2691202623325],[-95.4510133445475,35.26910726263],[-95.4510293443479,35.2685252626634],[-95.4510083442718,35.2685032625452],[-95.4509853440987,35.268424262486],[-95.4509433439441,35.268349262613],[-95.4509463440764,35.2682542627111],[-95.4509483441649,35.2681952626774],[-95.4509573445594,35.2678822625748],[-95.450942343799,35.2669892617007],[-95.4509293440802,35.2667802619176],[-95.4509113441237,35.2664902619818],[-95.4508943442275,35.2663922619421],[-95.4511163437002,35.2659682620859],[-95.4511093440331,35.2626402608906],[-95.4511593435946,35.2618232608341],[-95.4510123431211,35.2501032587189],[-95.4510613414283,35.2326262553543],[-95.4510623414446,35.2322112559255],[-95.4510643415155,35.2319092554332],[-95.4510303414857,35.2284362547202],[-95.4510233411162,35.2278162547938],[-95.451015341294,35.2229762537422],[-95.4510113410829,35.2226232535869],[-95.4510103407185,35.2182292533988],[-95.4510103407177,35.2182182528895],[-95.4510113407613,35.2181802529288],[-95.4510113407557,35.2181032529611],[-95.4510103406797,35.2176932528646],[-95.4510093403799,35.2141912526057],[-95.4510123403712,35.2121492515937],[-95.4510093401066,35.2104132512596],[-95.4509993392709,35.2052702505684],[-95.4509833393942,35.2048002503926],[-95.4509943397592,35.2027932501014],[-95.4551973404211,35.2027962500355],[-95.4551973404132,35.2026872503849],[-95.4553413407961,35.2026892504705],[-95.4588403411889,35.2027412500096],[-95.4611883421622,35.2027812499486],[-95.472690344984,35.2029762494232],[-95.4743173457824,35.2028332490185],[-95.4749073452567,35.2027212492003],[-95.4777033463175,35.202706249269],[-95.4839163475602,35.2026712482451],[-95.4905623499998,35.2026692487279],[-95.5078493539873,35.2026632476076],[-95.5083303547099,35.2026632475841],[-95.511032354989,35.202377247701],[-95.5152173557126,35.2023532472851],[-95.5237883583873,35.2023062464899],[-95.5265803592622,35.2022902465123],[-95.5298673597114,35.2022892463057],[-95.5326243607629,35.2022892461713],[-95.5335443611382,35.2019912458194],[-95.5350503608302,35.2019692456268],[-95.5353293611517,35.2016022457088],[-95.5355243611951,35.2015112459828],[-95.5358313610414,35.2014882458023],[-95.5359143612999,35.2015802455611],[-95.5361103614061,35.2017172455991],[-95.5367233619533,35.201694246303],[-95.5401813622553,35.2019242459911],[-95.5405993627791,35.2022672456632],[-95.5416193633163,35.2022602461887],[-95.5415753630601,35.2020612459707],[-95.5416033625069,35.201329245354],[-95.541798362542,35.2011232456996],[-95.5421053632809,35.2010082457563],[-95.5431653629708,35.2009402452543],[-95.5445873632721,35.201032245847],[-95.5459533636876,35.2013062449763],[-95.5463713641999,35.2014902453809],[-95.5473473645388,35.202085245901],[-95.5476223647112,35.2022202458426],[-95.5594223678375,35.2021082445783],[-95.5743403716709,35.2020282437439],[-95.5741613715017,35.2025522446305],[-95.5741333711142,35.202713243992],[-95.5739713716969,35.2027352441191],[-95.5738293714104,35.2027832445497],[-95.5736413716914,35.2028702440901],[-95.5734823715142,35.2028942443098],[-95.5731443711288,35.2029062439825],[-95.5727743710598,35.2029412447216],[-95.5722673709314,35.2029602447267],[-95.5720563710411,35.2029902443274],[-95.5718363707348,35.2030402448543],[-95.5715623706263,35.2031462443794],[-95.5712673704447,35.2032732448777],[-95.5709703710706,35.2034132441794],[-95.5707203702791,35.2035562445169],[-95.57050537021,35.2036792448261],[-95.5702333701992,35.203855244894],[-95.5699713706549,35.2040672448294],[-95.5698253701912,35.2042302451885],[-95.5697593707343,35.204320244862],[-95.569382370369,35.2047472448646],[-95.5692753699173,35.2049382447196],[-95.5691173706958,35.2051012450793],[-95.5688293699564,35.2054602446273],[-95.5685213700888,35.2058292455384],[-95.5682953704229,35.2061472449838],[-95.5682473700045,35.2062692452386],[-95.5682053698652,35.2064052452419],[-95.5681833697536,35.2065342449202],[-95.5681763703324,35.2065902457146],[-95.5685233702367,35.2065912448446],[-95.5685243704143,35.2084022459528],[-95.5689313704049,35.2084262452455],[-95.5686993704792,35.2089982456589],[-95.5687333702605,35.209043245942],[-95.5688503702923,35.2090672452488],[-95.5689263702222,35.2091052461051],[-95.569070370608,35.2091482453909],[-95.5692033704859,35.20922024602],[-95.5693693709931,35.2092692455825],[-95.569510370341,35.2093192460919],[-95.5696883705045,35.2093562459976],[-95.569858371195,35.2093752459696],[-95.5700143712363,35.2093942459424],[-95.5701803708419,35.2094122458683],[-95.5703363708823,35.2094182452391],[-95.5705023713873,35.2094372461107],[-95.5706693710396,35.2094592453225],[-95.570805371054,35.2094962452302],[-95.5708733706122,35.2095242456239],[-95.5709643712377,35.2095612455339],[-95.5710823713161,35.2095892459251],[-95.571150370875,35.2096262458362],[-95.5712453707898,35.2097072459844],[-95.5713093710657,35.2097882461342],[-95.5713583715458,35.2098752456631],[-95.5713663710264,35.2099992460077],[-95.5713783715902,35.2100992461403],[-95.5713783715992,35.2102232455861],[-95.5722263713556,35.2102322459613],[-95.5751083719119,35.2102822454376],[-95.5750463729723,35.214950246622],[-95.5750113724362,35.2175392468795],[-95.5700303716667,35.2175022472083],[-95.5692393709566,35.2174962469692],[-95.5677503711514,35.2174862474782],[-95.5572173683126,35.2174082479785],[-95.5571933682554,35.2195672481125],[-95.5571773685224,35.2210802480151],[-95.5616433696905,35.2211122483792],[-95.5616523694728,35.2247562489157],[-95.5661293711521,35.2248032490744],[-95.5661073711609,35.226592249165],[-95.5683393712489,35.2266092489437],[-95.5683403714744,35.2290772489932],[-95.5683383713973,35.2292932491011],[-95.568585372052,35.2291832493922],[-95.5693533716718,35.2288622488822],[-95.5703453726772,35.2284152488229],[-95.5721803722811,35.2276092491886],[-95.5735403732544,35.2270122484619],[-95.5739863732392,35.2268202485441],[-95.5756283737912,35.2260952481728],[-95.5767483735331,35.2255822486489],[-95.5769873738169,35.2254732480874],[-95.5779353736831,35.2250542484273],[-95.5804153743994,35.2239582479255],[-95.5807933748299,35.2237912473699],[-95.5809413744944,35.2237302481358],[-95.5811433748629,35.2236482479267],[-95.5824843749587,35.2231012477172],[-95.5843143752367,35.2223872469466],[-95.5847363759098,35.2222322469444],[-95.5856613756145,35.221893247392],[-95.5866113755812,35.2215812472898],[-95.5869043756728,35.2214922467523],[-95.5873213761126,35.2213172467237],[-95.5881843765467,35.2210792473537],[-95.5890353764199,35.2207812470052],[-95.5898483763319,35.2205162463877],[-95.5911593768449,35.220105246181],[-95.5917643770078,35.2199012465991],[-95.5921763772193,35.2197732469481],[-95.5927623774016,35.2195852463094],[-95.5940703777729,35.219139246281],[-95.5940853775691,35.2191372461876],[-95.5949273779271,35.2188792458928],[-95.5951643781208,35.2188062460988],[-95.5960533779587,35.2185232464429],[-95.5965663783547,35.2183592460195],[-95.5974383783017,35.2180512461063],[-95.5980613783996,35.2178402461995],[-95.6000143789947,35.2172512458143],[-95.6010473792098,35.2168942454233],[-95.6015993796147,35.2167142451565],[-95.6034573802994,35.2161072448419],[-95.6042903802394,35.2158402450302],[-95.605043380071,35.2156332453022],[-95.6059173810224,35.2154952451657],[-95.6065783810973,35.2154702448752],[-95.6068243808137,35.2154602452996],[-95.6070283812815,35.2154682447607],[-95.6071393810342,35.2154832445504],[-95.6075113812002,35.2155062446977],[-95.6080333811335,35.215608244898],[-95.6085743810503,35.2157332452629],[-95.608809381161,35.2157952445246],[-95.6096213819622,35.2160302445731],[-95.6104743819704,35.2163152451358],[-95.6110163819347,35.2164562453421],[-95.6106193815446,35.2169282447311],[-95.609966381908,35.2178812457175],[-95.6094113814127,35.218732245574],[-95.6088553817707,35.2195862455694],[-95.6081433811872,35.2204102459822],[-95.6069183810333,35.2203812455987],[-95.6056543808695,35.2203542462091],[-95.6023493796146,35.2207452464866],[-95.5993873790156,35.221657246587],[-95.5962083783092,35.2234442467391],[-95.5950703786498,35.2242042469076],[-95.594270378473,35.2249042469797],[-95.5930703777762,35.2262042478704],[-95.5921703774657,35.2270042480805],[-95.5911703779282,35.2280042476626],[-95.5902693776076,35.2293042485387],[-95.5892693771926,35.2306042485204],[-95.5883693768966,35.2316042489969],[-95.5875693767488,35.2327042487023],[-95.5862693768178,35.2341042497311],[-95.5846693764423,35.2352042494757],[-95.5836693759981,35.236104249824],[-95.5822693759044,35.2372042504581],[-95.5812693754531,35.2380042506731],[-95.5802693758938,35.238704250755],[-95.5792693754279,35.2393042507037],[-95.5777693751933,35.2404042513427],[-95.5758693744241,35.2419042516347],[-95.5758693744314,35.2420042517679],[-95.5757693742905,35.2420042517727],[-95.5744693743304,35.2430042513695],[-95.574069374688,35.2433042517887],[-95.5726693736876,35.2443042522896],[-95.5715493739529,35.2449162519004],[-95.5703773736034,35.245503252155],[-95.5689553733246,35.2457212524249],[-95.567422372391,35.2458862520451],[-95.5673973730304,35.2458892521852],[-95.5673683725851,35.2458922523255],[-95.5672633731125,35.24590325284],[-95.5659083723346,35.2459982528079],[-95.5654333718906,35.2460032521633],[-95.5652503723973,35.2460052522649],[-95.5652193718592,35.2460082524052],[-95.5652083722486,35.2460102524984],[-95.5648763721439,35.2460562528457],[-95.5643683719717,35.2461102526727],[-95.5640953719054,35.2461582531097],[-95.5640803721093,35.24616125235],[-95.5638693722193,35.2461972531277],[-95.5631513713097,35.2463622527081],[-95.5631393716527,35.2463652528475],[-95.5631233718103,35.2463692530335],[-95.5629633715876,35.2464062529558],[-95.5629443716061,35.2464102531418],[-95.5619633711142,35.2469032526324],[-95.5616413714818,35.247066253],[-95.5615903709172,35.247092253307],[-95.5613843712641,35.2471972527824],[-95.5605643710455,35.247710253191],[-95.5597843708744,35.2481032534378],[-95.5590183704495,35.2484442530751],[-95.5586743706955,35.2485972529809],[-95.5578633708865,35.2490042538774],[-95.5576653707039,35.249093253511],[-95.5576313709269,35.2491082533078],[-95.557607370714,35.2491192538182],[-95.5575833705011,35.2491302534293],[-95.556962370501,35.2494102538326],[-95.5565683702209,35.2494832536344],[-95.5565413698685,35.2494882538671],[-95.5564253698865,35.2495102539921],[-95.5557393704632,35.2497072541531],[-95.5552643700258,35.2498032541243],[-95.5552493702297,35.2498062533646],[-95.5548653695088,35.2498052542365],[-95.5545273700365,35.2500072537126],[-95.5544483699736,35.2500542540938],[-95.5543683698644,35.2501032536684],[-95.553268369214,35.2501032537222],[-95.5527683694234,35.250303254013],[-95.5521683694847,35.2504032541755],[-95.5516683687948,35.2506032544663],[-95.5511683689969,35.2507032537246],[-95.5504683689173,35.2508032538921],[-95.5498683689786,35.2509032540546],[-95.5489683686171,35.2510032542318],[-95.5480673682093,35.251103254409],[-95.5472673679815,35.2511032544482],[-95.546467367761,35.2512032546205],[-95.5459673679631,35.2513032547781],[-95.5451673677498,35.2515032541843],[-95.5440673671138,35.2517032545044],[-95.5432673669006,35.2519032548099],[-95.5423673665537,35.2522032552535],[-95.5414673662068,35.2525032547978],[-95.540667366008,35.2529032553697],[-95.5395673662859,35.2533032550569],[-95.5385673658199,35.2539032550056],[-95.5375673653539,35.2545032558536],[-95.5364673656318,35.2549032555408],[-95.5353673650249,35.2555032554944],[-95.5346673649743,35.2560032561946],[-95.5337673646346,35.2564032558721],[-95.5330673645695,35.2567032563059],[-95.5325673647788,35.2569032565967],[-95.531867364721,35.2573032562643],[-95.5312673638974,35.2576032566932],[-95.5306673639877,35.2581032564892],[-95.5305673638541,35.2582032566273],[-95.5280663640134,35.2600032573484],[-95.5268663632656,35.2606032573069],[-95.525866362785,35.2610032569892],[-95.5245663627883,35.2615032577187],[-95.5234663621668,35.261903257406],[-95.5226663619535,35.2621032577115],[-95.5216663623649,35.26240325816],[-95.5207663620034,35.2625032574379],[-95.5199663617683,35.2624032582431],[-95.5192663616813,35.2624032582774],[-95.5180663608898,35.2624032583361],[-95.5169663611458,35.2625032576237],[-95.5159663606506,35.262703257939],[-95.5149913604365,35.263191258097],[-95.5149663601773,35.2632032586538],[-95.5149113603283,35.2632532582735],[-95.5139663606324,35.2641032581028],[-95.513266359726,35.2652032587028],[-95.5129663602681,35.2661032590169],[-95.5129663603481,35.2672032586834],[-95.5131663606808,35.2679032596059],[-95.5133663601215,35.268703258863],[-95.5133803607722,35.2687242589352],[-95.5134403608634,35.2688152595481],[-95.5135013601016,35.2689062592616],[-95.5137663607287,35.2693032596425],[-95.5143663607403,35.2702032599125],[-95.5150663608927,35.2711032592783],[-95.5155663616482,35.2718032601862],[-95.515866361208,35.2723032599381],[-95.5164663612268,35.2733032603413],[-95.5169663619822,35.2740032603498],[-95.5174663618457,35.2748032604915],[-95.5176613619383,35.2753892606329],[-95.5177663623339,35.2757032607762],[-95.5179613624263,35.276287260825],[-95.5180663619228,35.2766032601615],[-95.5184663625738,35.2778032608408],[-95.51876636217,35.2788032612586],[-95.5190583622726,35.2795032612773],[-95.5191143631025,35.2799352614901],[-95.5191743623213,35.2803982613394],[-95.5191253627715,35.2807362608028],[-95.5191233626798,35.280750261451],[-95.5191223626341,35.2807592609684],[-95.5191203625422,35.2807712615241],[-95.5190733630838,35.2810902610069],[-95.5190723630383,35.2811032616089],[-95.5190643626744,35.2812002616036],[-95.5187583629289,35.2819712613413],[-95.5187493625132,35.2819942615073],[-95.5187123626028,35.2820882613645],[-95.518668362369,35.2821982610635],[-95.51863036241,35.2822622613305],[-95.5185933624973,35.2823242615048],[-95.5180673624498,35.2832052618495],[-95.5178663630415,35.2834882614718],[-95.5173673624346,35.2841912616681],[-95.5168953621693,35.2847412619741],[-95.5168823624669,35.2847562617698],[-95.5166753627774,35.2849982621922],[-95.5157753624669,35.2857982624024],[-95.5155983623633,35.2859492622075],[-95.5149623616865,35.2864912621511],[-95.5144643620037,35.286898262133],[-95.5135793614958,35.287785262773],[-95.5131313614291,35.2881272624411],[-95.5131223619115,35.2881342627656],[-95.5131133614946,35.2881412630901],[-95.5127593612853,35.2884112630174],[-95.5119703616176,35.2890982633864],[-95.511802361936,35.2893122634098],[-95.5117913614269,35.2893262631593],[-95.5112633612715,35.2899982637203],[-95.5107643615777,35.29089126372],[-95.510362360965,35.2914912636394],[-95.5101173613266,35.2919352635233],[-95.509968361631,35.2922052634405],[-95.5094693610384,35.2931052637643],[-95.5093293608673,35.2934642642043],[-95.5093163611662,35.2934972639341],[-95.5093063616037,35.2935242642853],[-95.5092993612805,35.293543264266],[-95.5091643613405,35.2938922642428],[-95.5086653607625,35.2949922639335],[-95.5080703611221,35.2960052640977],[-95.5075793608996,35.2968922647185],[-95.5073103610344,35.2971552652168],[-95.5069523606453,35.2975052652508],[-95.5062763608157,35.2981052651837],[-95.505367360081,35.2988122655853],[-95.5049353607541,35.2991242656622],[-95.5049263603371,35.2991302650411],[-95.5045553602386,35.299398265776],[-95.5036623602308,35.2998982655863],[-95.5027543595128,35.300198265131],[-95.5019653598096,35.300398265436],[-95.5018003593555,35.3004432657289],[-95.5017893597449,35.3004462658683],[-95.501766359578,35.3004522652479],[-95.5011693597827,35.3006122654902],[-95.5004133598164,35.3008842655297],[-95.5003733597611,35.3008982661799],[-95.5002643592028,35.3008982661852],[-95.5001543594967,35.3008882657277],[-95.5001213588654,35.300884265544],[-95.4999713591028,35.3008722658952],[-95.499687359419,35.3008302657632],[-95.4994723593385,35.3007982660909],[-95.498667358886,35.3008982662635],[-95.497669358469,35.3008982663124],[-95.4970733587083,35.3008982663416],[-95.4970393589309,35.3009082659069],[-95.497028358421,35.3009112660463],[-95.4966943582275,35.3010122662422],[-95.4962363585706,35.3010022658016],[-95.4957783580145,35.3009922662604],[-95.4950933577174,35.3009052658634],[-95.4942883581568,35.3009052659028],[-95.4940763573183,35.3009022657743],[-95.4933713578979,35.3008922662452],[-95.4929133573432,35.3009022658313],[-95.4927753572389,35.3009052659769],[-95.4920673567808,35.3009052660116],[-95.4919413572308,35.3008782665664],[-95.4919263574343,35.3008752664282],[-95.4915753573388,35.3007982664778],[-95.4911813570461,35.3006982663639],[-95.4903763565789,35.3005982662702],[-95.4896603566419,35.300498266172],[-95.4888873567667,35.3004982662099],[-95.4880833563386,35.3002982659829],[-95.4870843558606,35.3000982666648],[-95.4862633555434,35.2998982664387],[-95.4855473556064,35.2997982663406],[-95.4848713548186,35.2995922667288],[-95.4840493553544,35.2993922665028],[-95.4833583547781,35.2992922664034],[-95.4828683545277,35.2991612666576],[-95.4828543547775,35.2991572664731],[-95.4828413550737,35.2991542663348],[-95.482657354631,35.2991052667733],[-95.4817713539974,35.2989052665503],[-95.4812453538784,35.2988042663965],[-95.4806553543813,35.2986032661128],[-95.4801633540404,35.2985032660037],[-95.4800643539459,35.2985032660085],[-95.4706633512337,35.2956032662038],[-95.468963350593,35.2950032663871],[-95.4667633501397,35.2943032664618],[-95.4653483501348,35.2938312662622],[-95.4649633493581,35.2937032666501],[-95.4630633493421,35.2932032660772],[-95.4616633491533,35.2930032658793],[-95.4606633486507,35.2931032660615],[-95.4590633482236,35.2935032666725],[-95.4576623480249,35.2938032662414],[-95.4558623473233,35.2943032669954],[-95.4535623468382,35.2951032672742],[-95.4523623460828,35.2956032670997],[-95.4516533464983,35.2958872676925],[-95.4512573461301,35.2960252669064],[-95.4512843463812,35.2946272669316],[-95.4512783460208,35.2935002669147],[-95.4512453462393,35.2928162667247],[-95.451111345865,35.2865612658192],[-95.451112345881,35.2861442653987],[-95.451097345041,35.2841602652749],[-95.4510733455808,35.2821552650785],[-95.4510563444806,35.2778692635972],[-95.4510393444298,35.2756442640067]]]}},{"type":"Feature","properties":{"Precinct":"28","PCT_CEB":"610028","P0010001":"1566","P0030001":1315,"St_house":"017","St_senate":"07","Comm":"01","Uscong":"02","COUNTY_NAM":"PITTSBURG","CO_FIPS":"121","GeoID":"61121610028020701701","precinct_num":28},"geometry":{"type":"Polygon","coordinates":[[[-95.7182784078949,35.1889002350596],[-95.7172044075567,35.1889722348482],[-95.7161644070193,35.1893582347835],[-95.7147874071556,35.1913162355696],[-95.7136324068719,35.1943312358189],[-95.7123894069885,35.1971362362425],[-95.7098324064623,35.2004722370328],[-95.7082704060694,35.2018252376967],[-95.7071604058901,35.2023072375835],[-95.7037754054017,35.2024042377433],[-95.6971754033447,35.2030042379656],[-95.6934474023114,35.2041102389911],[-95.6912124021274,35.204674239132],[-95.6893984016596,35.2049302393817],[-95.6879284009457,35.2050332388263],[-95.6868314004324,35.2049992391045],[-95.6857544008349,35.2048042391222],[-95.6843244001457,35.2044712390635],[-95.6829153995328,35.2041622392154],[-95.6812903996873,35.2037492390596],[-95.6806923989238,35.2035952391536],[-95.6799873985959,35.2034652394646],[-95.6798303985132,35.2035132389966],[-95.6791143986102,35.2038752396036],[-95.6786323987904,35.2045592398186],[-95.6781973984797,35.205623239638],[-95.677468398927,35.2067272395251],[-95.6767013984839,35.2074522398536],[-95.6755143983309,35.2079342406434],[-95.6744433981656,35.2084732404692],[-95.6741963975351,35.2089162403069],[-95.6742343975268,35.2093032402358],[-95.6745953981142,35.2097722403481],[-95.6752813984797,35.210168240662],[-95.6765343981499,35.210428240947],[-95.6774943986186,35.2106472402474],[-95.6791083988698,35.2112872410208],[-95.6804963994626,35.2123452404733],[-95.6814723998408,35.2134842409981],[-95.6823394005887,35.21501824093],[-95.6827744001779,35.2164042412256],[-95.6809744006747,35.2210042420432],[-95.6768743996728,35.2248042437068],[-95.6720733984434,35.2273042436735],[-95.6650733967941,35.228904244348],[-95.6649953967761,35.2289302446562],[-95.6574733952643,35.231404245351],[-95.6507723932152,35.234704246476],[-95.6432723918986,35.2382042470073],[-95.6358743898885,35.2413242479269],[-95.6349723903543,35.2417042484771],[-95.6315723893513,35.2443042494079],[-95.6280713881538,35.2468042493111],[-95.6252713878724,35.2477042497474],[-95.6251713877242,35.2476042496191],[-95.6249713874498,35.247704249762],[-95.6246713879338,35.2478042499099],[-95.6242713873849,35.2480042501958],[-95.6231713876486,35.248204250516],[-95.6223713874282,35.248304249789],[-95.6210713865181,35.2486042502521],[-95.6195713862255,35.2489042507251],[-95.6182713862075,35.2491042501557],[-95.6166713857813,35.2495042507667],[-95.6156713852865,35.249704251082],[-95.614771384918,35.249704251126],[-95.6139713855897,35.2497042511652],[-95.6133713847445,35.2497042511946],[-95.6127713847986,35.2497042512239],[-95.612471384376,35.2497042512386],[-95.6120713847191,35.2498042513914],[-95.6115713849141,35.2498042514159],[-95.6112713844915,35.2498042514306],[-95.610871383928,35.2498042514501],[-95.6102713839748,35.2497042513463],[-95.6091703841484,35.2493042508675],[-95.60807038344,35.2485042507553],[-95.6071703830278,35.2479042508996],[-95.6060703832187,35.2471042507874],[-95.6052703829184,35.2461042503941],[-95.6046703820004,35.2451042508904],[-95.6040703819818,35.2441042504873],[-95.6036703822377,35.2430042499413],[-95.6035703820024,35.2417042500135],[-95.6033703816261,35.2404042500907],[-95.6034703816944,35.2394042496533],[-95.6039703814122,35.2382042489301],[-95.6045703821702,35.2370042491013],[-95.6052703821916,35.2361042487678],[-95.6067703824333,35.2351042482619],[-95.6077703820143,35.2347042485796],[-95.6087703825019,35.2344042481312],[-95.6101703826536,35.2341042485625],[-95.6117713831262,35.2337042479515],[-95.6134713836787,35.2331042479686],[-95.6154713846393,35.2323042477048],[-95.6172713844261,35.2316042475838],[-95.6181713847655,35.2312042470071],[-95.6188713848304,35.2309042474727],[-95.6198713853034,35.2304042467579],[-95.6201713857115,35.2302042473762],[-95.6206713854875,35.2298042468191],[-95.6217713860868,35.2291042467324],[-95.6226713855051,35.2284042466554],[-95.6229713858914,35.2279042468742],[-95.6229713858769,35.2277042466078],[-95.6229713858696,35.2276042464746],[-95.622471385854,35.2247042462343],[-95.6215713854275,35.2239042461122],[-95.6208713852899,35.2232042461134],[-95.6194713841446,35.2222042457494],[-95.6180713839348,35.2217042451519],[-95.6168713840214,35.2214042457104],[-95.6153713836925,35.2212042455173],[-95.6140713827533,35.2211042454477],[-95.6128713828615,35.2211042455063],[-95.6097233816292,35.2206162455498],[-95.6088503816037,35.2204812456375],[-95.608428381814,35.220417245393],[-95.6081433811872,35.2204102459822],[-95.6088553817707,35.2195862455694],[-95.6094113814127,35.218732245574],[-95.609966381908,35.2178812457175],[-95.6106193815446,35.2169282447311],[-95.6110163819347,35.2164562453421],[-95.6104743819704,35.2163152451358],[-95.6096213819622,35.2160302445731],[-95.608809381161,35.2157952445246],[-95.6085743810503,35.2157332452629],[-95.6080333811335,35.215608244898],[-95.6075113812002,35.2155062446977],[-95.6071393810342,35.2154832445504],[-95.6070283812815,35.2154682447607],[-95.6068243808137,35.2154602452996],[-95.6065783810973,35.2154702448752],[-95.6059173810224,35.2154952451657],[-95.605043380071,35.2156332453022],[-95.6042903802394,35.2158402450302],[-95.6034573802994,35.2161072448419],[-95.6015993796147,35.2167142451565],[-95.6010473792098,35.2168942454233],[-95.6000143789947,35.2172512458143],[-95.5980613783996,35.2178402461995],[-95.5974383783017,35.2180512461063],[-95.5965663783547,35.2183592460195],[-95.5960533779587,35.2185232464429],[-95.5951643781208,35.2188062460988],[-95.5949273779271,35.2188792458928],[-95.5940853775691,35.2191372461876],[-95.5940703777729,35.219139246281],[-95.5927623774016,35.2195852463094],[-95.5921763772193,35.2197732469481],[-95.5917643770078,35.2199012465991],[-95.5911593768449,35.220105246181],[-95.5898483763319,35.2205162463877],[-95.5890353764199,35.2207812470052],[-95.5881843765467,35.2210792473537],[-95.5873213761126,35.2213172467237],[-95.5869043756728,35.2214922467523],[-95.5866113755812,35.2215812472898],[-95.5856613756145,35.221893247392],[-95.5847363759098,35.2222322469444],[-95.5843143752367,35.2223872469466],[-95.5824843749587,35.2231012477172],[-95.5811433748629,35.2236482479267],[-95.5809413744944,35.2237302481358],[-95.5807933748299,35.2237912473699],[-95.5804153743994,35.2239582479255],[-95.5779353736831,35.2250542484273],[-95.5769873738169,35.2254732480874],[-95.5767483735331,35.2255822486489],[-95.5756283737912,35.2260952481728],[-95.5739863732392,35.2268202485441],[-95.5735403732544,35.2270122484619],[-95.5721803722811,35.2276092491886],[-95.5703453726772,35.2284152488229],[-95.5693533716718,35.2288622488822],[-95.568585372052,35.2291832493922],[-95.5683383713973,35.2292932491011],[-95.5683403714744,35.2290772489932],[-95.5683393712489,35.2266092489437],[-95.5661073711609,35.226592249165],[-95.5661293711521,35.2248032490744],[-95.5616523694728,35.2247562489157],[-95.5616433696905,35.2211122483792],[-95.5571773685224,35.2210802480151],[-95.5571933682554,35.2195672481125],[-95.5572173683126,35.2174082479785],[-95.5677503711514,35.2174862474782],[-95.5692393709566,35.2174962469692],[-95.5700303716667,35.2175022472083],[-95.5750113724362,35.2175392468795],[-95.5750463729723,35.214950246622],[-95.5751083719119,35.2102822454376],[-95.5722263713556,35.2102322459613],[-95.5713783715992,35.2102232455861],[-95.5713783715902,35.2100992461403],[-95.5713663710264,35.2099992460077],[-95.5713583715458,35.2098752456631],[-95.5713093710657,35.2097882461342],[-95.5712453707898,35.2097072459844],[-95.571150370875,35.2096262458362],[-95.5710823713161,35.2095892459251],[-95.5709643712377,35.2095612455339],[-95.5708733706122,35.2095242456239],[-95.570805371054,35.2094962452302],[-95.5706693710396,35.2094592453225],[-95.5705023713873,35.2094372461107],[-95.5703363708823,35.2094182452391],[-95.5701803708419,35.2094122458683],[-95.5700143712363,35.2093942459424],[-95.569858371195,35.2093752459696],[-95.5696883705045,35.2093562459976],[-95.569510370341,35.2093192460919],[-95.5693693709931,35.2092692455825],[-95.5692033704859,35.20922024602],[-95.569070370608,35.2091482453909],[-95.5689263702222,35.2091052461051],[-95.5688503702923,35.2090672452488],[-95.5687333702605,35.209043245942],[-95.5686993704792,35.2089982456589],[-95.5689313704049,35.2084262452455],[-95.5685243704143,35.2084022459528],[-95.5685233702367,35.2065912448446],[-95.5681763703324,35.2065902457146],[-95.5681833697536,35.2065342449202],[-95.5682053698652,35.2064052452419],[-95.5682473700045,35.2062692452386],[-95.5682953704229,35.2061472449838],[-95.5685213700888,35.2058292455384],[-95.5688293699564,35.2054602446273],[-95.5691173706958,35.2051012450793],[-95.5692753699173,35.2049382447196],[-95.569382370369,35.2047472448646],[-95.5697593707343,35.204320244862],[-95.5698253701912,35.2042302451885],[-95.5699713706549,35.2040672448294],[-95.5702333701992,35.203855244894],[-95.57050537021,35.2036792448261],[-95.5707203702791,35.2035562445169],[-95.5709703710706,35.2034132441794],[-95.5712673704447,35.2032732448777],[-95.5715623706263,35.2031462443794],[-95.5718363707348,35.2030402448543],[-95.5720563710411,35.2029902443274],[-95.5722673709314,35.2029602447267],[-95.5727743710598,35.2029412447216],[-95.5731443711288,35.2029062439825],[-95.5734823715142,35.2028942443098],[-95.5736413716914,35.2028702440901],[-95.5738293714104,35.2027832445497],[-95.5739713716969,35.2027352441191],[-95.5741333711142,35.202713243992],[-95.5741613715017,35.2025522446305],[-95.5743403716709,35.2020282437439],[-95.5594223678375,35.2021082445783],[-95.5476223647112,35.2022202458426],[-95.5473473645388,35.202085245901],[-95.5463713641999,35.2014902453809],[-95.5459533636876,35.2013062449763],[-95.5445873632721,35.201032245847],[-95.5431653629708,35.2009402452543],[-95.5421053632809,35.2010082457563],[-95.541798362542,35.2011232456996],[-95.5416033625069,35.201329245354],[-95.5415753630601,35.2020612459707],[-95.5416193633163,35.2022602461887],[-95.5405993627791,35.2022672456632],[-95.5401813622553,35.2019242459911],[-95.5367233619533,35.201694246303],[-95.5361103614061,35.2017172455991],[-95.5359143612999,35.2015802455611],[-95.5358313610414,35.2014882458023],[-95.5355243611951,35.2015112459828],[-95.5353293611517,35.2016022457088],[-95.5350503608302,35.2019692456268],[-95.5335443611382,35.2019912458194],[-95.5326243607629,35.2022892461713],[-95.5298673597114,35.2022892463057],[-95.5265803592622,35.2022902465123],[-95.5237883583873,35.2023062464899],[-95.5152173557126,35.2023532472851],[-95.511032354989,35.202377247701],[-95.5083303547099,35.2026632475841],[-95.5078493539873,35.2026632476076],[-95.5078673536345,35.1986792466161],[-95.5076883525356,35.1863462448986],[-95.5076773528722,35.1856182444688],[-95.5076543525922,35.1840582441903],[-95.507575351839,35.1745472427195],[-95.5076153516218,35.1707572417151],[-95.5076393517335,35.1693442410455],[-95.5076403517744,35.169268241124],[-95.5076823517406,35.1667332406674],[-95.5076983515163,35.1658052408691],[-95.5077163513736,35.1647222401897],[-95.5077173513422,35.1636432405958],[-95.5077163512692,35.1632742405988],[-95.5076983513115,35.1629662398296],[-95.5076893508058,35.161742239818],[-95.5075803499806,35.1455602370587],[-95.5168353520014,35.1455332362582],[-95.5169073526446,35.1455642367907],[-95.5171383525666,35.1455802366209],[-95.5197683531236,35.1455712360764],[-95.5215843537015,35.1455412363978],[-95.5220093536257,35.1455412363772],[-95.5250483542652,35.145543236322],[-95.5253383542236,35.1455362359838],[-95.5255883550259,35.1455422362495],[-95.5272303547295,35.1455172359115],[-95.5373043578584,35.1454892359241],[-95.5430113590175,35.1454722348595],[-95.5429993580148,35.1267882322697],[-95.5429443576174,35.1192162306371],[-95.5429223572842,35.1162632297162],[-95.5429993562117,35.1017062275379],[-95.5686973626371,35.1015912263627],[-95.5687043631338,35.103987226677],[-95.56873736374,35.116150228627],[-95.5773873655794,35.1161022286825],[-95.5775433656192,35.1161012286287],[-95.5774783667292,35.1234262296228],[-95.577451366598,35.1265042300376],[-95.577418366994,35.128277230288],[-95.5773723668269,35.130603230961],[-95.586380369102,35.1308542304529],[-95.5863783700103,35.1447432331731],[-95.5863783701002,35.1459902333505],[-95.5863793701665,35.1462672335846],[-95.5863883708281,35.1496532338681],[-95.5863763713,35.1514422339587],[-95.5863763713971,35.1527882342229],[-95.5863743715628,35.1563702354875],[-95.5863653713917,35.1597802359836],[-95.5866443717402,35.1597872353948],[-95.5952343734963,35.1597582354325],[-95.5985543745749,35.1597462356145],[-95.5997623745551,35.1558332342552],[-95.6012343751324,35.152547234033],[-95.6023483753552,35.1500912335849],[-95.6037963747061,35.1452322324825],[-95.6080953762182,35.1452052319225],[-95.6113683769149,35.1451842316903],[-95.612883377025,35.1451772321918],[-95.6130543777604,35.1451762321371],[-95.6183153789149,35.1450972318208],[-95.6191783793639,35.1450672312892],[-95.6226083801432,35.1449972314787],[-95.6237833797748,35.1449982314677],[-95.6250473808349,35.1449862308506],[-95.630222381598,35.1449042312989],[-95.6304883822425,35.1449032312396],[-95.6334313829287,35.1449492305281],[-95.6353793833391,35.1450162308373],[-95.6359703828669,35.1450082304381],[-95.6360423835082,35.1450132306661],[-95.6364803831347,35.1449972308033],[-95.6374663838923,35.1449732305435],[-95.6383383838632,35.1449982307591],[-95.6391083844975,35.144989230305],[-95.639966384715,35.1449652300514],[-95.6407103841438,35.1449612307293],[-95.6423493846112,35.1449962304713],[-95.6430543849292,35.1449882300666],[-95.6433523852584,35.1449812306273],[-95.6438383853135,35.1449822306499],[-95.644114385523,35.1449902301076],[-95.6446543853843,35.1449912301275],[-95.6450613853714,35.1449702300348],[-95.6462043862159,35.1449562302303],[-95.6474213859975,35.1449712299662],[-95.647999386722,35.1449752301232],[-95.6484073867584,35.1449932300374],[-95.6486813868754,35.1450052296803],[-95.6496763871537,35.1450202303263],[-95.6503263867201,35.145018230202],[-95.6507173868663,35.1450212303219],[-95.6509763871862,35.1450222303557],[-95.6517523872021,35.1450512298618],[-95.6525503873373,35.1450582301471],[-95.6529323879653,35.1450582301284],[-95.6534443874273,35.1450592301498],[-95.6535703878742,35.1450532298659],[-95.6540173879178,35.1450342298638],[-95.6547353879376,35.1450032301922],[-95.6550963884905,35.1449952298042],[-95.6554263885054,35.1449932296956],[-95.6562353882505,35.1449872293784],[-95.6564673882174,35.1449852292745],[-95.6575393884655,35.1449482293079],[-95.6585113894733,35.1449272291876],[-95.65928638944,35.1449182296325],[-95.6595113890824,35.1449182296215],[-95.6603593897373,35.1449202296729],[-95.6613653896261,35.1449312292338],[-95.6616473901132,35.1449312292201],[-95.6620693898982,35.1449322292459],[-95.6626503898632,35.1449472290127],[-95.6630643901768,35.1449502291314],[-95.6635353904352,35.1449462289233],[-95.6638773901056,35.1449202295015],[-95.6643363907064,35.1449112290624],[-95.6648513912053,35.1448892289181],[-95.6657123906651,35.1449012294318],[-95.665931390928,35.1448922290044],[-95.6668993908527,35.1448962291425],[-95.6683753918515,35.1448852294606],[-95.6693053918138,35.1449062294883],[-95.6695283922632,35.1449112288096],[-95.6697983921935,35.1449082286575],[-95.6707253920145,35.1448982290487],[-95.6727073930974,35.1448992289984],[-95.673291393201,35.1449072284411],[-95.6739123932207,35.1449012290323],[-95.6744243935826,35.1449082284322],[-95.6749043933598,35.1449142286866],[-95.6752813937556,35.1449112285293],[-95.6762563940061,35.1449322285548],[-95.6769123938502,35.1449232290055],[-95.6780263942507,35.1449332285149],[-95.6792563946338,35.1449292282697],[-95.6801483946311,35.1449312283189],[-95.6809993945252,35.144925228899],[-95.6817443949002,35.1449302281948],[-95.6837783956961,35.1449262279105],[-95.6852513956566,35.1449182283677],[-95.6875053967628,35.1449202283505],[-95.6883813969185,35.1449372281955],[-95.6893763971971,35.1449572281737],[-95.6900883969395,35.144939228205],[-95.6903833971295,35.1449312278202],[-95.6917803980633,35.1449392281225],[-95.6925973981794,35.1449362279438],[-95.6929413979444,35.1449352278808],[-95.693172397867,35.1449622282202],[-95.6932073976923,35.1449752279211],[-95.7027624010266,35.144910227144],[-95.7189454050771,35.1450682264758],[-95.7189854051332,35.1450652263349],[-95.7198984052063,35.145085226317],[-95.7228064060665,35.1451212260433],[-95.7245074058093,35.1451272262382],[-95.727239406597,35.1451022258469],[-95.7282754069758,35.1450892260938],[-95.7302554079621,35.1450442257125],[-95.7321964080398,35.1450082257498],[-95.7346814090651,35.1449942258798],[-95.736479409707,35.1449752258118],[-95.7364864091582,35.1453332261983],[-95.7364864091862,35.1457202261292],[-95.7364884095751,35.1498172269539],[-95.736512409881,35.1510932266736],[-95.7364874097127,35.1523622269709],[-95.7275314071632,35.1522232272676],[-95.7275414078496,35.1553022277254],[-95.7274304084983,35.1608362294351],[-95.7274674090203,35.169192230489],[-95.7274854093349,35.1744292319315],[-95.7275284102185,35.1839252336033],[-95.7275414104567,35.1912992350586],[-95.7269734101825,35.1911082343374],[-95.7267204101348,35.1910232349111],[-95.7242644094882,35.1901172344541],[-95.722150408532,35.1894612347631],[-95.7189674083671,35.1888532346486],[-95.7182784078949,35.1889002350596]]]}},{"type":"Feature","properties":{"Precinct":"29","PCT_CEB":"610029","P0010001":"826","P0030001":658,"St_house":"017","St_senate":"07","Comm":"02","Uscong":"02","COUNTY_NAM":"PITTSBURG","CO_FIPS":"121","GeoID":"61121610029020701702","precinct_num":29},"geometry":{"type":"Polygon","coordinates":[[[-95.6544193641137,34.8143311693973],[-95.655789364633,34.8134651688066],[-95.6566613645663,34.8129621688587],[-95.6574133652351,34.8125291685601],[-95.6577513656084,34.8123491683039],[-95.6589793658491,34.811645168026],[-95.6600523660997,34.8109871680866],[-95.6607373654622,34.8105861683735],[-95.6609343655966,34.8104711684356],[-95.6621293661094,34.8098211679614],[-95.6626903660226,34.8095021675542],[-95.6630743667266,34.8092681674936],[-95.6633483668215,34.8089671679336],[-95.6635593666808,34.8084971677464],[-95.663796366859,34.8082021675666],[-95.6638913667618,34.8081161671776],[-95.6640493668844,34.8079741677901],[-95.6644573669028,34.8077391676821],[-95.6654463668707,34.807302167187],[-95.6661063668848,34.8070761674837],[-95.6665853675028,34.8069121670622],[-95.6677583670126,34.8065081671869],[-95.6683013678943,34.8062561671846],[-95.6689203677958,34.8058891672502],[-95.6694033676917,34.8056071667612],[-95.6716253681212,34.8043111660062],[-95.6715663675553,34.796797165253],[-95.6715443672909,34.794754165093],[-95.6715653673615,34.7946981642979],[-95.6716213671222,34.792729163963],[-95.6718703677972,34.7915851640445],[-95.6722033678999,34.7908531643115],[-95.6723703675376,34.7906691638784],[-95.673119368104,34.7907611636056],[-95.6737293676075,34.7906701638597],[-95.6742293682778,34.7901891640488],[-95.674673368177,34.7900971633654],[-95.675033367791,34.7901891640104],[-95.675727368524,34.7905551638358],[-95.676531368948,34.790716164057],[-95.6768093683549,34.7907841635948],[-95.6773903692119,34.7906981640819],[-95.6778483688753,34.7908101638496],[-95.6782053692359,34.7907071635603],[-95.6783873686651,34.7904561636216],[-95.6786313691783,34.7903101631455],[-95.6787283691876,34.7904191636909],[-95.6787783688302,34.7907311637448],[-95.6789493695754,34.790870163877],[-95.679225368892,34.7909731632367],[-95.6795353697596,34.7907091635894],[-95.6800023698165,34.7904801637564],[-95.6802203691239,34.7903331632352],[-95.6806913693708,34.7901681636671],[-95.6810173701056,34.7902531630904],[-95.6809793692499,34.7903561633645],[-95.6811953693913,34.7906001638594],[-95.6814463702398,34.7906071632721],[-95.6818963695203,34.7905481632169],[-95.6822453704292,34.7907301635328],[-95.6823393703012,34.7908651634836],[-95.6822983702075,34.7909941631629],[-95.6823723700442,34.7910261637416],[-95.6823403704006,34.7916211634123],[-95.6821783700957,34.7918071639379],[-95.6817043697283,34.7922381641305],[-95.6815633704043,34.7925251639354],[-95.6814653703853,34.7929391642223],[-95.6815183701653,34.7932251639716],[-95.6818703703041,34.7932671641007],[-95.6823933702664,34.7931291639816],[-95.6826363707332,34.7929841635519],[-95.6826043701318,34.792745164179],[-95.6827363699414,34.7925101640842],[-95.6829963702902,34.7922631634277],[-95.6833423701383,34.7921281634559],[-95.6835943701355,34.7921581639335],[-95.6839013709125,34.7925851639037],[-95.6842023704861,34.792644163923],[-95.6847533708522,34.7925741633537],[-95.6848493708151,34.7926821638528],[-95.6848893709006,34.7930971641794],[-95.6850893711888,34.7931911640254],[-95.6854403712813,34.7932331641545],[-95.68564137071,34.793234163292],[-95.6858303713674,34.7930431634329],[-95.6857713712831,34.7923861635939],[-95.685885371163,34.7922311636067],[-95.6860813712514,34.7921231630935],[-95.6863563714129,34.7921101633778],[-95.6868193713544,34.7928791638865],[-95.6871373717299,34.7931321638938],[-95.6876463719575,34.7932111639299],[-95.6876993717158,34.7931881637618],[-95.688174372177,34.7934341634376],[-95.6888863719242,34.7934881632057],[-95.689416372257,34.7940031636422],[-95.6900903720232,34.7938101636675],[-95.6904693725061,34.7937281634501],[-95.6909833729522,34.7936171636822],[-95.6917863724009,34.7933591633897],[-95.6922263729782,34.7927581634217],[-95.6926143729586,34.792383163128],[-95.6930163726918,34.7920501629795],[-95.693365372684,34.7919861626977],[-95.6936113733017,34.7920071627589],[-95.6937763728703,34.7921611626865],[-95.693901373277,34.7922441629262],[-95.6940483729062,34.7923411629136],[-95.6943163736482,34.79241216349],[-95.6946123729859,34.7924141635684],[-95.6949713734314,34.7922011626827],[-95.6954873739456,34.7917381628052],[-95.6958643734048,34.7912071624838],[-95.696371373517,34.7909621628074],[-95.6968233737699,34.7906241624251],[-95.6971293735496,34.7903171625857],[-95.6976963737408,34.7899961629849],[-95.6986493738392,34.7895801625646],[-95.6992433744155,34.7897191626766],[-95.6993073746927,34.7898221620464],[-95.6990543746622,34.7899781620867],[-95.6990743747066,34.790208162842],[-95.699196374076,34.7903091621165],[-95.6998173749954,34.7903111621794],[-95.7000543742986,34.790363162777],[-95.6999853747062,34.7905071622529],[-95.6999843746803,34.7907991622825],[-95.7004593751345,34.7909451627243],[-95.7009323745855,34.7909341621924],[-95.7011423753217,34.7908031624124],[-95.7015963747663,34.7904401626711],[-95.7022513754424,34.7901381621472],[-95.7034043758363,34.7899191618451],[-95.7037913757832,34.7897291620229],[-95.7040703752085,34.7893981619729],[-95.704147375161,34.7890991625148],[-95.7039423755375,34.7889651617165],[-95.7036403750007,34.7886561618135],[-95.7034413756775,34.7888371621093],[-95.7031823753626,34.7889061617191],[-95.7031533748926,34.7885571617497],[-95.7041243757952,34.7877061618727],[-95.7050463753556,34.7872921615464],[-95.7053283758159,34.7869121619256],[-95.7056043760031,34.7866071612809],[-95.7063863762579,34.786082161218],[-95.7072293757712,34.7859431610373],[-95.7080473767646,34.7849691608687],[-95.708602376396,34.7846021609375],[-95.7087413765275,34.7843281608353],[-95.708962376874,34.7841901607307],[-95.7096563766707,34.7840301604841],[-95.7099333769065,34.7837551612284],[-95.7109593767803,34.7831601606108],[-95.7117643771942,34.7825191605721],[-95.7118693775537,34.7823321609023],[-95.7157483784732,34.7823311606706],[-95.7164553779847,34.7823311606368],[-95.7216733798448,34.7823281602486],[-95.7220963796763,34.7823341596069],[-95.7221393798652,34.7822411597956],[-95.7223343799149,34.78224015974],[-95.7225563803318,34.7824461602738],[-95.7227503803303,34.7823781598141],[-95.7227633800308,34.782334159575],[-95.7240223799597,34.7823351595611],[-95.7240813800024,34.7824001598698],[-95.724304380446,34.782325159984],[-95.7246943805433,34.782296159522],[-95.7247543806301,34.7823291601477],[-95.7310843818935,34.7822741590974],[-95.7316513821072,34.7822741590703],[-95.7336393825677,34.7822741589752],[-95.7418853845515,34.7822441589907],[-95.7421513851949,34.7822311592754],[-95.7421553853848,34.7822951586411],[-95.7421273850299,34.7829251590327],[-95.7420643848329,34.7833031594498],[-95.7419313849826,34.7836181596513],[-95.7418253845845,34.7839161590644],[-95.7417783851215,34.7841811596448],[-95.7418063846487,34.7845711597138],[-95.7419173853575,34.7853951591883],[-95.7419593855575,34.7861211595247],[-95.7419723853129,34.7868601595651],[-95.7419033848373,34.7872321597046],[-95.7417863848447,34.7877621599672],[-95.7417083848379,34.7879491596357],[-95.7415943849578,34.788100160337],[-95.7412573855376,34.7883841600123],[-95.7409123848489,34.7886941599925],[-95.7408733848428,34.7887501598891],[-95.740815384857,34.7888331601375],[-95.7407883854078,34.7888941602651],[-95.7407913846543,34.788990160213],[-95.7408243852932,34.789102160001],[-95.7409093847649,34.7894791603647],[-95.7410373853361,34.7899251603237],[-95.7410663849056,34.7902561603589],[-95.7410423856032,34.7904251609901],[-95.7409433855207,34.7905951607718],[-95.7407833853076,34.7907671606491],[-95.7402833855349,34.7912221610547],[-95.7400953849257,34.7914371611255],[-95.7400293854704,34.7915521610572],[-95.740000385037,34.7917251609745],[-95.740017384954,34.792123160515],[-95.7400243852901,34.7922861608669],[-95.740004385478,34.7953601610991],[-95.7399313858063,34.7970151621849],[-95.73990738571,34.7986841621179],[-95.7399163852963,34.7996541620617],[-95.7398823856305,34.8012511622588],[-95.7398923861627,34.8022251623878],[-95.7398963854734,34.8025741632575],[-95.7398483859604,34.8027861631828],[-95.7397293858561,34.8030461626358],[-95.739505385387,34.8034181627827],[-95.7394423860769,34.8036191630986],[-95.7394413860526,34.8039331632475],[-95.7395353860038,34.8051941631705],[-95.7395213863072,34.8059511631462],[-95.7394303857724,34.8072011634679],[-95.7394063855824,34.8075371637372],[-95.7393163859493,34.808161163854],[-95.7390503864061,34.8110291644527],[-95.7390333865314,34.8112331649053],[-95.7390553857616,34.8113551642575],[-95.7393953862408,34.8113621645653],[-95.7401093860779,34.8113771643263],[-95.7421403867348,34.8113921640242],[-95.7421433869534,34.8125211641352],[-95.7421073871972,34.8141481648221],[-95.7420973868231,34.8154211653056],[-95.7420973868717,34.8161111648764],[-95.7420973869283,34.8169161652751],[-95.7421213872472,34.8184101660965],[-95.7421213872609,34.8186051661316],[-95.7421203872178,34.8186511655634],[-95.7421153879668,34.8198091661182],[-95.7421233874783,34.8203751662428],[-95.7421323879448,34.8210721661373],[-95.7421343881103,34.8221041662539],[-95.7421323880863,34.823080166476],[-95.7421283879977,34.8244551671851],[-95.7421303882371,34.8265381673987],[-95.7421633881604,34.8292551672869],[-95.7421533886462,34.8299691679694],[-95.742142388184,34.8306481679307],[-95.7421543888635,34.8323931677832],[-95.7421423884003,34.833716168783],[-95.7421073886532,34.8348121682672],[-95.7420863885943,34.8350341686541],[-95.7419983890239,34.8352311687861],[-95.7417893883481,34.8355591686937],[-95.7416343883773,34.835880169174],[-95.7415873889092,34.8360711690262],[-95.7415873889301,34.8363681692872],[-95.741595388419,34.8366121688926],[-95.7416103882482,34.8370781688835],[-95.7416443889448,34.8373511689311],[-95.7417103884207,34.837528169029],[-95.7418803891334,34.8378641692888],[-95.7420563892214,34.8381491689858],[-95.7420863888256,34.8383141694292],[-95.7421133892061,34.838707169637],[-95.7421253889555,34.8400151699411],[-95.7421343894013,34.8404171696671],[-95.7421593888361,34.841468169763],[-95.7421433891405,34.8435521700236],[-95.7421383889392,34.8439851702863],[-95.7421073894235,34.8457311710864],[-95.7421033892524,34.8459361706854],[-95.7421003891279,34.8461421703305],[-95.7420943897703,34.8464451708696],[-95.7420993891148,34.8466141706],[-95.7421303897298,34.847701171463],[-95.7421493898307,34.8493891713739],[-95.7421503899249,34.850066171242],[-95.7421483899785,34.852139171892],[-95.7421483900062,34.8525301720086],[-95.7421323902516,34.853778172234],[-95.7421493902274,34.8550061724311],[-95.741444389909,34.8550011722334],[-95.740388389503,34.855022172357],[-95.7393063896877,34.8550131728917],[-95.7380393893879,34.8550141729987],[-95.7370683884245,34.8550001723972],[-95.7367803885574,34.8549811724306],[-95.7365283885622,34.8549791723501],[-95.736528388698,34.856903173296],[-95.7365103888432,34.8580441730641],[-95.7365113889296,34.858610173189],[-95.736511388958,34.8590111737685],[-95.7365213885966,34.8600621738649],[-95.7365153892936,34.8611361741277],[-95.7364883890257,34.8623381740224],[-95.7365043889095,34.8629201739881],[-95.7365183895923,34.8633951743957],[-95.7365243890003,34.8638061745386],[-95.7365313893548,34.8642281742914],[-95.7365353895601,34.8645091747107],[-95.7365213890063,34.8658591742625],[-95.7365293894192,34.8664531747841],[-95.7365343896778,34.8668301751515],[-95.7365143897271,34.8679251745885],[-95.7365263894561,34.8689421749093],[-95.7365193900701,34.8694981754709],[-95.735468388995,34.8694961754288],[-95.7347383893157,34.8694891751397],[-95.7343323893733,34.869485174974],[-95.7334913890445,34.86949717557],[-95.732767388745,34.8695021758363],[-95.7318113884775,34.8694911753729],[-95.7307553880698,34.869489175331],[-95.7299673874993,34.8694801758515],[-95.728799387293,34.8694691753983],[-95.7278413878335,34.8694791759073],[-95.726933387095,34.8694831761361],[-95.7258893872451,34.869500176074],[-95.7256893869635,34.8695001760836],[-95.7248563870046,34.869498176031],[-95.7237063867352,34.8695081756499],[-95.7205303851421,34.8695171762191],[-95.7189143848444,34.8695041765941],[-95.7189063854297,34.8703091760938],[-95.7189273856042,34.8717231768084],[-95.7189303848629,34.8719911766259],[-95.7189313849701,34.8728511768729],[-95.7189403854322,34.8734841765021],[-95.7189373854014,34.8750161772853],[-95.7189263858203,34.8754351769],[-95.7189493851373,34.8761281775079],[-95.7189353854352,34.8768041773305],[-95.7189523853447,34.8770941772665],[-95.7190053860101,34.877182177741],[-95.7193883858044,34.8774581779107],[-95.7201383864461,34.8779571775955],[-95.7203243860915,34.878142178058],[-95.7205303857768,34.8784931781112],[-95.7206973863462,34.8787681773456],[-95.7207663859574,34.8788911776411],[-95.7209083862592,34.8790601782643],[-95.7210423861863,34.8791761782326],[-95.721072386684,34.8792581775311],[-95.7211323867783,34.8793971776685],[-95.7211623863822,34.8795581779266],[-95.7211603862954,34.8796411781722],[-95.7188153857192,34.8832071788113],[-95.7187223864153,34.8904441802331],[-95.7183763871322,34.8985551816628],[-95.7184493871063,34.9011821818781],[-95.7185773879727,34.9057871828386],[-95.717287387505,34.9057821826691],[-95.7169433868412,34.9057871829172],[-95.7072903843656,34.9059181831514],[-95.7067163847002,34.9055471830893],[-95.7061503845068,34.9051801832119],[-95.7053003837276,34.9047281830101],[-95.7041963837545,34.904200182899],[-95.7041023838887,34.904155183518],[-95.7031163830992,34.9037201832105],[-95.7023413831078,34.9033781836013],[-95.7021713833128,34.903303182835],[-95.7012113828317,34.9028971829696],[-95.7010373828513,34.9028241831954],[-95.7001983825891,34.9024701830337],[-95.7000743822309,34.9024171832838],[-95.6984723816425,34.9018321832556],[-95.6981903820475,34.901729182997],[-95.6970783817161,34.9013801830799],[-95.6965383818431,34.9012111833752],[-95.6958053811095,34.9009821827005],[-95.6953783810858,34.9008821834871],[-95.6945383807884,34.9006861834461],[-95.6931403806846,34.9003481831528],[-95.6923103799513,34.9001471828797],[-95.691940379874,34.900063183505],[-95.690698379814,34.8997821831452],[-95.6902083795665,34.8996801829429],[-95.6895223792201,34.8995381826967],[-95.689334379492,34.8994961834592],[-95.6875053791806,34.8990831833113],[-95.6858793783997,34.8987981827848],[-95.6843823782104,34.8985871829802],[-95.6835643780387,34.8984571832958],[-95.6823183777991,34.898260183228],[-95.6777163765634,34.8973901836385],[-95.6771133764705,34.8972731836465],[-95.6766143758059,34.8971761836761],[-95.6751233758893,34.8968871829578],[-95.6747773760265,34.8968151832382],[-95.6745693753708,34.8967711830096],[-95.6738893753023,34.8966261835235],[-95.6722503748034,34.8961371834451],[-95.6716943750882,34.895975183166],[-95.6706213747692,34.8956621831151],[-95.6691113739608,34.8952221835004],[-95.6683903737854,34.8950171830369],[-95.6676003740059,34.8947911834032],[-95.6672873738757,34.8947311833383],[-95.6669003730136,34.8946971835813],[-95.6666663729533,34.8946891832222],[-95.6662543736311,34.8946741834468],[-95.6640023726193,34.8946871832576],[-95.6607473718569,34.8946731836651],[-95.6601203715604,34.8946991839997],[-95.6587913710868,34.8947551839583],[-95.6576753705978,34.8948011834437],[-95.6571823711193,34.8948251836792],[-95.6558133705901,34.8948901840565],[-95.654848369909,34.8949371835809],[-95.6536553703438,34.8949561836186],[-95.653180369897,34.8949181836807],[-95.6527253694765,34.8948531842904],[-95.6526213700485,34.8948391836472],[-95.6519203699047,34.8946831836528],[-95.6517263698977,34.8946311839525],[-95.6505073691023,34.8943051842061],[-95.650142369259,34.8942511844214],[-95.6498303691782,34.8942341836493],[-95.6494503686423,34.8942231840575],[-95.6486283682924,34.8941991838852],[-95.6483283687693,34.8941991838996],[-95.6472253679803,34.89419718386],[-95.6462963680659,34.894195183812],[-95.6460263681354,34.894195183825],[-95.6450323679028,34.8941681844212],[-95.6440163675493,34.8941411841193],[-95.6439323672511,34.894140184077],[-95.6425033666321,34.8941311846283],[-95.6422083673394,34.8941111846159],[-95.6415533666387,34.8940661843625],[-95.6414623669149,34.8940621841816],[-95.640179366768,34.8940071843947],[-95.6401353665104,34.8937841839647],[-95.6400643668053,34.8936451847271],[-95.6400173664188,34.893566184669],[-95.6399413664883,34.8935191842953],[-95.6382863661586,34.8932011840407],[-95.6371813652601,34.8929621847195],[-95.6366403653457,34.8928641847048],[-95.6365183650824,34.8928421845913],[-95.6350693653123,34.8925191840955],[-95.6347423645345,34.8924841842893],[-95.6343983647636,34.892400184014],[-95.6336993647173,34.8923111844235],[-95.6333183641298,34.89222718415],[-95.6328813645418,34.8921301841766],[-95.6327963641959,34.8921111842003],[-95.6317583637093,34.8919111848828],[-95.6306473634324,34.8916811841799],[-95.6302473637632,34.8916071843702],[-95.6293203630302,34.8914351845452],[-95.6283873629153,34.8912231846671],[-95.6265923623859,34.8908671844585],[-95.6252543623718,34.8906071841761],[-95.6250123619369,34.8905491842004],[-95.6244843617254,34.8904421846676],[-95.6237673617396,34.8902971842839],[-95.6225263617284,34.8900531847377],[-95.6220463610461,34.8899641842373],[-95.6212273608264,34.8898131844801],[-95.620680360633,34.8897061849482],[-95.6204523608483,34.8896611846743],[-95.6170793599629,34.888992184439],[-95.6169713603501,34.888988184259],[-95.6168773604883,34.8889991847728],[-95.6167833597284,34.8890271842751],[-95.6167033596191,34.8890741846563],[-95.6166093597621,34.8891541847674],[-95.6164983600194,34.8892801843112],[-95.6158903596777,34.8889261850376],[-95.6154323600015,34.8886371842696],[-95.6149863590813,34.8883201849026],[-95.6137973587308,34.8873311841358],[-95.6133893586703,34.8869701845285],[-95.6132803590046,34.8868741845856],[-95.6120523586377,34.8857921840114],[-95.6119073582002,34.8856731839047],[-95.6108043582467,34.8847681843249],[-95.6107633581416,34.8847341845513],[-95.610258358076,34.8843251845248],[-95.6098503580191,34.8840151836815],[-95.608989357622,34.8834651843386],[-95.6081723574672,34.8829211843719],[-95.6065673567062,34.8818671842128],[-95.6056663562473,34.8812381839121],[-95.6053313568841,34.8810181836348],[-95.6045573560198,34.8803941835595],[-95.6038903556256,34.8798371838831],[-95.6030593557067,34.8790921836042],[-95.6023943554004,34.878466183431],[-95.6023683550918,34.8784351837956],[-95.6015433554489,34.8776581829341],[-95.6010983554677,34.8772481828585],[-95.6003813545463,34.8765891829585],[-95.5997643546716,34.8760231828631],[-95.5996443544948,34.8759121831255],[-95.5987213547949,34.875008182684],[-95.5984193542493,34.8745791826211],[-95.5983443543606,34.8744671828351],[-95.5982493544403,34.8743071826263],[-95.5981523544242,34.8741031830784],[-95.5980513542195,34.8738551823929],[-95.5979393543936,34.8734601829958],[-95.5979023535609,34.8732301822412],[-95.5978453535788,34.87271018245],[-95.5978373540931,34.87251118223],[-95.5978203541758,34.8721121826431],[-95.5978243534515,34.8719631820396],[-95.597835353932,34.8715431823784],[-95.5978343538444,34.8709591823193],[-95.5978513536679,34.8700301824738],[-95.5978503535972,34.869685181789],[-95.5978543537663,34.8694531818392],[-95.5978593539748,34.8691221818023],[-95.5978603539493,34.868103181388],[-95.5978533535269,34.8667171810693],[-95.5978623538314,34.8651171807341],[-95.5978673531202,34.8644961807603],[-95.5978543533892,34.8641071807369],[-95.5978383535324,34.8639071813703],[-95.5976883528114,34.8630561806475],[-95.5974983529547,34.862506180373],[-95.5973473531226,34.8621631806873],[-95.5972703531392,34.8620231805043],[-95.5969973530342,34.8615231807501],[-95.5965233525893,34.8608551804217],[-95.596112352382,34.8603831801718],[-95.5957703526799,34.8599611804349],[-95.5954933524007,34.8596201799485],[-95.5950313525184,34.8590391800503],[-95.5943853521794,34.8582051801384],[-95.5940433515789,34.8577951800578],[-95.5933973521546,34.8571801794935],[-95.5927893518038,34.8566961795968],[-95.5923273510427,34.8564041795893],[-95.5913473514272,34.8559231798492],[-95.5909333511039,34.8557811795898],[-95.5904253509173,34.8556271796786],[-95.5899423509937,34.8555161799584],[-95.5895033504149,34.8554381799654],[-95.5890153502626,34.8553741797235],[-95.5881613502267,34.8553401799889],[-95.587316349711,34.8553391799831],[-95.5867563498205,34.8553221801221],[-95.5862503497363,34.8553071803512],[-95.5861793500409,34.8553051802619],[-95.5861813501218,34.8551371796781],[-95.5862303495218,34.8526631793448],[-95.5862663493871,34.8525841792826],[-95.58626134914,34.8523691792211],[-95.5862513495494,34.8519961790389],[-95.5862643492438,34.8518671793609],[-95.5863073494339,34.8517911794374],[-95.5863613492363,34.8517361795863],[-95.5865123499389,34.851669179175],[-95.5872463497935,34.8515271788606],[-95.5880733503613,34.8513521788124],[-95.5882653502695,34.8513171789814],[-95.58841234989,34.8512901786236],[-95.5892313500929,34.8512011789604],[-95.5904993504333,34.8511081790904],[-95.5913983507497,34.8510311790796],[-95.5930513509526,34.8508671786019],[-95.5935363509564,34.8507991790276],[-95.5938863509951,34.8507341786994],[-95.5940833511356,34.8507051782466],[-95.5941803511363,34.850691178493],[-95.5952383516192,34.8504381784198],[-95.5960673522773,34.8502281785498],[-95.5966373517213,34.8500901784284],[-95.5972433519334,34.849922178715],[-95.5974893525449,34.8498541782528],[-95.5979583526989,34.849686178546],[-95.5987003529119,34.8493651780374],[-95.5990363522947,34.8492061778543],[-95.5992453529858,34.8490931780084],[-95.59937035248,34.8489891776839],[-95.5995223523232,34.8488311784551],[-95.5998933524064,34.8483411782337],[-95.6003203532876,34.8478441776855],[-95.6006483531815,34.8474411778969],[-95.6010183532298,34.8471131779814],[-95.6012983527073,34.8468641772313],[-95.6016943530658,34.8465901780161],[-95.6020553536016,34.8463401772159],[-95.6022363529951,34.8462411771201],[-95.6024323530862,34.8461681773282],[-95.6026333534104,34.8461151775626],[-95.6063563542409,34.8453931772311],[-95.6081693546543,34.8450181768691],[-95.6092373547035,34.8447911770999],[-95.609642354594,34.844715177159],[-95.6104143553111,34.8445681766113],[-95.6110043556809,34.8444061762771],[-95.6119053551779,34.8441481768792],[-95.6132093562674,34.8437591767927],[-95.6141263565041,34.8434691768118],[-95.6146373559083,34.8433071764815],[-95.6151563565827,34.843143176058],[-95.6159593569303,34.8428761762482],[-95.6165533565791,34.8426131757342],[-95.6170783566264,34.8423641758717],[-95.6173143567703,34.8422411764608],[-95.6180563569767,34.8418291762357],[-95.6183933573019,34.8416221756288],[-95.6186373569158,34.8414781761445],[-95.6188383572347,34.8413471754656],[-95.6189713571005,34.8412521755574],[-95.6190053568752,34.8412041760314],[-95.6193783570489,34.8406811760806],[-95.6196503570495,34.8403591755483],[-95.6200803571789,34.8399831752062],[-95.6203603575553,34.839729175124],[-95.6206583578657,34.8394541749679],[-95.6213123575846,34.8389861748522],[-95.6218373576242,34.8386271752926],[-95.6224933583406,34.8382371751909],[-95.6232063581,34.8378031748479],[-95.6237223586252,34.8374961749984],[-95.6241693586488,34.8371931744381],[-95.624626358238,34.8369081747107],[-95.6249613584714,34.8367151747521],[-95.6263703589978,34.8358091741062],[-95.6286573588265,34.8342561740394],[-95.6308523597767,34.8325891731956],[-95.6355463604627,34.8289201730701],[-95.6364323610299,34.8281971728281],[-95.637935361398,34.8269941719166],[-95.6409863615346,34.8247521713893],[-95.6422803621162,34.8237371710982],[-95.6436143618527,34.8226911711685],[-95.6446953624631,34.8218751711079],[-95.6451133629372,34.8215261711172],[-95.6464823624913,34.8203841703385],[-95.6489933636904,34.8184871705218],[-95.6509213639606,34.8169751696726],[-95.6531833644156,34.8152381691819],[-95.6543603640782,34.8143681693146],[-95.6544193641137,34.8143311693973]]]}},{"type":"Feature","properties":{"Precinct":"30","PCT_CEB":"610030","P0010001":"517","P0030001":409,"St_house":"017","St_senate":"07","Comm":"01","Uscong":"02","COUNTY_NAM":"PITTSBURG","CO_FIPS":"121","GeoID":"61121610030020701701","precinct_num":30},"geometry":{"type":"Polygon","coordinates":[[[-95.6878003956693,35.1271282247825],[-95.6882443955801,35.1271962252112],[-95.6892723955889,35.1271962251612],[-95.6905503964291,35.1276072252418],[-95.6908833965785,35.1275392247752],[-95.6913003961133,35.127287224779],[-95.6921893968673,35.1272402243584],[-95.6923553964781,35.1273322250124],[-95.6926613962779,35.127309224832],[-95.6933833964539,35.1268742244422],[-95.694022397299,35.1267372243636],[-95.6942993966433,35.1265762240906],[-95.6948263967662,35.1260952242787],[-95.6948543971571,35.1259802243489],[-95.6952983970365,35.1256142244693],[-95.6962143972473,35.1256142244248],[-95.697132397564,35.1257962238131],[-95.6980483977748,35.1257962237685],[-95.6982433978311,35.1258872243749],[-95.6987143980914,35.1259102245174],[-95.6991313985339,35.1257732244496],[-95.6998263983624,35.1254112238436],[-95.7013213984425,35.125387223559],[-95.7013153989481,35.1237852240335],[-95.7012863984,35.1223632229502],[-95.7012803989518,35.1214022234242],[-95.7012793988903,35.1211932227411],[-95.7012733985054,35.119714222615],[-95.7012733983996,35.1182452229516],[-95.7012703981223,35.1163282223318],[-95.7012913981711,35.1159702219438],[-95.7032673989764,35.1159862216891],[-95.7055923988778,35.1159822222901],[-95.7058633988546,35.1159802221844],[-95.7073983998913,35.1159692216004],[-95.7083093998703,35.1159702216023],[-95.7106544007002,35.1159802219513],[-95.7119594009627,35.1159602218611],[-95.7123544012937,35.115954221564],[-95.7136454009086,35.1159582216864],[-95.7216444031373,35.1159942211652],[-95.7216794029758,35.1161882211521],[-95.7217324036666,35.1166272216893],[-95.722205404046,35.1170162216898],[-95.7225124039234,35.1174282218639],[-95.7226794036021,35.1178172218792],[-95.7227074040342,35.1182752214986],[-95.7232924042281,35.1188932213041],[-95.7233764036368,35.1190302213475],[-95.7235154037975,35.1191672213884],[-95.7237114039168,35.1194882218514],[-95.723739404334,35.1197392217796],[-95.7239344043986,35.119945221415],[-95.7241854043804,35.1204032219228],[-95.7245754045031,35.1207232223301],[-95.7249374042183,35.1209292219573],[-95.725049404942,35.1212952218098],[-95.725494404914,35.1215702219296],[-95.7258854050747,35.1217752224084],[-95.7259684053347,35.1218902223327],[-95.7260244052486,35.1220962219748],[-95.7261084046672,35.1223702220659],[-95.726108404682,35.1225762226101],[-95.7265824051045,35.1229192222795],[-95.7271674052769,35.1232402227235],[-95.7277524054212,35.1231712221984],[-95.7278634051646,35.1230562222646],[-95.7280314057626,35.123079222422],[-95.7282544053303,35.123331222387],[-95.7281994055123,35.1238112221297],[-95.7278374058735,35.1246652221157],[-95.7272624053203,35.1251032226371],[-95.7266324058386,35.1258862229463],[-95.7256864051904,35.1266412228738],[-95.7251294054866,35.1272822229003],[-95.7250734047047,35.1275112227134],[-95.7247954053108,35.1276262235546],[-95.7245444053637,35.1276492228331],[-95.724377404827,35.1278322232198],[-95.7241544053137,35.1283352231362],[-95.7239594052771,35.1285182235243],[-95.7238764050386,35.128702223054],[-95.7237654052986,35.1288622232725],[-95.7237654053068,35.1289762231545],[-95.7238484046642,35.1290452236471],[-95.7239044045847,35.1293422239051],[-95.7237374049506,35.1295712237236],[-95.7234034047566,35.1296632235026],[-95.7220944043271,35.1299382237078],[-95.7214814046763,35.1299152235721],[-95.7211744039392,35.130053223681],[-95.7205624043414,35.1301222242074],[-95.7196144035328,35.1299392238749],[-95.7186674036864,35.1299852242521],[-95.7182494032026,35.1301912239173],[-95.7181944033598,35.1303282239675],[-95.7179584032227,35.130541223948],[-95.7189294041856,35.1305432239933],[-95.7189144037696,35.1344172243874],[-95.7189324037794,35.135448225355],[-95.7189084045368,35.136442225511],[-95.7189254045249,35.1378122250865],[-95.7189194042896,35.1384072256544],[-95.7189194043146,35.138754225532],[-95.7189254046647,35.1397492257328],[-95.7189264047941,35.1408992259154],[-95.7189204045358,35.1411752261034],[-95.7189074048721,35.1417262264332],[-95.718923404873,35.1439162262016],[-95.718920404786,35.1446382263539],[-95.7189454050771,35.1450682264758],[-95.7027624010266,35.144910227144],[-95.6932073976923,35.1449752279211],[-95.693172397867,35.1449622282202],[-95.6929413979444,35.1449352278808],[-95.6925973981794,35.1449362279438],[-95.6917803980633,35.1449392281225],[-95.6903833971295,35.1449312278202],[-95.6900883969395,35.144939228205],[-95.6893763971971,35.1449572281737],[-95.6883813969185,35.1449372281955],[-95.6875053967628,35.1449202283505],[-95.6852513956566,35.1449182283677],[-95.6837783956961,35.1449262279105],[-95.6817443949002,35.1449302281948],[-95.6809993945252,35.144925228899],[-95.6801483946311,35.1449312283189],[-95.6792563946338,35.1449292282697],[-95.6780263942507,35.1449332285149],[-95.6769123938502,35.1449232290055],[-95.6762563940061,35.1449322285548],[-95.6752813937556,35.1449112285293],[-95.6749043933598,35.1449142286866],[-95.6744243935826,35.1449082284322],[-95.6739123932207,35.1449012290323],[-95.673291393201,35.1449072284411],[-95.6727073930974,35.1448992289984],[-95.6707253920145,35.1448982290487],[-95.6697983921935,35.1449082286575],[-95.6695283922632,35.1449112288096],[-95.6693053918138,35.1449062294883],[-95.6683753918515,35.1448852294606],[-95.6668993908527,35.1448962291425],[-95.665931390928,35.1448922290044],[-95.6657123906651,35.1449012294318],[-95.6648513912053,35.1448892289181],[-95.6643363907064,35.1449112290624],[-95.6638773901056,35.1449202295015],[-95.6635353904352,35.1449462289233],[-95.6630643901768,35.1449502291314],[-95.6626503898632,35.1449472290127],[-95.6620693898982,35.1449322292459],[-95.6616473901132,35.1449312292201],[-95.6613653896261,35.1449312292338],[-95.6603593897373,35.1449202296729],[-95.6595113890824,35.1449182296215],[-95.65928638944,35.1449182296325],[-95.6585113894733,35.1449272291876],[-95.6575393884655,35.1449482293079],[-95.6564673882174,35.1449852292745],[-95.6562353882505,35.1449872293784],[-95.6554263885054,35.1449932296956],[-95.6550963884905,35.1449952298042],[-95.6547353879376,35.1450032301922],[-95.6540173879178,35.1450342298638],[-95.6535703878742,35.1450532298659],[-95.6534443874273,35.1450592301498],[-95.6529323879653,35.1450582301284],[-95.6525503873373,35.1450582301471],[-95.6517523872021,35.1450512298618],[-95.6509763871862,35.1450222303557],[-95.6507173868663,35.1450212303219],[-95.6503263867201,35.145018230202],[-95.6496763871537,35.1450202303263],[-95.6486813868754,35.1450052296803],[-95.6484073867584,35.1449932300374],[-95.647999386722,35.1449752301232],[-95.6474213859975,35.1449712299662],[-95.6462043862159,35.1449562302303],[-95.6450613853714,35.1449702300348],[-95.6446543853843,35.1449912301275],[-95.644114385523,35.1449902301076],[-95.6438383853135,35.1449822306499],[-95.6433523852584,35.1449812306273],[-95.6430543849292,35.1449882300666],[-95.6423493846112,35.1449962304713],[-95.6407103841438,35.1449612307293],[-95.639966384715,35.1449652300514],[-95.6391083844975,35.144989230305],[-95.6383383838632,35.1449982307591],[-95.6374663838923,35.1449732305435],[-95.6364803831347,35.1449972308033],[-95.6360423835082,35.1450132306661],[-95.6359703828669,35.1450082304381],[-95.6353793833391,35.1450162308373],[-95.6334313829287,35.1449492305281],[-95.6304883822425,35.1449032312396],[-95.630222381598,35.1449042312989],[-95.6250473808349,35.1449862308506],[-95.6237833797748,35.1449982314677],[-95.6226083801432,35.1449972314787],[-95.6191783793639,35.1450672312892],[-95.6183153789149,35.1450972318208],[-95.6130543777604,35.1451762321371],[-95.612883377025,35.1451772321918],[-95.6113683769149,35.1451842316903],[-95.6080953762182,35.1452052319225],[-95.6037963747061,35.1452322324825],[-95.6046973749028,35.1422082318276],[-95.6087433759296,35.1360282305925],[-95.6141733764037,35.1300682286839],[-95.6153753772097,35.1289902290779],[-95.619710377415,35.1251032278707],[-95.6252583788831,35.1193992261176],[-95.6336003802231,35.1109652246386],[-95.642007382106,35.1056822233524],[-95.6427973819092,35.1062312235507],[-95.6431863819333,35.1058262227674],[-95.6433533824767,35.1057342229965],[-95.6439103822484,35.1060322232765],[-95.6445793827257,35.1064442234331],[-95.6453583829297,35.1071542229922],[-95.6458593828271,35.1077952229674],[-95.6458873832312,35.1078642234626],[-95.6459433831351,35.107932223011],[-95.6465833832624,35.1096722234992],[-95.647056383622,35.1097862233583],[-95.6491173838652,35.1096952235416],[-95.650510384623,35.1098332235678],[-95.6508443848451,35.1101312238586],[-95.6511783850539,35.1102452237245],[-95.6517353847959,35.1101312238153],[-95.6522083851474,35.1101312237923],[-95.652570384866,35.1103832237507],[-95.6531003851694,35.1104752234878],[-95.6543533857233,35.1105212237579],[-95.6554953856428,35.1107962238439],[-95.6560793857723,35.1111622236736],[-95.6563863865244,35.111231223256],[-95.6564973862612,35.1110252236057],[-95.6571383863063,35.1109792232434],[-95.6590883867747,35.1105672229595],[-95.6602573870124,35.1103622233041],[-95.6609263874715,35.1105222234847],[-95.661956387588,35.1107282230796],[-95.6625413877654,35.1111172230747],[-95.6628483876215,35.1112322229881],[-95.6631543883404,35.1114842229492],[-95.6633493883984,35.1115982228218],[-95.6636833876997,35.1115982228056],[-95.6641023882498,35.1116672232818],[-95.664659388,35.1116672232547],[-95.6656343882589,35.1118042232549],[-95.6675833887485,35.1123312232776],[-95.668614389809,35.1125142236062],[-95.6698393900033,35.113109223215],[-95.6702013897235,35.1133842233389],[-95.6704523896805,35.1134982232088],[-95.6712323898979,35.1137502231468],[-95.6726243906158,35.1139792228895],[-95.6732093907833,35.1142312228371],[-95.6747133913734,35.1154902234968],[-95.6755773910093,35.1160162235259],[-95.6757083916923,35.1160702233216],[-95.6759503912309,35.1161692233968],[-95.6766073920399,35.1164282236648],[-95.6779443919828,35.1163372229839],[-95.6785853920411,35.1164742230004],[-95.6788633923526,35.1166122230808],[-95.6788633924119,35.1174362234589],[-95.6788823923974,35.1174872240206],[-95.6792013928019,35.1174902232446],[-95.6793443922385,35.1174842238592],[-95.6793423921734,35.1178682236513],[-95.6799223930118,35.1181682240227],[-95.6802843927386,35.1185342238632],[-95.6803403926525,35.1187402235053],[-95.68025639329,35.1192442234613],[-95.6801173931507,35.1194042236811],[-95.6796713931719,35.1196792238444],[-95.6793343928401,35.1197892235576],[-95.6793303927132,35.1206012242797],[-95.6793293926949,35.1209922243959],[-95.67911139248,35.1210212239505],[-95.6773313926706,35.1210142246124],[-95.677331392675,35.1210752247386],[-95.6771923925344,35.1212172241251],[-95.6771923925489,35.1214182244378],[-95.6771413921417,35.1236282251359],[-95.6771233922638,35.1244262252104],[-95.677217392174,35.1250862251857],[-95.6772213924061,35.1257322254164],[-95.6779203923945,35.1250152245623],[-95.6785343929498,35.1244642251025],[-95.6786743931531,35.1245502245806],[-95.6790583929833,35.1246732248607],[-95.6791753930159,35.1247102247694],[-95.6792533930378,35.1247382251627],[-95.6796153927292,35.1246122247074],[-95.6796283933312,35.1246012250968],[-95.6798103927681,35.1244622249477],[-95.6800053928196,35.1244852251038],[-95.6801173935186,35.1245082243645],[-95.6800893931327,35.1246932248372],[-95.6799333931225,35.1251032249412],[-95.6796923927689,35.1255302249372],[-95.6796373929439,35.1259142247319],[-95.6798323930169,35.126235225195],[-95.6803893936945,35.1266242251914],[-95.680834393655,35.1267392250981],[-95.6813083940577,35.1268072255253],[-95.6821723936508,35.1267392250329],[-95.682645393984,35.126487225034],[-95.6835643943323,35.1264642248237],[-95.6840103943078,35.1261442252751],[-95.68470839429,35.1259832249817],[-95.6857103949049,35.1261662244123],[-95.6859893952777,35.1265102250368],[-95.6863793953838,35.1266012247343],[-95.6871033947846,35.1266012246991],[-95.6873543956427,35.1267392247807],[-95.6878003956693,35.1271282247825]]]}},{"type":"Feature","properties":{"Precinct":"32","PCT_CEB":"610032","P0010001":"729","P0030001":567,"St_house":"017","St_senate":"07","Comm":"02","Uscong":"02","COUNTY_NAM":"PITTSBURG","CO_FIPS":"121","GeoID":"61121610032020701702","precinct_num":32},"geometry":{"type":"Polygon","coordinates":[[[-95.7183763871322,34.8985551816628],[-95.7187223864153,34.8904441802331],[-95.7188153857192,34.8832071788113],[-95.7211603862954,34.8796411781722],[-95.7211623863822,34.8795581779266],[-95.7211323867783,34.8793971776685],[-95.721072386684,34.8792581775311],[-95.7210423861863,34.8791761782326],[-95.7209083862592,34.8790601782643],[-95.7207663859574,34.8788911776411],[-95.7206973863462,34.8787681773456],[-95.7205303857768,34.8784931781112],[-95.7203243860915,34.878142178058],[-95.7201383864461,34.8779571775955],[-95.7193883858044,34.8774581779107],[-95.7190053860101,34.877182177741],[-95.7189523853447,34.8770941772665],[-95.7189353854352,34.8768041773305],[-95.7189493851373,34.8761281775079],[-95.7189263858203,34.8754351769],[-95.7189373854014,34.8750161772853],[-95.7189403854322,34.8734841765021],[-95.7189313849701,34.8728511768729],[-95.7189303848629,34.8719911766259],[-95.7189273856042,34.8717231768084],[-95.7189063854297,34.8703091760938],[-95.7189143848444,34.8695041765941],[-95.7205303851421,34.8695171762191],[-95.7237063867352,34.8695081756499],[-95.7248563870046,34.869498176031],[-95.7256893869635,34.8695001760836],[-95.7258893872451,34.869500176074],[-95.726933387095,34.8694831761361],[-95.7278413878335,34.8694791759073],[-95.728799387293,34.8694691753983],[-95.7299673874993,34.8694801758515],[-95.7307553880698,34.869489175331],[-95.7318113884775,34.8694911753729],[-95.732767388745,34.8695021758363],[-95.7334913890445,34.86949717557],[-95.7343323893733,34.869485174974],[-95.7347383893157,34.8694891751397],[-95.735468388995,34.8694961754288],[-95.7365193900701,34.8694981754709],[-95.7365263894561,34.8689421749093],[-95.7365143897271,34.8679251745885],[-95.7365343896778,34.8668301751515],[-95.7365293894192,34.8664531747841],[-95.7365213890063,34.8658591742625],[-95.7365353895601,34.8645091747107],[-95.7365313893548,34.8642281742914],[-95.7365243890003,34.8638061745386],[-95.7365183895923,34.8633951743957],[-95.7365043889095,34.8629201739881],[-95.7364883890257,34.8623381740224],[-95.7365153892936,34.8611361741277],[-95.7365213885966,34.8600621738649],[-95.736511388958,34.8590111737685],[-95.7365113889296,34.858610173189],[-95.7365103888432,34.8580441730641],[-95.736528388698,34.856903173296],[-95.7365283885622,34.8549791723501],[-95.7367803885574,34.8549811724306],[-95.7370683884245,34.8550001723972],[-95.7380393893879,34.8550141729987],[-95.7393063896877,34.8550131728917],[-95.740388389503,34.855022172357],[-95.741444389909,34.8550011722334],[-95.7421493902274,34.8550061724311],[-95.7421323902516,34.853778172234],[-95.7421483900062,34.8525301720086],[-95.7421483899785,34.852139171892],[-95.7421503899249,34.850066171242],[-95.7421493898307,34.8493891713739],[-95.7421303897298,34.847701171463],[-95.7420993891148,34.8466141706],[-95.7420943897703,34.8464451708696],[-95.7421003891279,34.8461421703305],[-95.7421033892524,34.8459361706854],[-95.7421073894235,34.8457311710864],[-95.7421383889392,34.8439851702863],[-95.7421433891405,34.8435521700236],[-95.7421593888361,34.841468169763],[-95.7421343894013,34.8404171696671],[-95.742547388768,34.84040817013],[-95.7431153890279,34.8404061700102],[-95.7436943897979,34.8404041698898],[-95.7444973892649,34.8404081700365],[-95.7447443899276,34.8404101692179],[-95.7454773897453,34.8404081699895],[-95.7467203898317,34.8404111691694],[-95.7478193904338,34.8403991694604],[-95.7488573909057,34.8403971693181],[-95.7491303909754,34.8403991693975],[-95.749576390974,34.8404021695151],[-95.7500113913619,34.8404061696794],[-95.7509503917392,34.8404021694492],[-95.7524963914869,34.8403941690047],[-95.7538123922602,34.8403921688489],[-95.7541093925437,34.8403951689736],[-95.7554013922049,34.8404051693746],[-95.7568643925996,34.8403891685636],[-95.7570863930015,34.8403811690819],[-95.758377393514,34.8403671692711],[-95.7598733936427,34.8403841690871],[-95.76001339384,34.840386169173],[-95.7614303939009,34.8403811688736],[-95.7618263942784,34.8403801688082],[-95.7620173941425,34.8403791687528],[-95.7633013943314,34.8403801687375],[-95.7641943943745,34.8403801686947],[-95.7685743960419,34.8403521680875],[-95.7699393963894,34.8403481687361],[-95.7701793967271,34.8403471686783],[-95.7703273963957,34.8403451685786],[-95.771785396558,34.8403221683431],[-95.7729073973272,34.8403091685867],[-95.7731923970537,34.8403051683878],[-95.773538396911,34.840301168186],[-95.7745893970859,34.8402931677652],[-95.7746423977451,34.8402931677626],[-95.7752523972545,34.8402881684012],[-95.7756283976037,34.8402851682443],[-95.7768723977367,34.840294167702],[-95.7768253984825,34.8435151684453],[-95.7766503984911,34.843941168392],[-95.7767033986535,34.8496421697381],[-95.7767613986538,34.8497631699415],[-95.7768213988041,34.8506961699681],[-95.776821398831,34.8510761695753],[-95.7768213990032,34.853514170037],[-95.7768693986031,34.854531170356],[-95.7768973990312,34.8549411704515],[-95.7783173992306,34.8549281706807],[-95.7804813997604,34.8549501706961],[-95.7824314002571,34.8549491705561],[-95.7836674009179,34.8549491704968],[-95.7849594014768,34.8549381699254],[-95.7855934012023,34.8549681703846],[-95.7857064010473,34.8549781699429],[-95.7857964016239,34.8549811700775],[-95.7866084014988,34.8548521703611],[-95.7908094029602,34.8548411696501],[-95.7965684038264,34.854825169532],[-95.7973754043917,34.8550221696209],[-95.8029874056334,34.8549781691128],[-95.8052224067582,34.8550081694951],[-95.8055434063558,34.855009169526],[-95.8058634068063,34.8550111696032],[-95.8061414062086,34.8550131696825],[-95.8066074071355,34.8550301695478],[-95.8066434069961,34.8548861691743],[-95.8068504067025,34.8548791688403],[-95.8070424066125,34.8548721694063],[-95.8133174080251,34.8548591685029],[-95.8142944083662,34.8548601685023],[-95.8181094099144,34.8548641685042],[-95.8211554108733,34.8548481685164],[-95.8212684107176,34.854848168511],[-95.8243314115673,34.8548561687341],[-95.8245124109687,34.8548701684743],[-95.8249164117161,34.8548541686134],[-95.8250694116154,34.854836168672],[-95.8226044107981,34.8573711692462],[-95.8211714110002,34.8588661692841],[-95.8202484105304,34.8597841695626],[-95.8191294099815,34.8609431702167],[-95.8176594102664,34.8624391703027],[-95.8166604098738,34.8634181707111],[-95.8162394101632,34.8638101699948],[-95.81556540952,34.8643141708787],[-95.8150824096271,34.8646331703828],[-95.8149144099151,34.8644201704218],[-95.8146384096818,34.8640711704645],[-95.814227409471,34.863549170598],[-95.8141294094152,34.8634381708595],[-95.8132784085507,34.8624311701428],[-95.8131554091499,34.8625431699383],[-95.8125124090505,34.8631271709274],[-95.812057408666,34.86356617059],[-95.8107134084849,34.8648661705885],[-95.8104974083755,34.8650751712822],[-95.81032940869,34.8652371706968],[-95.8102594081459,34.8652941706412],[-95.8089794082267,34.8664811717001],[-95.8086064080393,34.8668041713842],[-95.8078364083574,34.8675531719248],[-95.8071934082605,34.8681721718364],[-95.8069514078464,34.8684051718437],[-95.805801407655,34.8695131719368],[-95.8034314067277,34.8717821727814],[-95.802421406719,34.8726871724623],[-95.8022594073115,34.8728431724981],[-95.8013144067204,34.8737571725926],[-95.8002994064872,34.8747671735378],[-95.8000434063242,34.8750141732948],[-95.7997004066273,34.8753181729969],[-95.7993424062358,34.875636173348],[-95.7984254060417,34.8765181737582],[-95.797983406259,34.8769441737176],[-95.7968344061138,34.8780511737644],[-95.7959664054903,34.8788801744163],[-95.7950024058159,34.8797811748091],[-95.7940014053291,34.8807421743843],[-95.7932374050247,34.8814701748517],[-95.7930814049955,34.8816191745631],[-95.7928934052831,34.8817981747658],[-95.7922044048558,34.882475174667],[-95.7919574050828,34.8823361754379],[-95.7918694045974,34.882311175184],[-95.7918024050889,34.8823291751212],[-95.7916204047502,34.8824341754948],[-95.7907004044211,34.8833741749932],[-95.7906274046382,34.8834471756785],[-95.7893404042962,34.8832471754739],[-95.7893384041977,34.8831661753211],[-95.7893404042814,34.883039174837],[-95.7893524038742,34.8821301750189],[-95.7893604042072,34.8815941753834],[-95.7893624042698,34.8811681745457],[-95.7893624042528,34.8809281751251],[-95.7893624040977,34.8787381744548],[-95.7893604039228,34.8775771746612],[-95.7893714034741,34.8767371744405],[-95.7893864040895,34.8756051741901],[-95.7893774036306,34.8750181739928],[-95.789387404066,34.874617173413],[-95.7894054039544,34.8739531732466],[-95.7894154034914,34.8735671733612],[-95.7894254039165,34.8730201732162],[-95.7894084030453,34.8718501730067],[-95.7894154033127,34.8710421733684],[-95.7853874026771,34.871021173489],[-95.7841274018022,34.8710131731792],[-95.7840734022853,34.8751021736403],[-95.7840464020674,34.8770071746068],[-95.7831294019586,34.8790951750954],[-95.7824324020112,34.8790901748974],[-95.7806084019622,34.8790981753555],[-95.7805764014962,34.880773175566],[-95.7805684020535,34.8811831756631],[-95.7805204018246,34.8839851758924],[-95.7805204018259,34.8840031758265],[-95.779655402182,34.8840031758681],[-95.7796554022682,34.8852191764095],[-95.7782564012445,34.8852401765498],[-95.7782594013721,34.8850771761975],[-95.7782754011385,34.8840011758419],[-95.7776824015178,34.8840011758704],[-95.7761344007774,34.8840001758986],[-95.7761414012065,34.8854751767399],[-95.7761424012762,34.8858041766837],[-95.7752124004166,34.8858041767284],[-95.7739214008021,34.885799176559],[-95.7739224008282,34.885512176761],[-95.7739243999933,34.8851121762278],[-95.773927400052,34.8839771758392],[-95.7713123992938,34.8839821761964],[-95.7673323990861,34.8839741769168],[-95.7673283989935,34.8852861765072],[-95.7673163987651,34.8899171777785],[-95.7707713998095,34.8899521774341],[-95.7711684002337,34.8899561776002],[-95.7717524003368,34.8899621769506],[-95.7717564005527,34.8903911770275],[-95.7717564005675,34.8906001777107],[-95.771756400611,34.8912141773599],[-95.7708344001238,34.8912321773383],[-95.7697543995047,34.8912601777873],[-95.7681213993215,34.8912941776414],[-95.7633163977242,34.8912391780241],[-95.7633183977716,34.8906001781167],[-95.763320397843,34.8902981776241],[-95.7633223979131,34.8899791781432],[-95.7632863980409,34.8899591781182],[-95.7631773983811,34.8899451774753],[-95.7630933980822,34.8899341778694],[-95.7629083975969,34.8899351779246],[-95.7629083976009,34.8899911778194],[-95.7629113977623,34.8903051779679],[-95.7629133978683,34.8904921776325],[-95.762914397928,34.8906801782427],[-95.7629153979829,34.8908001784026],[-95.76076939739,34.8908021776991],[-95.7592313971131,34.8907991785335],[-95.7590313968302,34.8907801785627],[-95.7586483970558,34.8907861779596],[-95.758601396675,34.8907871780083],[-95.7585563972853,34.8907751783541],[-95.758555397268,34.8911861784972],[-95.7559263958592,34.8911741780681],[-95.7498673945666,34.8911461788618],[-95.7499413943972,34.891093178203],[-95.7500883949114,34.8909871786843],[-95.7502743945327,34.8908321786936],[-95.7504163948128,34.8906941785927],[-95.7505103946673,34.8905811787524],[-95.7505923948609,34.8904131781648],[-95.7506643945872,34.8901971780533],[-95.7506823945177,34.8901281784551],[-95.7504383948912,34.8900941786913],[-95.7502023947351,34.8900411780475],[-95.7500043945418,34.8899781787375],[-95.7498163948129,34.889924178045],[-95.7497333945586,34.8898891782272],[-95.7495623947175,34.8898171784992],[-95.7493623944293,34.8897231786533],[-95.7492613942397,34.8896891779833],[-95.7490943945896,34.8896961783154],[-95.7490143944777,34.8897061787822],[-95.748974394423,34.8897281780041],[-95.7486723939173,34.8898621788268],[-95.748404394083,34.889910178364],[-95.7481433936706,34.8899101783766],[-95.7479063943704,34.889899178778],[-95.7476113941768,34.8898561786],[-95.7472593940379,34.8898121783784],[-95.7470933935338,34.8898051789616],[-95.7470903934582,34.8907001790305],[-95.7470903934901,34.8911501791806],[-95.7451803930494,34.8911511793188],[-95.736473391269,34.8911671795789],[-95.7364523914613,34.8949331803725],[-95.7320993901433,34.8949241801652],[-95.7321043905468,34.897346180785],[-95.7321063907106,34.898349180458],[-95.7321073907742,34.8985921809167],[-95.7261923889663,34.8985921812013],[-95.7236513880416,34.8985911812772],[-95.7236473888401,34.8997851816996],[-95.7236103881192,34.9011341821055],[-95.723637388472,34.9011351821505],[-95.723636388451,34.9014921815922],[-95.7243853890113,34.9014971817876],[-95.7267683898043,34.9015111814218],[-95.7322883903835,34.9015371814607],[-95.735891391995,34.9015541811751],[-95.736403391457,34.9015571812894],[-95.7364543920235,34.9015571812869],[-95.7364553921075,34.9020881815898],[-95.7364413925286,34.9045001817476],[-95.736454392317,34.905697182308],[-95.7364303921044,34.905711182058],[-95.7364303921089,34.9057751823232],[-95.7363223924964,34.9057751823284],[-95.7362033923739,34.9057761823804],[-95.7293943904766,34.9057781819014],[-95.7268173896812,34.9057781820254],[-95.7232153890167,34.9057831824302],[-95.7231883891798,34.9130571837625],[-95.7275703900432,34.9130521833201],[-95.7275703900379,34.912977183445],[-95.7275693899453,34.9123261838814],[-95.7287073905586,34.9123311831588],[-95.7287093906975,34.9129811835754],[-95.7287103907488,34.9130511841183],[-95.7297603908784,34.913053183261],[-95.734437391932,34.9130471836574],[-95.7364023931245,34.9130421833313],[-95.7364023931261,34.9130641834506],[-95.7364313932185,34.9207601845327],[-95.7364233929041,34.9215581846074],[-95.7364233929152,34.9217141846354],[-95.7352933926876,34.921916185049],[-95.7348563931163,34.922054185164],[-95.7341773931186,34.922250185278],[-95.7340673925161,34.9222791848273],[-95.7338123923873,34.9223551847611],[-95.7325933925404,34.9227181854385],[-95.732257392253,34.9228011857001],[-95.7321813923273,34.9228201856842],[-95.7316743922053,34.9229241851277],[-95.7312603918954,34.9229691854325],[-95.7307213920825,34.922992185624],[-95.7305253919869,34.9230001851045],[-95.7298843919368,34.9229721856376],[-95.7290143911513,34.9228271852615],[-95.7284643917156,34.9226831858155],[-95.7280003908715,34.9225281858562],[-95.7267533905664,34.9220611858784],[-95.7264243905887,34.9219331853639],[-95.7253683901491,34.9214821852184],[-95.7253743903503,34.9203961852996],[-95.7241553904763,34.9203781854242],[-95.7238293897471,34.9203731852084],[-95.7231373900312,34.9203631856781],[-95.7230933898595,34.9213521856044],[-95.7224813893573,34.9213481854486],[-95.7208453890311,34.9213311856396],[-95.7206813895098,34.9211921855072],[-95.7198313887116,34.9204721854879],[-95.7188383884664,34.9196111852426],[-95.7187213884293,34.9195091850223],[-95.7175553882454,34.9185081854981],[-95.7168203882909,34.917891184846],[-95.7161633874615,34.9173381853547],[-95.7159303874337,34.9171341849142],[-95.7156003873981,34.9168431849469],[-95.7151093870808,34.9164111847546],[-95.7145813868438,34.9159441847421],[-95.7143573872277,34.9156601850938],[-95.7139503871938,34.9150191851134],[-95.7130763869979,34.9131251846996],[-95.7129033870426,34.9127511844792],[-95.7115423857716,34.9098031838532],[-95.7110643860264,34.9089371833515],[-95.7107863856971,34.9085461841477],[-95.7104253860179,34.9081891838242],[-95.7099603851076,34.9077551835379],[-95.7095163851763,34.9073941839324],[-95.7094143849377,34.9073231833481],[-95.7087303846604,34.9068471838257],[-95.7077253847732,34.90619918355],[-95.7072903843656,34.9059181831514],[-95.7169433868412,34.9057871829172],[-95.717287387505,34.9057821826691],[-95.7185773879727,34.9057871828386],[-95.7184493871063,34.9011821818781],[-95.7183763871322,34.8985551816628]]]}},{"type":"Feature","properties":{"Precinct":"33","PCT_CEB":"610033","P0010001":"982","P0030001":735,"St_house":"017","St_senate":"07","Comm":"01","Uscong":"02","COUNTY_NAM":"PITTSBURG","CO_FIPS":"121","GeoID":"61121610033020701701","precinct_num":33},"geometry":{"type":"Polygon","coordinates":[[[-95.6132053599428,34.8984561866299],[-95.6131283599714,34.8984861862239],[-95.6130263597438,34.898571186567],[-95.6128903597395,34.898675186892],[-95.6128203600924,34.8987011863005],[-95.6127293594695,34.8986981870653],[-95.6125243598518,34.8986491866051],[-95.6123203593818,34.8986091865615],[-95.6121473594514,34.8985881864969],[-95.6120703594783,34.8985941867784],[-95.6113783588674,34.8986491866601],[-95.6106153594598,34.8986961870742],[-95.6102673586099,34.898693186952],[-95.6096713588493,34.8986881867491],[-95.6093503583511,34.8986711868768],[-95.6092953584982,34.8986681867405],[-95.6089803582777,34.8986441865438],[-95.6087633590044,34.8986161870565],[-95.6084173582458,34.8985951870001],[-95.6079063588289,34.8985781871369],[-95.6058673578003,34.8985691868181],[-95.6039463577456,34.8985371872274],[-95.6035123574038,34.8985311869704],[-95.6021433568708,34.8985461868313],[-95.600081356575,34.8985491870692],[-95.5996173566408,34.8985471869989],[-95.5994603565533,34.8985281870261],[-95.5991763559725,34.8985151873371],[-95.5987433556767,34.8985051868949],[-95.5979893557837,34.8985011876453],[-95.5971543557329,34.8985161874805],[-95.595583354824,34.8985121873707],[-95.5955683550986,34.8995131878516],[-95.5955903552691,34.9002141879307],[-95.5955903553063,34.9007401880024],[-95.5956153556067,34.9013111883578],[-95.5955973557163,34.9019471881274],[-95.59559735572,34.901999187837],[-95.5955863553029,34.9033151885128],[-95.595597355838,34.9036671886218],[-95.5956223552061,34.9037711880397],[-95.5956483555172,34.9038381884426],[-95.5958343560707,34.9041461883047],[-95.595915355343,34.9043241884482],[-95.5959263558589,34.9044041885543],[-95.5959013556053,34.9044961883184],[-95.5955733557104,34.9048841883119],[-95.5953143554113,34.9051771884001],[-95.594961355251,34.905488188427],[-95.5947363556239,34.9057041885459],[-95.5946423557708,34.9058381884592],[-95.5945083558723,34.9061281893019],[-95.5944653556885,34.9062921888032],[-95.5944573553246,34.9063921889369],[-95.5944623555625,34.9064771892748],[-95.5945883551436,34.9069471894457],[-95.5946583557159,34.90728618895],[-95.5947533556548,34.9077101887912],[-95.5948073554724,34.9078691889556],[-95.5949223554251,34.9080891892434],[-95.5949983553605,34.9082061892608],[-95.5951163554464,34.9083421892566],[-95.5952653560721,34.9084991893238],[-95.5955333559286,34.9087631889435],[-95.5956013554922,34.908868189305],[-95.5956253557165,34.9090191891004],[-95.5956113560203,34.9097771891224],[-95.5955493559774,34.9116751897671],[-95.5955383564509,34.912865190005],[-95.5943163555394,34.9128681902027],[-95.5862943540448,34.9128821903369],[-95.5785543521374,34.9128911911254],[-95.5779883519698,34.9128911911526],[-95.5751493507135,34.9128821908722],[-95.5742493503458,34.9128911913321],[-95.5737563508655,34.9128911913558],[-95.5723623500734,34.9129211910131],[-95.5710833501143,34.9129031911405],[-95.5649353482885,34.9128841914554],[-95.5643383484815,34.9128801912988],[-95.5643633478268,34.91266119195],[-95.5645193477999,34.9117191914959],[-95.5649963482605,34.9106391909325],[-95.5659603479037,34.9092851911495],[-95.5666033479637,34.908137191027],[-95.5668363479293,34.9074621903407],[-95.5668273483494,34.906588190345],[-95.5664963482454,34.9059861903677],[-95.5659103479833,34.9050491901809],[-95.5654913474098,34.9046491896677],[-95.5650823473048,34.9043161895581],[-95.5647423476969,34.9039161899404],[-95.5645663475624,34.902976189595],[-95.5647223475213,34.9018311896347],[-95.5647033474444,34.9004861894162],[-95.5644493472948,34.8996141895249],[-95.5632813469657,34.897875189106],[-95.5631063468776,34.8969351887604],[-95.5631743463767,34.8961281882658],[-95.5636613464344,34.8955101884077],[-95.564391346984,34.8951001882757],[-95.5649663466646,34.8950281885119],[-95.5652093471321,34.8948921884988],[-95.5652923473815,34.8948581878199],[-95.565292347343,34.8943121877215],[-95.5654593469257,34.8933501881395],[-95.5651253466846,34.8927781877527],[-95.5651253466781,34.892687188036],[-95.5641863462032,34.8913181876497],[-95.5640413466592,34.8911171873438],[-95.5638433464456,34.8907671873362],[-95.563728346462,34.8901101875],[-95.5636123464779,34.8901021871352],[-95.5632403463082,34.8900231870927],[-95.5624943458714,34.8898041877808],[-95.5611143456956,34.8893671873991],[-95.560937345577,34.8893081873739],[-95.5608153453112,34.8892511874387],[-95.5607523450842,34.8892041870643],[-95.5606583452125,34.8890741873451],[-95.5605703456153,34.8888921870168],[-95.5604683453594,34.8885771877258],[-95.5603483451602,34.8881501868475],[-95.56030234569,34.8876561873602],[-95.5602493449714,34.8868141870494],[-95.5602073447433,34.8856951865037],[-95.5602173451846,34.8853781871148],[-95.5602433454306,34.8845211861058],[-95.5602523449336,34.8843091861825],[-95.5602653446163,34.8840131868664],[-95.5602643444644,34.8825181859972],[-95.5602293446052,34.8820261857026],[-95.5602213451314,34.8819971861589],[-95.5601923446781,34.8818871864633],[-95.5601373448188,34.8817931857111],[-95.5599123451579,34.8815301861357],[-95.5593873441566,34.8810061861816],[-95.5584423443313,34.8800411856147],[-95.5576353437203,34.8792061856642],[-95.5574023436844,34.878887185295],[-95.557112343701,34.8785391853845],[-95.5567573433887,34.8780131853296],[-95.5566823434934,34.8778071856881],[-95.5566573432215,34.8776391851056],[-95.5566543439737,34.8775261852698],[-95.5566983432972,34.8772571854036],[-95.5568583434709,34.8765241856327],[-95.55692234372,34.8762281854148],[-95.5571743436392,34.8751511850009],[-95.5572133436411,34.8750371851169],[-95.5577163434516,34.8731441846821],[-95.558120343191,34.8715811842424],[-95.5586663431852,34.8695211841674],[-95.5586753436001,34.8694861834458],[-95.5587533435996,34.8691971835514],[-95.5589503436738,34.8682281836438],[-95.5592433436852,34.8670011834776],[-95.5594163435708,34.8663861828741],[-95.5597053434138,34.865402183167],[-95.5597803432811,34.8652101832671],[-95.5600503431627,34.8645151825523],[-95.5601693432613,34.8641741829462],[-95.5601833439078,34.8641351829385],[-95.5602463432057,34.8637611827066],[-95.560262343924,34.8634241823914],[-95.5602683432705,34.8629641826771],[-95.5602763435973,34.8623371824251],[-95.5602773436354,34.862220182404],[-95.5602713432377,34.8605251821676],[-95.5602683430403,34.8596981816496],[-95.5602683430345,34.8596151823033],[-95.5602763433329,34.8585851813792],[-95.5602923430502,34.8568061817491],[-95.5602943431307,34.8566321817868],[-95.5602813433456,34.8554751812789],[-95.5602803432892,34.855331180907],[-95.5603173431875,34.8550641811338],[-95.5604103430042,34.8550711814535],[-95.560461342685,34.8552641813936],[-95.5607263432989,34.8554891810064],[-95.5610783434297,34.8554151811607],[-95.5613523435491,34.8554611814787],[-95.5618043438497,34.8557991809185],[-95.5622663437075,34.856031180846],[-95.5624733434285,34.8562311811028],[-95.562543343995,34.8564891813535],[-95.5627403441506,34.8566751809626],[-95.5628873437729,34.8566731808631],[-95.5632243441041,34.8565511814936],[-95.5634323438576,34.8565531815762],[-95.563936343829,34.8562831807424],[-95.5643963444741,34.8562451807597],[-95.5646803441603,34.8563251808528],[-95.5646743439174,34.856826181566],[-95.5646643444266,34.8578711813861],[-95.5646683446628,34.8585911814467],[-95.5646703447753,34.8588711818199],[-95.5646723439852,34.8591051818621],[-95.5646783443325,34.8600841822229],[-95.564681344509,34.8606141815805],[-95.5646823445719,34.860849181669],[-95.5646723441628,34.861624182478],[-95.5646773444358,34.862208182537],[-95.5663443452995,34.8622051823183],[-95.5668513454294,34.8622101825255],[-95.5669353448284,34.8622111816685],[-95.5676253453507,34.8622131817281],[-95.5683273455302,34.8622161818333],[-95.5690693457661,34.862220181983],[-95.5690713458351,34.8618831816684],[-95.569068345592,34.8604091817716],[-95.5690813452956,34.8604091817709],[-95.569094345772,34.8586141814004],[-95.5690073453347,34.8586141814045],[-95.5689773456809,34.8577451807418],[-95.5690973458497,34.8577431815428],[-95.5693253456311,34.8577411814393],[-95.5710653462819,34.8577231814219],[-95.5709213458081,34.856431180965],[-95.5712363460139,34.8562461804785],[-95.5714643457832,34.8560731805516],[-95.5716823459894,34.8559181805593],[-95.5722773456711,34.8554611809557],[-95.5725433463001,34.8552431807422],[-95.5727523460895,34.8550951801752],[-95.5725703457396,34.8550451805669],[-95.572439345957,34.8550041804735],[-95.5723163456475,34.854985180499],[-95.57115934595,34.8549631804352],[-95.5710593458086,34.8549551809689],[-95.5710263459993,34.853855180403],[-95.5710253459427,34.8537091799386],[-95.5710263458973,34.8524061798648],[-95.5710063458685,34.8523971803484],[-95.5709553452986,34.8523491799271],[-95.5709433456365,34.8522781802377],[-95.5709343452064,34.8520971799518],[-95.570935345235,34.8518461800218],[-95.5709303458661,34.8513291794675],[-95.5709293458077,34.8511591796905],[-95.5709413454078,34.8503481799126],[-95.5709453455802,34.8501631794409],[-95.5709743450656,34.8492991799062],[-95.5709253454172,34.8482481789118],[-95.5709383450846,34.8477341793948],[-95.5709503456077,34.847260179032],[-95.5709403451234,34.8469681790029],[-95.5709323447352,34.8467241793973],[-95.5709203450534,34.8463741793809],[-95.5708923455082,34.8457301792429],[-95.5710913448446,34.8457361786119],[-95.572186345261,34.8457131783939],[-95.5723313456897,34.8457071790085],[-95.5723583451439,34.8457181786172],[-95.5739553454592,34.8457121791623],[-95.5740833459986,34.8457041787858],[-95.5744513459773,34.8457041787682],[-95.5745613456829,34.8457091789944],[-95.574588346035,34.8456991785301],[-95.5751873459343,34.8456981784552],[-95.5751873459331,34.8456821786137],[-95.5752443454981,34.8402771774741],[-95.5752493452177,34.8329971767593],[-95.5764893460637,34.8329811759592],[-95.58004634644,34.8329571764765],[-95.5822953473009,34.8327701758048],[-95.5922653501064,34.8328551756662],[-95.5927083499657,34.8328521755061],[-95.5950543508485,34.8329531755735],[-95.5949393500169,34.8330211751301],[-95.5943533498487,34.8334131753211],[-95.5941093502383,34.833608175368],[-95.593070349778,34.8344421753607],[-95.5923943499429,34.8349781759279],[-95.5917653495883,34.8354991757983],[-95.5911403494223,34.8360621758145],[-95.5906093491137,34.83655317609],[-95.5902033491941,34.8368751766287],[-95.5900683492329,34.8369331766225],[-95.5898513490669,34.8370001761377],[-95.5895993490752,34.8370501766661],[-95.5893273490538,34.8370771761305],[-95.5890093495986,34.8371251765695],[-95.5887083491337,34.8371811764787],[-95.5885473488668,34.8372501760838],[-95.5883973491128,34.8373581765947],[-95.5882733487712,34.8375421761265],[-95.5882403490475,34.8376551768633],[-95.5882203490269,34.8377621764225],[-95.5882233491793,34.8379521762259],[-95.5882713488014,34.839288176926],[-95.5883513489899,34.840365177324],[-95.5884643489007,34.8413091769586],[-95.5885043489867,34.8417311776093],[-95.5884633497888,34.8418091776254],[-95.5883563493301,34.8419051775786],[-95.5882293497406,34.8419731771358],[-95.5879393488907,34.8420891771244],[-95.587345349241,34.8423411771292],[-95.5869873488381,34.842502177406],[-95.5868493487393,34.8425821775192],[-95.5867223491511,34.8426691779561],[-95.5866683493512,34.8427581775827],[-95.5866643491713,34.8428381776896],[-95.5866813490682,34.8429501774784],[-95.5867393490702,34.8430951778938],[-95.5874203492691,34.8444331777567],[-95.5877613498352,34.8450131776145],[-95.5881053496389,34.8455631778817],[-95.5883563496273,34.846126177856],[-95.5884113494923,34.8463011778619],[-95.5885093495731,34.8467651786558],[-95.5886553501069,34.8475951784065],[-95.5887073498414,34.8478921786651],[-95.5888993498389,34.849126178233],[-95.5889403499733,34.8495751783351],[-95.5889033500865,34.8500071785531],[-95.588885350156,34.850077179097],[-95.5888823500176,34.8500871786608],[-95.5888173497114,34.8502311790358],[-95.5886423497145,34.8505831791538],[-95.5883683496349,34.851100178822],[-95.5882653502695,34.8513171789814],[-95.5880733503613,34.8513521788124],[-95.5872463497935,34.8515271788606],[-95.5865123499389,34.851669179175],[-95.5863613492363,34.8517361795863],[-95.5863073494339,34.8517911794374],[-95.5862643492438,34.8518671793609],[-95.5862513495494,34.8519961790389],[-95.58626134914,34.8523691792211],[-95.5862663493871,34.8525841792826],[-95.5862303495218,34.8526631793448],[-95.5861813501218,34.8551371796781],[-95.5861793500409,34.8553051802619],[-95.5862503497363,34.8553071803512],[-95.5867563498205,34.8553221801221],[-95.587316349711,34.8553391799831],[-95.5881613502267,34.8553401799889],[-95.5890153502626,34.8553741797235],[-95.5895033504149,34.8554381799654],[-95.5899423509937,34.8555161799584],[-95.5904253509173,34.8556271796786],[-95.5909333511039,34.8557811795898],[-95.5913473514272,34.8559231798492],[-95.5923273510427,34.8564041795893],[-95.5927893518038,34.8566961795968],[-95.5933973521546,34.8571801794935],[-95.5940433515789,34.8577951800578],[-95.5943853521794,34.8582051801384],[-95.5950313525184,34.8590391800503],[-95.5954933524007,34.8596201799485],[-95.5957703526799,34.8599611804349],[-95.596112352382,34.8603831801718],[-95.5965233525893,34.8608551804217],[-95.5969973530342,34.8615231807501],[-95.5972703531392,34.8620231805043],[-95.5973473531226,34.8621631806873],[-95.5974983529547,34.862506180373],[-95.5976883528114,34.8630561806475],[-95.5978383535324,34.8639071813703],[-95.5978543533892,34.8641071807369],[-95.5978673531202,34.8644961807603],[-95.5978623538314,34.8651171807341],[-95.5978533535269,34.8667171810693],[-95.5978603539493,34.868103181388],[-95.5978593539748,34.8691221818023],[-95.5978543537663,34.8694531818392],[-95.5978503535972,34.869685181789],[-95.5978513536679,34.8700301824738],[-95.5978343538444,34.8709591823193],[-95.597835353932,34.8715431823784],[-95.5978243534515,34.8719631820396],[-95.5978203541758,34.8721121826431],[-95.5978373540931,34.87251118223],[-95.5978453535788,34.87271018245],[-95.5979023535609,34.8732301822412],[-95.5979393543936,34.8734601829958],[-95.5980513542195,34.8738551823929],[-95.5981523544242,34.8741031830784],[-95.5982493544403,34.8743071826263],[-95.5983443543606,34.8744671828351],[-95.5984193542493,34.8745791826211],[-95.5987213547949,34.875008182684],[-95.5996443544948,34.8759121831255],[-95.5997643546716,34.8760231828631],[-95.6003813545463,34.8765891829585],[-95.6010983554677,34.8772481828585],[-95.6015433554489,34.8776581829341],[-95.6023683550918,34.8784351837956],[-95.6023943554004,34.878466183431],[-95.6030593557067,34.8790921836042],[-95.6038903556256,34.8798371838831],[-95.6045573560198,34.8803941835595],[-95.6053313568841,34.8810181836348],[-95.6056663562473,34.8812381839121],[-95.6065673567062,34.8818671842128],[-95.6081723574672,34.8829211843719],[-95.608989357622,34.8834651843386],[-95.6098503580191,34.8840151836815],[-95.610258358076,34.8843251845248],[-95.6107633581416,34.8847341845513],[-95.6108043582467,34.8847681843249],[-95.6119073582002,34.8856731839047],[-95.6120523586377,34.8857921840114],[-95.6132803590046,34.8868741845856],[-95.6133893586703,34.8869701845285],[-95.6137973587308,34.8873311841358],[-95.6149863590813,34.8883201849026],[-95.6154323600015,34.8886371842696],[-95.6158903596777,34.8889261850376],[-95.6164983600194,34.8892801843112],[-95.6166093597621,34.8891541847674],[-95.6167033596191,34.8890741846563],[-95.6167833597284,34.8890271842751],[-95.6168773604883,34.8889991847728],[-95.6169713603501,34.888988184259],[-95.6170793599629,34.888992184439],[-95.6204523608483,34.8896611846743],[-95.620680360633,34.8897061849482],[-95.6212273608264,34.8898131844801],[-95.6220463610461,34.8899641842373],[-95.6225263617284,34.8900531847377],[-95.6237673617396,34.8902971842839],[-95.6244843617254,34.8904421846676],[-95.6250123619369,34.8905491842004],[-95.6252543623718,34.8906071841761],[-95.6265923623859,34.8908671844585],[-95.6283873629153,34.8912231846671],[-95.6293203630302,34.8914351845452],[-95.6302473637632,34.8916071843702],[-95.6306473634324,34.8916811841799],[-95.6317583637093,34.8919111848828],[-95.6327963641959,34.8921111842003],[-95.6328813645418,34.8921301841766],[-95.6333183641298,34.89222718415],[-95.6336993647173,34.8923111844235],[-95.6343983647636,34.892400184014],[-95.6347423645345,34.8924841842893],[-95.6350693653123,34.8925191840955],[-95.6365183650824,34.8928421845913],[-95.6366403653457,34.8928641847048],[-95.6371813652601,34.8929621847195],[-95.6382863661586,34.8932011840407],[-95.6399413664883,34.8935191842953],[-95.6400173664188,34.893566184669],[-95.6400643668053,34.8936451847271],[-95.6401353665104,34.8937841839647],[-95.640179366768,34.8940071843947],[-95.6400463659957,34.8940011841233],[-95.6397893666677,34.8939971848498],[-95.6396803661094,34.8939951847625],[-95.638422366225,34.8939751847962],[-95.6356233650257,34.8939671845603],[-95.6345003651078,34.893963184429],[-95.6314183642766,34.8939871847888],[-95.6307053635862,34.8939721850279],[-95.6307083637853,34.8948201847193],[-95.6307083637895,34.894879184753],[-95.6307083638229,34.8953511850225],[-95.6306953641743,34.8961281850247],[-95.6306933640914,34.8962681852114],[-95.6306853637844,34.8971721856975],[-95.6307163644078,34.8983741855897],[-95.6307273640271,34.8984951857954],[-95.6297773640377,34.8984871854706],[-95.6293843637992,34.8984901856284],[-95.6277033631866,34.898504185458],[-95.6254693630081,34.898502186372],[-95.6250023629334,34.8984791862289],[-95.6240153621272,34.8984691858133],[-95.6201913619582,34.8984721861359],[-95.6195893610207,34.8984741862574],[-95.6189693610467,34.8984721861945],[-95.6182443607,34.8984691860905],[-95.616890360862,34.898474186387],[-95.6156323600795,34.8984741864474],[-95.6134503596139,34.8984631869422],[-95.6132053599428,34.8984561866299]]]}},{"type":"Feature","properties":{"Precinct":"34","PCT_CEB":"610034","P0010001":"1625","P0030001":1295,"St_house":"017","St_senate":"07","Comm":"01","Uscong":"02","COUNTY_NAM":"PITTSBURG","CO_FIPS":"121","GeoID":"61121610034020701701","precinct_num":34},"geometry":{"type":"Polygon","coordinates":[[[-95.5075973358202,34.9489842009702],[-95.5075963356903,34.947806200389],[-95.5075833354561,34.9403211991788],[-95.5075753346093,34.9336041984526],[-95.5075743345453,34.9333571978085],[-95.507575334573,34.9330931981759],[-95.5075733344005,34.9319661981573],[-95.5076283351222,34.9315391981699],[-95.5076283351202,34.9315111977729],[-95.507635334539,34.9314191980096],[-95.5076553345502,34.9311781976423],[-95.5076673350962,34.9310311980303],[-95.5075263346384,34.9280051973301],[-95.5076033345811,34.9275691969249],[-95.5075873347326,34.9274871967265],[-95.507548334708,34.9272811970832],[-95.5075643345214,34.9268671968002],[-95.5075673346555,34.9267961971101],[-95.5075603342958,34.9263011966753],[-95.5075563340906,34.9260221963485],[-95.5075393341164,34.924819196409],[-95.5075363331307,34.912853194574],[-95.5075563331561,34.912814194566],[-95.507561333384,34.912758194671],[-95.5075353330472,34.9123281945485],[-95.5075523328433,34.9110131939184],[-95.5075743329358,34.9106111941908],[-95.5075453333456,34.9099891941722],[-95.5075333320813,34.8999731917894],[-95.5075333320473,34.8994921920023],[-95.5075233319529,34.8919871907639],[-95.5076223319296,34.8903191899739],[-95.5075593315997,34.8888121894513],[-95.5075143312365,34.887750189746],[-95.50751833141,34.8875801899688],[-95.507521331538,34.8874231898942],[-95.5075273317795,34.8869021891542],[-95.5075273317501,34.8864851896324],[-95.5075273317227,34.8860971896546],[-95.5075173311922,34.8851511890232],[-95.5074893316005,34.883849188997],[-95.5075163305403,34.8765651871967],[-95.5075003305946,34.8751041870029],[-95.5074723304351,34.8657441853143],[-95.5074683301484,34.864308185378],[-95.5074633298153,34.8628711853955],[-95.5074833296754,34.8604841845945],[-95.5074763289665,34.8550261837014],[-95.5074763289607,34.8549431834558],[-95.5075303296663,34.8549431834532],[-95.5075953290833,34.8549431834501],[-95.5076443295571,34.8549431834478],[-95.5098863301057,34.8549231833139],[-95.51235533039,34.8549101834932],[-95.5137183306474,34.8549271833158],[-95.5139653313106,34.854934183628],[-95.5140093306532,34.8549351836723],[-95.5141103308404,34.8549351836674],[-95.5141103308319,34.8548141834611],[-95.5141113307917,34.8535841831698],[-95.5141133306487,34.8502341827491],[-95.5141153305516,34.8475361819388],[-95.5141173304194,34.8443381813611],[-95.5141183303029,34.8420231811965],[-95.5141223304564,34.8415671807681],[-95.5141173302183,34.8414791811905],[-95.5141113299333,34.8413831812427],[-95.5141033304517,34.84124218101],[-95.5141063296834,34.8411261810351],[-95.5141313298763,34.8401711808844],[-95.5141353300513,34.8400231803271],[-95.514134329923,34.838857180301],[-95.5141343299132,34.8387171801143],[-95.5141493296588,34.8379961800063],[-95.514150329701,34.8379371799726],[-95.5141603301329,34.8374841796827],[-95.5141633293334,34.8369251798814],[-95.5141643293581,34.8366171800101],[-95.5141713296453,34.8360841796137],[-95.5141793299687,34.8354061796984],[-95.514221329087,34.8335361794508],[-95.5141853291075,34.8319901789195],[-95.515373329381,34.8325451793781],[-95.5173623299569,34.8335071788573],[-95.5184603305521,34.8340451794324],[-95.5200153307725,34.834807179565],[-95.5223043317807,34.8359071791239],[-95.5236013317178,34.8365301791284],[-95.5269483332649,34.8381701793569],[-95.5278223333543,34.8385601793856],[-95.5285173332308,34.8388691792698],[-95.5293993336849,34.8391711797203],[-95.5303573340629,34.8394251797434],[-95.5313563345388,34.8396111793142],[-95.5316643344355,34.8396451799744],[-95.5329023351999,34.8397861792489],[-95.5342483355745,34.8398951797346],[-95.5345893352029,34.8399291794938],[-95.5360243352102,34.8400651794267],[-95.539228336329,34.8403971793566],[-95.5402413365534,34.8405641798456],[-95.5405753367579,34.8406191796781],[-95.5419013371165,34.8409001791351],[-95.5422303370906,34.8409761790408],[-95.5427373372282,34.8410911789451],[-95.5433633374905,34.8412351792871],[-95.5434173372977,34.8412471789407],[-95.5448763384365,34.8416481794508],[-95.5449903383297,34.8416811791745],[-95.5454523381804,34.8418151790613],[-95.547219338322,34.8423271792999],[-95.5482483392975,34.8426231794655],[-95.549006339392,34.8428531792863],[-95.5508073393141,34.8433981792524],[-95.5526503402852,34.8439541797259],[-95.5544313410767,34.8444761795274],[-95.5562003413115,34.8449951791906],[-95.5567623413053,34.8451601796085],[-95.5580603421719,34.845554179802],[-95.5599773420799,34.8461351796307],[-95.561635342562,34.8466391795041],[-95.5625453434133,34.8469141796024],[-95.5633013434137,34.8471241793965],[-95.5635193436348,34.8471811793272],[-95.5636743436321,34.847235179122],[-95.563930343818,34.8473091798379],[-95.5643073433241,34.8474421796825],[-95.5645463436217,34.847526179963],[-95.5646223435517,34.8475661791133],[-95.5648803438347,34.8477031791488],[-95.5649793439249,34.8476421799171],[-95.5651503437623,34.8476591797966],[-95.5655833440671,34.84779717987],[-95.5656343437353,34.8478131797091],[-95.5657873436395,34.8478621792725],[-95.5662693444176,34.847994179965],[-95.5667443439715,34.8481231796197],[-95.5668253441324,34.848148179874],[-95.5675863443664,34.8483831799261],[-95.5680593447276,34.8485231791908],[-95.5681013448779,34.8485411791228],[-95.56829734498,34.8486251794054],[-95.5686253449151,34.8488051796296],[-95.5693033449095,34.8492131796017],[-95.5697963453097,34.8495071797003],[-95.5703073456453,34.8498001797518],[-95.5703363451928,34.8498171796382],[-95.5703533450826,34.8498271801003],[-95.570540345668,34.8499301794643],[-95.5706583457488,34.8499951797701],[-95.5708463454813,34.8500991800798],[-95.5709453455802,34.8501631794409],[-95.5709413454078,34.8503481799126],[-95.5709293458077,34.8511591796905],[-95.5709303458661,34.8513291794675],[-95.570935345235,34.8518461800218],[-95.5709343452064,34.8520971799518],[-95.5709433456365,34.8522781802377],[-95.5709553452986,34.8523491799271],[-95.5710063458685,34.8523971803484],[-95.5710263458973,34.8524061798648],[-95.5710253459427,34.8537091799386],[-95.5710263459993,34.853855180403],[-95.5710593458086,34.8549551809689],[-95.57115934595,34.8549631804352],[-95.5723163456475,34.854985180499],[-95.572439345957,34.8550041804735],[-95.5725703457396,34.8550451805669],[-95.5727523460895,34.8550951801752],[-95.5725433463001,34.8552431807422],[-95.5722773456711,34.8554611809557],[-95.5716823459894,34.8559181805593],[-95.5714643457832,34.8560731805516],[-95.5712363460139,34.8562461804785],[-95.5709213458081,34.856431180965],[-95.5710653462819,34.8577231814219],[-95.5693253456311,34.8577411814393],[-95.5690973458497,34.8577431815428],[-95.5689773456809,34.8577451807418],[-95.5690073453347,34.8586141814045],[-95.569094345772,34.8586141814004],[-95.5690813452956,34.8604091817709],[-95.569068345592,34.8604091817716],[-95.5690713458351,34.8618831816684],[-95.5690693457661,34.862220181983],[-95.5683273455302,34.8622161818333],[-95.5676253453507,34.8622131817281],[-95.5669353448284,34.8622111816685],[-95.5668513454294,34.8622101825255],[-95.5663443452995,34.8622051823183],[-95.5646773444358,34.862208182537],[-95.5646723441628,34.861624182478],[-95.5646823445719,34.860849181669],[-95.564681344509,34.8606141815805],[-95.5646783443325,34.8600841822229],[-95.5646723439852,34.8591051818621],[-95.5646703447753,34.8588711818199],[-95.5646683446628,34.8585911814467],[-95.5646643444266,34.8578711813861],[-95.5646743439174,34.856826181566],[-95.5646803441603,34.8563251808528],[-95.5643963444741,34.8562451807597],[-95.563936343829,34.8562831807424],[-95.5634323438576,34.8565531815762],[-95.5632243441041,34.8565511814936],[-95.5628873437729,34.8566731808631],[-95.5627403441506,34.8566751809626],[-95.562543343995,34.8564891813535],[-95.5624733434285,34.8562311811028],[-95.5622663437075,34.856031180846],[-95.5618043438497,34.8557991809185],[-95.5613523435491,34.8554611814787],[-95.5610783434297,34.8554151811607],[-95.5607263432989,34.8554891810064],[-95.560461342685,34.8552641813936],[-95.5604103430042,34.8550711814535],[-95.5603173431875,34.8550641811338],[-95.5602803432892,34.855331180907],[-95.5602813433456,34.8554751812789],[-95.5602943431307,34.8566321817868],[-95.5602923430502,34.8568061817491],[-95.5602763433329,34.8585851813792],[-95.5602683430345,34.8596151823033],[-95.5602683430403,34.8596981816496],[-95.5602713432377,34.8605251821676],[-95.5602773436354,34.862220182404],[-95.5602763435973,34.8623371824251],[-95.5602683432705,34.8629641826771],[-95.560262343924,34.8634241823914],[-95.5602463432057,34.8637611827066],[-95.5601833439078,34.8641351829385],[-95.5601693432613,34.8641741829462],[-95.5600503431627,34.8645151825523],[-95.5597803432811,34.8652101832671],[-95.5597053434138,34.865402183167],[-95.5594163435708,34.8663861828741],[-95.5592433436852,34.8670011834776],[-95.5589503436738,34.8682281836438],[-95.5587533435996,34.8691971835514],[-95.5586753436001,34.8694861834458],[-95.5586663431852,34.8695211841674],[-95.558120343191,34.8715811842424],[-95.5577163434516,34.8731441846821],[-95.5572133436411,34.8750371851169],[-95.5571743436392,34.8751511850009],[-95.55692234372,34.8762281854148],[-95.5568583434709,34.8765241856327],[-95.5566983432972,34.8772571854036],[-95.5566543439737,34.8775261852698],[-95.5566573432215,34.8776391851056],[-95.5566823434934,34.8778071856881],[-95.5567573433887,34.8780131853296],[-95.557112343701,34.8785391853845],[-95.5574023436844,34.878887185295],[-95.5576353437203,34.8792061856642],[-95.5584423443313,34.8800411856147],[-95.5593873441566,34.8810061861816],[-95.5599123451579,34.8815301861357],[-95.5601373448188,34.8817931857111],[-95.5601923446781,34.8818871864633],[-95.5602213451314,34.8819971861589],[-95.5602293446052,34.8820261857026],[-95.5602643444644,34.8825181859972],[-95.5602653446163,34.8840131868664],[-95.5602523449336,34.8843091861825],[-95.5602433454306,34.8845211861058],[-95.5602173451846,34.8853781871148],[-95.5602073447433,34.8856951865037],[-95.5602493449714,34.8868141870494],[-95.56030234569,34.8876561873602],[-95.5603483451602,34.8881501868475],[-95.5604683453594,34.8885771877258],[-95.5605703456153,34.8888921870168],[-95.5606583452125,34.8890741873451],[-95.5607523450842,34.8892041870643],[-95.5608153453112,34.8892511874387],[-95.560937345577,34.8893081873739],[-95.5611143456956,34.8893671873991],[-95.5624943458714,34.8898041877808],[-95.5632403463082,34.8900231870927],[-95.5636123464779,34.8901021871352],[-95.563728346462,34.8901101875],[-95.5638433464456,34.8907671873362],[-95.5640413466592,34.8911171873438],[-95.5641863462032,34.8913181876497],[-95.5651253466781,34.892687188036],[-95.5651253466846,34.8927781877527],[-95.5654593469257,34.8933501881395],[-95.565292347343,34.8943121877215],[-95.5652923473815,34.8948581878199],[-95.5652093471321,34.8948921884988],[-95.5649663466646,34.8950281885119],[-95.564391346984,34.8951001882757],[-95.5636613464344,34.8955101884077],[-95.5631743463767,34.8961281882658],[-95.5631063468776,34.8969351887604],[-95.5632813469657,34.897875189106],[-95.5644493472948,34.8996141895249],[-95.5647033474444,34.9004861894162],[-95.5647223475213,34.9018311896347],[-95.5645663475624,34.902976189595],[-95.5647423476969,34.9039161899404],[-95.5650823473048,34.9043161895581],[-95.5654913474098,34.9046491896677],[-95.5659103479833,34.9050491901809],[-95.5664963482454,34.9059861903677],[-95.5668273483494,34.906588190345],[-95.5668363479293,34.9074621903407],[-95.5666033479637,34.908137191027],[-95.5659603479037,34.9092851911495],[-95.5649963482605,34.9106391909325],[-95.5645193477999,34.9117191914959],[-95.5643633478268,34.91266119195],[-95.5643383484815,34.9128801912988],[-95.5649353482885,34.9128841914554],[-95.5710833501143,34.9129031911405],[-95.5723623500734,34.9129211910131],[-95.5737563508655,34.9128911913558],[-95.5742493503458,34.9128911913321],[-95.5751493507135,34.9128821908722],[-95.5779883519698,34.9128911911526],[-95.5785543521374,34.9128911911254],[-95.5862943540448,34.9128821903369],[-95.5943163555394,34.9128681902027],[-95.5955383564509,34.912865190005],[-95.5955293561037,34.9138561900225],[-95.5955233558701,34.9144861904131],[-95.5955163564737,34.914895190464],[-95.5954893562384,34.9165541908333],[-95.5954893562522,34.9167491908684],[-95.5954923564345,34.9173591912318],[-95.5954823569419,34.9183731914149],[-95.5954853562012,34.9186481915565],[-95.5954863562524,34.9187161911076],[-95.595501356957,34.9188431915909],[-95.5955543567272,34.9189891911535],[-95.5955883565087,34.9190371915756],[-95.5957033564531,34.9191391908967],[-95.5960033568886,34.919322191261],[-95.5965203566001,34.9195701910272],[-95.5969103567138,34.9197691912288],[-95.5970163571399,34.9198671912644],[-95.5970623574793,34.9199371909058],[-95.5970693569071,34.9199711915804],[-95.5970743571408,34.9199971909853],[-95.5970503569339,34.9200931909345],[-95.5970223574379,34.9201471916374],[-95.5969613573092,34.920178191277],[-95.5963093567564,34.920258191415],[-95.5958983565844,34.9202901911176],[-95.5956853566008,34.9203121912471],[-95.5956163569999,34.9203361914623],[-95.5955583570116,34.9203841918888],[-95.5955273564776,34.9204451911173],[-95.5955133567329,34.9205181917998],[-95.5954933568592,34.9226981920089],[-95.5954903567393,34.9229701920119],[-95.5954743569335,34.9234901918066],[-95.5954743569514,34.9237421917828],[-95.595468356685,34.9239091923205],[-95.5954563570535,34.9242721920405],[-95.5954803573272,34.9251191925839],[-95.5954793573335,34.9258631928563],[-95.595467356857,34.926992192968],[-95.5954663568285,34.9272431928979],[-95.5950813569585,34.9272111923342],[-95.592928356925,34.9270151923563],[-95.5896313559889,34.9266661925442],[-95.5886123554908,34.9265641932666],[-95.5881483555535,34.9265181929578],[-95.585236354492,34.9262671931678],[-95.5836833544104,34.9261581926925],[-95.581014352933,34.9259961934142],[-95.5807403537153,34.9259831928255],[-95.5801353535356,34.9259541933106],[-95.5794593527611,34.9259211936138],[-95.5783013530161,34.9258851929021],[-95.5778473526443,34.9258541932872],[-95.5775283522498,34.9259931934429],[-95.5756023520625,34.9273651941055],[-95.572194351402,34.92740319423],[-95.5708813507818,34.9276161942623],[-95.5705893507324,34.9276461938667],[-95.5705203511326,34.927685193877],[-95.5700753503166,34.9281881938045],[-95.5695753505425,34.9286231941837],[-95.5694643508022,34.9287831944023],[-95.5695753505653,34.9289441946566],[-95.5701863510147,34.9288521939649],[-95.5702703504054,34.9287381940787],[-95.5705483506875,34.9284631939236],[-95.5710203509748,34.9282111939247],[-95.5711873506092,34.927982194106],[-95.571576350643,34.9277071939455],[-95.5721873511021,34.9277531942473],[-95.5721603507607,34.9279131935626],[-95.5716873513362,34.9283031936556],[-95.5715763506982,34.9284861940397],[-95.5715203508317,34.9289441945631],[-95.5713263508346,34.929035194289],[-95.5710203510348,34.9290581944693],[-95.5709093512897,34.9291501942375],[-95.570937350796,34.9292411939528],[-95.5710483514534,34.9293331946097],[-95.5717433513147,34.9294241942929],[-95.5720493511307,34.9296301939233],[-95.5720213516391,34.9297451938531],[-95.5722993510657,34.9300881944319],[-95.5727713513983,34.9304771944332],[-95.5728273513038,34.9305691941934],[-95.573716352084,34.9308891945773],[-95.5743283517291,34.9314841942168],[-95.5749953521051,34.9317811944458],[-95.575356352665,34.9318731941914],[-95.5759683522647,34.9318271947302],[-95.5761073524042,34.9316671945102],[-95.5761623522503,34.9315751947447],[-95.5761903526251,34.9312321941511],[-95.575856352392,34.9307741945459],[-95.5757173522169,34.9304311939604],[-95.5757173522023,34.9302251943153],[-95.5758843527458,34.9301331945444],[-95.57641235207,34.9304081946608],[-95.5764953523283,34.9304991943734],[-95.5764963524104,34.9310031943257],[-95.5766353525693,34.9311171942012],[-95.5768573529735,34.9311401943562],[-95.5771913531985,34.9314841940792],[-95.5772463530657,34.931690194621],[-95.5773573528222,34.9317581941667],[-95.5773573528336,34.93191819438],[-95.5778863531116,34.9323071943785],[-95.5780803531281,34.9324911947944],[-95.5781643534424,34.9327191945546],[-95.578469353209,34.9328801947996],[-95.5795813535242,34.9329941946283],[-95.5797763535853,34.9331541948322],[-95.5798313534477,34.9332911948773],[-95.5801653536662,34.9335431948374],[-95.5822503541653,34.9340461946433],[-95.5832793542483,34.9344351946178],[-95.584224354921,34.9346641943829],[-95.5847243547324,34.9347551949748],[-95.5858323548365,34.9345081942775],[-95.5863843552866,34.934964194679],[-95.5872063556471,34.935136194509],[-95.58818135593,34.9356131949631],[-95.5884333560014,34.9366881943604],[-95.5886033557931,34.9367141946567],[-95.5898463568044,34.9370681947991],[-95.5910163571163,34.9372511951216],[-95.5912803567716,34.9372931943555],[-95.5935183571606,34.937643195164],[-95.5947553578973,34.9380471949236],[-95.5950033577462,34.9385991943885],[-95.5950713582338,34.939051194628],[-95.5950783576917,34.9395111952409],[-95.5944963577513,34.9404971950544],[-95.5937903574351,34.9411831953732],[-95.593572358132,34.9413891950288],[-95.5921783573907,34.9421351954608],[-95.5904223569449,34.9428231959228],[-95.5898233570625,34.9430631962715],[-95.5893383571169,34.9439501959934],[-95.5891703565532,34.9444101966147],[-95.5888923572019,34.9451291966422],[-95.5889453570312,34.9461071960547],[-95.5889723565277,34.9467131962317],[-95.5892533570041,34.9472151969773],[-95.5912613574871,34.9471181968862],[-95.5928093582277,34.9471081963487],[-95.5951773583507,34.9474651965757],[-95.5974793589832,34.9474421962993],[-95.5996423594883,34.9477491960199],[-95.6018303602406,34.9478751963523],[-95.6028393602836,34.9480981958366],[-95.6034503607479,34.9482171959208],[-95.6049953613808,34.9486511961551],[-95.6058753617544,34.9491231963822],[-95.6065333617131,34.9494211966578],[-95.6065973619903,34.949522195935],[-95.6066603613938,34.950637196294],[-95.6064983620657,34.9519141969697],[-95.6050143619045,34.956278197642],[-95.603647361463,34.9562771976616],[-95.5951993590981,34.9562861984851],[-95.5775983549505,34.9563321987645],[-95.5763863545026,34.9563341989154],[-95.5602273497362,34.9558071995754],[-95.5602193503052,34.9563802000248],[-95.5597823498448,34.9566651997513],[-95.5521693484294,34.9566652001177],[-95.5453933462494,34.9565252002571],[-95.5431353458407,34.9563012007867],[-95.5300023420457,34.9563082008434],[-95.5277753412918,34.9563072009042],[-95.5249553409165,34.9563052018466],[-95.5114913370622,34.9563562021576],[-95.5077513362912,34.95636920204],[-95.5076123361403,34.9563692020467],[-95.5075993359417,34.9493902008819],[-95.5075973358202,34.9489842009702]]]}},{"type":"Feature","properties":{"Precinct":"35","PCT_CEB":"610035","P0010001":"1244","P0030001":945,"St_house":"017","St_senate":"07","Comm":"01","Uscong":"02","COUNTY_NAM":"PITTSBURG","CO_FIPS":"121","GeoID":"61121610035020701701","precinct_num":35},"geometry":{"type":"Polygon","coordinates":[[[-95.5454523381804,34.8418151790613],[-95.5449903383297,34.8416811791745],[-95.5448763384365,34.8416481794508],[-95.5434173372977,34.8412471789407],[-95.5433633374905,34.8412351792871],[-95.5427373372282,34.8410911789451],[-95.5422303370906,34.8409761790408],[-95.5419013371165,34.8409001791351],[-95.5405753367579,34.8406191796781],[-95.5402413365534,34.8405641798456],[-95.539228336329,34.8403971793566],[-95.5360243352102,34.8400651794267],[-95.5345893352029,34.8399291794938],[-95.5342483355745,34.8398951797346],[-95.5329023351999,34.8397861792489],[-95.5316643344355,34.8396451799744],[-95.5313563345388,34.8396111793142],[-95.5303573340629,34.8394251797434],[-95.5293993336849,34.8391711797203],[-95.5285173332308,34.8388691792698],[-95.5278223333543,34.8385601793856],[-95.5269483332649,34.8381701793569],[-95.5236013317178,34.8365301791284],[-95.5223043317807,34.8359071791239],[-95.5200153307725,34.834807179565],[-95.5184603305521,34.8340451794324],[-95.5173623299569,34.8335071788573],[-95.515373329381,34.8325451793781],[-95.5141853291075,34.8319901789195],[-95.5141533293743,34.8313091788672],[-95.5141593295133,34.8293271788316],[-95.5142253288983,34.8282111784192],[-95.5142453288559,34.8272061777524],[-95.5142333291902,34.8270841783997],[-95.514182328607,34.8268451781283],[-95.5141823285935,34.826653178232],[-95.5142203294327,34.8263161779156],[-95.5142043286174,34.8252721781428],[-95.5142093287977,34.8245381774334],[-95.5142253284615,34.8219901772719],[-95.514228328592,34.8218671769729],[-95.5142393290626,34.8213041769859],[-95.5141313285108,34.8207351767268],[-95.5141323284138,34.8186941766576],[-95.5142413280661,34.8185991767505],[-95.5144143288838,34.8184491769919],[-95.5149873284573,34.8181701766374],[-95.5150253284196,34.8181521767015],[-95.5151363290481,34.8178321762694],[-95.5153303290451,34.8177401764972],[-95.5157193290792,34.817466176383],[-95.5162463292272,34.8173281762637],[-95.5164683287225,34.8172141763709],[-95.5167183286089,34.8169851765481],[-95.5174953295589,34.8168481764632],[-95.5185503290391,34.8171001763892],[-95.5196893297056,34.8171921760978],[-95.5202443302722,34.8173301761655],[-95.5207713304186,34.8171701759269],[-95.5212163303356,34.8166661759529],[-95.52143832981,34.8162541757526],[-95.5215213300345,34.8158651757244],[-95.5215773298789,34.8150871756734],[-95.5218833305636,34.814858175848],[-95.5219663299065,34.8147211757962],[-95.5219943302784,34.8143321757707],[-95.522327330423,34.8141941756607],[-95.5227163304506,34.8138281748842],[-95.5226883300305,34.8135311755236],[-95.5226333301715,34.8134391748639],[-95.522577330258,34.8132331752214],[-95.5227993306349,34.8128671753522],[-95.5229113303864,34.8122031751807],[-95.523049330478,34.8120201747951],[-95.5231613302632,34.8118371753101],[-95.5229943305771,34.8113331744661],[-95.5230503304681,34.8112191745812],[-95.5229943305579,34.8110591743704],[-95.5226623304227,34.8106691743158],[-95.5226893298633,34.8104861748348],[-95.5229393297572,34.8103631745239],[-95.5233923300893,34.8104901749864],[-95.5244013300303,34.8092611746931],[-95.5251323306503,34.8091891740226],[-95.5255643309083,34.8093221747639],[-95.5260223305634,34.8093121742791],[-95.5266743311122,34.8091711740149],[-95.5269473311735,34.8090511738419],[-95.5272093307173,34.8088251741575],[-95.5274503310819,34.8085421745329],[-95.5276523314434,34.8083591741444],[-95.5278173310009,34.8083521738124],[-95.5279563311549,34.8083981741369],[-95.5281163313885,34.8085151741504],[-95.5283713315558,34.8089861743617],[-95.5285453315344,34.8090321737852],[-95.5286823315903,34.8090011741421],[-95.5293703320122,34.8088941736517],[-95.5296113314949,34.8088601738647],[-95.5297863315233,34.8089561738046],[-95.5303003320058,34.8093591744524],[-95.5305673318164,34.8096311744427],[-95.5307683321697,34.8099911740139],[-95.5308973318751,34.8102521744008],[-95.5312723321915,34.8104391740478],[-95.5323353329505,34.8108121741797],[-95.533284332909,34.8110371746593],[-95.5336383331433,34.8111161747029],[-95.533768332881,34.8111761738773],[-95.533925332968,34.8111871743792],[-95.5355643334323,34.8111791739305],[-95.5366313334499,34.8111591738529],[-95.5387193340513,34.8111421738655],[-95.5393173348038,34.8111451739758],[-95.5397473349601,34.8111481740941],[-95.5400733347892,34.8111411737545],[-95.5405973348071,34.8111311741658],[-95.5447443355643,34.8110971741923],[-95.5463973366798,34.8111171732408],[-95.5468153362797,34.8111221734523],[-95.5472283365469,34.8111271736641],[-95.5486893368501,34.811115173938],[-95.5498843374099,34.8111271735373],[-95.5511163378851,34.8111131737296],[-95.5523013379807,34.8111201730978],[-95.555254338229,34.8111381728908],[-95.5565423386049,34.811150173385],[-95.5587283392547,34.8111391727713],[-95.5598163393481,34.8111371726267],[-95.5603213402845,34.8111431728804],[-95.5624303400635,34.8111611727138],[-95.5647323406989,34.8111801725842],[-95.5663223415896,34.8111841726935],[-95.5664953415184,34.8111841726853],[-95.5711213429073,34.811183172418],[-95.5711493424072,34.8111831724167],[-95.5716343424157,34.8111831723935],[-95.5718613430497,34.8111761720586],[-95.5724673432719,34.8111511726708],[-95.5724083431226,34.8095681722262],[-95.5727563430563,34.8093281718896],[-95.5733103435535,34.809140172152],[-95.573359343125,34.80909917205],[-95.5737243429434,34.8087971715399],[-95.5744143434526,34.8086141720273],[-95.5748813434952,34.8081781716034],[-95.5752403439413,34.8079721719411],[-95.576151343909,34.807811171638],[-95.5767303437577,34.8074911711835],[-95.5769773435017,34.8072161719292],[-95.5772513435792,34.8066671716786],[-95.5776933442724,34.8063921715155],[-95.5782713440938,34.8063451711105],[-95.5785753447179,34.8065741709067],[-95.5788793444266,34.8065741708922],[-95.5791823440824,34.8064821711148],[-95.5796243447948,34.8064821710937],[-95.5797343445025,34.8065171709103],[-95.5797073441575,34.8066271715079],[-95.5797313445063,34.8085531716471],[-95.5797343446567,34.8087131718603],[-95.5797233451574,34.8103011716404],[-95.5797283445963,34.8118161725363],[-95.5797223452669,34.8125211719029],[-95.5797313448052,34.8128091726464],[-95.5797273447292,34.8143681728819],[-95.5797463447614,34.8150861728493],[-95.579737345292,34.8157791725598],[-95.5797513451158,34.8168311727029],[-95.5797653457821,34.8170731731149],[-95.5796793453922,34.8170881729142],[-95.5793713455031,34.8171601735646],[-95.5784013446016,34.8173731735802],[-95.5782523448891,34.817411173548],[-95.577109344964,34.8177091730108],[-95.5753763446705,34.8181891737337],[-95.5747493443847,34.81837017405],[-95.5730443436014,34.81899817353],[-95.5722033432942,34.8193241742747],[-95.5710373432131,34.8197831739983],[-95.5707513434477,34.8198951738015],[-95.5705683430601,34.8199671744459],[-95.5699583426667,34.8201941741932],[-95.5696933429748,34.8202921742466],[-95.5691843427659,34.8204811740284],[-95.5686633429036,34.8207241745122],[-95.5683853426183,34.8209571745215],[-95.5682403422018,34.8211361747221],[-95.5680303423783,34.8214571743059],[-95.5677803425093,34.8219331747727],[-95.5676713428596,34.822064174548],[-95.5674483424297,34.8223351745153],[-95.5673903424432,34.8224101743932],[-95.5674273423965,34.8229231747608],[-95.5675163429309,34.8229851749292],[-95.5678173425635,34.8238821750768],[-95.568150342737,34.8241571752028],[-95.5684283430467,34.8242711750717],[-95.5684283430611,34.8244771747169],[-95.5682623425688,34.8246371749382],[-95.5682903429905,34.82495817541],[-95.5685953427552,34.8250951754431],[-95.5691783428054,34.825003174753],[-95.5693173429739,34.825255175622],[-95.5696223436299,34.8252781748737],[-95.5697893432693,34.8251181755517],[-95.5700113436542,34.8248661746654],[-95.5702883430053,34.8247971750548],[-95.570344343773,34.8243621746969],[-95.5706493435087,34.8240881745867],[-95.5710383435636,34.8241111747337],[-95.571315343822,34.8241561750053],[-95.5715653437406,34.8243851748041],[-95.5717593437874,34.8250031746296],[-95.5720093437011,34.8251631748311],[-95.5722593436116,34.8252781747476],[-95.5723983437608,34.8252551754748],[-95.5727593442981,34.8250261747474],[-95.5729253438862,34.8247971749288],[-95.5729813437659,34.8245221747842],[-95.5731753437501,34.8242481746793],[-95.5734253445325,34.8239731745255],[-95.5740073445186,34.8236291747584],[-95.5750903443673,34.8234461743277],[-95.5751733446143,34.8233781747726],[-95.5752293445084,34.8233091742732],[-95.5750623448497,34.8231941743527],[-95.5750903443399,34.8230571743036],[-95.5753123447345,34.8229431744107],[-95.5753953449894,34.8229881746916],[-95.5756173444927,34.822988174681],[-95.5757843450363,34.822897174057],[-95.5756723443245,34.8226911744172],[-95.5757563446017,34.8223931741057],[-95.5761163450942,34.8221871744433],[-95.5766163448959,34.8221411740883],[-95.5768103449058,34.822233173842],[-95.5768383453323,34.822622174764],[-95.5770333453949,34.8228051742344],[-95.5772553449094,34.8229651744371],[-95.5777543455688,34.8229881745789],[-95.5782543453656,34.8228731746264],[-95.5783653451043,34.8226901742422],[-95.5785593450837,34.82234717454],[-95.5785873454684,34.8221411739941],[-95.5784763456974,34.8218661738575],[-95.5784483452758,34.8215461743314],[-95.5786423452663,34.8213631739432],[-95.5790583456643,34.8212481739948],[-95.5795863458811,34.8214311743485],[-95.579808345386,34.8214541736042],[-95.5804183457826,34.8212711740954],[-95.5806683456979,34.8214541735631],[-95.5808073458535,34.8215231740531],[-95.5810853461582,34.8215681743247],[-95.5815013465498,34.8213621737603],[-95.5819173460549,34.8213391735748],[-95.5820563462137,34.8214541734967],[-95.5821953463774,34.821637173869],[-95.5820843466466,34.8219341741355],[-95.5817513465214,34.8223461743411],[-95.5817233461367,34.8225521739876],[-95.5818903467044,34.8228041739559],[-95.5821123462527,34.8234451739457],[-95.5824173469167,34.823582173979],[-95.5828893463224,34.8235821739564],[-95.5831393471322,34.823697173873],[-95.5830563468867,34.8237881744929],[-95.5830563469045,34.8240401744693],[-95.5832503469208,34.8242231739396],[-95.5836113465764,34.8242461740879],[-95.5838333469709,34.8241311741488],[-95.5840553473671,34.8240401744215],[-95.5842493473834,34.8242231738918],[-95.5844443474477,34.824429174427],[-95.5848603469624,34.8245431742894],[-95.5855263472708,34.8245431742575],[-95.5857213473528,34.825001174769],[-95.5858043476416,34.8255271748369],[-95.5865263478394,34.8253901747546],[-95.5871363482278,34.825092174418],[-95.587914348323,34.8249321741674],[-95.5883023483185,34.8247711738892],[-95.5888573479776,34.8247941740283],[-95.5888573479872,34.8249311740761],[-95.589107347901,34.8250921743238],[-95.5896623484464,34.8249311740376],[-95.5900513484868,34.8247481745394],[-95.590661348901,34.8248161740613],[-95.5906613489219,34.8251141743687],[-95.5908283485854,34.8252971738404],[-95.5922713489474,34.8252051740084],[-95.5926213489906,34.8252051739917],[-95.5931853490655,34.8252051739647],[-95.5936283498355,34.8253651741569],[-95.5935993494028,34.8255481736379],[-95.593430349674,34.8257551742368],[-95.5932073492332,34.8258701741759],[-95.5931783497127,34.8262361740359],[-95.593621349585,34.8264191743936],[-95.5940083495502,34.8264871739262],[-95.5947263496093,34.8270151740563],[-95.5946973500791,34.8272441747678],[-95.5948073497892,34.8273121743136],[-95.5951113503972,34.8273121742991],[-95.5956083500435,34.8270371741334],[-95.5958013499861,34.826831174479],[-95.5960223503471,34.8269001740659],[-95.5960783502493,34.8269461743943],[-95.5963533504102,34.8269231742156],[-95.5965193499967,34.8266711742314],[-95.5964883503256,34.8262141737583],[-95.5963193505565,34.8258481739079],[-95.5963183504892,34.8255501736005],[-95.5965933506308,34.8252531742255],[-95.5968423504819,34.8251841737169],[-95.5972563507968,34.8252071738627],[-95.5976153503662,34.825322173774],[-95.5983053509317,34.8259401735759],[-95.5983023508408,34.8266261738613],[-95.5984673513109,34.8268091742323],[-95.5985223511796,34.8270381740404],[-95.5982693511688,34.827474174454],[-95.5980743511303,34.8276351738237],[-95.597711350497,34.8278181742199],[-95.5977393509026,34.8279091739353],[-95.5980433506241,34.8280921742996],[-95.5984023510831,34.8280691741169],[-95.5987893510323,34.8279091738851],[-95.5992863516103,34.8280931742865],[-95.5995893513015,34.8285051744617],[-95.5999483517621,34.8285051744445],[-95.6004173519022,34.8281381745173],[-95.6008033518001,34.8279091737887],[-95.6013293519179,34.8280011744258],[-95.6012973513832,34.8287111740251],[-95.601740352158,34.828940174714],[-95.6017493516981,34.8292531748162],[-95.6017153519503,34.8296841740885],[-95.601669351623,34.8297871743629],[-95.6015873523265,34.8299231743683],[-95.6013973516238,34.8301301749683],[-95.6011423515073,34.830383175003],[-95.6006153513773,34.8307761743382],[-95.600324351384,34.8309441749358],[-95.6000813518137,34.8310511745056],[-95.5998043515654,34.831147174467],[-95.5995373517791,34.831221175208],[-95.598915351721,34.8313421745447],[-95.5986373514228,34.8313891749354],[-95.5981903513846,34.8314861749512],[-95.5977913508766,34.8316131745551],[-95.5971633505476,34.83183817511],[-95.5967163505168,34.8320391754444],[-95.596239350898,34.8323051751924],[-95.5955603509103,34.8326511750567],[-95.5950543508485,34.8329531755735],[-95.5927083499657,34.8328521755061],[-95.5922653501064,34.8328551756662],[-95.5822953473009,34.8327701758048],[-95.58004634644,34.8329571764765],[-95.5764893460637,34.8329811759592],[-95.5752493452177,34.8329971767593],[-95.5752443454981,34.8402771774741],[-95.5751873459331,34.8456821786137],[-95.5751873459343,34.8456981784552],[-95.574588346035,34.8456991785301],[-95.5745613456829,34.8457091789944],[-95.5744513459773,34.8457041787682],[-95.5740833459986,34.8457041787858],[-95.5739553454592,34.8457121791623],[-95.5723583451439,34.8457181786172],[-95.5723313456897,34.8457071790085],[-95.572186345261,34.8457131783939],[-95.5710913448446,34.8457361786119],[-95.5708923455082,34.8457301792429],[-95.5709203450534,34.8463741793809],[-95.5709323447352,34.8467241793973],[-95.5709403451234,34.8469681790029],[-95.5709503456077,34.847260179032],[-95.5709383450846,34.8477341793948],[-95.5709253454172,34.8482481789118],[-95.5709743450656,34.8492991799062],[-95.5709453455802,34.8501631794409],[-95.5708463454813,34.8500991800798],[-95.5706583457488,34.8499951797701],[-95.570540345668,34.8499301794643],[-95.5703533450826,34.8498271801003],[-95.5703363451928,34.8498171796382],[-95.5703073456453,34.8498001797518],[-95.5697963453097,34.8495071797003],[-95.5693033449095,34.8492131796017],[-95.5686253449151,34.8488051796296],[-95.56829734498,34.8486251794054],[-95.5681013448779,34.8485411791228],[-95.5680593447276,34.8485231791908],[-95.5675863443664,34.8483831799261],[-95.5668253441324,34.848148179874],[-95.5667443439715,34.8481231796197],[-95.5662693444176,34.847994179965],[-95.5657873436395,34.8478621792725],[-95.5656343437353,34.8478131797091],[-95.5655833440671,34.84779717987],[-95.5651503437623,34.8476591797966],[-95.5649793439249,34.8476421799171],[-95.5648803438347,34.8477031791488],[-95.5646223435517,34.8475661791133],[-95.5645463436217,34.847526179963],[-95.5643073433241,34.8474421796825],[-95.563930343818,34.8473091798379],[-95.5636743436321,34.847235179122],[-95.5635193436348,34.8471811793272],[-95.5633013434137,34.8471241793965],[-95.5625453434133,34.8469141796024],[-95.561635342562,34.8466391795041],[-95.5599773420799,34.8461351796307],[-95.5580603421719,34.845554179802],[-95.5567623413053,34.8451601796085],[-95.5562003413115,34.8449951791906],[-95.5544313410767,34.8444761795274],[-95.5526503402852,34.8439541797259],[-95.5508073393141,34.8433981792524],[-95.549006339392,34.8428531792863],[-95.5482483392975,34.8426231794655],[-95.547219338322,34.8423271792999],[-95.5454523381804,34.8418151790613]]]}},{"type":"Feature","properties":{"Precinct":"36","PCT_CEB":"610036","P0010001":"1336","P0030001":1044,"St_house":"018","St_senate":"07","Comm":"03","Uscong":"02","COUNTY_NAM":"PITTSBURG","CO_FIPS":"121","GeoID":"61121610036020701803","precinct_num":36},"geometry":{"type":"Polygon","coordinates":[[[-95.9540274466971,34.8839791672585],[-95.9547964472839,34.883970167704],[-95.9583574478457,34.8840031672616],[-95.9597504485915,34.8840001670555],[-95.9624624493497,34.8839941675462],[-95.9627724493362,34.883993167485],[-95.9651144500224,34.8839751665387],[-95.965896450314,34.8839831668713],[-95.9674784499331,34.8839981665902],[-95.9700474512539,34.8839851667637],[-95.9734944519227,34.8839881667364],[-95.9748044524171,34.8839891667195],[-95.976774452941,34.883991166717],[-95.9792384529891,34.8839671663863],[-95.9832364540322,34.8840241661345],[-95.9832964541151,34.8840031660587],[-95.983310454759,34.8839281661829],[-95.9833054544969,34.8835021662452],[-95.9832764539206,34.8816611655476],[-95.9832794540433,34.8814301656445],[-95.9832864543333,34.8809421655336],[-95.983303454141,34.8797971655812],[-95.9833214539524,34.8780521648294],[-95.9833034539293,34.8768161651621],[-95.983297453625,34.876450164405],[-95.9832924542701,34.8761341650635],[-95.9832904541417,34.8756331643512],[-95.9832884540056,34.8750221648412],[-95.9832964534665,34.8748701640988],[-95.983300453618,34.8743911644047],[-95.9833204534753,34.8719841635802],[-95.9832994532434,34.8697671634605],[-95.9833214533549,34.869634163597],[-95.9833284536762,34.8695881632656],[-95.98336245345,34.869528163184],[-95.9834784534299,34.8694791636078],[-95.9836914534135,34.8694601636171],[-95.9863944537541,34.8694561633017],[-95.9891634553554,34.8694331630026],[-95.9907904552613,34.8694301627853],[-95.9920334553464,34.8694281626328],[-95.9930214561965,34.8694211631604],[-95.9946214566483,34.869410162574],[-95.9972234568024,34.8694141626337],[-95.9980104573247,34.869408162318],[-96.000024458089,34.8693931624257],[-96.0002874576953,34.8694021628297],[-96.0006684582773,34.8694161625602],[-96.0007684575186,34.8694151625091],[-96.0010854578296,34.8694131624012],[-96.0016764582561,34.8694081621412],[-96.0026164586789,34.8694001626249],[-96.0040954589181,34.869426162858],[-96.0068394593607,34.8694141621701],[-96.0091744597235,34.8694181622427],[-96.010672460841,34.8694051624679],[-96.011560460651,34.869398162101],[-96.0131624611957,34.8693901616534],[-96.0142144614171,34.8693941617878],[-96.0151394620434,34.8693841621796],[-96.0156614619681,34.8693791619229],[-96.0160934622158,34.8693741616705],[-96.0175784618319,34.8693721615063],[-96.0177484625203,34.8693661621197],[-96.0178754621141,34.8693621619284],[-96.0183704625858,34.8693621619045],[-96.0185924620883,34.8693551615697],[-96.0190984630689,34.8693401617501],[-96.0197514627676,34.8692561614269],[-96.0203674625448,34.8691111618785],[-96.0211534630011,34.8688281613287],[-96.0216574629736,34.8685881609847],[-96.0225034634987,34.8680851610382],[-96.0232234635688,34.8674701613083],[-96.0238934640106,34.8667491611699],[-96.0243544637677,34.8662261612153],[-96.0247454638751,34.8656911607086],[-96.0249454641372,34.8654191606964],[-96.0252984642795,34.8648611609252],[-96.0258054643558,34.8641211608143],[-96.026083463726,34.8636761599832],[-96.0265804642457,34.863046160469],[-96.0274744642731,34.862184160087],[-96.0291194649137,34.8607741594782],[-96.0295994646477,34.8601821599255],[-96.0297584648081,34.8599241596641],[-96.0300904648772,34.8593841589287],[-96.0304584647965,34.8585551592005],[-96.0308004644092,34.8577221592884],[-96.0310174645477,34.8572731591745],[-96.0311704644243,34.8569351588067],[-96.0312624650501,34.8563271585319],[-96.0312964647969,34.8558851587508],[-96.0313074643655,34.8552911582288],[-96.031200464767,34.8548321585668],[-96.0311744644515,34.8547041580377],[-96.0447074678831,34.854638157927],[-96.0448124696102,34.8737171608095],[-96.0447524695371,34.8738761609793],[-96.0446284698853,34.8837611626863],[-96.0263944651953,34.8838991636605],[-96.0260734655971,34.8838851639271],[-96.0254214650397,34.8838881640975],[-96.0193104640427,34.8839131646506],[-96.0186314631341,34.8839371639959],[-96.0183874635108,34.8839451643781],[-96.0183304635654,34.8839451643808],[-96.0183084636597,34.8869711650853],[-96.0183044635682,34.8882931651378],[-96.018291464153,34.8923471657723],[-96.0182724645802,34.8980961666414],[-96.0271754664563,34.8981881668735],[-96.0271754664713,34.8984001667962],[-96.0271974675886,34.9123931689312],[-96.027200467876,34.914473169903],[-96.0272224683944,34.9200501709],[-96.027207469105,34.9271571716883],[-96.0218004674768,34.9271431722011],[-96.018554466249,34.9273111720423],[-96.0171894659028,34.9273181724324],[-96.015842465492,34.927327172015],[-96.0141364655216,34.9273521723557],[-96.0129894653921,34.9273601727815],[-96.012045464782,34.9273421728931],[-96.0108344643818,34.9273371727202],[-96.0099084646076,34.927337172765],[-96.0095084640449,34.9273381728307],[-96.0067824635374,34.9273481725262],[-96.0063704633174,34.9273471724998],[-96.0061554632397,34.9273471725102],[-96.0057064631011,34.9273271725053],[-96.0048904630314,34.9273171729811],[-96.0043444628924,34.9273131728224],[-96.0040724628699,34.9273201731596],[-96.0033124627013,34.9273411732693],[-96.0009424625179,34.9273941731398],[-96.0009714621886,34.9291401739351],[-96.0009694621728,34.9302191735288],[-96.0010054621152,34.9312231741449],[-96.0009674622267,34.9322741742426],[-96.0009504625408,34.9351221747994],[-96.0009814631662,34.9363421746242],[-96.0009634624142,34.9375021752708],[-96.0009474625985,34.9378801747858],[-96.000931462784,34.9382741750415],[-96.0009064625379,34.9384681750313],[-96.0008964629837,34.9386111753572],[-96.0009134629063,34.939082175579],[-96.0008834633466,34.9395421752938],[-96.0008984632195,34.9406161755545],[-96.0008974632009,34.9410041755318],[-96.0008924629805,34.9411661758377],[-96.0008614633973,34.9419451759325],[-96.0000094625583,34.9419481761126],[-95.9989054626226,34.9419341755179],[-95.9966394618639,34.941957175793],[-95.9964644618427,34.9419591758942],[-95.9956374621648,34.9419861762849],[-95.9947814611412,34.9420011761215],[-95.9940764617234,34.9420071764334],[-95.9931284609286,34.9420011762015],[-95.9920694603833,34.9420091766232],[-95.9914454602251,34.9420141759855],[-95.9905674608773,34.9420011763255],[-95.9896414602039,34.9420031764629],[-95.9887494602071,34.9419931760431],[-95.9881574597344,34.9420011764421],[-95.9878374592843,34.9420041765965],[-95.9872164592662,34.9420231766069],[-95.9866374593946,34.9420081768397],[-95.9859924591618,34.9420121761568],[-95.9845914589435,34.9420041767536],[-95.9846014584727,34.9415101763649],[-95.984634459074,34.9410951760354],[-95.9846394583985,34.9409821761994],[-95.9846484588016,34.9407831759789],[-95.9846274587251,34.9407541764359],[-95.9845364589994,34.9407211767111],[-95.9840954583321,34.9406971765206],[-95.9840334590541,34.9406941763847],[-95.9834084588492,34.9406961765075],[-95.9832904587726,34.9406891761892],[-95.9832784582729,34.9414851761708],[-95.9832744581245,34.9420041768173],[-95.983272458966,34.9424941770204],[-95.9832794584399,34.9431751770728],[-95.9832674588099,34.9435551766802],[-95.9832714592244,34.9467631777154],[-95.9832614587763,34.9469811779163],[-95.9832554585356,34.9475071779877],[-95.9832554587222,34.9501211785016],[-95.9832374588373,34.950827177914],[-95.9832624592031,34.952308179031],[-95.9832424592219,34.9529661789192],[-95.98323545894,34.9535631786804],[-95.9832614592723,34.9539261792975],[-95.9830714596652,34.95687317905],[-95.9829544599149,34.9607831802165],[-95.9826484608486,34.9710591820467],[-95.9828084601746,34.9710611821315],[-95.9830564608847,34.9710801820998],[-95.9832864607716,34.9712611823747],[-95.983298460436,34.9713611825073],[-95.98331446031,34.9718001821469],[-95.9833124611805,34.9726941821686],[-95.9833204607138,34.9735541824143],[-95.9833174608776,34.977788183287],[-95.9833064613079,34.9783621837822],[-95.9833064613424,34.9788441836147],[-95.9833144608407,34.9792151837038],[-95.9833174611241,34.9812311835107],[-95.9833084616513,34.9818621839468],[-95.983312461879,34.9824521842827],[-95.9833024614638,34.9831291841506],[-95.9833164612654,34.9838521843484],[-95.9833204615381,34.9850691849348],[-95.9833144613038,34.9856831845837],[-95.9833144613198,34.9859051849693],[-95.9833094621804,34.9886031848755],[-95.9833134615032,34.9891141851511],[-95.9833034619988,34.9899511852321],[-95.9833114625115,34.9919291859774],[-95.9833064623109,34.9923661855254],[-95.9833074623838,34.9927351864214],[-95.9833084624481,34.9929851863047],[-95.9833024621914,34.9932861858514],[-95.9833044623284,34.9939031865382],[-95.9832824623356,34.9956911865822],[-95.9832864625636,34.9962831870106],[-95.9832794622777,34.9968231868308],[-95.9832834626488,34.9994131871322],[-95.9832964623958,35.0000191873091],[-95.9833084629608,35.0001381874221],[-95.9832064627273,35.0001371873806],[-95.9819234625876,35.0001661869869],[-95.9808844620695,35.0001621877515],[-95.9774484610117,35.0001661872042],[-95.9767104609629,35.0001731875641],[-95.9755684610546,35.0000351875257],[-95.9699544588156,34.9999741876721],[-95.9654824582745,34.9999261883648],[-95.9654304576618,34.9999261883673],[-95.9625554574371,34.9999141879513],[-95.9608894566211,34.9999101887463],[-95.9580804558578,34.9998711888756],[-95.9567284561144,34.9998841886438],[-95.9568534546144,34.9859051862527],[-95.9568544546346,34.9855391863948],[-95.9568554546529,34.9851471862323],[-95.948006452593,34.9852341861928],[-95.9478434512739,34.9718891834899],[-95.9477644511983,34.9717581837239],[-95.9477644511657,34.9713011841495],[-95.947653450346,34.9563541810181],[-95.9418404487769,34.9563751813724],[-95.9374964478806,34.9563901813779],[-95.935882447678,34.9563961817337],[-95.9300684460624,34.9564191821807],[-95.9287254458354,34.9564091817827],[-95.9203814429013,34.9563481820603],[-95.9150574415211,34.9563101823572],[-95.9123684409277,34.9562901824607],[-95.9124114415369,34.962085183658],[-95.9124764423977,34.9697081849508],[-95.9124904421714,34.970041185079],[-95.9071044406187,34.9700721858757],[-95.8951394379499,34.9701721856888],[-95.8719344320933,34.9708721877445],[-95.8601834285534,34.9709461881419],[-95.8596754283779,34.9709461881665],[-95.859689428892,34.9690531877574],[-95.8597304283573,34.960123186201],[-95.8596194274921,34.9571191856218],[-95.8596084278525,34.9567141857572],[-95.8599194278866,34.9567301855836],[-95.8598844280406,34.956428185093],[-95.8598634279236,34.9558311853329],[-95.8599044279274,34.9544451850133],[-95.8598854278895,34.9536581845503],[-95.8598814276927,34.9535001844299],[-95.8598704271533,34.9530891842876],[-95.8598694271031,34.9530351844855],[-95.8598404274748,34.9518841842575],[-95.8598414274543,34.950946183997],[-95.8598414274411,34.9507611844251],[-95.8598484268246,34.9501751842735],[-95.8598684267986,34.9494161842057],[-95.8598984272849,34.9493361840977],[-95.8600294270566,34.9492251843481],[-95.8597604271725,34.9492231842685],[-95.8597834271318,34.9463051831677],[-95.8597774265473,34.942008182974],[-95.8512304240926,34.9419811830361],[-95.8489494235344,34.9419741828222],[-95.8480984236406,34.9419741828633],[-95.8436244221082,34.9419591832843],[-95.8420254217014,34.9419631835467],[-95.8417454222065,34.9419631835602],[-95.8415764215636,34.9419591833832],[-95.8413684218101,34.9419541831617],[-95.8411594220103,34.9419501838859],[-95.8364764206779,34.9419291840392],[-95.8364634209759,34.9419511841591],[-95.8346094204324,34.9419201837126],[-95.8334884197084,34.9419151835353],[-95.8334884197189,34.9420631840922],[-95.832815419987,34.942082184105],[-95.8322544191535,34.9420981839736],[-95.827879418615,34.9420881846212],[-95.8274074183111,34.9420991842539],[-95.8265044178036,34.9420871846413],[-95.826343418432,34.9420971842127],[-95.8258624177089,34.9420821844408],[-95.8257324179742,34.9420641845131],[-95.8257004182875,34.9420441844879],[-95.8256684176977,34.941971184707],[-95.8256684176938,34.9419161839592],[-95.8244524179605,34.9419151839716],[-95.8244514179425,34.9423141844583],[-95.8244274179157,34.944937184492],[-95.824423417763,34.9453991851976],[-95.8244224177257,34.945525184736],[-95.8244204176448,34.9456921852734],[-95.8251414178046,34.9456811847293],[-95.8270434187732,34.9456801845911],[-95.8273704186493,34.9456851848068],[-95.8281444185706,34.9456961852787],[-95.8294784192793,34.9456971852606],[-95.8303764195536,34.9456901848932],[-95.8311014199003,34.9456981843292],[-95.8317044199868,34.9457281847897],[-95.8327944201818,34.9458621846458],[-95.833410419975,34.9459371844912],[-95.8334954203206,34.9459531843285],[-95.8334954203354,34.9461611849653],[-95.8329094201335,34.9460691843315],[-95.8316704193231,34.9459201846874],[-95.8309284190854,34.9458831848088],[-95.8300004192184,34.9458881850852],[-95.8286624192232,34.9458851850109],[-95.8284174186535,34.9458841849764],[-95.8273504186328,34.9458491852061],[-95.8270884181735,34.9458411848484],[-95.8250484180024,34.9458771848151],[-95.8244184175657,34.9458831851233],[-95.8237014175911,34.945890185482],[-95.822173416882,34.9459311856554],[-95.8211734172746,34.9459541849699],[-95.8204464168359,34.9459561850976],[-95.8203584163523,34.9459561851019],[-95.8202714168144,34.9459571851524],[-95.8196864166655,34.9459581852269],[-95.8167644160665,34.9460561854087],[-95.8149444153051,34.9460841858935],[-95.812553415048,34.9461701854941],[-95.8116964148766,34.9461811860447],[-95.8103524146027,34.9461701856004],[-95.8092714139304,34.9461021861016],[-95.8079374132106,34.9459471861843],[-95.8069414128757,34.9457791856488],[-95.806766412852,34.9457491860669],[-95.8057264131714,34.9455361861481],[-95.8050504123868,34.9453561859409],[-95.8050034129043,34.9453421861943],[-95.8043464129993,34.9451411859132],[-95.8034324119609,34.9448391863643],[-95.8013564118635,34.9440981863316],[-95.8005374116337,34.9438021861566],[-95.7970914109217,34.9425701859403],[-95.7965104100448,34.9423731858408],[-95.7959094100386,34.9421701854644],[-95.7957104097984,34.9421001858304],[-95.7948374097618,34.9417941860944],[-95.7929004089175,34.9410791854599],[-95.7924924088717,34.9409241854979],[-95.7921434088656,34.9407911856523],[-95.7912424084256,34.9404271859302],[-95.7904404089806,34.9400801860911],[-95.789497408385,34.9396241857089],[-95.7881324079921,34.938991185246],[-95.786706407464,34.9382961855129],[-95.785154407391,34.9376421858854],[-95.7848374070701,34.9375081850927],[-95.784607407188,34.9373971853605],[-95.7840564068023,34.9371901856958],[-95.7840204069306,34.9371771850957],[-95.7832194066387,34.9369151855946],[-95.782596406513,34.9367321852459],[-95.7823144060187,34.9366291858867],[-95.7819564064947,34.9364981852347],[-95.7816444064093,34.9364161850506],[-95.7816294056799,34.9359411855425],[-95.781656405994,34.9353971855358],[-95.7817284057107,34.9350461854693],[-95.781830405929,34.934832185449],[-95.7818494059086,34.9348021849584],[-95.7819964064137,34.9345681849093],[-95.7823534058591,34.9342451852261],[-95.7823674065074,34.9342331846699],[-95.7828004058836,34.9339611846462],[-95.7832514061026,34.9338031845039],[-95.7837334059656,34.9337171849956],[-95.7839094060321,34.9336961849141],[-95.7843094065918,34.9336481844711],[-95.785743406524,34.933393184287],[-95.7863034073057,34.9333001844508],[-95.7872294070695,34.9331461844708],[-95.7878654077775,34.9330411840753],[-95.7897514079855,34.9327751842595],[-95.7901004079781,34.932716184209],[-95.7908634082785,34.9325861844486],[-95.7918734083397,34.9324221840015],[-95.7930594084668,34.9322301840482],[-95.7962454095873,34.9317081840083],[-95.7982414103972,34.9314051833734],[-95.7987424102427,34.9313291834278],[-95.7994464105068,34.9312231838821],[-95.8003724102706,34.9310701839483],[-95.8038844112166,34.930493183145],[-95.8070534124485,34.929979182577],[-95.8076894122573,34.9298761831735],[-95.8095424127321,34.9295911824795],[-95.8098744128361,34.9295401828002],[-95.8121914132381,34.929163182321],[-95.8149024139214,34.9287371822521],[-95.815501414712,34.9286291826189],[-95.8165654145773,34.9284371826714],[-95.8182044150228,34.9281821824774],[-95.8202914155547,34.9278631819967],[-95.8218544160727,34.9276031815748],[-95.8231124159394,34.9273841821666],[-95.8243074164832,34.9271841818425],[-95.8245824166419,34.9271351813592],[-95.8259884170744,34.9268841813617],[-95.8265004174292,34.9267971818056],[-95.8266754174489,34.9267711814927],[-95.8273944175089,34.9266611817611],[-95.8317174182862,34.9260011806731],[-95.8331484189796,34.9257641813225],[-95.8332444189339,34.925751180716],[-95.8333604189162,34.9257341808226],[-95.8332624188535,34.9255281811824],[-95.8331754184033,34.9253451808079],[-95.8327014188367,34.9243821812114],[-95.8321524184827,34.923316180447],[-95.8315364177084,34.9220931805108],[-95.8301744173149,34.9194891796249],[-95.8295994175475,34.9183331800908],[-95.8296414167948,34.9182991794139],[-95.8297244170433,34.9182541800245],[-95.8300024173398,34.9181851795144],[-95.8303354175002,34.9182761801142],[-95.8308074178065,34.9182991793577],[-95.8309744174457,34.9181391800358],[-95.8310304173268,34.917887180057],[-95.8311964178237,34.9177961794331],[-95.8316414177707,34.9177271798144],[-95.8324744177145,34.9175211792299],[-95.8331694184517,34.9172921793859],[-95.8338084184069,34.9172921793551],[-95.8342524183157,34.9173371796185],[-95.8345564180143,34.9171991795098],[-95.8348084180012,34.9170851796156],[-95.8349474181259,34.9167191788514],[-95.8351414181211,34.91660517896],[-95.8361144191693,34.9165131791502],[-95.8364194189095,34.9163071794905],[-95.836808418956,34.9162151788096],[-95.8374194194178,34.9163071794422],[-95.8378644193714,34.916330178687],[-95.8382814189046,34.9160551785253],[-95.8385584191482,34.9158951791981],[-95.8393924191465,34.9158031784957],[-95.8398644194413,34.915665178379],[-95.8403644201158,34.9152531790649],[-95.8418094196377,34.9147041787584],[-95.8421144202755,34.9144751789331],[-95.8421704201615,34.9142921785517],[-95.8420584203554,34.9141771786287],[-95.8420864198357,34.9139031785321],[-95.8430304203913,34.9131471785584],[-95.8432754200522,34.9130131777385],[-95.8434474199278,34.9129181778284],[-95.8441414206333,34.9128951785288],[-95.8451134207512,34.913020177974],[-95.8451714207503,34.9131241782896],[-95.8451994211836,34.9136041780285],[-95.8453654207943,34.9136961777834],[-95.8454214207013,34.9138101785621],[-95.8456714206101,34.9139021783129],[-95.8461154214165,34.9139241784107],[-95.8468104212544,34.9136951785667],[-95.8473104210539,34.913626178046],[-95.8476714216266,34.9139011781701],[-95.8485334220321,34.9139241782941],[-95.8491994223676,34.9143121782394],[-95.8494774217925,34.9146331777993],[-95.8495614221166,34.9149991785528],[-95.8496724218746,34.915090178264],[-95.8496724218812,34.9151821780268],[-95.8498394224456,34.915388178563],[-95.8501174218525,34.9154561781006],[-95.850355422095,34.9154191781748],[-95.8505614226525,34.9153881785282],[-95.8506454220561,34.9154561780752],[-95.8508954228593,34.9154791782287],[-95.8509784222068,34.9154101786274],[-95.8515354228559,34.9154101786005],[-95.8516184230882,34.9151361785012],[-95.8521744227883,34.9150901781433],[-95.8522854225365,34.9150431777605],[-95.8523124228763,34.9148601782798],[-95.8526184226758,34.9148371780995],[-95.8530634226407,34.9150201784568],[-95.8534534227807,34.9155921779411],[-95.8538024236791,34.915627177746],[-95.854295423133,34.9152621779104],[-95.8546254231304,34.9150181782889],[-95.8564394235119,34.9135631773868],[-95.8570924240798,34.9130511779322],[-95.8575824242925,34.9126661771707],[-95.8590154241141,34.9115121767331],[-95.8596294246734,34.9110181772144],[-95.8596364235684,34.9035551752291],[-95.8596344231416,34.8988501750303],[-95.8596344231182,34.8985201750403],[-95.8598784234156,34.8953391743422],[-95.8599214233837,34.8921361735346],[-95.8599514229707,34.8920571734728],[-95.8599814234508,34.8918911738797],[-95.8599994233697,34.8916581738831],[-95.860004422684,34.8914011736753],[-95.859991422921,34.8905631735486],[-95.8599624233156,34.8897281726621],[-95.859942423219,34.8887641729973],[-95.8599014230673,34.888072172437],[-95.859901423046,34.8877721729365],[-95.859900422971,34.8873691722647],[-95.8599164227722,34.8867851722051],[-95.8599274223737,34.8866531723884],[-95.8599304225046,34.8865371724136],[-95.8599364227769,34.8864551722141],[-95.8596044226691,34.8864511729443],[-95.8596194222904,34.883983171993],[-95.8596464224168,34.880790171649],[-95.8601814220432,34.8807571709947],[-95.8602374228334,34.8806431711099],[-95.8602924226747,34.8804831717934],[-95.8607094222063,34.8801851714661],[-95.8611254225745,34.8796581713284],[-95.8615974228532,34.8792921714475],[-95.8620964225934,34.8790401714474],[-95.863013422832,34.8787881705278],[-95.8647074231331,34.878581170755],[-95.8650404232773,34.8784441706913],[-95.8650954230618,34.8774831702624],[-95.8656784239912,34.8771161703299],[-95.8658994234042,34.876498170485],[-95.866121423792,34.87629216993],[-95.8668714234872,34.87613217058],[-95.8671214242773,34.8759711703085],[-95.8672594234564,34.8756051704436],[-95.8675094242569,34.8755911697835],[-95.8678704239262,34.8758111700592],[-95.868343424274,34.8757651697054],[-95.868898423917,34.8755681704504],[-95.8691484247112,34.8754651701662],[-95.8685924241036,34.8753961696963],[-95.8686094239717,34.8751011704265],[-95.8686824246382,34.8748071703011],[-95.8688764246373,34.8747491703044],[-95.8697374240947,34.8747381697536],[-95.8701534244955,34.8746691701363],[-95.8704034243879,34.8745311700303],[-95.8710144248399,34.8744851696698],[-95.8715144246459,34.8745081698112],[-95.8719584254442,34.874416170027],[-95.8730134249104,34.8744841695272],[-95.8737354250896,34.8740951694688],[-95.8744294257803,34.8738651695785],[-95.8749364258915,34.873613169578],[-95.8749504256349,34.8735221689615],[-95.8752784255385,34.8732611694522],[-95.8755984259654,34.8729311694468],[-95.875681426201,34.8727031687792],[-95.8761114263484,34.8725881688301],[-95.8770004261846,34.8722911694258],[-95.8775184259231,34.8722731694668],[-95.8776144260788,34.875101169993],[-95.8776844272733,34.8842151710724],[-95.8797724278739,34.8842171710645],[-95.8920104306198,34.8842301701775],[-95.8951984318692,34.8842321701165],[-95.9031414341903,34.8842421701967],[-95.9104744360902,34.8840801695376],[-95.91065543549,34.8840711700115],[-95.9126294361989,34.8840601694071],[-95.9148094365675,34.8840411693216],[-95.9171954374974,34.8840431692993],[-95.919603437646,34.8840061692688],[-95.9250144394608,34.8840131693321],[-95.9252064393731,34.884039168728],[-95.9252764390238,34.8840661690753],[-95.9254354392062,34.8841171687309],[-95.9256544394739,34.8841791688929],[-95.9259184400275,34.8842111685631],[-95.9264174397873,34.8842361687972],[-95.9265444393818,34.8842421690688],[-95.9269294401526,34.8843001690376],[-95.9271394399981,34.884295168796],[-95.9273044395534,34.8842601689662],[-95.9273914399875,34.8842171687699],[-95.9274754402788,34.8841221688641],[-95.9275694401354,34.8840391686141],[-95.9276404398282,34.8840041687888],[-95.9278314396902,34.8839761683826],[-95.9284114405057,34.8839651687447],[-95.930121440663,34.8839541690523],[-95.9303984409192,34.8839711689267],[-95.9304714407098,34.8840081688376],[-95.9305104407281,34.884126168903],[-95.9305124408341,34.8843121685211],[-95.9322984409159,34.884265168957],[-95.933344441756,34.8842311682317],[-95.9345854417458,34.8841901680724],[-95.938343442439,34.884068168538],[-95.9395174429198,34.8840361678992],[-95.9409894437295,34.8839981678675],[-95.9410744431734,34.8839811679757],[-95.9416594433235,34.8840001679278],[-95.9436034444447,34.8840611679604],[-95.9455394442893,34.8840331683693],[-95.945699444514,34.8840261680375],[-95.946018444916,34.8840001677177],[-95.9481684456943,34.8840141673629],[-95.9487224453044,34.8840091680039],[-95.9491794458121,34.8840021676578],[-95.9498574457763,34.8839931681078],[-95.9503974456369,34.8839941681281],[-95.9524304463846,34.8839971672696],[-95.9540274466971,34.8839791672585]]]}},{"type":"Feature","properties":{"Precinct":"37","PCT_CEB":"610037","P0010001":"1292","P0030001":1030,"St_house":"017","St_senate":"07","Comm":"03","Uscong":"02","COUNTY_NAM":"PITTSBURG","CO_FIPS":"121","GeoID":"61121610037020701703","precinct_num":37},"geometry":{"type":"Polygon","coordinates":[[[-95.8965484514106,35.1490542188867],[-95.8962814507307,35.1492022185573],[-95.8953814504066,35.1498022185007],[-95.894581450216,35.1503022192055],[-95.8935814506577,35.151002219287],[-95.8926814503409,35.1517022193637],[-95.8921814505653,35.1521022199206],[-95.8912814502557,35.1529022201304],[-95.8904814500869,35.153702219436],[-95.8899814494121,35.154102219993],[-95.8892814493767,35.1548022200599],[-95.8883814490743,35.1557022204028],[-95.8877814491943,35.156602220731],[-95.8873814495668,35.1571022205169],[-95.8869814490472,35.157702220436],[-95.8864814492789,35.1582022211261],[-95.8860814487594,35.1588022210451],[-95.8856814491246,35.1592022206979],[-95.8852814485978,35.1597022213831],[-95.8847814488513,35.1605022215734],[-95.883581449113,35.1626032217762],[-95.8835814491203,35.1627032219093],[-95.8833814488605,35.1630032223185],[-95.8830814484817,35.1636032222327],[-95.8827814490095,35.1643032222799],[-95.8822814483709,35.1652032226033],[-95.8818814487797,35.1662032221556],[-95.8812814480221,35.1674032228832],[-95.8808814484163,35.1682032230685],[-95.8803814486699,35.1690032232587],[-95.8798814480386,35.1700032237152],[-95.879826448193,35.1701002237121],[-95.8794814484256,35.1707032237673],[-95.8788814485674,35.1719032235956],[-95.8782814478098,35.1731032243233],[-95.8779814483449,35.1739032245037],[-95.8779174480824,35.1740062238795],[-95.8774814476991,35.1747032246939],[-95.8773814475728,35.1749032240657],[-95.8768814478409,35.1759032245221],[-95.8763814481089,35.1769032249786],[-95.8759814475966,35.1776032250307],[-95.8755814479837,35.1783032250829],[-95.8752814475832,35.178603225497],[-95.8746574475242,35.1799812254735],[-95.8745184473951,35.1802782257408],[-95.8742954478605,35.1804842253965],[-95.8737674477217,35.1813772253971],[-95.8735444473044,35.1818122257623],[-95.8732934473757,35.1820872259158],[-95.8730714469982,35.1824302256189],[-95.8706704474291,35.1859922269711],[-95.8702814473988,35.1863032269995],[-95.8698814468574,35.1866032265191],[-95.8691814467931,35.1869032269528],[-95.8681814462992,35.187103227268],[-95.8674814462202,35.1872032274354],[-95.8666814460006,35.1873032267085],[-95.8658814457737,35.1873032267476],[-95.8647844452572,35.1872162272701],[-95.8637814454935,35.1870032273504],[-95.8633814449231,35.1869032272367],[-95.8625814446889,35.1868032271428],[-95.8618814446028,35.1868032271771],[-95.8609814442351,35.1868032272211],[-95.8602804440952,35.1867032271223],[-95.8594804438683,35.1867032271615],[-95.8587804437822,35.1867032271958],[-95.8579984434906,35.1867032272341],[-95.8574804437434,35.1866032271263],[-95.8567804436572,35.1866032271606],[-95.8556804430151,35.1867032273476],[-95.8551804432178,35.1868032275052],[-95.8544804431534,35.1871032279389],[-95.8534804426667,35.1874032274879],[-95.8527804425878,35.1875032276553],[-95.8518804422419,35.1878032280988],[-95.8509804418887,35.1880032284091],[-95.8503804419505,35.1881032276723],[-95.8494804415973,35.1883032279826],[-95.8485804412295,35.1883032280267],[-95.8482804417138,35.1884032281745],[-95.8477804410098,35.188403228199],[-95.8473804413387,35.1883032280854],[-95.8471804410499,35.1882032279621],[-95.8464804409492,35.1880032286294],[-95.845906440397,35.1878122279085],[-95.8458804409893,35.1878032283925],[-95.8454804404116,35.1876032281458],[-95.8450804407332,35.1874032278991],[-95.8445804400148,35.1872032285566],[-95.8440804401884,35.1869032281817],[-95.8438224399001,35.1866962285033],[-95.8435804403547,35.1865032285729],[-95.8431804397771,35.1863032283262],[-95.8428804402395,35.1861032280747],[-95.8423804395138,35.1858032276997],[-95.8419804398354,35.1856032283524],[-95.8409804392905,35.1851032277356],[-95.8409804392832,35.1850032276025],[-95.8408804391352,35.1849032283736],[-95.8399804387384,35.1845032278851],[-95.8396804392081,35.1844032277666],[-95.8393844389685,35.1843662278668],[-95.8388804389738,35.1843032276726],[-95.8386724383238,35.1843382284039],[-95.8382804381364,35.1844032278351],[-95.8372804385344,35.1845032280172],[-95.8359804376252,35.1848032284802],[-95.8344804373338,35.1851032280537],[-95.8330804371759,35.1853032283885],[-95.8318804373068,35.1856032288467],[-95.8307804366647,35.1857032290336],[-95.8295804367884,35.1859032284593],[-95.8282794358328,35.1862032289224],[-95.8273794354867,35.1865032293658],[-95.8265304356996,35.1866992285891],[-95.8260794354769,35.1868032289295],[-95.8252794352716,35.1871032293681],[-95.8242794347921,35.1875032290503],[-95.8233694348995,35.1880492291923],[-95.8232794352263,35.1881032289988],[-95.8224794350283,35.1885032295705],[-95.8219794343389,35.1887032298612],[-95.8212794342816,35.1891032295287],[-95.8204794340764,35.1894032299673],[-95.8197794340119,35.1897032295016],[-95.8190794339547,35.1901032300685],[-95.8177794339739,35.1908032301647],[-95.8168794336351,35.1912032307413],[-95.81587943317,35.1918032306898],[-95.8155954335044,35.1920062302095],[-95.8151794331201,35.1923032304904],[-95.8140794325142,35.1929032304438],[-95.8132794323307,35.1935032312818],[-95.8122794327577,35.1940042311434],[-95.8116394327767,35.1942892308797],[-95.8113794324189,35.1944042308207],[-95.8102794317985,35.1948042314071],[-95.8094104319878,35.1950652309428],[-95.809279432211,35.1951042309561],[-95.8083794318649,35.1954042313996],[-95.806679431299,35.1958042320154],[-95.8054794305232,35.1960042314411],[-95.8041794305132,35.1963042319041],[-95.8032794301526,35.1964042320813],[-95.8020794302689,35.1965042322732],[-95.8006794301108,35.1967042317087],[-95.7997794297429,35.1967042317527],[-95.7984794288336,35.1970042322158],[-95.7975794293723,35.1971042323929],[-95.7959784288717,35.1971042324713],[-95.7948784282294,35.1972042326583],[-95.7932784277824,35.1973042328697],[-95.7920784278841,35.1972042327953],[-95.7913784268913,35.1971042326964],[-95.7904784274154,35.1970042326073],[-95.7894784268921,35.19680423239],[-95.7884784263689,35.1966042330719],[-95.7875784259863,35.1964042328497],[-95.7863784260663,35.1960042323758],[-95.7855784258101,35.1956042327817],[-95.7847784255612,35.1953042324214],[-95.783978425305,35.1949042328273],[-95.7834784254785,35.1946042324523],[-95.7827784244566,35.1941042327201],[-95.7824784249189,35.1939042324685],[-95.7819784241859,35.1935042328597],[-95.7819604242491,35.1934862320272],[-95.7814784243448,35.1930042322185],[-95.7803784245219,35.19200423184],[-95.7803784245147,35.1919042326063],[-95.7802784243666,35.1918042324779],[-95.7798784237743,35.1914042319649],[-95.7794784240669,35.1908042320849],[-95.7788784231857,35.1903042323478],[-95.7784784234928,35.1899042318348],[-95.7776784232149,35.1892042318412],[-95.7770784232331,35.1887042321041],[-95.7763784230959,35.1880042321056],[-95.7756784229588,35.1873042312078],[-95.7751784222185,35.1868042314658],[-95.7745784222149,35.1860042313292],[-95.7741784216226,35.1856042317155],[-95.7735784216336,35.1850042309459],[-95.7729784216517,35.1845042312087],[-95.7721784213665,35.1837042310819],[-95.7716784215183,35.1831042312068],[-95.7712784209188,35.1826042305606],[-95.7708784212259,35.1822042309468],[-95.7705324204375,35.1817722307482],[-95.7704784206263,35.1817042311999],[-95.7702784203157,35.1813042306771],[-95.7699784207709,35.1810042302923],[-95.7697784204675,35.1807042308019],[-95.7693784207673,35.180204231055],[-95.7690784203086,35.1797042304039],[-95.7688784200125,35.1795042301473],[-95.7684784203123,35.1790042304004],[-95.7676774199953,35.1784042305399],[-95.767077420028,35.1781042301698],[-95.7660774194902,35.1777042305853],[-95.7654774195301,35.1775042303483],[-95.7639774191876,35.1771042298889],[-95.7625774181011,35.1769042305904],[-95.7618774180075,35.1768042304914],[-95.7614774183435,35.176804230511],[-95.7612774180619,35.1768042305207],[-95.761177417921,35.1768042305256],[-95.7604774178347,35.1768042305598],[-95.7599774180227,35.1767042304511],[-95.7595774174594,35.1767042304706],[-95.7590774176547,35.1767042304951],[-95.7585774169506,35.1767042305195],[-95.7579774170051,35.1767042305488],[-95.7577774167307,35.1768042306917],[-95.7568774172693,35.1769042308689],[-95.7566774169949,35.1770042310118],[-95.7562774164389,35.1771042302652],[-95.755977416923,35.177204230413],[-95.754712416801,35.1783842311468],[-95.7542524161837,35.1788042308293],[-95.7518784159658,35.1809742315866],[-95.7502774156155,35.1830502324508],[-95.7495754154845,35.1837152317967],[-95.7485794153412,35.1861982325887],[-95.7480264149878,35.1877222330263],[-95.7471024154048,35.1890922335468],[-95.7458254147413,35.190478233926],[-95.7439014146523,35.1918882336493],[-95.7433834149267,35.1920902340335],[-95.7422934138723,35.1925152339782],[-95.7400004136775,35.1928112343046],[-95.7362864123241,35.1929452343948],[-95.7351784121937,35.1928212350034],[-95.7342104122615,35.1927122345008],[-95.7319284116374,35.1924562344513],[-95.7297744106431,35.1920512346918],[-95.729041410807,35.1918042349832],[-95.7277954105507,35.1913852345312],[-95.7277474101224,35.1913702347384],[-95.7276744103327,35.1913482346228],[-95.7275414104567,35.1912992350586],[-95.7275284102185,35.1839252336033],[-95.7274854093349,35.1744292319315],[-95.7274674090203,35.169192230489],[-95.7274304084983,35.1608362294351],[-95.7275414078496,35.1553022277254],[-95.7275314071632,35.1522232272676],[-95.7364874097127,35.1523622269709],[-95.736512409881,35.1510932266736],[-95.7364884095751,35.1498172269539],[-95.7364864091862,35.1457202261292],[-95.7364864091582,35.1453332261983],[-95.736479409707,35.1449752258118],[-95.7346814090651,35.1449942258798],[-95.7321964080398,35.1450082257498],[-95.7302554079621,35.1450442257125],[-95.7282754069758,35.1450892260938],[-95.727239406597,35.1451022258469],[-95.7245074058093,35.1451272262382],[-95.7228064060665,35.1451212260433],[-95.7198984052063,35.145085226317],[-95.7189854051332,35.1450652263349],[-95.7189454050771,35.1450682264758],[-95.718920404786,35.1446382263539],[-95.718923404873,35.1439162262016],[-95.7189074048721,35.1417262264332],[-95.7189204045358,35.1411752261034],[-95.7189264047941,35.1408992259154],[-95.7189254046647,35.1397492257328],[-95.7189194043146,35.138754225532],[-95.7189194042896,35.1384072256544],[-95.7189254045249,35.1378122250865],[-95.7189084045368,35.136442225511],[-95.7189324037794,35.135448225355],[-95.7189144037696,35.1344172243874],[-95.7189294041856,35.1305432239933],[-95.7179584032227,35.130541223948],[-95.7181944033598,35.1303282239675],[-95.7182494032026,35.1301912239173],[-95.7186674036864,35.1299852242521],[-95.7196144035328,35.1299392238749],[-95.7205624043414,35.1301222242074],[-95.7211744039392,35.130053223681],[-95.7214814046763,35.1299152235721],[-95.7220944043271,35.1299382237078],[-95.7234034047566,35.1296632235026],[-95.7237374049506,35.1295712237236],[-95.7239044045847,35.1293422239051],[-95.7238484046642,35.1290452236471],[-95.7237654053068,35.1289762231545],[-95.7237654052986,35.1288622232725],[-95.7238764050386,35.128702223054],[-95.7239594052771,35.1285182235243],[-95.7241544053137,35.1283352231362],[-95.724377404827,35.1278322232198],[-95.7245444053637,35.1276492228331],[-95.7247954053108,35.1276262235546],[-95.7250734047047,35.1275112227134],[-95.7251294054866,35.1272822229003],[-95.7256864051904,35.1266412228738],[-95.7266324058386,35.1258862229463],[-95.7272624053203,35.1251032226371],[-95.7278374058735,35.1246652221157],[-95.7281994055123,35.1238112221297],[-95.7282544053303,35.123331222387],[-95.7280314057626,35.123079222422],[-95.7278634051646,35.1230562222646],[-95.7277524054212,35.1231712221984],[-95.7271674052769,35.1232402227235],[-95.7265824051045,35.1229192222795],[-95.726108404682,35.1225762226101],[-95.7261084046672,35.1223702220659],[-95.7260244052486,35.1220962219748],[-95.7259684053347,35.1218902223327],[-95.7258854050747,35.1217752224084],[-95.725494404914,35.1215702219296],[-95.725049404942,35.1212952218098],[-95.7249374042183,35.1209292219573],[-95.7245754045031,35.1207232223301],[-95.7241854043804,35.1204032219228],[-95.7239344043986,35.119945221415],[-95.723739404334,35.1197392217796],[-95.7237114039168,35.1194882218514],[-95.7235154037975,35.1191672213884],[-95.7233764036368,35.1190302213475],[-95.7232924042281,35.1188932213041],[-95.7227074040342,35.1182752214986],[-95.7226794036021,35.1178172218792],[-95.7225124039234,35.1174282218639],[-95.722205404046,35.1170162216898],[-95.7217324036666,35.1166272216893],[-95.7216794029758,35.1161882211521],[-95.7216444031373,35.1159942211652],[-95.7136454009086,35.1159582216864],[-95.7123544012937,35.115954221564],[-95.7119594009627,35.1159602218611],[-95.7106544007002,35.1159802219513],[-95.7083093998703,35.1159702216023],[-95.7073983998913,35.1159692216004],[-95.7058633988546,35.1159802221844],[-95.7055923988778,35.1159822222901],[-95.7032673989764,35.1159862216891],[-95.7012913981711,35.1159702219438],[-95.7012703981223,35.1163282223318],[-95.7012733983996,35.1182452229516],[-95.7012733985054,35.119714222615],[-95.7012793988903,35.1211932227411],[-95.7012803989518,35.1214022234242],[-95.7012863984,35.1223632229502],[-95.7013153989481,35.1237852240335],[-95.7013213984425,35.125387223559],[-95.6998263983624,35.1254112238436],[-95.6991313985339,35.1257732244496],[-95.6987143980914,35.1259102245174],[-95.6982433978311,35.1258872243749],[-95.6980483977748,35.1257962237685],[-95.697132397564,35.1257962238131],[-95.6962143972473,35.1256142244248],[-95.6952983970365,35.1256142244693],[-95.6948543971571,35.1259802243489],[-95.6948263967662,35.1260952242787],[-95.6942993966433,35.1265762240906],[-95.694022397299,35.1267372243636],[-95.6933833964539,35.1268742244422],[-95.6926613962779,35.127309224832],[-95.6923553964781,35.1273322250124],[-95.6921893968673,35.1272402243584],[-95.6913003961133,35.127287224779],[-95.6908833965785,35.1275392247752],[-95.6905503964291,35.1276072252418],[-95.6892723955889,35.1271962251612],[-95.6882443955801,35.1271962252112],[-95.6878003956693,35.1271282247825],[-95.6873543956427,35.1267392247807],[-95.6871033947846,35.1266012246991],[-95.6863793953838,35.1266012247343],[-95.6859893952777,35.1265102250368],[-95.6857103949049,35.1261662244123],[-95.68470839429,35.1259832249817],[-95.6840103943078,35.1261442252751],[-95.6835643943323,35.1264642248237],[-95.682645393984,35.126487225034],[-95.6821723936508,35.1267392250329],[-95.6813083940577,35.1268072255253],[-95.680834393655,35.1267392250981],[-95.6803893936945,35.1266242251914],[-95.6798323930169,35.126235225195],[-95.6796373929439,35.1259142247319],[-95.6796923927689,35.1255302249372],[-95.6799333931225,35.1251032249412],[-95.6800893931327,35.1246932248372],[-95.6801173935186,35.1245082243645],[-95.6800053928196,35.1244852251038],[-95.6798103927681,35.1244622249477],[-95.6796283933312,35.1246012250968],[-95.6796153927292,35.1246122247074],[-95.6792533930378,35.1247382251627],[-95.6791753930159,35.1247102247694],[-95.6790583929833,35.1246732248607],[-95.6786743931531,35.1245502245806],[-95.6785343929498,35.1244642251025],[-95.6789453930973,35.1240962251319],[-95.6790503925627,35.1239852244843],[-95.6796573927867,35.1233422243626],[-95.6797393929859,35.1232562248736],[-95.6800173932662,35.122961224692],[-95.6802523933556,35.1227282246849],[-95.6811443932893,35.121849224415],[-95.6812483936086,35.121750224323],[-95.6813833935645,35.1216212246392],[-95.6815623937594,35.1214502239081],[-95.6827123939509,35.1203522242781],[-95.6834503939442,35.1195652237784],[-95.6840193942074,35.1189612236657],[-95.6856033938093,35.1174242234748],[-95.687503394552,35.1155592224719],[-95.6878743946439,35.1151992228736],[-95.6893633952426,35.1137512223113],[-95.6896293949681,35.1134792222958],[-95.6901363950603,35.1129632217636],[-95.6906363948286,35.1124552225015],[-95.6913593950294,35.1117202217121],[-95.691756395421,35.1112682214505],[-95.6920783950346,35.1108442215895],[-95.6924743953681,35.1102292218752],[-95.6932823958706,35.1088992214132],[-95.6940973957725,35.1072092213707],[-95.6943833954942,35.1064932205829],[-95.6947263960501,35.1056322202736],[-95.6948313955046,35.1053692206827],[-95.6950343958941,35.1049352203644],[-95.6956003959701,35.1036632199016],[-95.6963873954615,35.1018162197862],[-95.6965013962309,35.1015292199829],[-95.6965743960058,35.1013452195543],[-95.6972053954763,35.0997612190324],[-95.6976743955601,35.0986202192434],[-95.6979493956746,35.0979552190186],[-95.6980053955638,35.0978192190146],[-95.6990473960389,35.0952762181395],[-95.6993763959342,35.0942562185634],[-95.6997643958545,35.0930542177528],[-95.7006783956938,35.0891802173142],[-95.7053413954978,35.0682842137124],[-95.7057943956614,35.066061213292],[-95.705862396084,35.0656032127685],[-95.7059163958641,35.0652392130004],[-95.7060423953454,35.0643112122976],[-95.7061093956487,35.0628372123991],[-95.706102395296,35.062445212237],[-95.7061173950668,35.0620912120345],[-95.7061883956199,35.0615132122502],[-95.7064103949837,35.0595692112683],[-95.7067403957871,35.0580222115747],[-95.706827395296,35.0576182108523],[-95.7070993952469,35.0566082108425],[-95.7072543951921,35.0559362111988],[-95.7076143956277,35.0549412109799],[-95.7077143957479,35.0546542102779],[-95.7079753952139,35.0539962103779],[-95.7080553953123,35.0537972101539],[-95.70861139581,35.0523282104631],[-95.7091763957992,35.050488209783],[-95.709639395573,35.0489012091302],[-95.7099683954288,35.0473272090857],[-95.7104993956118,35.0450962091903],[-95.7104453957983,35.044994208967],[-95.7104663949591,35.044792208607],[-95.7104853949346,35.0447042090284],[-95.7105553954591,35.044374209035],[-95.7106023949274,35.0441882085151],[-95.7106813949714,35.0438772085017],[-95.710791395567,35.043751208958],[-95.7111563952826,35.042023208077],[-95.7114553955656,35.0407242081755],[-95.7118313948834,35.0388762080335],[-95.7122173955868,35.0373412070938],[-95.7125203951465,35.0359092073296],[-95.7126393952244,35.0352842071657],[-95.7129443948819,35.0339242062383],[-95.71351039493,35.0322572063731],[-95.7136433956694,35.0318042060778],[-95.7138863951877,35.030973206263],[-95.7142233954269,35.0295712060874],[-95.7146483952678,35.0284102053743],[-95.7147613950805,35.0279682055894],[-95.7149953950751,35.0270582057146],[-95.7154523954823,35.025642204885],[-95.7154873952987,35.0255292050475],[-95.7157583952131,35.0246562050853],[-95.7160763954912,35.0235402046622],[-95.7165663956228,35.0220222045046],[-95.7173623954737,35.0193552032958],[-95.7179303955978,35.0174522032959],[-95.7183303951794,35.016301203047],[-95.7183583955693,35.0161722033684],[-95.7184753955607,35.0156342027359],[-95.7185933955985,35.0150972030489],[-95.7187163949942,35.0149142026642],[-95.7187753950003,35.014466202604],[-95.7188003952445,35.0142452031628],[-95.7188273955799,35.0140022027027],[-95.7188903957456,35.0131922029695],[-95.7189043951146,35.0078642018053],[-95.718934394676,35.0074272013565],[-95.7189943947221,35.0068902016723],[-95.7190633951855,35.0063522010421],[-95.7192233944427,35.0053892014149],[-95.7193583952663,35.0048162009597],[-95.7194543951848,35.0043012004937],[-95.7195733943701,35.0037702010844],[-95.7198493944636,35.0021562000897],[-95.7200523948139,35.0011702002949],[-95.7202923950647,34.9999502004564],[-95.7200303946056,34.9999472003302],[-95.7201663945747,34.9993511997093],[-95.7205343944189,34.9974701998382],[-95.720667394241,34.9967641995206],[-95.7207673943373,34.9961411994501],[-95.7209453944426,34.9953641994404],[-95.7210533949095,34.9947351990917],[-95.7212003944779,34.9939791991564],[-95.7213123942166,34.9931481984485],[-95.7213953944119,34.9923581987408],[-95.72148039471,34.9917071982739],[-95.721558394678,34.9909801987853],[-95.7216283942701,34.9901851979475],[-95.7216483942866,34.9900221984937],[-95.7217043941537,34.98957519848],[-95.7217683943683,34.9887991976227],[-95.721930394586,34.9873921972239],[-95.7219983940897,34.9866571973655],[-95.7220793941946,34.9858991973407],[-95.7221373941533,34.9854361974854],[-95.7221633944448,34.9852271977003],[-95.722219394294,34.9845301969038],[-95.7222753941488,34.9839101969743],[-95.7223023944832,34.9836521967191],[-95.7224103940233,34.9826381965318],[-95.7225543943055,34.9812301960876],[-95.7227993938052,34.9788351958072],[-95.7228373937289,34.9782761960048],[-95.7228493933801,34.9781921957124],[-95.7228983938285,34.9778381955081],[-95.7229043941035,34.9777911960298],[-95.7229603939588,34.9771791955713],[-95.7230263933876,34.9766951956426],[-95.7230973939199,34.9758211956437],[-95.7232133938211,34.9746671952695],[-95.7233723938965,34.973214195439],[-95.7234213934264,34.9725911944716],[-95.7235483938312,34.971345194334],[-95.7235913931013,34.9709791944737],[-95.7238683933553,34.9709641946652],[-95.7245883934741,34.9710241947103],[-95.7248323939987,34.97104019454],[-95.7259753939424,34.9710141941804],[-95.7269873941059,34.970980194356],[-95.7277693943965,34.9709661945694],[-95.7279063944544,34.9709641944702],[-95.7289003946866,34.9709891946803],[-95.73022239484,34.9709991941801],[-95.730954395511,34.9710001941911],[-95.7336373958257,34.9709921936911],[-95.7353053967368,34.9710121936372],[-95.7357263964752,34.9710121936168],[-95.7361303963256,34.9710271942918],[-95.736280396987,34.9710331936631],[-95.7364123968132,34.971034193703],[-95.7364973971576,34.9710341936988],[-95.7366683969939,34.9710361937832],[-95.7369933967778,34.9710481943231],[-95.7374453970539,34.9710401939309],[-95.7378143970764,34.9710051940912],[-95.7380163974474,34.9709581937041],[-95.7388003978175,34.9707571933534],[-95.7390563970961,34.9707201934267],[-95.739357397563,34.970694194007],[-95.739710397746,34.9707051935999],[-95.7402713976849,34.9707521939502],[-95.7408053981748,34.9708621936213],[-95.7411263977775,34.9709331932957],[-95.7414063981754,34.9709841938448],[-95.7422193981106,34.971049194117],[-95.7428083984463,34.9710641938837],[-95.7436173990912,34.9710711932694],[-95.7439443989674,34.9710751934388],[-95.7445953985785,34.9710551933807],[-95.7451423987637,34.9710501931227],[-95.7459243990555,34.9710511931313],[-95.7467683995249,34.9710591934609],[-95.7472313994129,34.9710671938089],[-95.7475293997425,34.9710661937482],[-95.7497374005134,34.9710711929738],[-95.7509404005434,34.9710711929156],[-95.7543744015112,34.9710701927034],[-95.755861402121,34.9710721927242],[-95.7572444024046,34.9710751927963],[-95.7586004023354,34.9710771928234],[-95.758603402589,34.9726831934343],[-95.7585974023247,34.9728781934695],[-95.7586024025655,34.9730031929614],[-95.7585184023064,34.9735501931097],[-95.7584544029548,34.9738171937833],[-95.7583734028199,34.9741551932483],[-95.7581644030637,34.9747651936216],[-95.7579184024823,34.9752521936978],[-95.757693402869,34.9756581936201],[-95.757401402851,34.9761261937182],[-95.7568274023756,34.9770091941581],[-95.7563584022634,34.9777581937848],[-95.756015402584,34.978306193992],[-95.7558054027618,34.9786411942236],[-95.7557464027301,34.9787301947498],[-95.754913401961,34.9799761949214],[-95.7547204020257,34.9802801946163],[-95.7537284020012,34.9818661952487],[-95.7529714020574,34.9830961955751],[-95.7521434015266,34.9844331954631],[-95.7513234013655,34.9857521963159],[-95.7512554018171,34.9858601959234],[-95.7511864013229,34.9859671963841],[-95.7507274016724,34.9866881965126],[-95.75001240187,34.9878101963334],[-95.7498034011962,34.9881631964991],[-95.7493634015258,34.9888601964149],[-95.7489164015327,34.9895841966817],[-95.7485014012198,34.990237197257],[-95.7480624015932,34.9908981973046],[-95.7479994013771,34.9910041968194],[-95.7472814014409,34.9922001973685],[-95.7469074012214,34.9927221972727],[-95.7467684010877,34.9929611975529],[-95.7465464007102,34.9933111975803],[-95.7458164011182,34.9945271981566],[-95.7453244008391,34.9952811980159],[-95.7449714006972,34.9958471981576],[-95.7445574004244,34.9964111982096],[-95.7444164010912,34.9965651981518],[-95.7441744006776,34.996804198437],[-95.7439144003276,34.9970281980286],[-95.7433494002383,34.9974731988736],[-95.7431904000673,34.9975831985782],[-95.7424354001573,34.9979871984336],[-95.7417634004932,34.9983101990314],[-95.7408834001855,34.9987581991313],[-95.7412124001917,34.9992851992329],[-95.7414134005369,34.99952619869],[-95.741594399949,34.999688198987],[-95.7419864001581,34.9999241991026],[-95.7420914005332,34.9999581988731],[-95.7423324000237,35.0000361988754],[-95.7426014008099,35.0000751988693],[-95.7430674008376,35.000090198642],[-95.7444684010572,35.0000991989908],[-95.7457444008747,35.0000901985124],[-95.7463334012097,35.0000951987154],[-95.7472894014771,35.0001031990396],[-95.7482124020137,35.0001221989753],[-95.7484504022592,35.0001271982959],[-95.7495714020824,35.000107198215],[-95.7500204022195,35.0001011988148],[-95.750334402392,35.0001031988922],[-95.7505714025909,35.0001051989734],[-95.7509474029406,35.0001071981484],[-95.752167402861,35.0001261989691],[-95.7523984027815,35.0001241988653],[-95.7535724032643,35.0001101981603],[-95.7540244035415,35.0001181985088],[-95.754405403224,35.0001241987682],[-95.7548334032883,35.0001411986352],[-95.7554454037942,35.0001971985004],[-95.755749403505,35.0002281981223],[-95.7562334043727,35.0003171986221],[-95.7564274043792,35.0003611979519],[-95.7570944038456,35.0005181979939],[-95.7576424040898,35.0006891986898],[-95.7581304042492,35.0008561983042],[-95.7583194049247,35.0009211986064],[-95.7586304049678,35.0010601987316],[-95.7588184046985,35.0011381987365],[-95.759015404848,35.0012371988139],[-95.7594064050098,35.0014601983277],[-95.7601674052613,35.0019421981236],[-95.7613294052389,35.0026451982396],[-95.7618674059303,35.0029781983424],[-95.7629834064695,35.0036381982684],[-95.7633404059546,35.0038711982468],[-95.7639684063263,35.0042501986764],[-95.7645034068785,35.0045831987794],[-95.7651104062771,35.0049731988199],[-95.7656274068964,35.0053401986993],[-95.7659534067437,35.0055891985206],[-95.76645540667,35.005995199307],[-95.7669014075958,35.0063871985487],[-95.7677494074121,35.0072431994681],[-95.7682244078938,35.007772198756],[-95.7685164079727,35.0081561994333],[-95.7690254082435,35.0088391995542],[-95.769391408169,35.0093941991517],[-95.7698394083163,35.0101791995014],[-95.7701114083808,35.0107551991764],[-95.7705444087499,35.011793199549],[-95.7709714088751,35.0133101996159],[-95.7710474088215,35.0135792003752],[-95.7710784084684,35.0136902001169],[-95.7711384085671,35.0138902003805],[-95.7713724086825,35.0146692004626],[-95.7721114089672,35.0173022009219],[-95.7721544091735,35.0174542007626],[-95.7722034096621,35.0176622004977],[-95.7723354095276,35.0182132008207],[-95.7725124096809,35.0187572008174],[-95.7728194096075,35.0198602015075],[-95.7728634098607,35.0200182007266],[-95.7730984100185,35.0207422009603],[-95.7731964100912,35.0210862015937],[-95.773546410222,35.0223102015886],[-95.7736454103446,35.0227042018388],[-95.7737104097801,35.0229622020895],[-95.7737224103401,35.0230112016595],[-95.7738084098503,35.0232712020018],[-95.7738634106142,35.0234392016833],[-95.7740964106819,35.0241992017852],[-95.7742794102284,35.0249422020017],[-95.7744034106166,35.0254142022648],[-95.7746424109762,35.0263632021235],[-95.7746694104403,35.0265122027253],[-95.7747514106796,35.0269862021837],[-95.7748264105989,35.0275242028068],[-95.7748404112618,35.0277152026559],[-95.774857411168,35.0279542029285],[-95.7748554111166,35.0285312026631],[-95.774815411095,35.0290162026366],[-95.77476341051,35.0294042026164],[-95.7747144109622,35.0297752027083],[-95.7746274105619,35.0302902031738],[-95.7745204110253,35.0307012033218],[-95.7744724106066,35.030822202631],[-95.7743724113853,35.0311032030551],[-95.7742254108924,35.0315062028347],[-95.7737404109562,35.0325122035688],[-95.7736134104813,35.0327732030683],[-95.7730244111327,35.0339822033135],[-95.7726564112066,35.0347142039468],[-95.7723474104177,35.0354242044579],[-95.7722944106715,35.0356142042639],[-95.7722404108792,35.0358092043015],[-95.7720234107687,35.0366472044391],[-95.7719084108741,35.0372402040206],[-95.771869410898,35.0377122042915],[-95.7718784105003,35.0388872047322],[-95.7718634108292,35.0406332046307],[-95.7718604107135,35.0409592053349],[-95.771856411449,35.0412622049743],[-95.7718654110204,35.0420052051992],[-95.7718674111329,35.0422812053869],[-95.7718674111587,35.0426412049671],[-95.7718474112542,35.0443642055996],[-95.7718464112153,35.0444702060107],[-95.7718494113632,35.0445922053636],[-95.7718644111994,35.0451482059237],[-95.7718644112393,35.0457042055852],[-95.7718644112619,35.04601920578],[-95.7718414111997,35.0474832061125],[-95.7718354119099,35.0487252060585],[-95.7718334118428,35.0490832064456],[-95.7718524119227,35.0504502067818],[-95.7718474117703,35.0515562067264],[-95.7718374113865,35.0526702070418],[-95.7718364122849,35.0533042076165],[-95.771845411845,35.0538892077209],[-95.7718434117719,35.0541632078162],[-95.7718404116532,35.0544482075215],[-95.7718534122839,35.0548352074518],[-95.7718454119649,35.0555592076972],[-95.7718424118486,35.0558782080773],[-95.7718374116924,35.0569312082661],[-95.7718364125603,35.0571402080499],[-95.7718494122951,35.0575752084039],[-95.7718534124899,35.0577042080809],[-95.7718444121028,35.0581262078341],[-95.7718364126563,35.0584762078511],[-95.7718014119498,35.0587172082187],[-95.7717484122082,35.0589712082899],[-95.7716004125693,35.0593872086713],[-95.7715324121276,35.0595792085706],[-95.7714234124883,35.0598512085786],[-95.7713454124799,35.0600122088418],[-95.7707614124286,35.0607282087447],[-95.7699484116575,35.0615472089308],[-95.769618411668,35.0619022091949],[-95.7693634115562,35.0622132092168],[-95.7691744118065,35.0625172089116],[-95.7689204117636,35.0631422090819],[-95.7687784115079,35.0636172094967],[-95.768740411558,35.0638082093483],[-95.7687504120653,35.0644152095717],[-95.768782411776,35.0647682097257],[-95.7688934115498,35.0650772096373],[-95.7689704124407,35.0653292096095],[-95.7691324118897,35.065750209308],[-95.7692334120865,35.0658832100649],[-95.7696064123438,35.0665362097025],[-95.7698664127434,35.0670032097273],[-95.7703964122008,35.067839209736],[-95.7707584128455,35.0684672100153],[-95.7709244124663,35.0686982099102],[-95.7710814125875,35.069186210013],[-95.7711364124481,35.0692972106528],[-95.7712554125877,35.0695332098822],[-95.7714584130552,35.0701852103811],[-95.7714864125615,35.0702742100037],[-95.7715254125878,35.0705022106652],[-95.771613413099,35.0708852104067],[-95.7716854128689,35.0712792106582],[-95.7717764135381,35.0719242108384],[-95.7717864131288,35.0722902106959],[-95.7717954135707,35.0726312111947],[-95.771833413642,35.0741292112996],[-95.7718304135159,35.0743102115858],[-95.7718224131754,35.0747352114778],[-95.7718024132282,35.0758602114034],[-95.7718044133416,35.0761482112474],[-95.7718034133185,35.0764712118125],[-95.7717944138171,35.0767032117622],[-95.7717854134256,35.0770622112966],[-95.7718164140258,35.0779242116339],[-95.7718324138994,35.0783532117099],[-95.7718134140022,35.0795302122443],[-95.7718024135168,35.079872211891],[-95.7717814134885,35.080515211984],[-95.7717854137119,35.0810432121475],[-95.7717934141499,35.0819742129825],[-95.771807413924,35.0823102123502],[-95.7718274139852,35.0827702129619],[-95.7718404137244,35.0832652124964],[-95.7718294141274,35.083456213246],[-95.7717954143937,35.084072212989],[-95.7717864140186,35.084660213233],[-95.7717534144671,35.0871632131061],[-95.7717514143805,35.0872502135368],[-95.771745414134,35.0876902132239],[-95.7717514144606,35.0883622137589],[-95.7717624141203,35.0890412137185],[-95.7717794140864,35.0901122138401],[-95.7717754148524,35.0908372141315],[-95.7717744148207,35.0910412145831],[-95.7717734147821,35.0911482141411],[-95.7717724147782,35.0917392145236],[-95.7717704147249,35.0922862146677],[-95.7717694146908,35.0924572144908],[-95.7718084147988,35.093818214548],[-95.7718264147791,35.0944422146588],[-95.7718284148749,35.0944832147583],[-95.771777415262,35.0952362145496],[-95.7717784153747,35.0961582149682],[-95.7717534151801,35.0970662156392],[-95.7717244147931,35.097878215463],[-95.7717074149379,35.0983482156402],[-95.7716964153365,35.0984782153642],[-95.771650415041,35.099020215279],[-95.7716004154651,35.0996432162461],[-95.7714974152355,35.1003422162378],[-95.7713774151567,35.1015922165595],[-95.7713384151808,35.1020652159773],[-95.7712064154251,35.1030422162507],[-95.7712004151674,35.1033272168555],[-95.7711854154248,35.1040722162746],[-95.7711524157605,35.1050082164437],[-95.7711254154617,35.1057562169017],[-95.7712164152851,35.1071422172144],[-95.771219415427,35.1071822172675],[-95.7712974155416,35.1084952177983],[-95.7714144156434,35.1094932172333],[-95.7716124159539,35.1111802179865],[-95.7716864158434,35.111944218281],[-95.7717504161608,35.1126012181187],[-95.7717954165458,35.1139442182414],[-95.7718244161848,35.1152302184239],[-95.7718384159777,35.1158262190371],[-95.7718364168053,35.1161172190201],[-95.7718294165493,35.117068218983],[-95.7718274164766,35.1173472193097],[-95.7718244165079,35.1197082198012],[-95.7718274167739,35.1214672194008],[-95.7718404165512,35.1224882199056],[-95.7718484169791,35.1232762204151],[-95.7718494170338,35.1233922203896],[-95.7718594166966,35.1247552205407],[-95.7718614168076,35.1250072205164],[-95.7718514172808,35.1255282203565],[-95.7718354175012,35.1264022203521],[-95.7718344174742,35.1266702210688],[-95.7718344174928,35.1269282204231],[-95.7718334174741,35.1273112210681],[-95.7718314174297,35.1279802205652],[-95.7718244172384,35.1298272215415],[-95.7718314176506,35.1310392218962],[-95.7718384172708,35.1337372218017],[-95.771829417819,35.1346542219892],[-95.7718244176212,35.1351262222582],[-95.7718244177593,35.1370372225999],[-95.7718194176188,35.1383012226647],[-95.7718164184203,35.1388732230669],[-95.7718154184857,35.1404192235969],[-95.7718214180044,35.1423532232044],[-95.7718444182398,35.1432952236484],[-95.7718824182654,35.1441532237999],[-95.7719444184912,35.144825224332],[-95.7719734189572,35.145108223943],[-95.7727714190914,35.1451052237652],[-95.7747644188841,35.145094224058],[-95.776557419296,35.1451032234879],[-95.7786384204718,35.1450932238228],[-95.7798914210225,35.145101224132],[-95.7836034213915,35.1450832231175],[-95.7850784223451,35.1450962236475],[-95.7856374221882,35.1451012238516],[-95.7871134222883,35.1451052230655],[-95.7885794228239,35.1451092231791],[-95.789504423452,35.1451122232728],[-95.7918024238997,35.1451122231607],[-95.7926844243328,35.1451202234881],[-95.7936124242011,35.1451292229602],[-95.7963224248675,35.1451072227087],[-95.7973274247083,35.1451002232349],[-95.800326426188,35.1451022222817],[-95.8011544259149,35.1451022222413],[-95.8030604261721,35.1451272224065],[-95.8069554278355,35.1451482222893],[-95.807125427625,35.1451452221421],[-95.8076414281711,35.1451382226922],[-95.809932428294,35.145137222534],[-95.8125124292292,35.145148222018],[-95.8199344307756,35.1451482216557],[-95.8223244318936,35.1451682215656],[-95.8227354320678,35.1451712216845],[-95.8244214320133,35.1451712216022],[-95.8255114321997,35.1451812211126],[-95.8273774332992,35.1451982218085],[-95.8284004330757,35.1451982217586],[-95.829598433773,35.1451972216538],[-95.8314574336487,35.1452162215434],[-95.8355664353389,35.1451772213358],[-95.8358554352515,35.1451822206538],[-95.8372494351456,35.1451822205857],[-95.8384074357862,35.1451762211507],[-95.8437384374902,35.1451692205663],[-95.8449794374822,35.1451482204328],[-95.8457664380067,35.1451642202358],[-95.8472344377348,35.1451582207856],[-95.8482974384676,35.1451692203436],[-95.8484894383767,35.1451482202613],[-95.8487654385773,35.1450372205047],[-95.8490834380237,35.1448712199984],[-95.8495114389728,35.1446882204982],[-95.8499164388573,35.1445342205432],[-95.8501284387932,35.1444952205259],[-95.8502084389052,35.1444872201516],[-95.850270439083,35.1444942204727],[-95.8503584386704,35.1445382198074],[-95.8506324387994,35.1447172199875],[-95.8510284391957,35.1449752202217],[-95.851271438783,35.1451082200722],[-95.8514484389002,35.1451492201631],[-95.85160743908,35.1451622198579],[-95.8526284396638,35.145172220271],[-95.8550144396954,35.1451732202007],[-95.8563794400439,35.1451832196977],[-95.8568224408027,35.1451872198613],[-95.8586094409355,35.1451902199129],[-95.858929441386,35.1451912199435],[-95.8600144413388,35.1451792202343],[-95.8601134414335,35.1451842195616],[-95.8604434414496,35.1452002193869],[-95.8610144418483,35.1451932199343],[-95.86205244142,35.1451792201347],[-95.8640044420094,35.1451782199931],[-95.8645174424159,35.1451652193661],[-95.8649314427282,35.145154219736],[-95.8666214428601,35.1451702194948],[-95.8687604440276,35.145169219344],[-95.8692694433502,35.1451692193192],[-95.8709934441586,35.1451722193738],[-95.8731724444808,35.1451402195845],[-95.8750064449961,35.1451672189463],[-95.8768414455549,35.1451542191541],[-95.8794354462374,35.145135219047],[-95.8807604465298,35.1451492187311],[-95.8841804477465,35.1451442183324],[-95.8844024472481,35.1451232182487],[-95.8845454475811,35.1450782188563],[-95.8846444476694,35.1449952186061],[-95.8847464478934,35.144863218785],[-95.8847844478476,35.1447332181605],[-95.8848324472842,35.1434722182329],[-95.8848674479728,35.1429872182599],[-95.8848764474822,35.142868218146],[-95.8849504472874,35.1424652183703],[-95.8850214478573,35.1421242178678],[-95.8851474473867,35.141869217747],[-95.8853424474178,35.1416122175302],[-95.8855934473502,35.1413892179854],[-95.8861114480046,35.1415982177438],[-95.8890734486687,35.1416232178571],[-95.8920954496361,35.1446722185763],[-95.8951954506237,35.1477232184848],[-95.8965484514106,35.1490542188867]]]}},{"type":"Feature","properties":{"Precinct":"38","PCT_CEB":"610038","P0010001":"135","P0030001":115,"St_house":"017","St_senate":"07","Comm":"02","Uscong":"02","COUNTY_NAM":"PITTSBURG","CO_FIPS":"121","GeoID":"61121610038020701702","precinct_num":38},"geometry":{"type":"Polygon","coordinates":[[[-95.6894813593344,34.6040641288906],[-95.6894373590968,34.6041261290653],[-95.6894203592128,34.6041991288487],[-95.6894203592337,34.6045001283959],[-95.6894203592373,34.6045531290512],[-95.6894303588227,34.6048561286905],[-95.6894183592061,34.6054431288897],[-95.6894233594997,34.6063341287741],[-95.6894283588835,34.6070761289544],[-95.6894853589125,34.6082851291707],[-95.6959873609578,34.6082371293387],[-95.6980603617615,34.6082201293528],[-95.7067333637591,34.6081581287699],[-95.7067553644202,34.6159601302737],[-95.7069103644492,34.6164751298293],[-95.7069953640519,34.6187481307441],[-95.7071713642958,34.6212891305731],[-95.7068763652877,34.6253731317184],[-95.7068493649543,34.6256541321395],[-95.7067863652549,34.6332141332341],[-95.706778366033,34.6368151335864],[-95.7067693658179,34.6397311345988],[-95.7067333667687,34.6515661366726],[-95.6979993646394,34.6516211369353],[-95.6979863646953,34.661103138882],[-95.6981063665459,34.6852781430175],[-95.6979543668026,34.6868711439353],[-95.6979253689102,34.710596147925],[-95.6978703690452,34.7233011498079],[-95.6976023692044,34.7232581505277],[-95.697377369559,34.7232121502073],[-95.6972223695619,34.7231591504588],[-95.6969403690629,34.7229871506025],[-95.6960043687866,34.722447149927],[-95.6955213688546,34.7222121498614],[-95.6952093687665,34.7220891504766],[-95.6948753685577,34.7219681502862],[-95.6944483685324,34.7218451500076],[-95.6934043677569,34.7214841504302],[-95.6928053678425,34.7212641501653],[-95.6919243674382,34.7210021497679],[-95.6915643678215,34.7208701499687],[-95.691147367354,34.7206501496952],[-95.6906553669906,34.7202141502163],[-95.6903693671982,34.719939150088],[-95.6903053669227,34.7198601500307],[-95.6898573667905,34.7192721498074],[-95.6894253664952,34.7186011493378],[-95.6888883667282,34.717953149938],[-95.688498366599,34.717527150018],[-95.6880963668193,34.7171961500003],[-95.6879843661166,34.7171171499453],[-95.6878883661585,34.7170771498965],[-95.6877943662947,34.7170601500132],[-95.6876283666899,34.7170511496044],[-95.6875063664287,34.7170581499344],[-95.6848503655669,34.7170541498755],[-95.6823943649871,34.7170571501313],[-95.6821653651593,34.7170571501422],[-95.6798343640788,34.7170281498097],[-95.6777483635701,34.717028149909],[-95.6770223631777,34.7170321501288],[-95.6720363621831,34.7170301502734],[-95.6637923602885,34.717028150573],[-95.663072360173,34.7170131508121],[-95.6623683599004,34.717000151143],[-95.6604963594235,34.7170071506568],[-95.6577873587991,34.7169671507323],[-95.6569123586914,34.7169691508666],[-95.6571613585297,34.7167171508784],[-95.6570503587687,34.7165811508821],[-95.6570513578953,34.716288150806],[-95.6571903580271,34.7160161507963],[-95.6566093580622,34.7159991509362],[-95.6567203578075,34.7159091512606],[-95.6567763585774,34.7155021504003],[-95.656665357917,34.7153661504041],[-95.6564723579666,34.7154611512144],[-95.656278357981,34.7157151503933],[-95.6561963577918,34.7159471512462],[-95.6560853580532,34.7161331508701],[-95.6558363582006,34.7161811513057],[-95.6556983580884,34.7160691506233],[-95.6550883577015,34.7163891510791],[-95.6542563578051,34.7166181509294],[-95.6538403574183,34.7168921510449],[-95.6537303577259,34.7170751514291],[-95.6534253570908,34.7173501515856],[-95.6529813571995,34.7175561512519],[-95.6524823574747,34.7180361510165],[-95.6517893568248,34.7181961512629],[-95.6514283572061,34.7187001512328],[-95.650902357095,34.7187001512579],[-95.6506523571846,34.7185851513412],[-95.6503203570626,34.7183791517118],[-95.6496263563711,34.7186081515556],[-95.6493493561336,34.7188601515451],[-95.649155356151,34.7191571518156],[-95.6489893565596,34.7193401522024],[-95.6488783568271,34.7196151514504],[-95.6488503564424,34.7198211519963],[-95.6486833568189,34.7202101520284],[-95.6481563567109,34.7209191525045],[-95.6476303566126,34.7211021520092],[-95.6472143562051,34.7210791518634],[-95.6468813560463,34.7210111523281],[-95.646077355656,34.7213311527932],[-95.6455233560514,34.7214221525362],[-95.6452733552689,34.72169715269],[-95.6453013556793,34.7218571529021],[-95.6454673552978,34.7220631525395],[-95.6457443555705,34.7223151525027],[-95.645966355981,34.7224291523743],[-95.6460773557471,34.7226361529599],[-95.64604935626,34.7228191524409],[-95.6457443556232,34.7230701523855],[-95.6453283561263,34.7232081524994],[-95.6442193550626,34.723253152837],[-95.6427503553306,34.7238711527419],[-95.6423343549534,34.7242821529052],[-95.6406423547469,34.7245341529621],[-95.6405593544935,34.7245111528004],[-95.6396173539574,34.7242361536027],[-95.6393673540358,34.7239611534726],[-95.6390903537855,34.7240301530832],[-95.6386193544423,34.7242581528701],[-95.638369353639,34.7242351536157],[-95.6380923542831,34.7242351536288],[-95.6378983542926,34.7244181531177],[-95.637731353741,34.7243951529601],[-95.6374263539558,34.7239601535186],[-95.6371493537054,34.7240291531292],[-95.6370653534328,34.7243951529918],[-95.6371483536989,34.7246011535324],[-95.6371763541237,34.7249671533897],[-95.6372593534809,34.7250361538825],[-95.6370603541609,34.7252641536565],[-95.6368983538557,34.7254481531902],[-95.6365933541087,34.7255621539862],[-95.636205353201,34.7255391538391],[-95.6360113531865,34.7253791536349],[-95.6354013536942,34.7256311536403],[-95.635179353306,34.7258361532498],[-95.6350413532032,34.725859153422],[-95.6347363534322,34.7256301536257],[-95.6336833531652,34.7256531538413],[-95.6334333532692,34.7257441535699],[-95.6334603527562,34.7262251542552],[-95.6337653534377,34.7266141542648],[-95.6336543527995,34.7267971537498],[-95.633072352791,34.726820153943],[-95.6327673530488,34.7270031543366],[-95.6324343528931,34.7269801541868],[-95.6316863523331,34.7263161540562],[-95.630771352172,34.7263611543846],[-95.6302173516745,34.7265441538907],[-95.6299123519291,34.726681153953],[-95.6295793518085,34.7271621546553],[-95.629356352342,34.7283521540048],[-95.6291903518512,34.7285351543917],[-95.6288853521026,34.7286261541229],[-95.62819235144,34.7286031548896],[-95.6280813516931,34.7286721544924],[-95.6275823519428,34.7287861543983],[-95.6273323511571,34.729015154221],[-95.6266663517673,34.7292891543484],[-95.6261673511224,34.7294721547511],[-95.626029351026,34.7295871546862],[-95.6259453516463,34.7298611547858],[-95.6252663507343,34.7298481551156],[-95.6243173508085,34.7300861553882],[-95.6239013504026,34.730086155408],[-95.6234293509828,34.7298811549322],[-95.6230413500799,34.7299271552819],[-95.6229033508844,34.7300641553363],[-95.6224873504833,34.7301331549535],[-95.6220433505808,34.7301791553057],[-95.6217663503384,34.7303621547986],[-95.62162835025,34.7305911555153],[-95.6211843503426,34.7305681553708],[-95.621073349671,34.7302711551148],[-95.6208513501485,34.7299961549834],[-95.6205743498806,34.7298131555169],[-95.6201583494779,34.7298591549686],[-95.6197423499538,34.7296081550583],[-95.6192983491232,34.7292421552208],[-95.6189653489595,34.7291051551888],[-95.6185493494624,34.7292421552564],[-95.6184113493677,34.7293801553571],[-95.6184663492475,34.7297691553787],[-95.6187443495825,34.7302491551064],[-95.6186333489396,34.7303641550402],[-95.6182733493464,34.7305701556019],[-95.6183293492869,34.7311651552687],[-95.6183843491427,34.7312111555973],[-95.6183573497069,34.7314631555749],[-95.6182743494598,34.73153115513],[-95.6181073489084,34.7315091559179],[-95.6177753487895,34.7313491557204],[-95.6176913493842,34.7312571559613],[-95.6176913493362,34.7305701556296],[-95.6176353494309,34.7304791550163],[-95.6172203490778,34.7305711556983],[-95.6168873489364,34.7307541551938],[-95.6166933489314,34.7307311550375],[-95.6164713485226,34.7306401553314],[-95.6164153486171,34.730548155571],[-95.6162773485079,34.7304791550809],[-95.615778348756,34.7305711557669],[-95.6154733481001,34.7305491556622],[-95.6153343488423,34.7304571559058],[-95.6153063484351,34.7303431551256],[-95.6149743483289,34.7303661553069],[-95.6149463488451,34.7305951551191],[-95.6146693485947,34.7306631555827],[-95.6145583479502,34.7307551553509],[-95.6140313477991,34.7308471560383],[-95.6137823479511,34.7309611559324],[-95.6131443480436,34.7309851552753],[-95.6130343483479,34.7311221553283],[-95.6130893482085,34.7312361561074],[-95.6133393481173,34.7313281558584],[-95.6133393481316,34.7315341555037],[-95.6131173477403,34.7316941557277],[-95.6128683478843,34.7316941557395],[-95.6125623480622,34.7313971554928],[-95.6119523476545,34.7314201556874],[-95.6118423479541,34.7314891561893],[-95.6113153477966,34.7314891562144],[-95.61123234754,34.7314201557217],[-95.6107603472319,34.7313751554593],[-95.6102063476065,34.7311691558404],[-95.6096243467034,34.731261155631],[-95.6092913465621,34.7314441560258],[-95.6092363467335,34.7317881557679],[-95.6092913465957,34.7319261558594],[-95.6091533474018,34.7320861560793],[-95.6086823471577,34.732292155747],[-95.6086823471704,34.732475156126],[-95.6088483467843,34.7326131562122],[-95.6087933469444,34.7327961565939],[-95.6086823471992,34.7328871563158],[-95.6083493470419,34.7328421560468],[-95.6083213466219,34.7325441566399],[-95.6080993471075,34.7323841564371],[-95.607795346522,34.7327051560253],[-95.6071293462169,34.7327511563882],[-95.6066583468593,34.7327741565762],[-95.6064643459645,34.7328881564676],[-95.6060763459914,34.7333691562733],[-95.6059653462573,34.7336211562549],[-95.6059103464079,34.7336671565888],[-95.6052723464955,34.7336211562879],[-95.604966345766,34.7332091561127],[-95.6047163458606,34.7331641567391],[-95.6042453456148,34.7333471562411],[-95.6041343458712,34.733462156175],[-95.6041623453885,34.7337131570031],[-95.6043843458039,34.7338961564722],[-95.6043843458103,34.7339881562351],[-95.6045523464226,34.7342171569373],[-95.6042733460827,34.7343311568329],[-95.6040793460777,34.7343091567228],[-95.6036363453062,34.7341261563649],[-95.6034973460611,34.7342171569875],[-95.6033313455719,34.7344231566406],[-95.6029433455748,34.7345611567532],[-95.6028323458359,34.7347441571375],[-95.6028043454671,34.7351791565949],[-95.602610345475,34.7353391568175],[-95.6024723453673,34.7352931573923],[-95.6021393452117,34.7352711572888],[-95.6019733456202,34.7354541567764],[-95.6019453452466,34.7358201575357],[-95.601668345025,34.7363011573361],[-95.6015023454271,34.7363921570607],[-95.6013363449252,34.7364151572341],[-95.6010863450116,34.7362551570326],[-95.6008643454908,34.7360041571131],[-95.6005873452372,34.7360271572919],[-95.6000883446067,34.7364161573398],[-95.5998113452493,34.7363931571874],[-95.5996723450841,34.7361871575488],[-95.5994783450663,34.7359811570134],[-95.5992843450661,34.7360271573539],[-95.5990623446812,34.7362791573408],[-95.5989793444438,34.73648515699],[-95.5988683447033,34.7366451572087],[-95.59856334495,34.7366681573888],[-95.598314344185,34.7365311573528],[-95.5978703442873,34.7366461573025],[-95.5977313441525,34.7368751571199],[-95.5976493439774,34.7373091574329],[-95.5974273444838,34.7374471575376],[-95.5967343438435,34.7377451578781],[-95.5964563444381,34.7376991575602],[-95.5959853441635,34.7374701577718],[-95.5954033441581,34.7375391573969],[-95.5951263439157,34.737722157789],[-95.5949593433787,34.7379061582223],[-95.594663344042,34.7379211580315],[-95.5940113433534,34.7360561571488],[-95.5939233437524,34.7358161577322],[-95.5938023435137,34.7354831576085],[-95.5937113428792,34.735315157029],[-95.5935573429186,34.7351211570474],[-95.5934193428047,34.7349851570524],[-95.5931893429168,34.7347881569355],[-95.5930593431772,34.7347001573639],[-95.5928013428936,34.7345531577646],[-95.5925713430116,34.7344421571329],[-95.5921943426074,34.7343251571297],[-95.5919843427574,34.7342681571985],[-95.5918253425757,34.734229157199],[-95.5913403425551,34.7340551572598],[-95.5910853424105,34.7339081576604],[-95.5908923424431,34.7337591570662],[-95.5907973425274,34.7336621570762],[-95.5907043427025,34.7335371575884],[-95.5905813423811,34.7333471568911],[-95.5904903426442,34.7331541569528],[-95.5904533418155,34.7329801569923],[-95.5904233422081,34.7327681570706],[-95.5904373419432,34.7325561571469],[-95.590498342058,34.7323251572405],[-95.5905663425042,34.7321911573284],[-95.5907443426498,34.7319751572117],[-95.5926923429372,34.7302911564916],[-95.5933933430285,34.7296961567888],[-95.5938473424817,34.7294521562618],[-95.594607342628,34.7290991560696],[-95.5958743428897,34.7285461564858],[-95.5965153438149,34.7282241559359],[-95.5967163432328,34.7280701559907],[-95.5968553433743,34.7279371561215],[-95.5969483431821,34.7278161559107],[-95.5970423439331,34.7276611559243],[-95.5971433432025,34.7273961562405],[-95.5971833432414,34.7271461554554],[-95.5971813431347,34.7269461560881],[-95.59716534328,34.7267741553199],[-95.5970293432393,34.7263571558043],[-95.5968663437494,34.726001155517],[-95.5967683436841,34.7257551558231],[-95.596731343755,34.7255831550558],[-95.5967073435255,34.725357155385],[-95.5966673434358,34.7248781556923],[-95.5966593430265,34.7243301555013],[-95.596575343578,34.723617154869],[-95.5965273431355,34.7234001547167],[-95.5964503431499,34.7232261547581],[-95.5961963430347,34.722834154607],[-95.5958323432178,34.7224931550238],[-95.5957573424316,34.7224061545966],[-95.5956783432559,34.7222811551081],[-95.5956183431628,34.722158154812],[-95.5955533428338,34.7219761544824],[-95.5952793426395,34.7208541547075],[-95.5951973424034,34.7204141550238],[-95.5951583423757,34.7201591549103],[-95.5951163422184,34.7200411548449],[-95.5950593422641,34.7199131543171],[-95.5949973420817,34.7198391544911],[-95.5946673420498,34.7195981541404],[-95.5942523425781,34.7194331546145],[-95.5936253422658,34.7192341544238],[-95.5930713417412,34.7190291548512],[-95.5929373418176,34.7189621544534],[-95.592777341585,34.7188571540962],[-95.592658341455,34.7187511545899],[-95.5925673417243,34.7186471542756],[-95.5924723418061,34.7185141544175],[-95.5924093415757,34.718417154426],[-95.5923483414344,34.7182681547248],[-95.5920843417023,34.7171231538845],[-95.5920283417838,34.716843154413],[-95.5920333411067,34.7167051543186],[-95.5920513419325,34.716576153741],[-95.5921013415386,34.7163651538619],[-95.5922423417604,34.716054153845],[-95.5926253414969,34.7155031534965],[-95.5934813415391,34.7142971533759],[-95.5936713413362,34.7139991530593],[-95.5937663421287,34.7137721533365],[-95.5938073413228,34.713639153472],[-95.5938363417528,34.7134161530382],[-95.5938233420338,34.7131951535984],[-95.5937603417941,34.712964153698],[-95.5937053419287,34.7127811533215],[-95.5936353413479,34.7123141532865],[-95.5936303420041,34.7121521529807],[-95.5936823416953,34.7118321534507],[-95.5937233417865,34.7116661529575],[-95.5937763415342,34.7114921529927],[-95.593887341271,34.711279153018],[-95.5940313416381,34.7110571526251],[-95.5941793412937,34.7108671528144],[-95.5943593415319,34.7106471525123],[-95.5945093412842,34.7105141526425],[-95.5947523417481,34.7103251528735],[-95.5950043417291,34.7101221524558],[-95.5952213418864,34.7099311525954],[-95.5955173420979,34.7095651527227],[-95.5958933424097,34.7090211526986],[-95.5963773423251,34.7083511522315],[-95.5969953421434,34.7074511519009],[-95.5971893421285,34.7071881523053],[-95.5972543424386,34.7070991517788],[-95.5975193421142,34.7067681517294],[-95.597753342154,34.7064821519663],[-95.5978833418792,34.7063641518926],[-95.5979793427252,34.7062391514965],[-95.5980973418904,34.7060721518527],[-95.5981733427065,34.7059231521449],[-95.5981963419672,34.7058191518253],[-95.5981923426714,34.705680151685],[-95.5981593420322,34.7055641517117],[-95.5980953426537,34.7054511518788],[-95.5980083422081,34.7053301516765],[-95.5979033418281,34.7052261513629],[-95.5977393423081,34.7051041520173],[-95.5975773419798,34.7049561514679],[-95.5974143425069,34.7048451517323],[-95.5970983422334,34.7047241515409],[-95.596764342023,34.7045821512774],[-95.5962553417822,34.7043141514837],[-95.596144342025,34.7042341513822],[-95.5960573415833,34.7041711511674],[-95.5958693418473,34.7040151511481],[-95.5957953420071,34.7039321518053],[-95.5955823411022,34.7036381516931],[-95.5955213418581,34.7034581514558],[-95.5954073410347,34.7029801518128],[-95.5953923412282,34.7028331513027],[-95.5954243417968,34.7026031514441],[-95.5954013416144,34.7023851512443],[-95.5953533411728,34.7021801516475],[-95.5952803413731,34.7020131511135],[-95.5950763408846,34.7017061512982],[-95.5949483412276,34.7014711512156],[-95.5948993407431,34.701316151236],[-95.5947153411661,34.7007791506633],[-95.5946363410762,34.7004391511128],[-95.5945993411402,34.7001701512504],[-95.5945843413283,34.6999451507261],[-95.594649340697,34.6992511509663],[-95.5946523408273,34.699124150482],[-95.5946363409765,34.6990071504616],[-95.5946023411748,34.6986681509553],[-95.5945803410303,34.6983291505491],[-95.5944263410245,34.6974851501499],[-95.5943543403635,34.6971981503551],[-95.5942233405259,34.6963661505104],[-95.5941233403253,34.6955071503136],[-95.5940983409562,34.6953871501547],[-95.5940743407301,34.695208149962],[-95.5940253402456,34.6950531499824],[-95.5939553405863,34.6949031502352],[-95.5938783406046,34.6947861502177],[-95.5938083400515,34.694716149678],[-95.5937053406629,34.6946011497543],[-95.5935753400215,34.6944761502683],[-95.5934303404836,34.6943581502076],[-95.5932753404827,34.6942511497575],[-95.5930473397914,34.6941011500179],[-95.5926813398944,34.6939401497755],[-95.5924853397937,34.6938741494269],[-95.5923033403448,34.6938461499379],[-95.5920213398529,34.6937761494082],[-95.5918213395689,34.6937421496421],[-95.591605339441,34.6936901499427],[-95.5914233399919,34.6936591494154],[-95.5912093399572,34.69361415004],[-95.5909853394592,34.6935751500436],[-95.5908223399913,34.6935341499517],[-95.5906743394201,34.6934911497664],[-95.5905743392783,34.693476149976],[-95.5904603393858,34.6934501496769],[-95.5903023392512,34.6934211501404],[-95.5901483393035,34.6934121497309],[-95.5893203395763,34.6934101496776],[-95.5883783390613,34.6934411502583],[-95.5877163389407,34.6934721499265],[-95.5874443389165,34.693460150283],[-95.5873023386265,34.6934591502435],[-95.5871603383348,34.6934321498994],[-95.5869753387449,34.6933771500597],[-95.5867743384107,34.6932881495458],[-95.5848333382669,34.6923761496803],[-95.5839223373603,34.6919671496725],[-95.5833293377198,34.6916851501338],[-95.583052337454,34.6915331494046],[-95.5828733372387,34.6914141501987],[-95.5825353368341,34.6911481495901],[-95.5823623368939,34.6909851501452],[-95.5822633367903,34.6908531494342],[-95.5821803374268,34.6906951493173],[-95.5821223374229,34.6905191492652],[-95.5820723368902,34.6903381498805],[-95.5820543369447,34.6901921494167],[-95.5820873366686,34.6900811496717],[-95.5821573372077,34.6899491498521],[-95.5824953375604,34.689470149242],[-95.5826423371701,34.689286149709],[-95.5827303367476,34.6891891497103],[-95.5828503368971,34.6889091493311],[-95.5828523369776,34.6887321492298],[-95.5828663376107,34.6885001492793],[-95.5828403372924,34.6883301495034],[-95.5824633368397,34.6875141495119],[-95.5820633371285,34.6868341486237],[-95.5817943363204,34.6864801493333],[-95.581665336619,34.6862741487948],[-95.5815963370065,34.6861291492791],[-95.5815543368393,34.6858691489343],[-95.5815563369248,34.6857661486619],[-95.5815773369827,34.68552614924],[-95.5816813363928,34.685283148776],[-95.582009336279,34.6847631489661],[-95.582085337099,34.6846711483001],[-95.5821583368749,34.6844951482418],[-95.58218533632,34.6843761481267],[-95.5822023370942,34.6841711485269],[-95.5821363367125,34.6838991485269],[-95.5819253367787,34.6833031479216],[-95.5816773360331,34.6827761487142],[-95.5815783368273,34.6826231479302],[-95.5813633367358,34.6824271478588],[-95.5810913366915,34.6821251482782],[-95.5805283357303,34.6816441485175],[-95.5802003357903,34.6813881483714],[-95.5800033356345,34.6811981476776],[-95.5798273355507,34.6809701479214],[-95.5797583359412,34.6808701477912],[-95.5797153357345,34.6807081483866],[-95.5796893354175,34.6805551475991],[-95.5796663361281,34.6802471477289],[-95.5796793357902,34.679650147966],[-95.5799713356193,34.6764501472803],[-95.579993335686,34.675670147138],[-95.5798683352388,34.675001146746],[-95.579768335065,34.6745271472875],[-95.5796073356485,34.6738911466265],[-95.579456334919,34.673571147106],[-95.5783753349933,34.6713081467012],[-95.5774943344745,34.6694001456363],[-95.5770773339621,34.6685341460295],[-95.5766643345297,34.6675991459258],[-95.5763803339136,34.6670761460059],[-95.5762263339498,34.6668351456467],[-95.5760973342544,34.6667151454927],[-95.5758433341562,34.6665661458006],[-95.5755723341695,34.6664251455803],[-95.5754613335154,34.6663791452544],[-95.5753583341318,34.6663371451133],[-95.5751103334207,34.6663061454884],[-95.5749683340305,34.6663111457267],[-95.5748603335189,34.6663151459169],[-95.5740913329314,34.6663251455171],[-95.5716723331673,34.6663271457243],[-95.5698053320221,34.666328145859],[-95.5683623316539,34.66633014602],[-95.5675043314343,34.6663201455976],[-95.5672683312785,34.6662731461306],[-95.5671163314175,34.6661771461896],[-95.5670943312954,34.6661591462566],[-95.5669533310441,34.6660471455743],[-95.5667963318445,34.6658631460557],[-95.566628331222,34.6654871457418],[-95.5665833309143,34.6652061453241],[-95.566561331661,34.6647481457033],[-95.5665233316181,34.6636051458439],[-95.5665313310192,34.6625881455208],[-95.5665293309124,34.6623851451151],[-95.5665173311562,34.6609581446957],[-95.5665313308617,34.6603181447404],[-95.5664963310168,34.6600231445734],[-95.5664893306882,34.6599661446325],[-95.5664443312908,34.6598421451887],[-95.5663693305003,34.6596931445888],[-95.5662123304024,34.6595241448653],[-95.5660803305717,34.6594581445137],[-95.5658033303036,34.6592721449082],[-95.5657033310592,34.6592291447207],[-95.5656243309916,34.6592111447903],[-95.5654463308293,34.6591891446794],[-95.5650653302474,34.6591821443734],[-95.5642853300461,34.6591511447736],[-95.5633573301773,34.659138145115],[-95.5624953297741,34.6591561450899],[-95.5619883296448,34.6591591452528],[-95.5611663292991,34.6591951451599],[-95.5606363290034,34.6592091449339],[-95.5606673295279,34.6590101447119],[-95.5604743295568,34.6588071452146],[-95.5604413289201,34.6587251450168],[-95.5604343294757,34.658450144875],[-95.5600093295181,34.6579661449688],[-95.5598093292247,34.6577961443018],[-95.5598363286725,34.6577141450005],[-95.5600423292213,34.6575541447773],[-95.5601023293004,34.6574771448066],[-95.5601223293226,34.6573901443748],[-95.5600683295098,34.6572961445217],[-95.5598233289404,34.6573021448112],[-95.5597833288825,34.6572801446938],[-95.5598493292346,34.657126144755],[-95.5598093291725,34.6570431445112],[-95.5597093290313,34.6570381442844],[-95.5595973292387,34.6571151442576],[-95.5595173291275,34.6571371443807],[-95.5594303286891,34.657120144497],[-95.5593773289269,34.6570871447702],[-95.5592643290727,34.6569451444962],[-95.5591113291651,34.6568461444163],[-95.5588323288168,34.6568401441517],[-95.5585933285111,34.6566371446566],[-95.5585193286732,34.6565871441437],[-95.5584333282816,34.6565761445378],[-95.5583603284935,34.6565761445413],[-95.5582873287078,34.656609144274],[-95.558233328905,34.656659144793],[-95.5581873285811,34.6568131447308],[-95.5580813281685,34.6569061445451],[-95.5579213288447,34.6569391442819],[-95.5576493288207,34.6569281446849],[-95.5575693287244,34.6571641448237],[-95.5574493285668,34.657329144375],[-95.5572563286193,34.6574661444321],[-95.5570503280667,34.6575711448067],[-95.5568313287064,34.6576261446656],[-95.5563653277799,34.6576201444099],[-95.556269327826,34.6576401444412],[-95.5559603278902,34.6577081449063],[-95.5555143279133,34.6580211450302],[-95.5552423279083,34.6582851446759],[-95.5549363281217,34.6584991447061],[-95.5544773275375,34.6587461453722],[-95.5539393277843,34.6589661447918],[-95.5538453279282,34.6590591455049],[-95.5537663278745,34.6592411449421],[-95.5537523272398,34.6594501456263],[-95.5537863279343,34.6596971453697],[-95.5537523272759,34.6599711454672],[-95.5536133280432,34.6602411453843],[-95.5534603272507,34.6603501450423],[-95.5532743276244,34.6604381455283],[-95.5528553270884,34.6605701453645],[-95.5524423277464,34.6609381453355],[-95.552210326887,34.6610371454336],[-95.5519973269026,34.661048145953],[-95.5517183274475,34.6609551452576],[-95.5514723268274,34.6609001454207],[-95.5512593268365,34.6608171460844],[-95.5511533273167,34.6608171460894],[-95.5509803273951,34.6609221455632],[-95.55075432682,34.6611081460919],[-95.5502153270197,34.6613171459017],[-95.5500163267844,34.6613171459111],[-95.5496833266142,34.6610861460233],[-95.5495443264623,34.6610701461884],[-95.5494343267582,34.6610861460351],[-95.5492443269422,34.6611141455419],[-95.5490453267107,34.6611691453998],[-95.548812326705,34.6612791460073],[-95.5481743259273,34.6617241459567],[-95.5480743266884,34.6617621459223],[-95.5474823262171,34.6618001459111],[-95.5470833257055,34.6618771458978],[-95.5468443263216,34.6619981461155],[-95.5466783258272,34.6621301459398],[-95.5464783255565,34.6622891461165],[-95.5462123258173,34.6623721463747],[-95.5461263254301,34.6624271462273],[-95.5458273259708,34.662679146218],[-95.5453283253344,34.6629871461129],[-95.5447563258001,34.663163146195],[-95.5444243256949,34.6632011461715],[-95.5442513257702,34.6632611462597],[-95.5440183257652,34.6633821464772],[-95.5438523252655,34.6634371463336],[-95.5435333248627,34.663459146468],[-95.5433203248768,34.6634481468681],[-95.5431013255092,34.6633991464084],[-95.5426493252091,34.6630631461613],[-95.5425953254017,34.6630471463224],[-95.5424493249264,34.6630471463293],[-95.5423033244535,34.663085146297],[-95.5415113246212,34.6634311461666],[-95.5412923243616,34.6634861469249],[-95.5407803249023,34.6635251469562],[-95.5406673241605,34.663552146413],[-95.5405673249232,34.6636131465441],[-95.5403683247046,34.6638541469201],[-95.5403483246837,34.6639591463866],[-95.5403683247172,34.6640361463535],[-95.5404943242708,34.6641181465469],[-95.5407133245392,34.6641891471259],[-95.5409133248289,34.6643051470913],[-95.5411063247989,34.6644921467471],[-95.5411993246303,34.66471114699],[-95.5411193245276,34.6648541473194],[-95.5410393244214,34.6649481471788],[-95.5407663243621,34.6650961468496],[-95.5404343242568,34.6651341468262],[-95.5401353247736,34.665041147031],[-95.5398693241162,34.6648541473786],[-95.5394433241157,34.6644201470895],[-95.5388053241732,34.6639421465719],[-95.5385533241571,34.6636401469903],[-95.5383733238838,34.6633541463474],[-95.5381873242396,34.663184146579],[-95.5381473241821,34.6631671466931],[-95.5379543233276,34.663194147053],[-95.5376093235289,34.6633761465028],[-95.5369173238305,34.6636231471799],[-95.5365583233745,34.6636891466554],[-95.5358803234134,34.6637551470454],[-95.5354743234776,34.663848146874],[-95.5352813235271,34.6639411466924],[-95.5350753229783,34.6641011469157],[-95.5348023229188,34.6642491474858],[-95.5344303227645,34.6643921469298],[-95.5342703225391,34.6643911468911],[-95.5340783226239,34.6643261474879],[-95.533852322923,34.6641501474436],[-95.5335863222599,34.6638801466463],[-95.5332673227446,34.6637321470035],[-95.5331273225466,34.6637211474002],[-95.5329543226224,34.6637871468669],[-95.5329143225717,34.6638691470682],[-95.5329813229995,34.6641381469292],[-95.5329413229718,34.6645511471675],[-95.5329673223823,34.6646001476363],[-95.532934322654,34.6646491472086],[-95.5329013229329,34.6648031471458],[-95.532748322147,34.6650061475588],[-95.5325083227164,34.6651221475451],[-95.5323753228457,34.6651491470029],[-95.5321623219611,34.665149147013],[-95.5318373221726,34.6650721470605],[-95.531445321967,34.6648801471826],[-95.531199322245,34.6648081474579],[-95.5304473215445,34.6647921476521],[-95.530374321755,34.6647701475362],[-95.5302483222002,34.664671147455],[-95.5299893218518,34.6642591472773],[-95.5298763220032,34.6641981471563],[-95.5298163219195,34.6642091476685],[-95.5297493215306,34.6645001476552],[-95.5297623221464,34.6646871473195],[-95.5297163218179,34.6647751477989],[-95.5296493214114,34.6648131477628],[-95.5295303212903,34.6648351469884],[-95.5294173214452,34.6648241473838],[-95.5293433216135,34.6648631473944],[-95.5291173219441,34.6651431477787],[-95.5287383214819,34.6655271475895],[-95.5279073216659,34.6662521479218],[-95.5276673213401,34.6664281479881],[-95.5274143213184,34.6667141477521],[-95.5272083216662,34.6668351479683],[-95.5268163214818,34.6669501479155],[-95.5266703210151,34.6670761483603],[-95.5266433215674,34.6671591477079],[-95.5266503210064,34.6673561478355],[-95.5266303209901,34.6675271476599],[-95.526470320796,34.6679771478183],[-95.5263963209833,34.6682901479247],[-95.5261833210434,34.6689441485376],[-95.525964320805,34.6693061482216],[-95.5253923212868,34.6697131482072],[-95.5250863206111,34.6700751487946],[-95.5247203207423,34.670322148557],[-95.5241153205987,34.6708111487435],[-95.5236423202671,34.6710971485179],[-95.5235033210244,34.6712231489624],[-95.5233433208192,34.6715141489536],[-95.5233303202377,34.6718221488255],[-95.5233563205605,34.6720581489593],[-95.5234693204388,34.6725471491118],[-95.5234023209431,34.6727501495208],[-95.5231303209365,34.6729921490472],[-95.5228503205498,34.6731021496568],[-95.5226183205866,34.6731571495164],[-95.5223653205474,34.6731901492576],[-95.5216673205543,34.6732001497537],[-95.5212013205325,34.6732721495121],[-95.5208353197548,34.6733811491803],[-95.5203373200439,34.6733981490916],[-95.5200643199703,34.673343149256],[-95.5196853194689,34.6731611498405],[-95.5195853193269,34.6731451491044],[-95.5195123195396,34.6731561496172],[-95.5192733192545,34.6732491494378],[-95.5189933197648,34.673326149419],[-95.5182683194273,34.6734581492697],[-95.5179033195965,34.6735841497249],[-95.5177363190484,34.6736111491842],[-95.5173713192092,34.6736171494793],[-95.5171113188373,34.673534149246],[-95.5169653192502,34.6733751499851],[-95.5169123185799,34.6732151497741],[-95.5169063191736,34.6728201494722],[-95.5168723193878,34.6727101497767],[-95.5167733192823,34.6725511496141],[-95.5166073187707,34.6724351496471],[-95.5163813190781,34.6723801498092],[-95.5162873192152,34.6723751495822],[-95.5159553191099,34.6724131495586],[-95.5158683186761,34.6724621491336],[-95.5155493182786,34.6725611492358],[-95.5153103188882,34.6725881495979],[-95.515144318383,34.6725661494865],[-95.5149043180405,34.6725001491399],[-95.5148023187061,34.6724991499978],[-95.5145363180462,34.6722751495317],[-95.5144863184229,34.6722401497122],[-95.5144863184163,34.6721451498102],[-95.5144853183642,34.6720611495183],[-95.5144883184665,34.6715301492144],[-95.5144883181199,34.6665331480776],[-95.5144923177175,34.6580521466083],[-95.5144983162046,34.6451751448484],[-95.5144993158226,34.6389861433794],[-95.5145013158093,34.6374521434008],[-95.5145003154795,34.6333541425188],[-95.5145033155803,34.6328011420954],[-95.5145043154869,34.6307791420051],[-95.5145053155249,34.6306581417986],[-95.5145043154721,34.630564141943],[-95.5145063153338,34.627224141083],[-95.5144883153512,34.6265401408905],[-95.5144833150541,34.6255961412498],[-95.5144823149983,34.6254601412482],[-95.5144823149939,34.6253961409829],[-95.5144823149909,34.6253531407906],[-95.5144813149273,34.625104140953],[-95.5144873151988,34.6250061409119],[-95.5144903153344,34.6249561403953],[-95.514492315424,34.6249101409634],[-95.5145073152023,34.6246491405694],[-95.5145093149206,34.6192301396778],[-95.514512314676,34.6136741387381],[-95.5145163133664,34.6050431366172],[-95.5145163132993,34.6040701365328],[-95.5145183130568,34.5992101363417],[-95.5145183127085,34.5941591354013],[-95.5297693166939,34.5941481341728],[-95.5494523220606,34.5940971335812],[-95.5499463224864,34.5940961335116],[-95.5665273261001,34.5941651323269],[-95.5669113268168,34.5941091324139],[-95.5670083268175,34.5940951326604],[-95.5671633268094,34.5940731325338],[-95.5683383264434,34.5941141325781],[-95.5683873269172,34.5941161326684],[-95.5684163264635,34.5941171327133],[-95.5697933273716,34.5941641321265],[-95.5700183270133,34.5941561326448],[-95.5703503271203,34.5941441320735],[-95.5703653278159,34.5941441320728],[-95.570385327844,34.5941431320256],[-95.5704863271316,34.5941391327349],[-95.5707193271443,34.5941301323072],[-95.5710183275196,34.5941191326832],[-95.5721333279663,34.5941301322405],[-95.5755233286952,34.5941641318561],[-95.5763693292565,34.5941581324377],[-95.5764813290545,34.5941571323861],[-95.5787163292781,34.5941461317714],[-95.5788753294569,34.5941451317176],[-95.5789153295132,34.5941451317157],[-95.5789823299224,34.5941451317125],[-95.5804843303282,34.5941381322168],[-95.5895023321401,34.594074131526],[-95.5896213322626,34.5940731314741],[-95.5896553320407,34.5940731314725],[-95.5896803323007,34.594072131425],[-95.5896943320506,34.5940721314243],[-95.5898353322941,34.5940711313714],[-95.5900003327511,34.5940701313173],[-95.601664335859,34.5939871305211],[-95.6059823364509,34.5939561306806],[-95.606228337067,34.5939541305764],[-95.6063803369212,34.5939531305229],[-95.6063923365784,34.5939531305223],[-95.6068783366329,34.5939501303605],[-95.6069673371629,34.59394913031],[-95.608320336954,34.593941130775],[-95.6088473371112,34.5939381306112],[-95.6093513371012,34.5939351304485],[-95.6095203377438,34.5939341303943],[-95.6095933375318,34.5939341303908],[-95.6106113379755,34.593928130065],[-95.6111273376226,34.593925130801],[-95.6114893382222,34.5939231306914],[-95.6118223383761,34.593921130583],[-95.6118393382651,34.5939211305822],[-95.6118593382933,34.5939211305813],[-95.6118763381824,34.5939211305805],[-95.6118873377931,34.59392113058],[-95.6119603384804,34.5939201305302],[-95.6252693414305,34.5938381297025],[-95.6255173412405,34.5938431299223],[-95.6258753416551,34.5938511293764],[-95.6449833464343,34.5938471291881],[-95.6449963470371,34.5938471291875],[-95.6450233464906,34.5938471291863],[-95.6450773462968,34.5938471291837],[-95.6451853468086,34.5938471291786],[-95.6454013469329,34.5938471291684],[-95.6458443467921,34.5938471291475],[-95.6467843472162,34.5938471291031],[-95.6547023492806,34.5938461286828],[-95.6628093511167,34.5938521276783],[-95.662824350913,34.5938521276776],[-95.6628533513585,34.5938521276762],[-95.6629093512576,34.5938521276736],[-95.6630093513983,34.5938521276688],[-95.6631743509561,34.593852127661],[-95.6634113511549,34.5938521276498],[-95.6636883514099,34.5938521276367],[-95.6639473517296,34.5938521276245],[-95.67088635336,34.5938571275281],[-95.6717583533205,34.5937401274657],[-95.6718173533585,34.5937381273703],[-95.675260354741,34.593707127571],[-95.6783933552413,34.5937311276348],[-95.6895463580367,34.5937281269688],[-95.6894933583278,34.5944651269204],[-95.6890683588453,34.6008481283966],[-95.6891043588316,34.602519128421],[-95.689105358985,34.6040661290009],[-95.6894813593344,34.6040641288906]]]}},{"type":"Feature","properties":{"Precinct":"39","PCT_CEB":"610039","P0010001":"482","P0030001":389,"St_house":"018","St_senate":"07","Comm":"02","Uscong":"02","COUNTY_NAM":"PITTSBURG","CO_FIPS":"121","GeoID":"61121610039020701802","precinct_num":39},"geometry":{"type":"Polygon","coordinates":[[[-95.929657426407,34.6805501316296],[-95.9298724264848,34.680552131712],[-95.9299694264864,34.6805521317074],[-95.9301844265641,34.6805521316971],[-95.9302754262874,34.6805521316928],[-95.9345394279705,34.6805531315358],[-95.9346394272094,34.6805181308099],[-95.9348994275712,34.6804611308564],[-95.9350184276921,34.6804381306852],[-95.9353634275028,34.6804351314292],[-95.9375154283767,34.6804951305073],[-95.9380784284063,34.6805231308775],[-95.9383504284286,34.6805121312546],[-95.9384044282348,34.6805141313446],[-95.93845842894,34.6805081310642],[-95.9394184284894,34.6804701310577],[-95.943144429506,34.6804811304901],[-95.9437844295072,34.6804821305059],[-95.9459834307602,34.6805191303155],[-95.9460374305665,34.6805201303592],[-95.9461584307818,34.6805211303997],[-95.9462224301526,34.6805241305356],[-95.9467294302828,34.6805451305844],[-95.9468914306012,34.6805521309008],[-95.947101430447,34.6805521308908],[-95.9474144305726,34.6805511308295],[-95.9474754307034,34.6805521308729],[-95.947911431137,34.6805521308521],[-95.9483584311813,34.6805521308308],[-95.9484484308583,34.6805521308265],[-95.9485214315456,34.6805511307767],[-95.9486344313898,34.6805511307713],[-95.9495674314884,34.6805511307268],[-95.9496704317682,34.6805511307219],[-95.949751431028,34.6805541299577],[-95.9517664318409,34.6805711306487],[-95.9577814337824,34.6805501302889],[-95.9583584335599,34.6805491302152],[-95.9589554342635,34.6805281301137],[-95.9622974345604,34.6805491300273],[-95.9655004356044,34.6805481298283],[-95.9657774358595,34.6805521300003],[-95.9666964362091,34.6805641296127],[-95.9684364359583,34.6805521298735],[-95.9686894359992,34.6805471296299],[-95.9731384372669,34.6805401290937],[-95.9766084381023,34.6805441291133],[-95.9792564394907,34.6805611288748],[-95.979674439089,34.6805531293838],[-95.981323440014,34.680539128657],[-95.9815324398137,34.6805421287859],[-95.9850444407985,34.6805541282746],[-95.9888644416746,34.6805311288262],[-95.9893614413396,34.6805321288488],[-95.9918384419921,34.6805401282017],[-95.9941554433188,34.6805471284153],[-95.9988604438661,34.6805261281179],[-96.0012064447379,34.6805181276356],[-96.0012514450261,34.6805191276797],[-96.0014274450939,34.6805201277176],[-96.0016624451997,34.6805211277527],[-96.001834445082,34.6805211277445],[-96.002132444512,34.6805211277302],[-96.0027004447714,34.6805211277032],[-96.0034634450804,34.6805201276205],[-96.0044674457685,34.6804501279289],[-96.0076944461265,34.6804511278212],[-96.0078464459806,34.680451127814],[-96.0094294465445,34.6804601272558],[-96.0114184470492,34.6804581270683],[-96.014313448199,34.6804561268376],[-96.0159914486716,34.6804651271742],[-96.0164284482534,34.6804831270874],[-96.0170594487378,34.6805031270839],[-96.0183344494071,34.6805011269305],[-96.0186694496536,34.6805011269145],[-96.0198084494122,34.6804991267675],[-96.0209284500883,34.6804981266678],[-96.0240234506198,34.6804931271879],[-96.0250014510064,34.6804941271876],[-96.0254094510407,34.6804921270755],[-96.0256094513221,34.6804931271122],[-96.0275904514555,34.6804881267862],[-96.0285544520921,34.6804871266939],[-96.0312504521067,34.6804761260559],[-96.0326084530286,34.6804861264541],[-96.0330094527383,34.6804861264349],[-96.0332264529088,34.6804881265172],[-96.0337474527866,34.680477125983],[-96.034629453218,34.6804781259873],[-96.0346484531997,34.6804781259863],[-96.0349934530106,34.6804781259699],[-96.0355294535847,34.6804771258979],[-96.0363314539034,34.6804761258134],[-96.036361453496,34.6804761258119],[-96.0366934536032,34.6804751266491],[-96.0370844537484,34.6804741265842],[-96.0375004541537,34.680473126518],[-96.0379184537524,34.680473126498],[-96.0383024544724,34.6804721264335],[-96.0387294544884,34.6804711263668],[-96.0391194545874,34.6804711263482],[-96.039368454443,34.6804701262899],[-96.0394174549166,34.6804701262876],[-96.0395904548452,34.6804701262793],[-96.0396344541876,34.6804701262772],[-96.0400404550285,34.6804691262116],[-96.040061455103,34.6804691262106],[-96.0400944548346,34.680469126209],[-96.0405004547762,34.6804681261433],[-96.0407634552811,34.6804681261308],[-96.0408204552263,34.680468126128],[-96.0412034550006,34.6804671260634],[-96.0415954551922,34.6804661259984],[-96.0418654551224,34.6804661259856],[-96.0419944548093,34.6804661259794],[-96.0421494548024,34.6804651259257],[-96.0423074549347,34.6804651259182],[-96.0426454553201,34.6804641258557],[-96.0429514551211,34.6804641258411],[-96.0430584555864,34.680464125836],[-96.0431884553192,34.6804591255983],[-96.0439244552755,34.6804611256557],[-96.0441594553812,34.6804601255982],[-96.045946456411,34.6804591254667],[-96.0468684568984,34.68045712533],[-96.0499634574296,34.6804521258501],[-96.0532944581129,34.6804461254133],[-96.0557504586895,34.6804421251108],[-96.056757458622,34.6804401249701],[-96.0571324589243,34.6804361256664],[-96.057313459224,34.6804361256577],[-96.0597644595689,34.6804351254944],[-96.0627744606549,34.6804291250729],[-96.0660354616893,34.6804241246856],[-96.0664704611769,34.6804231246186],[-96.0669504618516,34.6804171243178],[-96.0671134613167,34.680420124449],[-96.0674744618701,34.6804301248947],[-96.0687764619923,34.6804221244621],[-96.06928646226,34.6804211243915],[-96.0714964631197,34.6804141248611],[-96.0763094641785,34.6804061242609],[-96.0781024645869,34.6804031240363],[-96.0785094645745,34.6803991238317],[-96.0788934643951,34.6803981237671],[-96.0850804662172,34.6803901240005],[-96.0885244667442,34.6803841235582],[-96.0897744671591,34.6804651236514],[-96.090034467526,34.6804811234805],[-96.0916164680485,34.6805691238819],[-96.0916974682069,34.6805621235539],[-96.0920504683887,34.6805621235371],[-96.0920814680524,34.6809171237839],[-96.0920794680309,34.6819341241051],[-96.0920974680084,34.6825361240972],[-96.0921454684871,34.6832711239503],[-96.0921464686047,34.6842881242714],[-96.0921674687839,34.6857831242393],[-96.092180468499,34.6859481246834],[-96.0921954683081,34.6861311241622],[-96.0922204685896,34.6864381248849],[-96.0922104681733,34.6871161247997],[-96.0922354685408,34.6886511248207],[-96.092237468641,34.6887561251854],[-96.0922874693791,34.6918701254659],[-96.09229046863,34.6920291256327],[-96.0922924687314,34.6921521259314],[-96.0922924687324,34.6921661256803],[-96.0922934687827,34.692222125575],[-96.0923464697234,34.6962391262944],[-96.0923594697764,34.701224127766],[-96.0923814704636,34.7092991284086],[-96.0923714700893,34.7105731289377],[-96.0923704700517,34.7106981293291],[-96.0923704700556,34.7107531291776],[-96.0923684699786,34.7109791288493],[-96.0923674699383,34.7110651292338],[-96.0923624706495,34.7116871292535],[-96.0923384706406,34.714605129456],[-96.0922864713515,34.7206471313047],[-96.0922794710859,34.721488130672],[-96.0922774710055,34.7216641307268],[-96.0922764709715,34.7218401307815],[-96.0922744708943,34.7220621311674],[-96.0922744708953,34.7220761309162],[-96.0922734708524,34.7221251313863],[-96.0922694706937,34.7225061310398],[-96.0922694706949,34.7225241309739],[-96.0922644714001,34.7230601315085],[-96.0922604712485,34.7235431313879],[-96.0922594712071,34.7236131310316],[-96.0921774716863,34.7333541332689],[-96.0921484723766,34.7367171342892],[-96.0921164720542,34.740445134222],[-96.0921154720169,34.7405741347987],[-96.0921044724979,34.741878134918],[-96.0920954721526,34.7429021346641],[-96.0920954721533,34.7429131351734],[-96.0920954721555,34.74294413481],[-96.0920944721114,34.7429771354386],[-96.0920944721126,34.74299313528],[-96.092088472783,34.7436931353137],[-96.0920664728417,34.7462451356576],[-96.0920414728512,34.7500751367151],[-96.0920844732471,34.7529231372704],[-96.0921114736131,34.75311113698],[-96.0920854733475,34.7536891367621],[-96.0920834732845,34.7541121374607],[-96.0920824732463,34.7542281374354],[-96.0920794731425,34.7547301372951],[-96.0920884735908,34.7551691369353],[-96.0920784731693,34.7557691377352],[-96.0920824734089,34.7565371373195],[-96.0920744730687,34.7569751378135],[-96.0920754731421,34.7573571375131],[-96.0920764732153,34.7577381380656],[-96.0920674737303,34.7582081382427],[-96.0920744731804,34.7585601374523],[-96.0920714739646,34.7589001379054],[-96.0920764733638,34.7598461385362],[-96.0920674738774,34.7602961377872],[-96.0920524741178,34.7608171385271],[-96.0920494741213,34.7628401386596],[-96.0920484741135,34.7633881388502],[-96.0920564736356,34.7641021386321],[-96.0920304742757,34.7647721390764],[-96.0920194739357,34.7671861393255],[-96.0920104744221,34.7672481394984],[-96.0920094743869,34.7674071396654],[-96.0920084743461,34.7674851396795],[-96.0920134745907,34.7676671391123],[-96.0920634744971,34.7717181405054],[-96.0920444747314,34.7747821411712],[-96.0921254749244,34.7752661410927],[-96.0921404747272,34.7753581408549],[-96.092139474695,34.7755591411677],[-96.0921394746992,34.7756181412013],[-96.0921394747021,34.7756601413472],[-96.092138474669,34.7758471410119],[-96.092128475251,34.7779231417998],[-96.0921254751373,34.7782831413803],[-96.0921254751402,34.7783241414799],[-96.0921254751419,34.778349141738],[-96.092124475099,34.7783981413087],[-96.0921424751113,34.7794881414111],[-96.092142475112,34.7794981418741],[-96.0921434751609,34.7795331416958],[-96.0921844754388,34.7820171424853],[-96.0921884758616,34.7853791425577],[-96.0921914751041,34.7854161424719],[-96.0921924751514,34.78543014312],[-96.0922174754116,34.7854331423584],[-96.0920704759039,34.7870551428177],[-96.0920774753335,34.7871161429437],[-96.0920494762197,34.7925811441556],[-96.0920244761741,34.7956161443781],[-96.091920475912,34.7965221449606],[-96.0919204767457,34.8083161469135],[-96.0919204769427,34.8111011472513],[-96.091920476949,34.8111891477282],[-96.0918804769069,34.8113901471436],[-96.0918764776224,34.8114141473556],[-96.0918684772673,34.8116381478343],[-96.0919314775015,34.811790147674],[-96.0920084774957,34.8120831477459],[-96.0920284775309,34.8121831478781],[-96.0920384770991,34.8122361476335],[-96.0920414772581,34.8125171480527],[-96.092035477016,34.813029147476],[-96.0920054774834,34.813875147975],[-96.092010477878,34.8161751483408],[-96.0919904779396,34.8174431485921],[-96.0919584778026,34.8237661499573],[-96.0919664782506,34.8248521498748],[-96.0919804780527,34.8255911499143],[-96.0919594780088,34.8260221500847],[-96.0919544787773,34.827449150502],[-96.0919514787126,34.828499150552],[-96.0919554789813,34.8296741509929],[-96.0919414783947,34.8305571514054],[-96.0919354790419,34.8309261514026],[-96.0919364791391,34.8316431513235],[-96.0919374783247,34.8321871513286],[-96.0919374783375,34.8323681516148],[-96.0919574784596,34.8336941518513],[-96.0919534793195,34.8357541518977],[-96.0919544794987,34.8376291523719],[-96.0919504793953,34.8387861528791],[-96.0919394789809,34.8401371524759],[-96.0915734790964,34.8401481530029],[-96.0908344790007,34.8401411527144],[-96.0887884785522,34.8401631529322],[-96.0880754787633,34.8401631529666],[-96.0839414768151,34.8401641532121],[-96.0830164770876,34.8401631532104],[-96.082408476772,34.8401631532397],[-96.0815714766303,34.8401861534456],[-96.0809044762779,34.8402041534118],[-96.0784454755619,34.8402081537155],[-96.0759514750206,34.840199153419],[-96.0755904753673,34.840201153529],[-96.0724044742147,34.8402271539869],[-96.0711924737684,34.8402231538602],[-96.0711094735168,34.8402241539105],[-96.0710254741181,34.8402241539145],[-96.0677054730456,34.8402341536381],[-96.0661984724085,34.8402211540082],[-96.0660634724434,34.8402201539684],[-96.0659294725245,34.8402181538823],[-96.0634734719456,34.8401951538351],[-96.0625074721142,34.8401771539476],[-96.0580544706612,34.8401791542547],[-96.0574204700396,34.840185154563],[-96.0547354696362,34.8402071548116],[-96.0533084691119,34.8401971544174],[-96.052209469411,34.8402201546359],[-96.0518024694236,34.8402291550722],[-96.0500384685618,34.8402441549523],[-96.0398974659408,34.8402401552556],[-96.0397484662256,34.8402371551239],[-96.0397414659622,34.8411011555558],[-96.0397464662596,34.8420261561133],[-96.0397464662675,34.8421381559029],[-96.0396744656666,34.8427021559382],[-96.0395074660478,34.8431471558646],[-96.0393414655615,34.8433871561923],[-96.0390554658129,34.8437291558523],[-96.0385124658516,34.8442681565516],[-96.0370104655374,34.8455421562528],[-96.0364124657224,34.8460651562139],[-96.0355254651156,34.8468631572298],[-96.0343574649856,34.8479121572896],[-96.0342444651483,34.8480091572894],[-96.0335194648466,34.8486271571584],[-96.0333134651995,34.8488131576859],[-96.0327764646134,34.8492991577297],[-96.0323154648508,34.8497451577166],[-96.0319964644748,34.8501381579407],[-96.0316224642572,34.8506851581029],[-96.0313114642617,34.8512131573824],[-96.0311254646656,34.8517201574822],[-96.031011464811,34.8522291576712],[-96.0309454644878,34.8527841581889],[-96.0309524648656,34.8535341578387],[-96.0310294648716,34.8539941584479],[-96.0311744644515,34.8547041580377],[-96.031200464767,34.8548321585668],[-96.0313074643655,34.8552911582288],[-96.0312964647969,34.8558851587508],[-96.0312624650501,34.8563271585319],[-96.0311704644243,34.8569351588067],[-96.0310174645477,34.8572731591745],[-96.0308004644092,34.8577221592884],[-96.0304584647965,34.8585551592005],[-96.0300904648772,34.8593841589287],[-96.0297584648081,34.8599241596641],[-96.0295994646477,34.8601821599255],[-96.0291194649137,34.8607741594782],[-96.0274744642731,34.862184160087],[-96.0265804642457,34.863046160469],[-96.026083463726,34.8636761599832],[-96.0258054643558,34.8641211608143],[-96.0252984642795,34.8648611609252],[-96.0249454641372,34.8654191606964],[-96.0247454638751,34.8656911607086],[-96.0243544637677,34.8662261612153],[-96.0238934640106,34.8667491611699],[-96.0232234635688,34.8674701613083],[-96.0225034634987,34.8680851610382],[-96.0216574629736,34.8685881609847],[-96.0211534630011,34.8688281613287],[-96.0203674625448,34.8691111618785],[-96.0197514627676,34.8692561614269],[-96.0190984630689,34.8693401617501],[-96.0185924620883,34.8693551615697],[-96.0183704625858,34.8693621619045],[-96.0178754621141,34.8693621619284],[-96.0177484625203,34.8693661621197],[-96.0175784618319,34.8693721615063],[-96.0160934622158,34.8693741616705],[-96.0156614619681,34.8693791619229],[-96.0151394620434,34.8693841621796],[-96.0142144614171,34.8693941617878],[-96.0131624611957,34.8693901616534],[-96.011560460651,34.869398162101],[-96.010672460841,34.8694051624679],[-96.0091744597235,34.8694181622427],[-96.0068394593607,34.8694141621701],[-96.0040954589181,34.869426162858],[-96.0026164586789,34.8694001626249],[-96.0016764582561,34.8694081621412],[-96.0010854578296,34.8694131624012],[-96.0007684575186,34.8694151625091],[-96.0006684582773,34.8694161625602],[-96.0002874576953,34.8694021628297],[-96.000024458089,34.8693931624257],[-95.9980104573247,34.869408162318],[-95.9972234568024,34.8694141626337],[-95.9946214566483,34.869410162574],[-95.9930214561965,34.8694211631604],[-95.9920334553464,34.8694281626328],[-95.9907904552613,34.8694301627853],[-95.9891634553554,34.8694331630026],[-95.9863944537541,34.8694561633017],[-95.9836914534135,34.8694601636171],[-95.9834784534299,34.8694791636078],[-95.98336245345,34.869528163184],[-95.9833284536762,34.8695881632656],[-95.9833214533549,34.869634163597],[-95.9832994532434,34.8697671634605],[-95.9833204534753,34.8719841635802],[-95.983300453618,34.8743911644047],[-95.9832964534665,34.8748701640988],[-95.9832884540056,34.8750221648412],[-95.9832904541417,34.8756331643512],[-95.9832924542701,34.8761341650635],[-95.983297453625,34.876450164405],[-95.9833034539293,34.8768161651621],[-95.9833214539524,34.8780521648294],[-95.983303454141,34.8797971655812],[-95.9832864543333,34.8809421655336],[-95.9832794540433,34.8814301656445],[-95.9832764539206,34.8816611655476],[-95.9833054544969,34.8835021662452],[-95.983310454759,34.8839281661829],[-95.9832964541151,34.8840031660587],[-95.9832364540322,34.8840241661345],[-95.9792384529891,34.8839671663863],[-95.976774452941,34.883991166717],[-95.9748044524171,34.8839891667195],[-95.9734944519227,34.8839881667364],[-95.9700474512539,34.8839851667637],[-95.9674784499331,34.8839981665902],[-95.965896450314,34.8839831668713],[-95.9651144500224,34.8839751665387],[-95.9627724493362,34.883993167485],[-95.9624624493497,34.8839941675462],[-95.9597504485915,34.8840001670555],[-95.9583574478457,34.8840031672616],[-95.9547964472839,34.883970167704],[-95.9540274466971,34.8839791672585],[-95.9524304463846,34.8839971672696],[-95.9503974456369,34.8839941681281],[-95.9498574457763,34.8839931681078],[-95.9491794458121,34.8840021676578],[-95.9487224453044,34.8840091680039],[-95.9481684456943,34.8840141673629],[-95.946018444916,34.8840001677177],[-95.945699444514,34.8840261680375],[-95.9455394442893,34.8840331683693],[-95.9436034444447,34.8840611679604],[-95.9416594433235,34.8840001679278],[-95.9410744431734,34.8839811679757],[-95.9409894437295,34.8839981678675],[-95.9395174429198,34.8840361678992],[-95.938343442439,34.884068168538],[-95.9345854417458,34.8841901680724],[-95.933344441756,34.8842311682317],[-95.9322984409159,34.884265168957],[-95.9305124408341,34.8843121685211],[-95.9305104407281,34.884126168903],[-95.9304714407098,34.8840081688376],[-95.9303984409192,34.8839711689267],[-95.930121440663,34.8839541690523],[-95.9284114405057,34.8839651687447],[-95.9278314396902,34.8839761683826],[-95.9276404398282,34.8840041687888],[-95.9275694401354,34.8840391686141],[-95.9274754402788,34.8841221688641],[-95.9273914399875,34.8842171687699],[-95.9273044395534,34.8842601689662],[-95.9271394399981,34.884295168796],[-95.9269294401526,34.8843001690376],[-95.9265444393818,34.8842421690688],[-95.9264174397873,34.8842361687972],[-95.9259184400275,34.8842111685631],[-95.9256544394739,34.8841791688929],[-95.9254354392062,34.8841171687309],[-95.9252764390238,34.8840661690753],[-95.9252064393731,34.884039168728],[-95.9250144394608,34.8840131693321],[-95.919603437646,34.8840061692688],[-95.9171954374974,34.8840431692993],[-95.9148094365675,34.8840411693216],[-95.9126294361989,34.8840601694071],[-95.91065543549,34.8840711700115],[-95.9104744360902,34.8840801695376],[-95.9031414341903,34.8842421701967],[-95.8951984318692,34.8842321701165],[-95.8920104306198,34.8842301701775],[-95.8797724278739,34.8842171710645],[-95.8776844272733,34.8842151710724],[-95.8776144260788,34.875101169993],[-95.8775184259231,34.8722731694668],[-95.8774854260017,34.8695951686877],[-95.8752784252782,34.8695881684699],[-95.8716524243986,34.8695461684985],[-95.8658184227504,34.8695161691889],[-95.8599834219539,34.8694701691386],[-95.859940421617,34.867472169266],[-95.8600154206265,34.8551651669362],[-95.8599864201692,34.854997166354],[-95.857616419979,34.8549681669239],[-95.8455174164822,34.8549361678226],[-95.8451314165684,34.8549361678411],[-95.8422414156472,34.8549211672855],[-95.8404674152196,34.8549341679727],[-95.8395854156869,34.8549341680151],[-95.8376544151721,34.8549321680153],[-95.8353364138004,34.8549661679022],[-95.8329394132605,34.8549821678589],[-95.8280294121916,34.8549351686168],[-95.8265934121502,34.8549541686661],[-95.8260744114621,34.85491916797],[-95.825593411637,34.8548851682175],[-95.8250694116154,34.854836168672],[-95.8262474113007,34.8536441682858],[-95.8270404120439,34.852820167869],[-95.8277314116519,34.8519631677279],[-95.8283744117326,34.8511151671064],[-95.8303254120955,34.8485701669932],[-95.8337944125631,34.84399516635],[-95.834038413064,34.843679166097],[-95.8367074133832,34.8402121655299],[-95.8384464138351,34.8380571645978],[-95.8385784136488,34.8378841646756],[-95.8390974142867,34.8372091648752],[-95.8392414137566,34.8370201642117],[-95.8401934137497,34.8357761641268],[-95.8411494139352,34.8346311641287],[-95.8414324144687,34.834634164254],[-95.8415514145787,34.8344571641473],[-95.8416364140236,34.8344541640043],[-95.84493841516,34.8343991639973],[-95.8461154157825,34.8344011640334],[-95.8476944161623,34.8344151637064],[-95.8477104158746,34.8325691627742],[-95.8477214153897,34.8312131629449],[-95.8471744152061,34.8312391632756],[-95.8471704159169,34.8311961630836],[-95.847143415561,34.8311511628001],[-95.8472364152898,34.8299141630806],[-95.8479214155776,34.8298881627432],[-95.8491574161223,34.8282491623431],[-95.8491474154758,34.8256591620393],[-95.8491284154451,34.8249661614313],[-95.8491094153966,34.8240201617002],[-95.849092415477,34.8235871614387],[-95.8490804157984,34.8232831617535],[-95.8494124158878,34.8230251614837],[-95.8495104159307,34.822954161789],[-95.8498994159637,34.8226711612583],[-95.8501554161342,34.8225301610131],[-95.8502514160837,34.8224491608556],[-95.8506294155996,34.822068161184],[-95.8509434157458,34.8217011612643],[-95.8514784162285,34.8210571610998],[-95.8522064157501,34.820148160348],[-95.8534054163869,34.8186391605725],[-95.8541764161023,34.8177061605061],[-95.8542814164659,34.8175781599707],[-95.8548874166383,34.8168551597424],[-95.8559424169055,34.8155301594997],[-95.8567514165809,34.8145471598144],[-95.8570844167069,34.8141511594505],[-95.8575604171571,34.8135861593492],[-95.858380417337,34.8125241587037],[-95.8585324171792,34.8123551589658],[-95.8593444169927,34.811357158586],[-95.8603774171415,34.810067158166],[-95.8612434176559,34.8090041583715],[-95.8623264174216,34.807660158147],[-95.8628874182072,34.8069661574648],[-95.863992418094,34.8056251573783],[-95.864100417697,34.805490157418],[-95.8646944182108,34.8047471571636],[-95.8667204184567,34.8022311565908],[-95.8669614188227,34.8019731563254],[-95.8679664185771,34.8007491562645],[-95.8691354187244,34.799274156266],[-95.8702664189134,34.7978721560519],[-95.8712684194287,34.7966581555549],[-95.8721734190485,34.7955211550302],[-95.873341420053,34.7941051550655],[-95.874535419561,34.7926291550194],[-95.8745614198651,34.7925961543896],[-95.876008420291,34.7907981538124],[-95.8768534207331,34.7897661536554],[-95.8770384203015,34.7895181538556],[-95.8774824201648,34.7889201540265],[-95.8781044201643,34.7879751534117],[-95.8793084210022,34.7860291531883],[-95.8793964205761,34.7858811535264],[-95.8795054211214,34.7856991531887],[-95.8799594205379,34.7849421531922],[-95.880635421236,34.7838991525341],[-95.8813334211491,34.7827631520656],[-95.8816794209658,34.7821841522216],[-95.8817454213197,34.7820591527263],[-95.8819814214406,34.781614151897],[-95.8824304215069,34.7806051519246],[-95.8832464214365,34.7786201517129],[-95.8836754214723,34.7775781511128],[-95.8842104210053,34.7762171510268],[-95.8845694214013,34.7753031509605],[-95.8847984211914,34.7747701505538],[-95.885107421081,34.7740491504324],[-95.8867404218847,34.7700631501673],[-95.8872694211411,34.7687241493014],[-95.8877724219018,34.7675571492057],[-95.8884234214015,34.7659571488405],[-95.8886294219255,34.7654491486931],[-95.8887334213345,34.7651941485731],[-95.8892334219478,34.7639071483175],[-95.8893554212897,34.7636181484211],[-95.8897844213276,34.7626051482643],[-95.8900954213066,34.7618361477191],[-95.890710421839,34.7602951482886],[-95.8911344216372,34.7591711474895],[-95.8914874217545,34.758249147053],[-95.8916494220425,34.7578241471533],[-95.8920024221567,34.7568581473776],[-95.8926774218573,34.7550761466786],[-95.8932014217729,34.753619146645],[-95.8933974218331,34.7531101464518],[-95.8936384221735,34.7524861463279],[-95.8940634220142,34.751305146487],[-95.8947174216422,34.7495511452868],[-95.8953974224712,34.7477281453873],[-95.8957514217357,34.7468081450433],[-95.8958864225745,34.7464421451786],[-95.896035422261,34.7460361452598],[-95.8960804225405,34.7459131449588],[-95.8964354218527,34.7450121445951],[-95.896720422419,34.7441621447974],[-95.8969014217853,34.7436761447704],[-95.8970474222332,34.7432861446933],[-95.8974724220836,34.742243144047],[-95.8977664221747,34.7414911442896],[-95.8977894223379,34.7414321442548],[-95.8983244227713,34.7400841438713],[-95.8986214221007,34.7393091439481],[-95.8988664226229,34.7386331432152],[-95.8997814227864,34.7386331431714],[-95.8998154224273,34.7366781434866],[-95.9003334230666,34.7366821427477],[-95.9005104222474,34.7361971427672],[-95.9009954230641,34.7349051422808],[-95.9024354230493,34.73144414205],[-95.9026664229696,34.7314431419927],[-95.9029654233457,34.7314491422562],[-95.9031394233211,34.7314531415337],[-95.9038994234914,34.73145514159],[-95.9057814235319,34.7314571415927],[-95.9084814246336,34.7314611416489],[-95.9084794245316,34.7313291418327],[-95.9084464238177,34.7301471410681],[-95.9084394243011,34.7288441409952],[-95.9084504238398,34.7278161410632],[-95.9090234243338,34.7278501408114],[-95.909826424699,34.7278461405878],[-95.9101404248711,34.7278451405265],[-95.9108764248284,34.727857141047],[-95.911146424759,34.7278621412655],[-95.9118044246946,34.7278461404933],[-95.9118894250391,34.7278481405819],[-95.9124074247797,34.727861141159],[-95.9127864252678,34.7278571409557],[-95.9128894255475,34.7278561409045],[-95.912889425425,34.7261071408663],[-95.9128934246663,34.7254681400593],[-95.9128834250699,34.7250111404848],[-95.9128464251277,34.7246541401455],[-95.9128354246095,34.7245391402176],[-95.9132084248204,34.7245491397634],[-95.9137274255067,34.7245631403868],[-95.9143364249709,34.7245791401992],[-95.9145664257434,34.7245691397252],[-95.9146774254935,34.7245481405463],[-95.9150094255965,34.7244851403115],[-95.9151444255592,34.7244501404833],[-95.9151474255615,34.7224981400394],[-95.9151484255377,34.7214961395131],[-95.9150624251469,34.7214961395172],[-95.9148484251157,34.7214971395737],[-95.9109064239756,34.7215021399934],[-95.9109054239242,34.7214301393579],[-95.9109054239228,34.7214091401843],[-95.9108924241596,34.7205581394552],[-95.910887423865,34.7196621393402],[-95.910673423831,34.719625139436],[-95.9106574239154,34.7185831388571],[-95.9106794240188,34.7183331389724],[-95.9106224239957,34.7172231388444],[-95.9106264241694,34.7170541391135],[-95.9091094230676,34.7170341391593],[-95.908752423599,34.7170281388985],[-95.9086554235973,34.7170271388569],[-95.9085244229182,34.7170251387705],[-95.9084734232338,34.7167771389819],[-95.9084894230167,34.7159231390119],[-95.9084974233552,34.7154601391587],[-95.9085124230825,34.7144751385193],[-95.9085324230226,34.7132171387299],[-95.9085154231335,34.7132161386845],[-95.9085154231286,34.7131461381415],[-95.9082954228192,34.7131481382446],[-95.9075904225019,34.7131521384634],[-95.9052554221398,34.7131641382312],[-95.9041994217334,34.7131701385594],[-95.9041484218644,34.7102851380882],[-95.9041394214118,34.7097821381825],[-95.904337421569,34.7093311379765],[-95.90447042142,34.7090261373388],[-95.9051634219648,34.7073741372617],[-95.9055544220454,34.7064461374448],[-95.9059514215038,34.7055021368869],[-95.9063964222796,34.7044271365567],[-95.9069214222578,34.7031961361945],[-95.9069444224213,34.7031431364376],[-95.9071904220984,34.7025771363008],[-95.9077904219452,34.7011731360192],[-95.9082224221194,34.7001161356237],[-95.908401422298,34.6997111357497],[-95.9086504221144,34.6991481357517],[-95.9094704222338,34.697215135249],[-95.9097134226671,34.6965931352176],[-95.9098544219858,34.6962301354913],[-95.910263422003,34.695319134662],[-95.9106424224268,34.6943961350772],[-95.9112454224136,34.6930041344517],[-95.9114194223648,34.6926621347968],[-95.9116054228742,34.6923451345003],[-95.9118194228836,34.6920321343875],[-95.9118714225925,34.6919681341199],[-95.9120184222021,34.6917851346333],[-95.912435422615,34.6912281340058],[-95.912950423077,34.690686134068],[-95.9135414225695,34.69018413418],[-95.9138514225392,34.6899431337989],[-95.9146524227751,34.6894151335964],[-95.9150644229789,34.6891831336272],[-95.9156324232162,34.6888631331735],[-95.9166694235973,34.6882351337257],[-95.9173534238125,34.6878371332525],[-95.9213494245926,34.6854581326333],[-95.9243724252608,34.6836971318952],[-95.9251144254643,34.6832511318948],[-95.9257204256603,34.6828611317956],[-95.9274434254511,34.6818521317622],[-95.9289594264426,34.6809581316673],[-95.9294714258832,34.6806601313355],[-95.9295314259651,34.6806241314645],[-95.929657426407,34.6805501316296]]]}},{"type":"Feature","properties":{"Precinct":"40","PCT_CEB":"610040","P0010001":"567","P0030001":445,"St_house":"018","St_senate":"07","Comm":"02","Uscong":"02","COUNTY_NAM":"PITTSBURG","CO_FIPS":"121","GeoID":"61121610040020701802","precinct_num":40},"geometry":{"type":"Polygon","coordinates":[[[-95.8261114154971,34.9130131785661],[-95.8243184150889,34.913046179281],[-95.8157324135231,34.9130221794831],[-95.8122194124894,34.9130131792357],[-95.8068584111926,34.9130081801619],[-95.8045794107262,34.9129921804303],[-95.798233408716,34.9129691805705],[-95.7938304077775,34.9129531809413],[-95.7894274068391,34.9129371804126],[-95.7833854045395,34.9129491812593],[-95.7828234045579,34.9129501813327],[-95.7828124046981,34.9094441799885],[-95.7806114042514,34.9094271802068],[-95.7805704045107,34.9145251815167],[-95.7805524046327,34.915335181248],[-95.7805964040061,34.9157691815544],[-95.7806414043275,34.9162371816363],[-95.7806544040463,34.9164521816973],[-95.7806644045224,34.9166261816589],[-95.7806384042203,34.9166871817865],[-95.7803754046586,34.9173081817724],[-95.7799374042054,34.9183421820022],[-95.7793264037387,34.9181851819574],[-95.7781084038886,34.9178471825549],[-95.7782054038736,34.9176121824619],[-95.7784824040736,34.9168381816869],[-95.7779394040633,34.9166931821943],[-95.7777174036583,34.9166561822906],[-95.7770084031535,34.916639182437],[-95.7759354028552,34.9166121821379],[-95.7746384029656,34.9166521822537],[-95.7732374027474,34.9166591826454],[-95.7728524019808,34.9166621819034],[-95.7724044018899,34.9166661821103],[-95.7726054021134,34.9151941822973],[-95.772743402163,34.9144231816679],[-95.7727914025714,34.9141581819869],[-95.7728974020403,34.9134411820605],[-95.7730064025528,34.9127991811097],[-95.7731224024872,34.912107181441],[-95.7732394024617,34.9113281813415],[-95.7733004016651,34.9109321809907],[-95.7734704022784,34.9098661810908],[-95.7735374017529,34.9093691805601],[-95.7735814019715,34.9090421807068],[-95.7737764019417,34.9079221810035],[-95.7738304017218,34.9075541801507],[-95.7739344019974,34.9068401803633],[-95.7739654016242,34.9066681804923],[-95.7739854016444,34.9065561807018],[-95.7740044016182,34.9064431799657],[-95.7740674018162,34.9060831803823],[-95.7741094019526,34.9059051802329],[-95.774113402137,34.9058891803913],[-95.7742174015328,34.9054491797999],[-95.7743394017665,34.9050551804381],[-95.7744364017459,34.9047421803311],[-95.7746694017121,34.9040781801544],[-95.7749794016405,34.9032561798534],[-95.7750774016643,34.9029151793493],[-95.7751754016885,34.9025781799296],[-95.7752114015504,34.9024531795365],[-95.7756244017418,34.901392178957],[-95.7757674020506,34.901005179019],[-95.7761624023058,34.8999331788303],[-95.7764214016753,34.8992171789428],[-95.7765854020589,34.8988341791889],[-95.7766814019982,34.8986081786133],[-95.7769254024949,34.8982321782804],[-95.7772734023988,34.8975781785612],[-95.7773374017609,34.8974571783518],[-95.7780454021353,34.8962911782927],[-95.7785474019695,34.8954001783851],[-95.778644401959,34.8952281776116],[-95.7787514024133,34.8950721775784],[-95.778848402405,34.8949321782865],[-95.7789064023907,34.8948471779456],[-95.7789154028072,34.8948351782889],[-95.7793594026735,34.894281177799],[-95.7797694027703,34.8938471774707],[-95.7803264024826,34.8933171771872],[-95.7809454023694,34.8927481777931],[-95.7819634027438,34.8917681773373],[-95.7825324030115,34.8912231772581],[-95.7830274034506,34.8907571772428],[-95.7831494028047,34.8906411772622],[-95.7844464035099,34.8894221765194],[-95.7856924036426,34.8881161762478],[-95.7863384038802,34.8875191764554],[-95.7868394036997,34.887076175706],[-95.7875014037825,34.8865151757808],[-95.7879544040782,34.8861311759667],[-95.7891934048119,34.8851961757852],[-95.7894034046465,34.8850371756081],[-95.7896614049061,34.884843175607],[-95.790407404383,34.88421617532],[-95.7907634046753,34.8838071752524],[-95.7920644046684,34.8826121747214],[-95.7922044048558,34.882475174667],[-95.7928934052831,34.8817981747658],[-95.7930814049955,34.8816191745631],[-95.7932374050247,34.8814701748517],[-95.7940014053291,34.8807421743843],[-95.7950024058159,34.8797811748091],[-95.7959664054903,34.8788801744163],[-95.7968344061138,34.8780511737644],[-95.797983406259,34.8769441737176],[-95.7984254060417,34.8765181737582],[-95.7993424062358,34.875636173348],[-95.7997004066273,34.8753181729969],[-95.8000434063242,34.8750141732948],[-95.8002994064872,34.8747671735378],[-95.8013144067204,34.8737571725926],[-95.8022594073115,34.8728431724981],[-95.802421406719,34.8726871724623],[-95.8034314067277,34.8717821727814],[-95.805801407655,34.8695131719368],[-95.8069514078464,34.8684051718437],[-95.8071934082605,34.8681721718364],[-95.8078364083574,34.8675531719248],[-95.8086064080393,34.8668041713842],[-95.8089794082267,34.8664811717001],[-95.8102594081459,34.8652941706412],[-95.81032940869,34.8652371706968],[-95.8104974083755,34.8650751712822],[-95.8107134084849,34.8648661705885],[-95.812057408666,34.86356617059],[-95.8125124090505,34.8631271709274],[-95.8131554091499,34.8625431699383],[-95.8132784085507,34.8624311701428],[-95.8141294094152,34.8634381708595],[-95.814227409471,34.863549170598],[-95.8146384096818,34.8640711704645],[-95.8149144099151,34.8644201704218],[-95.8150824096271,34.8646331703828],[-95.81556540952,34.8643141708787],[-95.8162394101632,34.8638101699948],[-95.8166604098738,34.8634181707111],[-95.8176594102664,34.8624391703027],[-95.8191294099815,34.8609431702167],[-95.8202484105304,34.8597841695626],[-95.8211714110002,34.8588661692841],[-95.8226044107981,34.8573711692462],[-95.8250694116154,34.854836168672],[-95.825593411637,34.8548851682175],[-95.8260744114621,34.85491916797],[-95.8265934121502,34.8549541686661],[-95.8280294121916,34.8549351686168],[-95.8329394132605,34.8549821678589],[-95.8353364138004,34.8549661679022],[-95.8376544151721,34.8549321680153],[-95.8395854156869,34.8549341680151],[-95.8404674152196,34.8549341679727],[-95.8422414156472,34.8549211672855],[-95.8451314165684,34.8549361678411],[-95.8455174164822,34.8549361678226],[-95.857616419979,34.8549681669239],[-95.8599864201692,34.854997166354],[-95.8600154206265,34.8551651669362],[-95.859940421617,34.867472169266],[-95.8599834219539,34.8694701691386],[-95.8658184227504,34.8695161691889],[-95.8716524243986,34.8695461684985],[-95.8752784252782,34.8695881684699],[-95.8774854260017,34.8695951686877],[-95.8775184259231,34.8722731694668],[-95.8770004261846,34.8722911694258],[-95.8761114263484,34.8725881688301],[-95.875681426201,34.8727031687792],[-95.8755984259654,34.8729311694468],[-95.8752784255385,34.8732611694522],[-95.8749504256349,34.8735221689615],[-95.8749364258915,34.873613169578],[-95.8744294257803,34.8738651695785],[-95.8737354250896,34.8740951694688],[-95.8730134249104,34.8744841695272],[-95.8719584254442,34.874416170027],[-95.8715144246459,34.8745081698112],[-95.8710144248399,34.8744851696698],[-95.8704034243879,34.8745311700303],[-95.8701534244955,34.8746691701363],[-95.8697374240947,34.8747381697536],[-95.8688764246373,34.8747491703044],[-95.8686824246382,34.8748071703011],[-95.8686094239717,34.8751011704265],[-95.8685924241036,34.8753961696963],[-95.8691484247112,34.8754651701662],[-95.868898423917,34.8755681704504],[-95.868343424274,34.8757651697054],[-95.8678704239262,34.8758111700592],[-95.8675094242569,34.8755911697835],[-95.8672594234564,34.8756051704436],[-95.8671214242773,34.8759711703085],[-95.8668714234872,34.87613217058],[-95.866121423792,34.87629216993],[-95.8658994234042,34.876498170485],[-95.8656784239912,34.8771161703299],[-95.8650954230618,34.8774831702624],[-95.8650404232773,34.8784441706913],[-95.8647074231331,34.878581170755],[-95.863013422832,34.8787881705278],[-95.8620964225934,34.8790401714474],[-95.8615974228532,34.8792921714475],[-95.8611254225745,34.8796581713284],[-95.8607094222063,34.8801851714661],[-95.8602924226747,34.8804831717934],[-95.8602374228334,34.8806431711099],[-95.8601814220432,34.8807571709947],[-95.8596464224168,34.880790171649],[-95.8596194222904,34.883983171993],[-95.8596044226691,34.8864511729443],[-95.8599364227769,34.8864551722141],[-95.8599304225046,34.8865371724136],[-95.8599274223737,34.8866531723884],[-95.8599164227722,34.8867851722051],[-95.859900422971,34.8873691722647],[-95.859901423046,34.8877721729365],[-95.8599014230673,34.888072172437],[-95.859942423219,34.8887641729973],[-95.8599624233156,34.8897281726621],[-95.859991422921,34.8905631735486],[-95.860004422684,34.8914011736753],[-95.8599994233697,34.8916581738831],[-95.8599814234508,34.8918911738797],[-95.8599514229707,34.8920571734728],[-95.8599214233837,34.8921361735346],[-95.8598784234156,34.8953391743422],[-95.8596344231182,34.8985201750403],[-95.8596344231416,34.8988501750303],[-95.8596364235684,34.9035551752291],[-95.8596294246734,34.9110181772144],[-95.8590154241141,34.9115121767331],[-95.8575824242925,34.9126661771707],[-95.8570924240798,34.9130511779322],[-95.8564394235119,34.9135631773868],[-95.8546254231304,34.9150181782889],[-95.854295423133,34.9152621779104],[-95.8538024236791,34.915627177746],[-95.8534534227807,34.9155921779411],[-95.8530634226407,34.9150201784568],[-95.8526184226758,34.9148371780995],[-95.8523124228763,34.9148601782798],[-95.8522854225365,34.9150431777605],[-95.8521744227883,34.9150901781433],[-95.8516184230882,34.9151361785012],[-95.8515354228559,34.9154101786005],[-95.8509784222068,34.9154101786274],[-95.8508954228593,34.9154791782287],[-95.8506454220561,34.9154561780752],[-95.8505614226525,34.9153881785282],[-95.850355422095,34.9154191781748],[-95.8501174218525,34.9154561781006],[-95.8498394224456,34.915388178563],[-95.8496724218812,34.9151821780268],[-95.8496724218746,34.915090178264],[-95.8495614221166,34.9149991785528],[-95.8494774217925,34.9146331777993],[-95.8491994223676,34.9143121782394],[-95.8485334220321,34.9139241782941],[-95.8476714216266,34.9139011781701],[-95.8473104210539,34.913626178046],[-95.8468104212544,34.9136951785667],[-95.8461154214165,34.9139241784107],[-95.8456714206101,34.9139021783129],[-95.8454214207013,34.9138101785621],[-95.8453654207943,34.9136961777834],[-95.8451994211836,34.9136041780285],[-95.8451714207503,34.9131241782896],[-95.8451134207512,34.913020177974],[-95.8441414206333,34.9128951785288],[-95.8434474199278,34.9129181778284],[-95.8432754200522,34.9130131777385],[-95.8430304203913,34.9131471785584],[-95.8420864198357,34.9139031785321],[-95.8420584203554,34.9141771786287],[-95.8421704201615,34.9142921785517],[-95.8421144202755,34.9144751789331],[-95.8418094196377,34.9147041787584],[-95.8403644201158,34.9152531790649],[-95.8398644194413,34.915665178379],[-95.8393924191465,34.9158031784957],[-95.8385584191482,34.9158951791981],[-95.8382814189046,34.9160551785253],[-95.8378644193714,34.916330178687],[-95.8374194194178,34.9163071794422],[-95.836808418956,34.9162151788096],[-95.8364194189095,34.9163071794905],[-95.8361144191693,34.9165131791502],[-95.8351414181211,34.91660517896],[-95.8349474181259,34.9167191788514],[-95.8348084180012,34.9170851796156],[-95.8345564180143,34.9171991795098],[-95.8342524183157,34.9173371796185],[-95.8338084184069,34.9172921793551],[-95.8331694184517,34.9172921793859],[-95.8324744177145,34.9175211792299],[-95.8316414177707,34.9177271798144],[-95.8311964178237,34.9177961794331],[-95.8310304173268,34.917887180057],[-95.8309744174457,34.9181391800358],[-95.8308074178065,34.9182991793577],[-95.8303354175002,34.9182761801142],[-95.8300024173398,34.9181851795144],[-95.8297244170433,34.9182541800245],[-95.8296414167948,34.9182991794139],[-95.8295994175475,34.9183331800908],[-95.8294584172838,34.9180491795393],[-95.826829416417,34.9130011788752],[-95.8267354156553,34.9130031789723],[-95.8266404157465,34.9130041790232],[-95.8261114154971,34.9130131785661]]]}},{"type":"Feature","properties":{"Precinct":"41","PCT_CEB":"610041","P0010001":"1909","P0030001":1465,"St_house":"017","St_senate":"07","Comm":"01","Uscong":"02","COUNTY_NAM":"PITTSBURG","CO_FIPS":"121","GeoID":"61121610041020701701","precinct_num":41},"geometry":{"type":"Polygon","coordinates":[[[-95.7322173933639,34.9392291881701],[-95.73198439337,34.9395011881841],[-95.7315163932914,34.9400751887018],[-95.7311383928835,34.9405581885992],[-95.7308043936109,34.9409591882954],[-95.7304513934596,34.9413951887135],[-95.7303013928133,34.9415991891725],[-95.7298683934567,34.9421481885311],[-95.729836392875,34.9421891886322],[-95.7296643930081,34.9424071888411],[-95.7295043927972,34.9426101892542],[-95.7287013925064,34.9436701889069],[-95.7285333928252,34.9438921893008],[-95.7283143925816,34.9441691895456],[-95.7277133926438,34.9449301897343],[-95.7273863927966,34.9453321894764],[-95.7270563928136,34.9457821896424],[-95.7268303922508,34.9461361898552],[-95.7265953921732,34.9465361895003],[-95.7263633922421,34.947040190363],[-95.726105392918,34.9477411904553],[-95.7260043927541,34.9480691903577],[-95.7259123920793,34.9479901903018],[-95.7257583921232,34.9478621897789],[-95.7255793928048,34.9477121900373],[-95.7252033924491,34.947625190524],[-95.7248943925101,34.9476451905656],[-95.7245013922539,34.9473971898944],[-95.7238813922626,34.9471501901796],[-95.7232613914081,34.9474091905097],[-95.7227733912642,34.9474601901965],[-95.7226603914155,34.9473981900295],[-95.7226563911611,34.9464301901786],[-95.7229673911744,34.9461501897904],[-95.7233723919563,34.9459651901988],[-95.7243543916341,34.9460201899999],[-95.7246653916497,34.9457721901941],[-95.7247863918328,34.9453191898993],[-95.7251553918345,34.9449921900303],[-95.7253903919083,34.94453918973],[-95.72510139198,34.9443141892192],[-95.7236723913614,34.9443071898634],[-95.7234563912309,34.9442191893968],[-95.7223823909002,34.9443921893644],[-95.7202503909561,34.9443941895598],[-95.7199563907977,34.9441941902067],[-95.7191473901457,34.9440881898347],[-95.7189943902403,34.944021189438],[-95.7188583902245,34.9439621894109],[-95.7186803900583,34.9438851894517],[-95.7185693902969,34.9437471902625],[-95.7184583905176,34.9433581893447],[-95.7175963901101,34.9433131900008],[-95.7174853903487,34.9431751899122],[-95.7174293895227,34.9427861898911],[-95.7172353894998,34.9425121898051],[-95.7161513895923,34.9425121898573],[-95.7152893891506,34.9419861898274],[-95.7146493891374,34.9418261896451],[-95.7144323889666,34.9418241895629],[-95.7116823882405,34.9418011895299],[-95.7112913880881,34.9417091897859],[-95.7108153884954,34.9416861896433],[-95.7100633878059,34.9418211896346],[-95.7096703875724,34.9418921902428],[-95.7087263878814,34.9421661903837],[-95.707810387679,34.9422811903563],[-95.7072003872356,34.941801189746],[-95.7071443873139,34.9414801901752],[-95.7070603870027,34.9412971898005],[-95.7065053873048,34.940726189471],[-95.7062563865397,34.9405891894353],[-95.7053673866836,34.9406121896437],[-95.7051183868096,34.9403601896795],[-95.7044513864453,34.9402231896641],[-95.7041183862652,34.9398571898218],[-95.7040343859394,34.9394681898021],[-95.7038123864263,34.9393301897188],[-95.7035913860686,34.9393071895639],[-95.7032023860236,34.939422189511],[-95.7025633860991,34.9398571898968],[-95.7013693856212,34.940338189741],[-95.7005093853063,34.9402921903507],[-95.6999253851905,34.9401101900464],[-95.6994253853858,34.9401101900704],[-95.6991193846982,34.9402941905103],[-95.6991193847063,34.9404091904387],[-95.6987873845986,34.9404091904547],[-95.6981753849568,34.9398601902471],[-95.6977593845347,34.9396311904566],[-95.6969823844585,34.9394021897842],[-95.6967043841391,34.9391501898214],[-95.6967043841212,34.9388981898453],[-95.6967873843666,34.9388071901247],[-95.6972613847479,34.9385781902913],[-95.6976783842992,34.9385551901056],[-95.6979573846358,34.938395189879],[-95.6980953847059,34.9379141900856],[-95.6982343848501,34.9378221894167],[-95.6982073844812,34.9375941896537],[-95.6979853840672,34.9374331894049],[-95.697707384665,34.9374331894183],[-95.6966523843021,34.9374111893499],[-95.6963203841553,34.9368611899819],[-95.6962083843426,34.9366551894429],[-95.6959863839223,34.93640518957],[-95.6952093838413,34.9361071893003],[-95.694098383568,34.9359241898743],[-95.6935703833527,34.9357641896865],[-95.6932933830943,34.9357181893687],[-95.6929873833027,34.9358561894775],[-95.6925983832528,34.935901189781],[-95.692488382645,34.9358561895015],[-95.6924053832861,34.9357641897427],[-95.6902113824083,34.9377801896574],[-95.6885963821332,34.9374351899499],[-95.6880873819034,34.93732719037],[-95.6894873818526,34.9341801893909],[-95.6889093819829,34.9335451896965],[-95.6887143819088,34.9332021891139],[-95.6886873815381,34.9329501891391],[-95.6880763819753,34.9328591894519],[-95.6877433818342,34.9330421889474],[-95.6876603816018,34.9333161890468],[-95.6876323812125,34.9334541891421],[-95.6871323814077,34.9334541891662],[-95.6869383813929,34.9332931898153],[-95.686910380971,34.9329731893902],[-95.6870493811023,34.9326981892418],[-95.6870213815765,34.9323321893849],[-95.6868823814111,34.9321261888472],[-95.6868543809973,34.9319201892036],[-95.6869373812361,34.9317371888208],[-95.6878823818533,34.9311881894375],[-95.6879663812423,34.9310501893394],[-95.6882713818723,34.9307071887327],[-95.6882993813623,34.9305701886837],[-95.6885213817648,34.930570188673],[-95.688799382068,34.9305931888251],[-95.6887993821216,34.9313481887072],[-95.6891333814228,34.9313481886911],[-95.6897873820389,34.9308551892167],[-95.6901063815268,34.9306151888814],[-95.6901893816924,34.9294021884749],[-95.6903003823271,34.9291731886589],[-95.6905783817131,34.9289451888813],[-95.6910223825117,34.9288531881976],[-95.6916893820092,34.9294481887337],[-95.6919403819579,34.9294481887216],[-95.6922733820958,34.9292191879957],[-95.6926343826377,34.9290591886644],[-95.6927733827966,34.9291731885398],[-95.692773382808,34.9293341887994],[-95.6928843825612,34.9293561880139],[-95.6928573822182,34.9294941881092],[-95.6932183828024,34.9299291884468],[-95.6932743827127,34.9300891886574],[-95.6934683827242,34.9302031885301],[-95.6937743825207,34.930135188065],[-95.694246382824,34.9301121887761],[-95.6944963827425,34.9303401885283],[-95.6952193830043,34.9304551884219],[-95.6955523831698,34.9306151886192],[-95.6955523831877,34.9308671885953],[-95.6949693831669,34.9313701885294],[-95.6949973835743,34.9314851884564],[-95.6954413834864,34.931576189051],[-95.6957193837994,34.9317371883978],[-95.6957193838204,34.9320341886587],[-95.6954693830399,34.932332188978],[-95.6954423836028,34.9325611887898],[-95.6958033832616,34.9326291892228],[-95.6964703836048,34.9324691889775],[-95.6967203835169,34.9326061890131],[-95.6967203835234,34.932698188776],[-95.6968313841792,34.932766189221],[-95.6971093835798,34.9327431890421],[-95.6982763845914,34.9320801888666],[-95.6988603846601,34.9315991881525],[-95.6999153840424,34.930477188315],[-95.7001103840824,34.9303401882579],[-95.7004433842463,34.9304771882896],[-95.7006943850943,34.9304771882775],[-95.7009163845911,34.9303861885502],[-95.7010833851312,34.9302481884482],[-95.7010833851101,34.9299511881873],[-95.7006103847166,34.9293561876419],[-95.7006103846856,34.9289211881863],[-95.7007773843102,34.9285541882737],[-95.7008883849465,34.928348187724],[-95.7012133847114,34.9280911875007],[-95.7012223841944,34.927597188011],[-95.7013653845306,34.9275961879578],[-95.7018373848357,34.9276001872209],[-95.7022013846084,34.9273131874055],[-95.7023323852732,34.9271121879856],[-95.7023883851658,34.927021187367],[-95.7027213852922,34.9266321873271],[-95.7034723850196,34.9262651873864],[-95.7038333855566,34.9260361875585],[-95.7046383850578,34.9252121871409],[-95.7052223851135,34.9245481869473],[-95.7054363851353,34.9244111868893],[-95.7054723859038,34.924388186722],[-95.7064183857184,34.9245481868897],[-95.7066403861144,34.9244571871624],[-95.7067513858546,34.9242961868975],[-95.7069173853337,34.9225341862499],[-95.7071123853477,34.9220301862882],[-95.7074733858653,34.9215271863649],[-95.7076123860079,34.9214121864298],[-95.7079733856585,34.9213661860813],[-95.7085013858786,34.9215951858664],[-95.7087233862828,34.9216181860213],[-95.7088343860311,34.9215721865841],[-95.7089733861672,34.9213661860331],[-95.7091403857838,34.9208861862846],[-95.7094733859118,34.9205191863641],[-95.7095013862947,34.9202901856528],[-95.7094733858826,34.9201071861747],[-95.7090013864446,34.9196501857232],[-95.7090013864218,34.9193291861498],[-95.7090843857596,34.9191231856014],[-95.7095283865533,34.9189631853668],[-95.7097233865901,34.9187801858779],[-95.7095003861152,34.9184141860304],[-95.709056386177,34.9179561855313],[-95.7089173860068,34.9176811853962],[-95.7083603853087,34.9169951851383],[-95.7083323857845,34.9166511854006],[-95.7084433855247,34.916491185182],[-95.7088873854158,34.9162851855156],[-95.7092213855968,34.9160101853578],[-95.709221385566,34.9155761850492],[-95.7096663854904,34.9151861849577],[-95.7098333860095,34.9147511845947],[-95.7100833859037,34.9146371847005],[-95.7109443862535,34.9145221847306],[-95.7110273864988,34.9144311850101],[-95.7113333862076,34.9131261848298],[-95.7114993857923,34.9128511846801],[-95.7117493865729,34.9125541844071],[-95.7121663861242,34.9125311842215],[-95.7124993862913,34.9127141845843],[-95.7129033870426,34.9127511844792],[-95.7130763869979,34.9131251846996],[-95.7139503871938,34.9150191851134],[-95.7143573872277,34.9156601850938],[-95.7145813868438,34.9159441847421],[-95.7151093870808,34.9164111847546],[-95.7156003873981,34.9168431849469],[-95.7159303874337,34.9171341849142],[-95.7161633874615,34.9173381853547],[-95.7168203882909,34.917891184846],[-95.7175553882454,34.9185081854981],[-95.7187213884293,34.9195091850223],[-95.7188383884664,34.9196111852426],[-95.7198313887116,34.9204721854879],[-95.7206813895098,34.9211921855072],[-95.7208453890311,34.9213311856396],[-95.7224813893573,34.9213481854486],[-95.7230933898595,34.9213521856044],[-95.7231373900312,34.9203631856781],[-95.7238293897471,34.9203731852084],[-95.7241553904763,34.9203781854242],[-95.7253743903503,34.9203961852996],[-95.7253683901491,34.9214821852184],[-95.7264243905887,34.9219331853639],[-95.7267533905664,34.9220611858784],[-95.7280003908715,34.9225281858562],[-95.7284643917156,34.9226831858155],[-95.7290143911513,34.9228271852615],[-95.7298843919368,34.9229721856376],[-95.7305253919869,34.9230001851045],[-95.7307213920825,34.922992185624],[-95.7312603918954,34.9229691854325],[-95.7316743922053,34.9229241851277],[-95.7321813923273,34.9228201856842],[-95.732257392253,34.9228011857001],[-95.7325933925404,34.9227181854385],[-95.7338123923873,34.9223551847611],[-95.7340673925161,34.9222791848273],[-95.7341773931186,34.922250185278],[-95.7348563931163,34.922054185164],[-95.7352933926876,34.921916185049],[-95.7364233929152,34.9217141846354],[-95.7364233929041,34.9215581846074],[-95.7371153935177,34.9215431847788],[-95.7375933932059,34.921607185021],[-95.7389773935491,34.9217951846653],[-95.7406643944717,34.9222351851704],[-95.7407283947428,34.9222521850551],[-95.741756394814,34.9231351845186],[-95.7425633954131,34.9238031848304],[-95.742015395244,34.924689185408],[-95.7417573949994,34.9250931852393],[-95.7413523951486,34.9257261857877],[-95.7408203948264,34.9266701854526],[-95.7407453949537,34.926783185292],[-95.740340395102,34.9274031861379],[-95.740260394998,34.9275251854949],[-95.7401453950734,34.9277001855088],[-95.7399673949345,34.9280081862875],[-95.7398193943846,34.9282631855104],[-95.7394553946363,34.9288921858715],[-95.7390653945824,34.9295341859366],[-95.7389983941809,34.9296411863971],[-95.7385963944695,34.9302771861849],[-95.7378083939883,34.9315251864471],[-95.737436394772,34.9322051864719],[-95.7373043940636,34.9324461868445],[-95.736940394315,34.9330701869741],[-95.7367243942158,34.9334241871865],[-95.7363363942461,34.9339451870452],[-95.7362263945514,34.9340921875611],[-95.735732394172,34.9347451872411],[-95.7355903938958,34.9349361870978],[-95.7355393942336,34.9350051875968],[-95.7352583938199,34.9353841871712],[-95.7352113943424,34.9354421871608],[-95.7350343942436,34.9356591873236],[-95.7346283934376,34.9361581879633],[-95.7343463938719,34.9364681879403],[-95.7342483938315,34.9365751875031],[-95.7341413933801,34.9367721876358],[-95.7338423939257,34.9370861877989],[-95.7335433935793,34.9375021881878],[-95.7332063932694,34.9379191877256],[-95.7327673936404,34.938550188183],[-95.7322713931658,34.9391671879949],[-95.7322173933639,34.9392291881701]]]}},{"type":"Feature","properties":{"Precinct":"42","PCT_CEB":"610042","P0010001":"1184","P0030001":918,"St_house":"017","St_senate":"07","Comm":"03","Uscong":"02","COUNTY_NAM":"PITTSBURG","CO_FIPS":"121","GeoID":"61121610042020701703","precinct_num":42},"geometry":{"type":"Polygon","coordinates":[[[-95.6551703808831,35.0414772106915],[-95.6518173798594,35.0384942103415],[-95.648482378878,35.0370032107197],[-95.6441643773099,35.0359782102374],[-95.6396603761197,35.0350982101821],[-95.6354733753047,35.0351072108014],[-95.6328933742822,35.033894210524],[-95.6320513737679,35.0319672103801],[-95.6324803736845,35.0292682095058],[-95.6341133745874,35.026710208806],[-95.6471503767077,35.0152762066986],[-95.6487283768062,35.0119832061462],[-95.6480703766493,35.0089092050495],[-95.6469803762494,35.0059142049331],[-95.6414703741283,35.0030172041716],[-95.6372743735867,35.0001022043118],[-95.6361503727232,35.0001022043661],[-95.6358213726596,34.9987722039586],[-95.6355933727919,34.9975642037986],[-95.6357523729173,34.9968132031948],[-95.6365823726574,34.9956932034608],[-95.6375223730135,34.9947342030816],[-95.6385093728425,34.9936532024477],[-95.6391153729885,34.9925602021759],[-95.6394543732656,34.990379201906],[-95.6387503728663,34.9885942020342],[-95.6374933720372,34.9872892019295],[-95.6364453719301,34.9863052013882],[-95.6349133718455,34.9851072017541],[-95.6334733706429,34.9840692014295],[-95.6319483708514,34.9824282010697],[-95.6309203698522,34.9811502013047],[-95.6317873704599,34.9807472005909],[-95.6328423707472,34.9797032007673],[-95.6334793705268,34.9785342005726],[-95.6338463703378,34.9768311999489],[-95.6347273706116,34.9752481994604],[-95.6360113706979,34.9737991997606],[-95.6389473718635,34.9725161986735],[-95.6412593719961,34.9715931989956],[-95.6447563730678,34.9698931983598],[-95.6460013731574,34.9686311983266],[-95.6474833734632,34.967611197795],[-95.6502693739901,34.9666401976706],[-95.6518703744115,34.9655231971389],[-95.6545323753953,34.9633171964986],[-95.654549375278,34.9632281968738],[-95.6549943752025,34.9628391968285],[-95.6553833752492,34.9627481961938],[-95.6563983755446,34.9626091960046],[-95.6568073756218,34.9625521960439],[-95.6568343757422,34.959284195824],[-95.6568443752286,34.9581871953956],[-95.656902375219,34.9581691954588],[-95.6574933756329,34.9579771955341],[-95.6584353761285,34.9576731949037],[-95.6598193764118,34.9570131948567],[-95.6601413760325,34.9566861949899],[-95.66045837631,34.9562071952805],[-95.6609603762183,34.9563591950992],[-95.6609843764324,34.9563651944765],[-95.6613933764909,34.956043194837],[-95.6636723769198,34.9555171946556],[-95.6641443772117,34.9553331942078],[-95.6648953769246,34.9547611946683],[-95.6653123773411,34.9542581947422],[-95.6655903776361,34.9541661940666],[-95.6661183778482,34.9542811939696],[-95.6665623777573,34.9543271942793],[-95.6667853772971,34.9541891941746],[-95.6668123776401,34.9540521941256],[-95.6667073772616,34.9539701939314],[-95.66636837771,34.9537091944542],[-95.6663683776904,34.9534341943126],[-95.6664383773215,34.9531831943794],[-95.6664513770217,34.9531371940477],[-95.6667573776996,34.9528161935601],[-95.6670353779914,34.952679193499],[-95.6689523778548,34.9526331939748],[-95.6693973778135,34.9527251937163],[-95.6696473786234,34.9528391935863],[-95.6697033785565,34.9533201942697],[-95.6700643782138,34.9533661936841],[-95.6707033781188,34.952656194056],[-95.6706763786361,34.9522441938679],[-95.6707033780765,34.9520611934878],[-95.6710373782771,34.9520611934717],[-95.671288378247,34.9523591937669],[-95.6716223784459,34.9523361935852],[-95.6717613785788,34.9520841936024],[-95.6717053786717,34.9519701937229],[-95.6717613785495,34.951672193413],[-95.6727063791276,34.9505741928933],[-95.6732623788021,34.9501621935765],[-95.6735123786849,34.9498871934228],[-95.6736513788194,34.9496581927062],[-95.6736513788064,34.9494751932267],[-95.6734293792805,34.9491551928109],[-95.672790378406,34.9488801927],[-95.6722613790433,34.9487141931338],[-95.6719563783688,34.9484301925902],[-95.6719563783486,34.9481461929311],[-95.6725463787119,34.9478951929728],[-95.672705378873,34.9476441930353],[-95.6728453790164,34.9468891922472],[-95.6730113786028,34.9466371922631],[-95.6734573785964,34.9465681926442],[-95.6744023792624,34.9467061926927],[-95.6745413794083,34.9466371921893],[-95.6747083790475,34.9464771928674],[-95.6747363794288,34.9462251919905],[-95.6749303794192,34.9460421925017],[-95.6754863791294,34.9461341922378],[-95.6764033794206,34.9466141919341],[-95.6770433794486,34.9469811927071],[-95.6774043800051,34.9470261920751],[-95.6783213802297,34.9465691924561],[-95.6784053796188,34.9464311923581],[-95.6784333800049,34.9462481919779],[-95.6786273799741,34.9457671921819],[-95.6784883798054,34.9455161922588],[-95.6780713802297,34.9451951918061],[-95.678016379455,34.9448751922815],[-95.678155379596,34.9447381922272],[-95.6788773797968,34.9446461915301],[-95.6790443803255,34.9443481921142],[-95.6792113799534,34.9440281916797],[-95.6799063806357,34.9430211917879],[-95.6800173803824,34.9429521912859],[-95.6802673802441,34.9423801917706],[-95.6803513804999,34.9417851911984],[-95.6802393797669,34.9412811912515],[-95.6801563803998,34.9410751916105],[-95.680101380526,34.9407781913522],[-95.6803513803699,34.9399541909614],[-95.6815743803454,34.938787190831],[-95.6821853807636,34.9382601906838],[-95.6825193809511,34.9380771902889],[-95.6831023810027,34.9380081906635],[-95.683325380554,34.9380311908183],[-95.6836303812229,34.9382371904486],[-95.6844093813854,34.938375190505],[-95.6846313808902,34.9383981906599],[-95.6851593810859,34.9382831907061],[-95.6861603815972,34.9376651899241],[-95.6867713811194,34.9371841901079],[-95.6876053819654,34.936360189689],[-95.6878553818175,34.935651190126],[-95.6881333820994,34.9353761899709],[-95.6885503816329,34.9351021898554],[-95.6890783817831,34.9343461899016],[-95.6891053821083,34.9339571898765],[-95.6889943823502,34.9338661892659],[-95.6886053813945,34.9338201898529],[-95.6878553816695,34.9335681890135],[-95.6876323812125,34.9334541891421],[-95.6876603816018,34.9333161890468],[-95.6877433818342,34.9330421889474],[-95.6880763819753,34.9328591894519],[-95.6886873815381,34.9329501891391],[-95.6887143819088,34.9332021891139],[-95.6889093819829,34.9335451896965],[-95.6894873818526,34.9341801893909],[-95.6880873819034,34.93732719037],[-95.6885963821332,34.9374351899499],[-95.6902113824083,34.9377801896574],[-95.6924053832861,34.9357641897427],[-95.692488382645,34.9358561895015],[-95.6925983832528,34.935901189781],[-95.6929873833027,34.9358561894775],[-95.6932933830943,34.9357181893687],[-95.6935703833527,34.9357641896865],[-95.694098383568,34.9359241898743],[-95.6952093838413,34.9361071893003],[-95.6959863839223,34.93640518957],[-95.6962083843426,34.9366551894429],[-95.6963203841553,34.9368611899819],[-95.6966523843021,34.9374111893499],[-95.697707384665,34.9374331894183],[-95.6979853840672,34.9374331894049],[-95.6982073844812,34.9375941896537],[-95.6982343848501,34.9378221894167],[-95.6980953847059,34.9379141900856],[-95.6979573846358,34.938395189879],[-95.6976783842992,34.9385551901056],[-95.6972613847479,34.9385781902913],[-95.6967873843666,34.9388071901247],[-95.6967043841212,34.9388981898453],[-95.6967043841391,34.9391501898214],[-95.6969823844585,34.9394021897842],[-95.6977593845347,34.9396311904566],[-95.6981753849568,34.9398601902471],[-95.6987873845986,34.9404091904547],[-95.6991193847063,34.9404091904387],[-95.6991193846982,34.9402941905103],[-95.6994253853858,34.9401101900704],[-95.6999253851905,34.9401101900464],[-95.7005093853063,34.9402921903507],[-95.7013693856212,34.940338189741],[-95.7025633860991,34.9398571898968],[-95.7032023860236,34.939422189511],[-95.7035913860686,34.9393071895639],[-95.7038123864263,34.9393301897188],[-95.7040343859394,34.9394681898021],[-95.7041183862652,34.9398571898218],[-95.7044513864453,34.9402231896641],[-95.7051183868096,34.9403601896795],[-95.7053673866836,34.9406121896437],[-95.7062563865397,34.9405891894353],[-95.7065053873048,34.940726189471],[-95.7070603870027,34.9412971898005],[-95.7071443873139,34.9414801901752],[-95.7072003872356,34.941801189746],[-95.707810387679,34.9422811903563],[-95.7087263878814,34.9421661903837],[-95.7096703875724,34.9418921902428],[-95.7100633878059,34.9418211896346],[-95.7108153884954,34.9416861896433],[-95.7112913880881,34.9417091897859],[-95.7116823882405,34.9418011895299],[-95.7144323889666,34.9418241895629],[-95.7146493891374,34.9418261896451],[-95.7152893891506,34.9419861898274],[-95.7161513895923,34.9425121898573],[-95.7172353894998,34.9425121898051],[-95.7174293895227,34.9427861898911],[-95.7174853903487,34.9431751899122],[-95.7175963901101,34.9433131900008],[-95.7184583905176,34.9433581893447],[-95.7185693902969,34.9437471902625],[-95.7186803900583,34.9438851894517],[-95.7188583902245,34.9439621894109],[-95.7189943902403,34.944021189438],[-95.7191473901457,34.9440881898347],[-95.7199563907977,34.9441941902067],[-95.7202503909561,34.9443941895598],[-95.7223823909002,34.9443921893644],[-95.7234563912309,34.9442191893968],[-95.7236723913614,34.9443071898634],[-95.72510139198,34.9443141892192],[-95.7253903919083,34.94453918973],[-95.7251553918345,34.9449921900303],[-95.7247863918328,34.9453191898993],[-95.7246653916497,34.9457721901941],[-95.7243543916341,34.9460201899999],[-95.7233723919563,34.9459651901988],[-95.7229673911744,34.9461501897904],[-95.7226563911611,34.9464301901786],[-95.7226603914155,34.9473981900295],[-95.7227733912642,34.9474601901965],[-95.7232613914081,34.9474091905097],[-95.7238813922626,34.9471501901796],[-95.7245013922539,34.9473971898944],[-95.7248943925101,34.9476451905656],[-95.7252033924491,34.947625190524],[-95.7255793928048,34.9477121900373],[-95.7257583921232,34.9478621897789],[-95.7259123920793,34.9479901903018],[-95.7260043927541,34.9480691903577],[-95.7259883929151,34.9481201900217],[-95.725880392441,34.9486491902373],[-95.7258163921969,34.949013190006],[-95.7257373921887,34.9498301909636],[-95.7256973921682,34.9503331908714],[-95.7256153929128,34.9510461906114],[-95.7255473925114,34.9518061907282],[-95.7254003929717,34.9529681914744],[-95.7253053931225,34.9538071916528],[-95.725102392869,34.9561561916003],[-95.7250613927941,34.9565461916723],[-95.724942392748,34.9576211919864],[-95.7248763933428,34.9584381920441],[-95.7247723930785,34.9593101919521],[-95.7246713929627,34.9603121924828],[-95.7246263927067,34.9607631926813],[-95.724603393455,34.9609911924467],[-95.7245333929691,34.9618671925382],[-95.7245173931369,34.9620141930496],[-95.7243693935678,34.9634141931237],[-95.7243473934624,34.9636321933254],[-95.7242293934718,34.9648331931778],[-95.7241293934031,34.9658451932721],[-95.7240753936326,34.9663471940336],[-95.7239853931053,34.9670361935621],[-95.7239303932982,34.9676751943714],[-95.723816393469,34.9685391939094],[-95.7236333932242,34.9706121945672],[-95.7235913931013,34.9709791944737],[-95.7235483938312,34.971345194334],[-95.7234213934264,34.9725911944716],[-95.7233723938965,34.973214195439],[-95.7232133938211,34.9746671952695],[-95.7230973939199,34.9758211956437],[-95.7230263933876,34.9766951956426],[-95.7229603939588,34.9771791955713],[-95.7229043941035,34.9777911960298],[-95.7228983938285,34.9778381955081],[-95.7228493933801,34.9781921957124],[-95.7228373937289,34.9782761960048],[-95.7227993938052,34.9788351958072],[-95.7225543943055,34.9812301960876],[-95.7224103940233,34.9826381965318],[-95.7223023944832,34.9836521967191],[-95.7222753941488,34.9839101969743],[-95.722219394294,34.9845301969038],[-95.7221633944448,34.9852271977003],[-95.7221373941533,34.9854361974854],[-95.7220793941946,34.9858991973407],[-95.7219983940897,34.9866571973655],[-95.721930394586,34.9873921972239],[-95.7217683943683,34.9887991976227],[-95.7217043941537,34.98957519848],[-95.7216483942866,34.9900221984937],[-95.7216283942701,34.9901851979475],[-95.721558394678,34.9909801987853],[-95.72148039471,34.9917071982739],[-95.7213953944119,34.9923581987408],[-95.7213123942166,34.9931481984485],[-95.7212003944779,34.9939791991564],[-95.7210533949095,34.9947351990917],[-95.7209453944426,34.9953641994404],[-95.7207673943373,34.9961411994501],[-95.720667394241,34.9967641995206],[-95.7205343944189,34.9974701998382],[-95.7201663945747,34.9993511997093],[-95.7200303946056,34.9999472003302],[-95.7202923950647,34.9999502004564],[-95.7200523948139,35.0011702002949],[-95.7198493944636,35.0021562000897],[-95.7195733943701,35.0037702010844],[-95.7194543951848,35.0043012004937],[-95.7193583952663,35.0048162009597],[-95.7192233944427,35.0053892014149],[-95.7190633951855,35.0063522010421],[-95.7189943947221,35.0068902016723],[-95.718934394676,35.0074272013565],[-95.7189043951146,35.0078642018053],[-95.7188903957456,35.0131922029695],[-95.7188273955799,35.0140022027027],[-95.7188003952445,35.0142452031628],[-95.7187753950003,35.014466202604],[-95.7187163949942,35.0149142026642],[-95.7185933955985,35.0150972030489],[-95.7184753955607,35.0156342027359],[-95.7183583955693,35.0161722033684],[-95.7183303951794,35.016301203047],[-95.7179303955978,35.0174522032959],[-95.7173623954737,35.0193552032958],[-95.7165663956228,35.0220222045046],[-95.7160763954912,35.0235402046622],[-95.7157583952131,35.0246562050853],[-95.7154873952987,35.0255292050475],[-95.7154523954823,35.025642204885],[-95.7149953950751,35.0270582057146],[-95.7147613950805,35.0279682055894],[-95.7146483952678,35.0284102053743],[-95.7142233954269,35.0295712060874],[-95.7138863951877,35.030973206263],[-95.7136433956694,35.0318042060778],[-95.71351039493,35.0322572063731],[-95.7129443948819,35.0339242062383],[-95.7126393952244,35.0352842071657],[-95.7125203951465,35.0359092073296],[-95.7122173955868,35.0373412070938],[-95.7118313948834,35.0388762080335],[-95.7114553955656,35.0407242081755],[-95.7111563952826,35.042023208077],[-95.710791395567,35.043751208958],[-95.7106813949714,35.0438772085017],[-95.7106023949274,35.0441882085151],[-95.7105553954591,35.044374209035],[-95.7104853949346,35.0447042090284],[-95.7104663949591,35.044792208607],[-95.7104453957983,35.044994208967],[-95.7104993956118,35.0450962091903],[-95.7099683954288,35.0473272090857],[-95.709639395573,35.0489012091302],[-95.7091763957992,35.050488209783],[-95.70861139581,35.0523282104631],[-95.7080553953123,35.0537972101539],[-95.7079753952139,35.0539962103779],[-95.7077143957479,35.0546542102779],[-95.7076143956277,35.0549412109799],[-95.7072543951921,35.0559362111988],[-95.7070993952469,35.0566082108425],[-95.706827395296,35.0576182108523],[-95.7067403957871,35.0580222115747],[-95.7064103949837,35.0595692112683],[-95.7061883956199,35.0615132122502],[-95.7061173950668,35.0620912120345],[-95.706102395296,35.062445212237],[-95.7061093956487,35.0628372123991],[-95.7060423953454,35.0643112122976],[-95.7059163958641,35.0652392130004],[-95.705862396084,35.0656032127685],[-95.7057943956614,35.066061213292],[-95.7053413954978,35.0682842137124],[-95.7006783956938,35.0891802173142],[-95.6997643958545,35.0930542177528],[-95.6993763959342,35.0942562185634],[-95.6990473960389,35.0952762181395],[-95.6980053955638,35.0978192190146],[-95.6979493956746,35.0979552190186],[-95.6976743955601,35.0986202192434],[-95.6972053954763,35.0997612190324],[-95.6965743960058,35.1013452195543],[-95.6965013962309,35.1015292199829],[-95.6963873954615,35.1018162197862],[-95.6956003959701,35.1036632199016],[-95.6950343958941,35.1049352203644],[-95.6948313955046,35.1053692206827],[-95.6947263960501,35.1056322202736],[-95.6943833954942,35.1064932205829],[-95.6940973957725,35.1072092213707],[-95.6932823958706,35.1088992214132],[-95.6924743953681,35.1102292218752],[-95.6920783950346,35.1108442215895],[-95.691756395421,35.1112682214505],[-95.6913593950294,35.1117202217121],[-95.6906363948286,35.1124552225015],[-95.6901363950603,35.1129632217636],[-95.6896293949681,35.1134792222958],[-95.6893633952426,35.1137512223113],[-95.6878743946439,35.1151992228736],[-95.687503394552,35.1155592224719],[-95.6856033938093,35.1174242234748],[-95.6840193942074,35.1189612236657],[-95.6834503939442,35.1195652237784],[-95.6827123939509,35.1203522242781],[-95.6815623937594,35.1214502239081],[-95.6813833935645,35.1216212246392],[-95.6812483936086,35.121750224323],[-95.6811443932893,35.121849224415],[-95.6802523933556,35.1227282246849],[-95.6800173932662,35.122961224692],[-95.6797393929859,35.1232562248736],[-95.6796573927867,35.1233422243626],[-95.6790503925627,35.1239852244843],[-95.6789453930973,35.1240962251319],[-95.6785343929498,35.1244642251025],[-95.6779203923945,35.1250152245623],[-95.6772213924061,35.1257322254164],[-95.677217392174,35.1250862251857],[-95.6771233922638,35.1244262252104],[-95.6771413921417,35.1236282251359],[-95.6771923925489,35.1214182244378],[-95.6771923925344,35.1212172241251],[-95.677331392675,35.1210752247386],[-95.6773313926706,35.1210142246124],[-95.67911139248,35.1210212239505],[-95.6793293926949,35.1209922243959],[-95.6793303927132,35.1206012242797],[-95.6793343928401,35.1197892235576],[-95.6796713931719,35.1196792238444],[-95.6801173931507,35.1194042236811],[-95.68025639329,35.1192442234613],[-95.6803403926525,35.1187402235053],[-95.6802843927386,35.1185342238632],[-95.6799223930118,35.1181682240227],[-95.6793423921734,35.1178682236513],[-95.6793443922385,35.1174842238592],[-95.6792013928019,35.1174902232446],[-95.6788823923974,35.1174872240206],[-95.6788633924119,35.1174362234589],[-95.6788633923526,35.1166122230808],[-95.6785853920411,35.1164742230004],[-95.6779443919828,35.1163372229839],[-95.6766073920399,35.1164282236648],[-95.6759503912309,35.1161692233968],[-95.6757083916923,35.1160702233216],[-95.6755773910093,35.1160162235259],[-95.6747133913734,35.1154902234968],[-95.6732093907833,35.1142312228371],[-95.6726243906158,35.1139792228895],[-95.6712323898979,35.1137502231468],[-95.6704523896805,35.1134982232088],[-95.6702013897235,35.1133842233389],[-95.6698393900033,35.113109223215],[-95.668614389809,35.1125142236062],[-95.6675833887485,35.1123312232776],[-95.6656343882589,35.1118042232549],[-95.664659388,35.1116672232547],[-95.6641023882498,35.1116672232818],[-95.6636833876997,35.1115982228056],[-95.6633493883984,35.1115982228218],[-95.6631543883404,35.1114842229492],[-95.6628483876215,35.1112322229881],[-95.6625413877654,35.1111172230747],[-95.661956387588,35.1107282230796],[-95.6609263874715,35.1105222234847],[-95.6602573870124,35.1103622233041],[-95.6590883867747,35.1105672229595],[-95.6571383863063,35.1109792232434],[-95.6564973862612,35.1110252236057],[-95.6563863865244,35.111231223256],[-95.6560793857723,35.1111622236736],[-95.6554953856428,35.1107962238439],[-95.6543533857233,35.1105212237579],[-95.6531003851694,35.1104752234878],[-95.652570384866,35.1103832237507],[-95.6522083851474,35.1101312237923],[-95.6517353847959,35.1101312238153],[-95.6511783850539,35.1102452237245],[-95.6508443848451,35.1101312238586],[-95.650510384623,35.1098332235678],[-95.6491173838652,35.1096952235416],[-95.647056383622,35.1097862233583],[-95.6465833832624,35.1096722234992],[-95.6459433831351,35.107932223011],[-95.6458873832312,35.1078642234626],[-95.6458593828271,35.1077952229674],[-95.6453583829297,35.1071542229922],[-95.6445793827257,35.1064442234331],[-95.6439103822484,35.1060322232765],[-95.6433533824767,35.1057342229965],[-95.6431863819333,35.1058262227674],[-95.6427973819092,35.1062312235507],[-95.642007382106,35.1056822233524],[-95.6657453876624,35.0944682201201],[-95.6661283843332,35.0512252118175],[-95.6551703808831,35.0414772106915]]]}},{"type":"Feature","properties":{"Precinct":"43","PCT_CEB":"610043","P0010001":"1454","P0030001":1098,"St_house":"017","St_senate":"07","Comm":"02","Uscong":"02","COUNTY_NAM":"PITTSBURG","CO_FIPS":"121","GeoID":"61121610043020701702","precinct_num":43},"geometry":{"type":"Polygon","coordinates":[[[-95.8820414089218,34.6141521209939],[-95.8820414089274,34.6142331211469],[-95.8820384097791,34.6155511219154],[-95.8820374097375,34.6156191214665],[-95.8820504094983,34.616445121938],[-95.8820614091769,34.6174211221598],[-95.8820414091782,34.6178451220067],[-95.8820684097251,34.6206411228562],[-95.8820684097266,34.6206631229755],[-95.8820684097714,34.6213081222618],[-95.8820684097777,34.6213981228315],[-95.8820634095886,34.622014122574],[-95.882064409659,34.6223601233051],[-95.8820724102192,34.6250821234272],[-95.8820744104087,34.6264751240706],[-95.8820744104184,34.626615123358],[-95.8820724103525,34.6270011241426],[-95.8820764105674,34.6274251239884],[-95.8820784106937,34.6279071238217],[-95.8820794107476,34.6280161234723],[-95.8820864104046,34.6313491249039],[-95.8820944110212,34.6348821248034],[-95.8821174113425,34.6370971257325],[-95.8820974113442,34.6375261258108],[-95.8821014106398,34.6376611257658],[-95.8821054109277,34.6391331255701],[-95.8820884110842,34.6397881262195],[-95.8820954114382,34.6402101259725],[-95.8821104113022,34.6411841261015],[-95.8821244114456,34.6468391271214],[-95.8821304119024,34.6494041280682],[-95.8821294118731,34.6496491277204],[-95.8821274119179,34.6516241283306],[-95.8821284119676,34.6516721278549],[-95.8821364123649,34.6520491282224],[-95.8821414118284,34.6539311290229],[-95.8821424119186,34.6545601284676],[-95.8821444120537,34.6551691287849],[-95.8821474122407,34.6558561291163],[-95.8821484123678,34.6570141296711],[-95.8821534127218,34.6587681299411],[-95.8821674126328,34.6610791299192],[-95.8821604123302,34.6613961302074],[-95.8821624125035,34.6625521306694],[-95.8821794126509,34.6662581313833],[-95.8821764135515,34.668272131101],[-95.8821844131487,34.670072131702],[-95.882184413157,34.6701921318621],[-95.8821834131785,34.6711651319453],[-95.8821904136364,34.6730761322897],[-95.8821904137012,34.6740051321344],[-95.8821974132451,34.6757061326484],[-95.8821984134187,34.6775281333689],[-95.8822014136281,34.6785361332738],[-95.8822054139494,34.6804811333938],[-95.8822034138607,34.6805401334275],[-95.8842374146547,34.6805421334233],[-95.8843564147772,34.6805421334176],[-95.8853984145348,34.680542133368],[-95.8927814169653,34.6805441331089],[-95.8928784169669,34.6805441331043],[-95.8940244170507,34.6805441330497],[-95.8964554173689,34.6805451329802],[-95.8992384187221,34.6805461328939],[-95.899902418937,34.6805461328623],[-95.9017614188108,34.6805571323837],[-95.9070474202229,34.6805481326144],[-95.9074684208603,34.6805481325944],[-95.9076494202611,34.6805551320106],[-95.9126224215476,34.6805491323951],[-95.9147944224455,34.6805491322917],[-95.9152134220907,34.680547132179],[-95.9184614234236,34.6805501321632],[-95.9192824237243,34.6805471319852],[-95.9195114235515,34.6805421317428],[-95.9196204241095,34.680540131645],[-95.9205384235133,34.6805511321105],[-95.92444242469,34.6805521319708],[-95.9261894256643,34.6805521318875],[-95.9272074252081,34.680552131839],[-95.929657426407,34.6805501316296],[-95.9295314259651,34.6806241314645],[-95.9294714258832,34.6806601313355],[-95.9289594264426,34.6809581316673],[-95.9274434254511,34.6818521317622],[-95.9257204256603,34.6828611317956],[-95.9251144254643,34.6832511318948],[-95.9243724252608,34.6836971318952],[-95.9213494245926,34.6854581326333],[-95.9173534238125,34.6878371332525],[-95.9166694235973,34.6882351337257],[-95.9156324232162,34.6888631331735],[-95.9150644229789,34.6891831336272],[-95.9146524227751,34.6894151335964],[-95.9138514225392,34.6899431337989],[-95.9135414225695,34.69018413418],[-95.912950423077,34.690686134068],[-95.912435422615,34.6912281340058],[-95.9120184222021,34.6917851346333],[-95.9118714225925,34.6919681341199],[-95.9118194228836,34.6920321343875],[-95.9116054228742,34.6923451345003],[-95.9114194223648,34.6926621347968],[-95.9112454224136,34.6930041344517],[-95.9106424224268,34.6943961350772],[-95.910263422003,34.695319134662],[-95.9098544219858,34.6962301354913],[-95.9097134226671,34.6965931352176],[-95.9094704222338,34.697215135249],[-95.9086504221144,34.6991481357517],[-95.908401422298,34.6997111357497],[-95.9082224221194,34.7001161356237],[-95.9077904219452,34.7011731360192],[-95.9071904220984,34.7025771363008],[-95.9069444224213,34.7031431364376],[-95.9069214222578,34.7031961361945],[-95.9063964222796,34.7044271365567],[-95.9059514215038,34.7055021368869],[-95.9055544220454,34.7064461374448],[-95.9051634219648,34.7073741372617],[-95.90447042142,34.7090261373388],[-95.904337421569,34.7093311379765],[-95.9041394214118,34.7097821381825],[-95.9041484218644,34.7102851380882],[-95.9041994217334,34.7131701385594],[-95.9052554221398,34.7131641382312],[-95.9075904225019,34.7131521384634],[-95.9082954228192,34.7131481382446],[-95.9085154231286,34.7131461381415],[-95.9085154231335,34.7132161386845],[-95.9085324230226,34.7132171387299],[-95.9085124230825,34.7144751385193],[-95.9084974233552,34.7154601391587],[-95.9084894230167,34.7159231390119],[-95.9084734232338,34.7167771389819],[-95.9085244229182,34.7170251387705],[-95.9086554235973,34.7170271388569],[-95.908752423599,34.7170281388985],[-95.9091094230676,34.7170341391593],[-95.9106264241694,34.7170541391135],[-95.9106224239957,34.7172231388444],[-95.9106794240188,34.7183331389724],[-95.9106574239154,34.7185831388571],[-95.910673423831,34.719625139436],[-95.910887423865,34.7196621393402],[-95.9108924241596,34.7205581394552],[-95.9109054239228,34.7214091401843],[-95.9109054239242,34.7214301393579],[-95.9109064239756,34.7215021399934],[-95.9148484251157,34.7214971395737],[-95.9150624251469,34.7214961395172],[-95.9151484255377,34.7214961395131],[-95.9151474255615,34.7224981400394],[-95.9151444255592,34.7244501404833],[-95.9150094255965,34.7244851403115],[-95.9146774254935,34.7245481405463],[-95.9145664257434,34.7245691397252],[-95.9143364249709,34.7245791401992],[-95.9137274255067,34.7245631403868],[-95.9132084248204,34.7245491397634],[-95.9128354246095,34.7245391402176],[-95.9128464251277,34.7246541401455],[-95.9128834250699,34.7250111404848],[-95.9128934246663,34.7254681400593],[-95.912889425425,34.7261071408663],[-95.9128894255475,34.7278561409045],[-95.9127864252678,34.7278571409557],[-95.9124074247797,34.727861141159],[-95.9118894250391,34.7278481405819],[-95.9118044246946,34.7278461404933],[-95.911146424759,34.7278621412655],[-95.9108764248284,34.727857141047],[-95.9101404248711,34.7278451405265],[-95.909826424699,34.7278461405878],[-95.9090234243338,34.7278501408114],[-95.9084504238398,34.7278161410632],[-95.9084394243011,34.7288441409952],[-95.9084464238177,34.7301471410681],[-95.9084794245316,34.7313291418327],[-95.9084814246336,34.7314611416489],[-95.9057814235319,34.7314571415927],[-95.9038994234914,34.73145514159],[-95.9031394233211,34.7314531415337],[-95.9029654233457,34.7314491422562],[-95.9026664229696,34.7314431419927],[-95.9024354230493,34.73144414205],[-95.9009954230641,34.7349051422808],[-95.9005104222474,34.7361971427672],[-95.9003334230666,34.7366821427477],[-95.8998154224273,34.7366781434866],[-95.8997814227864,34.7386331431714],[-95.8988664226229,34.7386331432152],[-95.8985814219966,34.7386271438503],[-95.8981764221005,34.738618143453],[-95.89709642148,34.7386181435046],[-95.8959274212286,34.738613143329],[-95.8859004193894,34.7385501444886],[-95.8846314189979,34.7385561439277],[-95.883686418341,34.7385341438536],[-95.8821784176568,34.7385211442231],[-95.8814494180243,34.7385131438875],[-95.8791194169936,34.7385131439989],[-95.8779974171226,34.7385021444425],[-95.8753604162462,34.7385281448729],[-95.875014416389,34.7385311450284],[-95.8731124154194,34.7385071449074],[-95.8727884156825,34.7385031447377],[-95.8709544151709,34.7385161445279],[-95.8687914146903,34.738522144909],[-95.8676494138923,34.7385181447783],[-95.8664754143075,34.7385031450393],[-95.8655624133394,34.7385321446269],[-95.8649824134206,34.7385061452495],[-95.8647154136296,34.7385081453548],[-95.8641804131019,34.7385141447589],[-95.8542954106607,34.7385731452647],[-95.8522444099766,34.7385611457064],[-95.8504694095034,34.7385811458179],[-95.8502634098434,34.7385871461055],[-95.8490554095844,34.7386171457535],[-95.8484524095,34.7386151456897],[-95.8472504086196,34.7386431461442],[-95.8470974087116,34.7385361456941],[-95.8469594086006,34.7384411457988],[-95.8451844081274,34.7384621459566],[-95.8444114082511,34.7384261461254],[-95.8421514077659,34.7383921464578],[-95.8267314040534,34.73844514695],[-95.8264734037902,34.7385881472878],[-95.8262514033878,34.7385881472984],[-95.8259744031185,34.7383821467672],[-95.8258074034727,34.7384501472256],[-95.8257954038173,34.738475146585],[-95.8247584033918,34.7384731474412],[-95.8244614031083,34.7384681472239],[-95.8123433996297,34.7384321479342],[-95.8120963998586,34.7383181471645],[-95.8121103996491,34.7388971478909],[-95.8121143998428,34.7390141479118],[-95.8120953999383,34.7401181477657],[-95.8120984001758,34.7415221480187],[-95.8121093998505,34.7424351480214],[-95.8121164002141,34.7429911485824],[-95.812126400736,34.7438211483396],[-95.8121394007459,34.7481921492651],[-95.8121504004052,34.7488841498275],[-95.811846400697,34.7488871490816],[-95.8118494008509,34.7490971498111],[-95.8118844008187,34.751143150109],[-95.8119124013567,34.7531231500494],[-95.8118904014214,34.7557691511499],[-95.8118034017001,34.7659711522544],[-95.8117904021064,34.7675351527212],[-95.811812403249,34.7820801552479],[-95.8101484025252,34.7820741559491],[-95.8010504006068,34.7821571557306],[-95.7925853983575,34.7821341568693],[-95.7877563965504,34.7821211564984],[-95.7844663959682,34.7821491570529],[-95.783439396007,34.782157156573],[-95.7827093954294,34.7821631568858],[-95.7768353937221,34.7821081573182],[-95.7763473935748,34.7821091573878],[-95.7737083935069,34.7821761579181],[-95.7735383928179,34.7821761579263],[-95.7717083924902,34.7821761580138],[-95.7595553891873,34.7821811579271],[-95.7469433861843,34.7822171583982],[-95.7421513851949,34.7822311592754],[-95.7418853845515,34.7822441589907],[-95.7336393825677,34.7822741589752],[-95.7316513821072,34.7822741590703],[-95.7310843818935,34.7822741590974],[-95.7247543806301,34.7823291601477],[-95.7246943805433,34.782296159522],[-95.724304380446,34.782325159984],[-95.7243033802906,34.7807731591738],[-95.7242993798254,34.7767871589855],[-95.7242973796337,34.7753761584082],[-95.7242923789842,34.7694231570811],[-95.7243133789477,34.7678391574862],[-95.7250473797094,34.767814157193],[-95.7256103797362,34.7677941571394],[-95.7260803799507,34.7678291569388],[-95.7265973796474,34.7678741571989],[-95.7268793801341,34.7678701570002],[-95.7272263800365,34.7678481568644],[-95.7273923805405,34.7678551571806],[-95.7274873804522,34.7678951572294],[-95.7289863807174,34.7678741570849],[-95.7358643822123,34.7678151567227],[-95.7398143837289,34.7678561566337],[-95.7401173833866,34.7677931564002],[-95.7404033831539,34.7677101561411],[-95.7409403837598,34.767493155961],[-95.7418273834894,34.766992156105],[-95.7421993836327,34.7666971559187],[-95.7419563837398,34.7622021555577],[-95.741941382329,34.7519961533715],[-95.7415923822796,34.7512441536445],[-95.7407333820243,34.7513811537333],[-95.7404553826335,34.7515421531069],[-95.7403453820353,34.7516331537281],[-95.740262382715,34.7520911533535],[-95.740290382226,34.7522511535655],[-95.7402903822437,34.7525031535418],[-95.7400963822499,34.7526401535988],[-95.7399853825209,34.7529611540771],[-95.7399303826988,34.7533961535356],[-95.7399303827212,34.7537161539623],[-95.7400133820784,34.7537851535557],[-95.740069381987,34.7539221536008],[-95.7402073821009,34.754059153642],[-95.7406523829875,34.7545631535733],[-95.7409013828579,34.7547691541059],[-95.7417893826978,34.7551801542069],[-95.7419003833584,34.7553181542956],[-95.7418173831307,34.7556611539925],[-95.7413733832556,34.7560961543689],[-95.7409853832586,34.7562341544815],[-95.7399323829888,34.7562111543661],[-95.7395713824453,34.7563491544775],[-95.7388783826821,34.756326154345],[-95.7384343818676,34.7561891543184],[-95.7380743822666,34.7562811540985],[-95.737824382398,34.7567611547505],[-95.7376863823289,34.7572651547096],[-95.7377973821094,34.7576771548939],[-95.7379643817839,34.7580201545789],[-95.738048382151,34.7590041551675],[-95.7379373824171,34.7592561551491],[-95.7378263826848,34.7595311552962],[-95.7374383818318,34.7602861551973],[-95.7362743818425,34.7607221556543],[-95.7361073822064,34.7609281553074],[-95.7359423818102,34.7617971550801],[-95.7358033816771,34.7620491559623],[-95.7355813821868,34.7622321554525],[-95.7351933821899,34.7623701555651],[-95.7346113812806,34.7623701555929],[-95.7332523811758,34.7618671557515],[-95.7322813811,34.7616841554189],[-95.7315873803703,34.7613641559247],[-95.7309773808477,34.7611811555749],[-95.7300623806566,34.7607931556408],[-95.7297013800842,34.7605181555162],[-95.7295903803246,34.7604041556393],[-95.7283143795994,34.760290155818],[-95.7273713799436,34.7604041557452],[-95.7268723793006,34.7606111554605],[-95.7263453791496,34.7607021561016],[-95.7256523793817,34.7606111555187],[-95.7256243789777,34.7605421559227],[-95.7251253792211,34.7605651561121],[-95.7249313792307,34.7607491556472],[-95.7248203785894,34.7608861557003],[-95.7249043789164,34.7612981558859],[-95.7250703794359,34.7615271556887],[-95.7253483788557,34.7617781556054],[-95.7253753792309,34.7620991560771],[-95.7252923789888,34.7622361561289],[-95.7247383793844,34.7623281559183],[-95.7240153790973,34.7618471561657],[-95.7234333790793,34.7617331563113],[-95.7229613787457,34.7613211561442],[-95.7229333783257,34.7610241558844],[-95.7230443780629,34.760818156234],[-95.7234883788421,34.760451156308],[-95.7235993785777,34.760223155639],[-95.7235433786499,34.759811155452],[-95.7234323788886,34.7596731553632],[-95.7229883780676,34.7594441555737],[-95.7222063777647,34.7592821553051],[-95.7217983777254,34.7592171559124],[-95.7215553781336,34.759016155611],[-95.7214683776539,34.7584101554366],[-95.7215453775709,34.7576031558407],[-95.721379377929,34.7570651552212],[-95.7212963776708,34.7569731554623],[-95.7200753777071,34.7569961556861],[-95.7195763770593,34.757134155804],[-95.7193273772178,34.757340155461],[-95.7191053768377,34.7576601558983],[-95.718756376872,34.7581021556949],[-95.7182713768736,34.7582431559511],[-95.717053377066,34.7585081556881],[-95.715583376347,34.7585311559238],[-95.7153623759829,34.7584171560521],[-95.7150563761608,34.7581191557592],[-95.7150563761496,34.7579591555459],[-95.7151673758884,34.757776156061],[-95.7151673758675,34.7574781557536],[-95.7155003760167,34.7574091561403],[-95.7156113766645,34.7573641558502],[-95.7157493767447,34.757020155205],[-95.7156663764689,34.7566771555161],[-95.7152783764318,34.7562421551794],[-95.715139376265,34.7560131553753],[-95.7148063760902,34.75571615513],[-95.7144453755241,34.7555331556676],[-95.7135033758987,34.7554191558304],[-95.7131143758216,34.7550751552104],[-95.7127813756612,34.7549841555096],[-95.7125873756562,34.7549611553533],[-95.7112843755064,34.7552591557228],[-95.7096753745983,34.7547331557278],[-95.7091763748401,34.7547331557516],[-95.7088993745897,34.7548011553159],[-95.7087053745993,34.7549851557503],[-95.7086773742113,34.7551451559651],[-95.7088163743733,34.7553051552724],[-95.7094823747086,34.7556941552648],[-95.7097293744983,34.756072155667],[-95.7097293745171,34.7563411555312],[-95.7095733744964,34.7566131555416],[-95.7092533749597,34.7568191561013],[-95.7088453749346,34.7569591563075],[-95.7075413738419,34.7572971558311],[-95.7069863742088,34.7576401564499],[-95.7064873744649,34.7578461561189],[-95.7058773740542,34.7578231559824],[-95.7058213741391,34.7575941561743],[-95.7051843733404,34.7570681561328],[-95.7047683738404,34.7571601559157],[-95.704407373316,34.7575721561225],[-95.7044073733833,34.7585331565497],[-95.7047403735823,34.7591741565341],[-95.7048243739012,34.7594711567912],[-95.7048243739381,34.7599981569094],[-95.7051013742124,34.7602721569918],[-95.705794373982,34.7603871568872],[-95.706238373915,34.7607761568901],[-95.7062383739342,34.7610501569857],[-95.706127374197,34.7612561566362],[-95.7054903743521,34.7615081566428],[-95.7049633741931,34.7614861565487],[-95.7045743741192,34.7611881571592],[-95.7042413739283,34.7606621571032],[-95.70346537299,34.7602961563824],[-95.7027443728293,34.7602961564168],[-95.7025223733309,34.7603641568778],[-95.7016903725241,34.7604331565149],[-95.7015243729311,34.7605931567361],[-95.7014403726699,34.7611201568583],[-95.7014133732372,34.7614171571208],[-95.7015793728559,34.761623156758],[-95.7023843733404,34.7619891574774],[-95.7024673735986,34.7620811572364],[-95.7024393732155,34.7623101570485],[-95.7021063730742,34.7624931574433],[-95.7015523734715,34.7626081573982],[-95.7014133733207,34.7626081574048],[-95.7008673731846,34.7626521576695],[-95.7002163726594,34.7624611569512],[-95.6995563726253,34.762402156949],[-95.699079372108,34.7626771571137],[-95.6987593725948,34.7632201579879],[-95.6984393721681,34.7635601575572],[-95.6980313721337,34.7635661578545],[-95.6977013720955,34.7632341577873],[-95.6977153717544,34.761936157045],[-95.6977173718266,34.7616421569227],[-95.697778371467,34.7546401555867],[-95.7028053725702,34.7547291558703],[-95.7029323730579,34.7546451555724],[-95.702907372789,34.7545191560351],[-95.7022473727163,34.7539081556565],[-95.7019423729482,34.7537191559136],[-95.7018153724149,34.7531511557018],[-95.7016123719809,34.7529611559078],[-95.7002143718957,34.7528811558679],[-95.6977813713841,34.75146915536],[-95.6978253712377,34.7459221548407],[-95.6978913701815,34.7384941526662],[-95.6978913701613,34.7382041527292],[-95.6978703690452,34.7233011498079],[-95.6979253689102,34.710596147925],[-95.6979543668026,34.6868711439353],[-95.6981063665459,34.6852781430175],[-95.6979863646953,34.661103138882],[-95.6979993646394,34.6516211369353],[-95.7067333667687,34.6515661366726],[-95.7067693658179,34.6397311345988],[-95.706778366033,34.6368151335864],[-95.7067863652549,34.6332141332341],[-95.7068493649543,34.6256541321395],[-95.7068763652877,34.6253731317184],[-95.7071713642958,34.6212891305731],[-95.7069953640519,34.6187481307441],[-95.7069103644492,34.6164751298293],[-95.7067553644202,34.6159601302737],[-95.7067333637591,34.6081581287699],[-95.6980603617615,34.6082201293528],[-95.6959873609578,34.6082371293387],[-95.6894853589125,34.6082851291707],[-95.6894283588835,34.6070761289544],[-95.6894233594997,34.6063341287741],[-95.6894183592061,34.6054431288897],[-95.6894303588227,34.6048561286905],[-95.6894203592373,34.6045531290512],[-95.6894203592337,34.6045001283959],[-95.6894203592128,34.6041991288487],[-95.6894373590968,34.6041261290653],[-95.6894813593344,34.6040641288906],[-95.689105358985,34.6040661290009],[-95.6891043588316,34.602519128421],[-95.6890683588453,34.6008481283966],[-95.6894933583278,34.5944651269204],[-95.6895463580367,34.5937281269688],[-95.6927143592591,34.593731126958],[-95.6930633592555,34.5937271267563],[-95.6950633593732,34.5937291267544],[-95.6951873597275,34.5937281267022],[-95.6979213606068,34.5937041263611],[-95.6986443608606,34.5937101266047],[-95.6998603605947,34.5937211261572],[-95.7004183612909,34.5937311265938],[-95.7023633615554,34.5937251262241],[-95.702704361181,34.5937241261617],[-95.7031823617632,34.5937131256298],[-95.7097923634248,34.5937261259192],[-95.7120303637871,34.5937241257208],[-95.7130513643701,34.5937241256725],[-95.7247793677488,34.5937211249791],[-95.7303323689552,34.5937181245776],[-95.7308573690197,34.593719124599],[-95.7344213697199,34.5937221245694],[-95.7358913704399,34.5937191243609],[-95.7361953701485,34.5937191243465],[-95.7391413709676,34.5937181241609],[-95.7420223714705,34.5937161239321],[-95.7437473723248,34.5937171238968],[-95.7447473728333,34.5937201239884],[-95.7448403726494,34.593720123984],[-95.7451333727466,34.593712124499],[-95.7453873728346,34.5937171238192],[-95.7468973727114,34.5937121244156],[-95.7478873736555,34.5937161236547],[-95.749168373705,34.5937171236404],[-95.7500593736549,34.5937141234593],[-95.7507843740006,34.5937101241392],[-95.7529663744641,34.5937141233218],[-95.7531263746889,34.5937071238895],[-95.753421374879,34.5937031236903],[-95.7570033755144,34.593707123706],[-95.7596043765225,34.5937081236293],[-95.7597233766452,34.5937101237163],[-95.7601313766797,34.5937081236043],[-95.7603493768965,34.5937061235014],[-95.7652233780908,34.5937041231782],[-95.7699173790317,34.5937011228173],[-95.7765133809408,34.5936971223199],[-95.7831573823774,34.5936881224881],[-95.7840753826804,34.5936911225836],[-95.7842973830823,34.5936841222489],[-95.7853543826365,34.5936851222452],[-95.7876623835464,34.5936811219508],[-95.7879853832365,34.5936811219355],[-95.7894273844565,34.5936791217746],[-95.7899343845858,34.5936831219358],[-95.7900403841054,34.5936821218845],[-95.7920193850467,34.593676121513],[-95.7924443849704,34.5936761214929],[-95.7928703849403,34.5936751214265],[-95.7992193861862,34.5936661216085],[-95.805758388149,34.5936581209286],[-95.8063703886505,34.5936571208533],[-95.8066553883776,34.5936641211639],[-95.8069483884751,34.5936631211037],[-95.8118243897608,34.5936501211703],[-95.8122243903238,34.593652121244],[-95.8122663895737,34.5936531212883],[-95.8152253909945,34.5936441207315],[-95.8157623907159,34.5936431206597],[-95.8195323919744,34.593639120296],[-95.8242003926078,34.5936331206965],[-95.8250083932053,34.5936321206119],[-95.8262583936154,34.5936301204601],[-95.827016393693,34.5936321205168],[-95.8278873936144,34.5936281202904],[-95.8286423944521,34.5936271202083],[-95.8289473942069,34.5936281202402],[-95.829040394023,34.5936281202358],[-95.8298103946568,34.5936261201067],[-95.8301353944396,34.593625120045],[-95.8309093943597,34.5936241199621],[-95.8336683954992,34.5936201196462],[-95.8337113956946,34.5936201196442],[-95.833738395148,34.5936201196429],[-95.8337633954081,34.5936201196417],[-95.833951395133,34.5936201196328],[-95.8341153955437,34.593620119625],[-95.8342253952488,34.5936191195735],[-95.8345273957637,34.5936191195592],[-95.8350003961145,34.5936181194905],[-95.8351033954951,34.5936181194856],[-95.8356263963659,34.5936171194146],[-95.8359053958142,34.5936171194014],[-95.835932396167,34.5936171194001],[-95.8359773964552,34.593617119398],[-95.8360073960477,34.5936171193965],[-95.8360383956867,34.5936171193951],[-95.8361023959565,34.5936161193457],[-95.836153396523,34.5936171193896],[-95.8362113965146,34.5936171193869],[-95.8363123958024,34.5936161193358],[-95.8364263965923,34.5936161193303],[-95.836532396112,34.5936161193253],[-95.8366633958917,34.5936161193191],[-95.8366883961516,34.593616119318],[-95.8367213958833,34.5936151192701],[-95.8367373966253,34.5936151192694],[-95.8368603960339,34.5936151192635],[-95.8370793962971,34.5936151192531],[-95.8372133962159,34.5936151192468],[-95.8372323961977,34.5936151192459],[-95.8373053959856,34.5936141200955],[-95.8374113964046,34.5936141200905],[-95.8374523965072,34.5936141200885],[-95.8374833961462,34.593614120087],[-95.8375153967308,34.5936141200855],[-95.837561396166,34.5936141200833],[-95.8376023962687,34.5936141200814],[-95.8376383961395,34.5936141200797],[-95.8376723968168,34.5936141200781],[-95.8376983962239,34.5936141200769],[-95.8377313968549,34.5936141200753],[-95.8377633965402,34.5936141200738],[-95.8377983963646,34.5936141200721],[-95.8378313960963,34.5936141200706],[-95.8378583964491,34.5936151192162],[-95.8428533978578,34.5936171190723],[-95.8456903981167,34.5935991190038],[-95.8461873986813,34.5935991189802],[-95.8485923995924,34.5935971187737],[-95.84880739967,34.593594119524],[-95.849189399398,34.5935921194132],[-95.8502163993596,34.5935961186505],[-95.8513663996285,34.5935891191712],[-95.8554074008632,34.5935851187946],[-95.8562284011633,34.5935741191457],[-95.8583734017098,34.5935891188393],[-95.8606924022289,34.5935721188416],[-95.8643834034205,34.5935661183889],[-95.86576440361,34.5935631181846],[-95.8669724038714,34.5935701184514],[-95.8671074038367,34.5935721185377],[-95.8685364044528,34.5935601179143],[-95.8686554045752,34.5935581178161],[-95.8710234046705,34.5935681181669],[-95.8718244049427,34.5935601177585],[-95.8742774062802,34.593548117986],[-95.8758214059348,34.5935481179128],[-95.8790444070077,34.5935491178064],[-95.8811104074858,34.5935361180059],[-95.8819944080101,34.5935341178714],[-95.8820034078726,34.5985031186073],[-95.8820174086165,34.5998691188995],[-95.8820234080573,34.6007611188297],[-95.8820204090718,34.6044281195384],[-95.8820334091382,34.6096571206206],[-95.882034409205,34.6099531208354],[-95.8820304091066,34.6112071204395],[-95.8820424089091,34.6133021212093],[-95.8820414089218,34.6141521209939]]]}},{"type":"Feature","properties":{"Precinct":"44","PCT_CEB":"610044","P0010001":"691","P0030001":529,"St_house":"017","St_senate":"07","Comm":"01","Uscong":"02","COUNTY_NAM":"PITTSBURG","CO_FIPS":"121","GeoID":"61121610044020701701","precinct_num":44},"geometry":{"type":"Polygon","coordinates":[[[-95.3826083163479,35.1332572409833],[-95.3812203157728,35.1324512406059],[-95.3803323159221,35.1319202403459],[-95.3801303155396,35.131811240705],[-95.3799043158419,35.1316892404634],[-95.3787113153239,35.1309822410629],[-95.3785703150742,35.1308982407779],[-95.3782043151695,35.1306422406343],[-95.3776723147521,35.1302602409603],[-95.3773473149452,35.1299352403181],[-95.3771353149901,35.1297122407955],[-95.3766283148217,35.1291762402856],[-95.3761813147459,35.1287522404616],[-95.3761463149189,35.1287182406878],[-95.3759193142749,35.1285882400759],[-95.3756113143706,35.1284512400431],[-95.3753893139602,35.1283452405421],[-95.3751883145268,35.128282240333],[-95.375016314641,35.1282402401954],[-95.3746453145149,35.1281292404701],[-95.3741793144942,35.128219240163],[-95.3739813143078,35.1282572401333],[-95.3737523135828,35.1282912399199],[-95.3737023139625,35.1282992402927],[-95.3733683137652,35.1283492408252],[-95.3731033140617,35.1282862406192],[-95.3728063137679,35.1281452404006],[-95.3726433133943,35.1280202400172],[-95.3725253133067,35.1278632399485],[-95.3724123134373,35.127516240076],[-95.3721443135285,35.1265322403963],[-95.372081313286,35.1262692399139],[-95.3718923134635,35.1255622395653],[-95.3717883131106,35.1251932395732],[-95.3717523132265,35.1250092400491],[-95.3716433135387,35.1246072394286],[-95.3713833131038,35.1236542393852],[-95.3712313132086,35.123086239175],[-95.3711173132858,35.1226412392619],[-95.3699323123057,35.1228572394273],[-95.3687613119757,35.1230842401014],[-95.3683683117421,35.1231612400882],[-95.3676083115795,35.1232892397559],[-95.3665243116838,35.1234732402336],[-95.3664383112941,35.1234912401718],[-95.3652233116227,35.1237352398364],[-95.3650853115201,35.1237632402401],[-95.3640593107168,35.1239462397693],[-95.3636143107698,35.1240252398513],[-95.3630253104411,35.1241202397815],[-95.3623153107977,35.1242352397444],[-95.3622403109179,35.1242492403962],[-95.3616453103117,35.1243562399831],[-95.3604423102955,35.1245712401031],[-95.3603533097665,35.1245872399489],[-95.3602983099141,35.1245912401367],[-95.3593113100126,35.1246712402911],[-95.3585293097238,35.1247252401312],[-95.3582923095259,35.1247422400304],[-95.3579213094096,35.1247682403529],[-95.3578293096401,35.1247742406351],[-95.3569073091571,35.1248722407204],[-95.3561433088059,35.1249582402425],[-95.3557683094055,35.1250132410085],[-95.3524963078893,35.1255382411923],[-95.3523733084815,35.1255542410397],[-95.3514813075956,35.1257142412961],[-95.3496533073777,35.1259972409974],[-95.3495113070909,35.1260432413354],[-95.3495063077549,35.1259942408656],[-95.3495073078002,35.1259792410705],[-95.349513307136,35.1253792411698],[-95.3495083076486,35.1232202410352],[-95.3495003072324,35.1225892405992],[-95.3495013068556,35.1166882389838],[-95.3495013068397,35.1164662394973],[-95.3494773065829,35.1158652395517],[-95.3495313061833,35.1129922387323],[-95.3494933060707,35.1109132387059],[-95.3494703064318,35.1057372373833],[-95.3494643060635,35.1044802367422],[-95.349468306226,35.1041582371222],[-95.3494813058407,35.1029182372674],[-95.3494673057325,35.09791523586],[-95.3494693057909,35.0974342360731],[-95.3494723049962,35.0969522353405],[-95.3494683055063,35.0941062348745],[-95.3494663053467,35.0931722347986],[-95.3494633051017,35.0916932346708],[-95.3494653051869,35.0915872351589],[-95.3494543046713,35.0915112343387],[-95.3494583045578,35.0873312341622],[-95.3494433044574,35.0830792333511],[-95.3494163023507,35.058526228814],[-95.3493043025422,35.058380228355],[-95.3493503028602,35.0581482284032],[-95.3493373022169,35.0575812282324],[-95.3493283026733,35.0572242287911],[-95.349307302514,35.0560362286473],[-95.3493063023785,35.0547862283298],[-95.3493283024383,35.0539302282667],[-95.3493303025278,35.0538852279818],[-95.3493303025252,35.0538482280674],[-95.3493313025689,35.0538102281066],[-95.3493303024921,35.0533842281682],[-95.3493313025239,35.0531792276701],[-95.3493743013098,35.0460232264012],[-95.3493743013084,35.0460042264209],[-95.3493863017172,35.0439332258625],[-95.3493863017139,35.0438872264307],[-95.3494443006724,35.0293822230519],[-95.3494443006669,35.0293052230841],[-95.3823593090572,35.0293212213396],[-95.3884883109042,35.0293222210905],[-95.4007063136424,35.0293242205941],[-95.4158553174075,35.0293272200025],[-95.4189603184103,35.0293272198528],[-95.4245143196713,35.0293282196312],[-95.4375133235531,35.0293262189117],[-95.446735325845,35.0293252184205],[-95.4540333279438,35.0293242180221],[-95.4544753277572,35.0293242180007],[-95.4546733279463,35.0293242179912],[-95.4679013316542,35.0293132177429],[-95.4679413317106,35.029313217741],[-95.4740003330071,35.0293062171245],[-95.4740863333981,35.0293062171203],[-95.4758803338571,35.0293052169874],[-95.4810543345813,35.0292992173592],[-95.4940023378934,35.029285216086],[-95.5060773411894,35.0292732158467],[-95.5065253412809,35.029273215825],[-95.5077333415437,35.0292712156741],[-95.5077453421002,35.0292712156736],[-95.507744342002,35.0285462153818],[-95.5077403417039,35.0269672151209],[-95.5077403416931,35.0268162153243],[-95.507738341516,35.0256342154577],[-95.5077383415082,35.0255252149077],[-95.5077383414987,35.0253912149989],[-95.5077173405815,35.0135742128736],[-95.5077033403123,35.0062872118395],[-95.5077043402991,35.0054512109049],[-95.5077003400752,35.0049132111772],[-95.5076923393969,35.0005972101009],[-95.5078723396468,35.0005452103826],[-95.5083793397638,35.0003682102571],[-95.5086013401598,35.0002742103909],[-95.5088053397216,35.0001882099967],[-95.5091933397156,35.0000052104984],[-95.5096323402714,34.9997572097869],[-95.5098693404553,34.9995452098527],[-95.510217340383,34.9992232102161],[-95.510656340039,34.9989682100798],[-95.5109923403212,34.9988092098966],[-95.511354340019,34.9987712099185],[-95.5120503408156,34.9987142099438],[-95.5121963403886,34.998669209652],[-95.5122463409053,34.9986232102178],[-95.5123073410385,34.9986542098514],[-95.5123833409647,34.9986402100989],[-95.5126383410935,34.9985622100726],[-95.5134553411876,34.9982442096992],[-95.5140373411879,34.9981002092993],[-95.5143843410874,34.9980332097779],[-95.5150533415203,34.9978242099617],[-95.5160633415623,34.9973772090024],[-95.5165583420183,34.997145209029],[-95.517043342016,34.9969902090238],[-95.5177873423278,34.9967532088069],[-95.518248342113,34.99661520959],[-95.5189573426034,34.9964212095671],[-95.5197173427581,34.9961882086352],[-95.520886342984,34.9958102090643],[-95.5212763430756,34.9956962091633],[-95.5218033432169,34.9954642091884],[-95.5220303429448,34.995360208859],[-95.5223533426278,34.9952542084323],[-95.5232143429712,34.9950422084679],[-95.5239643435612,34.9948042082044],[-95.5248813438023,34.994573208257],[-95.5261683441066,34.9942252082707],[-95.5275643440707,34.9938892079353],[-95.5289413449553,34.9935952077469],[-95.529089344622,34.9935632080568],[-95.5291613443626,34.9935482082582],[-95.5293743443496,34.9935722084598],[-95.5295333445374,34.993696207898],[-95.5298503448651,34.9939212084074],[-95.530229345368,34.9941172084705],[-95.5305263447618,34.9942522084113],[-95.5308563447846,34.9943592079535],[-95.5310723449167,34.9944672084468],[-95.5312263448754,34.9946302078922],[-95.5314123454251,34.9948812078131],[-95.5317453456075,34.9952752080524],[-95.5322123457239,34.9958802081619],[-95.532891345806,34.9968622086287],[-95.5334113456869,34.997532209047],[-95.5339263462378,34.9982392084807],[-95.5341463465643,34.9984702083733],[-95.5345313464595,34.9988552090928],[-95.5345753467068,34.998931209012],[-95.5349673469466,34.999596209205],[-95.5350753465888,35.0000122086751],[-95.5352863465211,35.0005702093188],[-95.5355133472074,35.001297208793],[-95.5356943466454,35.0018222097089],[-95.5428223488985,35.0010682086298],[-95.5428123485441,35.0026042086991],[-95.542857348844,35.0027672090491],[-95.5429163489128,35.0031972091697],[-95.5429053493167,35.0034042088616],[-95.5428453492503,35.0036582089333],[-95.5428223490965,35.003847209591],[-95.5428123486504,35.0040952093825],[-95.542960349284,35.0050122095633],[-95.5430663488624,35.0058352098907],[-95.5431183495199,35.0064622101394],[-95.5429853496819,35.0069472101178],[-95.5426773491331,35.0103812108426],[-95.5426543492019,35.0136912112086],[-95.5426643497221,35.0144832110046],[-95.5427933498491,35.0206492122919],[-95.5521313539669,35.0339012147539],[-95.5521053539851,35.0384442155487],[-95.5519763537802,35.0437812162375],[-95.5428363525242,35.0553502190123],[-95.5426633527949,35.0581412196375],[-95.5426603526609,35.0582122193276],[-95.5426863532758,35.0625222201238],[-95.5427113537434,35.0654212203437],[-95.542955353365,35.0653832203712],[-95.5429573534717,35.0655782204061],[-95.5431193540457,35.0691502212014],[-95.5431063535096,35.0700832212313],[-95.5430893537615,35.0720502214702],[-95.5430863536442,35.0723552221016],[-95.5430703538312,35.0727692223842],[-95.5430933541359,35.0746872221512],[-95.5430943542747,35.0759752224286],[-95.543093354245,35.0762082224244],[-95.5431133543024,35.0766162224275],[-95.5431313542541,35.076843223044],[-95.5433433542452,35.0775712225648],[-95.5435343541574,35.0782382228599],[-95.5435673548167,35.0786322231136],[-95.5432373551732,35.0838162239221],[-95.5428143544668,35.0841562243958],[-95.5428393551069,35.0894552251155],[-95.5429003555715,35.0941062255095],[-95.542999356182,35.1012932273023],[-95.5429993562117,35.1017062275379],[-95.5429223572842,35.1162632297162],[-95.5429443576174,35.1192162306371],[-95.5429993580148,35.1267882322697],[-95.5430113590175,35.1454722348595],[-95.5373043578584,35.1454892359241],[-95.5272303547295,35.1455172359115],[-95.5255883550259,35.1455422362495],[-95.5253383542236,35.1455362359838],[-95.5250483542652,35.145543236322],[-95.5220093536257,35.1455412363772],[-95.5215843537015,35.1455412363978],[-95.5197683531236,35.1455712360764],[-95.5171383525666,35.1455802366209],[-95.5169073526446,35.1455642367907],[-95.5168353520014,35.1455332362582],[-95.5075803499806,35.1455602370587],[-95.5076893508058,35.161742239818],[-95.5076983513115,35.1629662398296],[-95.5077163512692,35.1632742405988],[-95.5077173513422,35.1636432405958],[-95.5077163513736,35.1647222401897],[-95.5076983515163,35.1658052408691],[-95.5076823517406,35.1667332406674],[-95.5076403517744,35.169268241124],[-95.5076393517335,35.1693442410455],[-95.5076153516218,35.1707572417151],[-95.507575351839,35.1745472427195],[-95.5076543525922,35.1840582441903],[-95.5076773528722,35.1856182444688],[-95.5076883525356,35.1863462448986],[-95.5078673536345,35.1986792466161],[-95.5078493539873,35.2026632476076],[-95.4905623499998,35.2026692487279],[-95.4839163475602,35.2026712482451],[-95.4777033463175,35.202706249269],[-95.4749073452567,35.2027212492003],[-95.4743173457824,35.2028332490185],[-95.472690344984,35.2029762494232],[-95.4611883421622,35.2027812499486],[-95.4588403411889,35.2027412500096],[-95.4553413407961,35.2026892504705],[-95.4551973404132,35.2026872503849],[-95.45517734003,35.1977752495972],[-95.4551753399131,35.1974412494221],[-95.4551733397713,35.1967632486088],[-95.4551533393643,35.1915192477384],[-95.4551453397819,35.1899862478097],[-95.4550603394113,35.1896262473342],[-95.4551023394076,35.187511247437],[-95.4550783391537,35.1869542468309],[-95.4550913396943,35.1860912473442],[-95.4550923388367,35.1860262470327],[-95.4550963390053,35.1857922469905],[-95.4550843393273,35.185504247147],[-95.4550883394829,35.185090246865],[-95.4550793390423,35.1847682463464],[-95.4550763388959,35.1846672470664],[-95.4550543387137,35.1838182464309],[-95.4550513394697,35.18376124649],[-95.4550403389474,35.1835912467137],[-95.4550423389716,35.1826422468431],[-95.4550383387664,35.182369245895],[-95.4550263390429,35.1814502465147],[-95.4550033387962,35.1803512459958],[-95.4550093389854,35.1791172455205],[-95.4549843386174,35.1776212455069],[-95.4549903387261,35.1752712446237],[-95.4550823384366,35.1744472451401],[-95.4550763380879,35.1734702448728],[-95.4550423376675,35.1645632434835],[-95.4550253374999,35.1606972425598],[-95.4550253374775,35.1603872425964],[-95.4536253373031,35.1603822424329],[-95.4525873368412,35.1605422426966],[-95.452471336856,35.1605192425367],[-95.451598336841,35.1605342423742],[-95.4502923365277,35.1605092421796],[-95.4488763356106,35.1604962425458],[-95.4484293355646,35.1604862430039],[-95.44823233542,35.160460242709],[-95.4481683360478,35.1604402426854],[-95.4463233350217,35.1604382426825],[-95.4458673354583,35.1604382427047],[-95.4457173347965,35.1604282431483],[-95.4446183350913,35.1604252430628],[-95.4431183338754,35.1604042430627],[-95.4425613341237,35.1603902433409],[-95.4424873342878,35.1603702433179],[-95.4379613330355,35.1603612431211],[-95.4378553326162,35.1603592430336],[-95.4337363322513,35.1603392432071],[-95.4297553310909,35.1603102438564],[-95.4236103293999,35.1602942434142],[-95.4210773288422,35.1602812438346],[-95.4202193286231,35.1602912443393],[-95.4201983285485,35.1602912443403],[-95.4201653279175,35.1602912443419],[-95.4140993271912,35.1602632442394],[-95.4140743269316,35.1602692445185],[-95.4023603232791,35.1602032447296],[-95.401100323302,35.1602032447908],[-95.3936833210771,35.1601882453557],[-95.3936833210744,35.1601512454413],[-95.3937083212142,35.1584802445172],[-95.3937113213382,35.1582712447332],[-95.3937163215467,35.1579452449281],[-95.3937093211902,35.1575022451024],[-95.3937233208727,35.1565662449336],[-95.393719321568,35.1563082446799],[-95.3937143213075,35.155911244286],[-95.3937203206539,35.1554582439967],[-95.3937293210402,35.155027244726],[-95.3937693209503,35.1529942441281],[-95.3937723210732,35.1527682435569],[-95.3937883208108,35.1513072433628],[-95.3937183210994,35.1504402436947],[-95.3936663204603,35.1500752429859],[-95.3935813209898,35.1497252429733],[-95.3934903203465,35.1494402432724],[-95.3931833204442,35.1486872434978],[-95.3931253204422,35.1485452432214],[-95.392660320386,35.1474972432863],[-95.3923243200328,35.146670242785],[-95.3920623204266,35.1460252426126],[-95.3919343198658,35.1457372427746],[-95.3914363200727,35.1446172422054],[-95.3908083196311,35.1432802423876],[-95.3906343196317,35.1429462422207],[-95.3901753189881,35.142365242323],[-95.3898573195018,35.141985241832],[-95.3892393186676,35.141245241775],[-95.3888773189356,35.140810242337],[-95.3882953188735,35.1400972417298],[-95.3875433181088,35.1391982415124],[-95.3868903183444,35.1383872417672],[-95.3867403176684,35.1381792411375],[-95.3865893178439,35.1379512413806],[-95.3863843182043,35.1376012413737],[-95.3857563177703,35.136368240975],[-95.3855453178468,35.1359392409081],[-95.3853693177575,35.1356452407946],[-95.3849973175628,35.1352252411522],[-95.384365316985,35.1345732406736],[-95.3841603173531,35.1343302411241],[-95.3838093172422,35.1340392411579],[-95.3831563166038,35.1335802406228],[-95.3826083163479,35.1332572409833]]]}},{"type":"Feature","properties":{"Precinct":"46","PCT_CEB":"610046","P0010001":"748","P0030001":580,"St_house":"018","St_senate":"07","Comm":"03","Uscong":"02","COUNTY_NAM":"PITTSBURG","CO_FIPS":"121","GeoID":"61121610046020701803","precinct_num":46},"geometry":{"type":"Polygon","coordinates":[[[-95.7709714088751,35.0133101996159],[-95.7705444087499,35.011793199549],[-95.7701114083808,35.0107551991764],[-95.7698394083163,35.0101791995014],[-95.769391408169,35.0093941991517],[-95.7690254082435,35.0088391995542],[-95.7685164079727,35.0081561994333],[-95.7682244078938,35.007772198756],[-95.7677494074121,35.0072431994681],[-95.7669014075958,35.0063871985487],[-95.76645540667,35.005995199307],[-95.7659534067437,35.0055891985206],[-95.7656274068964,35.0053401986993],[-95.7651104062771,35.0049731988199],[-95.7645034068785,35.0045831987794],[-95.7639684063263,35.0042501986764],[-95.7633404059546,35.0038711982468],[-95.7629834064695,35.0036381982684],[-95.7618674059303,35.0029781983424],[-95.7613294052389,35.0026451982396],[-95.7601674052613,35.0019421981236],[-95.7594064050098,35.0014601983277],[-95.759015404848,35.0012371988139],[-95.7588184046985,35.0011381987365],[-95.7586304049678,35.0010601987316],[-95.7583194049247,35.0009211986064],[-95.7581304042492,35.0008561983042],[-95.7576424040898,35.0006891986898],[-95.7570944038456,35.0005181979939],[-95.7564274043792,35.0003611979519],[-95.7562334043727,35.0003171986221],[-95.755749403505,35.0002281981223],[-95.7554454037942,35.0001971985004],[-95.7548334032883,35.0001411986352],[-95.754405403224,35.0001241987682],[-95.7540244035415,35.0001181985088],[-95.7535724032643,35.0001101981603],[-95.7523984027815,35.0001241988653],[-95.752167402861,35.0001261989691],[-95.7509474029406,35.0001071981484],[-95.7505714025909,35.0001051989734],[-95.750334402392,35.0001031988922],[-95.7500204022195,35.0001011988148],[-95.7495714020824,35.000107198215],[-95.7484504022592,35.0001271982959],[-95.7482124020137,35.0001221989753],[-95.7472894014771,35.0001031990396],[-95.7463334012097,35.0000951987154],[-95.7457444008747,35.0000901985124],[-95.7444684010572,35.0000991989908],[-95.7430674008376,35.000090198642],[-95.7426014008099,35.0000751988693],[-95.7423324000237,35.0000361988754],[-95.7420914005332,34.9999581988731],[-95.7419864001581,34.9999241991026],[-95.741594399949,34.999688198987],[-95.7414134005369,34.99952619869],[-95.7412124001917,34.9992851992329],[-95.7408834001855,34.9987581991313],[-95.7417634004932,34.9983101990314],[-95.7424354001573,34.9979871984336],[-95.7431904000673,34.9975831985782],[-95.7433494002383,34.9974731988736],[-95.7439144003276,34.9970281980286],[-95.7441744006776,34.996804198437],[-95.7444164010912,34.9965651981518],[-95.7445574004244,34.9964111982096],[-95.7449714006972,34.9958471981576],[-95.7453244008391,34.9952811980159],[-95.7458164011182,34.9945271981566],[-95.7465464007102,34.9933111975803],[-95.7467684010877,34.9929611975529],[-95.7469074012214,34.9927221972727],[-95.7472814014409,34.9922001973685],[-95.7479994013771,34.9910041968194],[-95.7480624015932,34.9908981973046],[-95.7485014012198,34.990237197257],[-95.7489164015327,34.9895841966817],[-95.7493634015258,34.9888601964149],[-95.7498034011962,34.9881631964991],[-95.75001240187,34.9878101963334],[-95.7507274016724,34.9866881965126],[-95.7511864013229,34.9859671963841],[-95.7512554018171,34.9858601959234],[-95.7513234013655,34.9857521963159],[-95.7521434015266,34.9844331954631],[-95.7529714020574,34.9830961955751],[-95.7537284020012,34.9818661952487],[-95.7547204020257,34.9802801946163],[-95.754913401961,34.9799761949214],[-95.7557464027301,34.9787301947498],[-95.7558054027618,34.9786411942236],[-95.756015402584,34.978306193992],[-95.7563584022634,34.9777581937848],[-95.7568274023756,34.9770091941581],[-95.757401402851,34.9761261937182],[-95.757693402869,34.9756581936201],[-95.7579184024823,34.9752521936978],[-95.7581644030637,34.9747651936216],[-95.7583734028199,34.9741551932483],[-95.7584544029548,34.9738171937833],[-95.7585184023064,34.9735501931097],[-95.7586024025655,34.9730031929614],[-95.7585974023247,34.9728781934695],[-95.758603402589,34.9726831934343],[-95.7586004023354,34.9710771928234],[-95.7585994022428,34.9704291924996],[-95.7585934028377,34.9700611925491],[-95.7585834023207,34.9693151921851],[-95.7585794021162,34.969048192414],[-95.7585664023495,34.968162192763],[-95.7585324023738,34.9653901921287],[-95.7585034018141,34.9637871916579],[-95.758491402142,34.9635781918746],[-95.7584784023916,34.9629211911347],[-95.7584924021333,34.9628051911593],[-95.7595224022343,34.962803191017],[-95.7597624025722,34.9628021909591],[-95.7605384025861,34.9628111913383],[-95.7613884024345,34.9628201908147],[-95.7629364031746,34.9628141913614],[-95.7645664032206,34.962805190866],[-95.7645354036328,34.9635241908812],[-95.7645464032575,34.9637191909157],[-95.7646224031866,34.9637461912628],[-95.7646544037716,34.9637511914927],[-95.76476940371,34.9637691914212],[-95.7650204036586,34.9637691914091],[-95.7654864036852,34.9637691913866],[-95.7658574038027,34.9637671912761],[-95.7660264035436,34.9637341915387],[-95.7660324038212,34.9637251911217],[-95.7660904038072,34.963644190966],[-95.7661224043597,34.9631941908145],[-95.7661104037747,34.9627941911815],[-95.7660964039891,34.9622931913689],[-95.7660954039169,34.9619291907041],[-95.7686744048054,34.9619361909036],[-95.7693704047062,34.9619391910089],[-95.7695304049316,34.9619401910475],[-95.7717964056944,34.9619501905017],[-95.771794405521,34.9608191902988],[-95.7717934054452,34.960405190017],[-95.7717874051501,34.960170189929],[-95.7725274052939,34.960187189781],[-95.7729174053935,34.9601901899011],[-95.7734914059322,34.9601951901049],[-95.7751234060716,34.9601981901649],[-95.7760554061242,34.9601911897958],[-95.7772714067565,34.9601841903123],[-95.7784884065358,34.9601781899757],[-95.7790174067856,34.9601731897187],[-95.779124407251,34.9601721896673],[-95.7806274077021,34.9601561897532],[-95.78106240719,34.960152189547],[-95.7820554082718,34.9601311894261],[-95.7826844077624,34.9601181896931],[-95.7832814084679,34.960117189618],[-95.7838694087564,34.9601211897748],[-95.7857684086859,34.9601071899342],[-95.7896194101051,34.9601021895167],[-95.7913294102641,34.9601021894341],[-95.7921894105773,34.9601271896507],[-95.7925384105764,34.960160189363],[-95.7926514104221,34.9601801893842],[-95.7927764108173,34.9601011893179],[-95.7991574126522,34.9601211890363],[-95.8005994129719,34.960098188801],[-95.802495412764,34.9601091883194],[-95.8024534132655,34.9566191877184],[-95.8066634142458,34.956619187515],[-95.8066824144855,34.960236188601],[-95.8066594144954,34.9627221894862],[-95.8066584145427,34.9640351891223],[-95.8066564146193,34.9664091893176],[-95.8066434150027,34.9676281899981],[-95.8066484145734,34.9709661907579],[-95.8066514148854,34.9733891914229],[-95.8066474159266,34.9779751915076],[-95.8088134156474,34.9779621917003],[-95.8087694165655,34.981611192472],[-95.8066634160293,34.9816171928516],[-95.806642416214,34.9852461935956],[-95.8076614167467,34.9858411932148],[-95.8073854165543,34.986068192946],[-95.8070804159377,34.9865951930783],[-95.8069684161676,34.9869841931074],[-95.8069964166109,34.9876021938395],[-95.8071074164066,34.9882201936681],[-95.8072744160816,34.9885631933526],[-95.8074134162454,34.9887461937245],[-95.8074414166577,34.9889291941019],[-95.8075804168165,34.9890431939773],[-95.8077754168875,34.9893411942749],[-95.8078864166457,34.9894331940323],[-95.8087494172073,34.990989194085],[-95.808777416712,34.991057194534],[-95.8092224167147,34.9917671941094],[-95.8093054170123,34.992408194105],[-95.8092784176161,34.9932091943191],[-95.8090834176089,34.9938041948963],[-95.8088884175855,34.9941701947638],[-95.8083884169176,34.99467419474],[-95.8083604174357,34.9949251946711],[-95.8083884169846,34.9956121950004],[-95.8086104174296,34.9962071946581],[-95.8086944177327,34.9962761951507],[-95.8087224172472,34.9964821947943],[-95.8089164172668,34.9967101954483],[-95.8094734179341,34.9969621953974],[-95.8098624180117,34.9973051950711],[-95.8099184179221,34.9974661953278],[-95.8098904175622,34.9980151955659],[-95.8096404176829,34.998335195105],[-95.8088054176921,34.9991821956892],[-95.8084444171619,34.99950319528],[-95.8083054170236,34.9996771961481],[-95.8078784170373,35.0001011960141],[-95.8077704174249,35.0001011960194],[-95.8077974178066,35.0005061958831],[-95.8079094176175,35.0006871961638],[-95.8084934177513,35.0011221955909],[-95.8086604174068,35.0011911960794],[-95.8093834177093,35.0018771963287],[-95.8095224178731,35.0020601958014],[-95.8095224179239,35.0027701962975],[-95.8089384178949,35.003800196349],[-95.8084654175732,35.004212196561],[-95.8079924181198,35.0041891964184],[-95.8052114168135,35.0035711967191],[-95.8044604170356,35.0032271970166],[-95.8039874166517,35.0027691965193],[-95.8034864167435,35.0019681963308],[-95.8034594163743,35.0017391965217],[-95.8033754160681,35.0016251966437],[-95.8033474165568,35.0014651964319],[-95.8031814160303,35.0011441959674],[-95.8029304160653,35.0009161962153],[-95.802596415855,35.0007781961376],[-95.8020394161002,35.0007091965673],[-95.8002874157921,35.0007091966521],[-95.7999264152277,35.0005521965953],[-95.7999264151954,35.0001011963992],[-95.7999854152124,34.9998071962745],[-95.8002004152631,34.9994271957578],[-95.8005234158215,34.9989901961942],[-95.8007484154372,34.9986181960474],[-95.8009734150574,34.9983101961659],[-95.8009334158837,34.9980761961258],[-95.8007374157731,34.99787319573],[-95.8001104154727,34.9978411960774],[-95.7993944146469,34.9978741958413],[-95.7988854153364,34.9980441956427],[-95.7982584150476,34.9981741962959],[-95.7976614143484,34.9982631959488],[-95.797083414536,34.9984331957536],[-95.7967604148631,34.9986761962279],[-95.7966534144342,34.9991861964628],[-95.7967914145721,34.9996551965864],[-95.7970564143026,35.0001011965382],[-95.7962544140094,35.0004721966666],[-95.7959764146193,35.0006401963642],[-95.795476413922,35.0007321961513],[-95.7954204140181,35.0006631965567],[-95.7948364139089,35.0005741969611],[-95.7946134143546,35.0005061965216],[-95.7947874143008,35.000101196648],[-95.7947874142713,34.9996891964589],[-95.7947594138605,34.9995251960619],[-95.7938424135939,34.9993881960587],[-95.7925904130805,34.9992501960254],[-95.792062412875,34.9992271967847],[-95.791644413284,34.9993421967333],[-95.7912554132425,34.9995021969653],[-95.790921413057,34.9997111967653],[-95.7906434127564,34.999723196435],[-95.7902804130235,34.9999151963486],[-95.7902594129623,35.0001011968673],[-95.7903814132547,35.0005311969845],[-95.7901554126801,35.0007171966138],[-95.7896034122751,35.0008911966025],[-95.7889344127395,35.0010641965506],[-95.7883424122794,35.0012541972821],[-95.7880154124271,35.0015831972416],[-95.7876174119924,35.0020821969813],[-95.7880754125677,35.00236819761],[-95.7892894131303,35.0026831968467],[-95.7905234128118,35.0028601968879],[-95.7914154137129,35.0029311974339],[-95.7921124136655,35.0030081973678],[-95.7930704140457,35.0032981972582],[-95.7937174143839,35.0034641968184],[-95.7942654137334,35.0037011969727],[-95.7948084146677,35.004189197057],[-95.7949914141888,35.004579197118],[-95.794693413885,35.0049401976583],[-95.7941004142854,35.0052361970022],[-95.7929494139945,35.0055931973986],[-95.7924344135137,35.0058641973799],[-95.7918034139569,35.0062481981019],[-95.790970413147,35.0069211978248],[-95.7907404132959,35.0072431983548],[-95.7905414130872,35.0076131984077],[-95.7900364130869,35.0081191984768],[-95.7895594134882,35.0086581982736],[-95.7891414130258,35.0091641983385],[-95.7889214127449,35.0095671981216],[-95.7887394133304,35.0100181983265],[-95.7884964129013,35.0106881987812],[-95.7882794128349,35.0121451987992],[-95.7885434133929,35.012235199356],[-95.7894414136673,35.0122271989421],[-95.7906714140548,35.0122931992402],[-95.791168413701,35.0120241984531],[-95.7916564138532,35.0120901987871],[-95.7927204146557,35.0124251989571],[-95.7933744144072,35.0124241988791],[-95.7937844145106,35.0120871985452],[-95.7938724149318,35.011214198592],[-95.7945264146545,35.0108101987415],[-95.7952584153396,35.0110111981195],[-95.7954244149583,35.0112121984242],[-95.7961664151838,35.0110771984332],[-95.7968194148841,35.0110091979513],[-95.7973954155247,35.0111421986851],[-95.7979614157161,35.0114771979798],[-95.8000994159668,35.0118781984554],[-95.8004214165197,35.0120121983485],[-95.8005094161231,35.0122801981617],[-95.8000214160238,35.0129531987671],[-95.8000994161063,35.0138261987122],[-95.8005104163234,35.0144301987775],[-95.8014174170638,35.0151011992227],[-95.8019054172881,35.0161751994607],[-95.802159417424,35.0168461990382],[-95.8029564175297,35.017096198883],[-95.8032094175738,35.0171341988314],[-95.8034634176681,35.0172241993887],[-95.8037924176454,35.0173461996251],[-95.8039124178176,35.0173921990511],[-95.8032914178493,35.0181131991873],[-95.8028734173714,35.0184011990517],[-95.8027064177421,35.0186981993205],[-95.8026784173627,35.0189731994634],[-95.80281741752,35.0190651992194],[-95.802789417129,35.0191792000022],[-95.8033184173988,35.0194541992187],[-95.8033184174939,35.0207811995026],[-95.8034014177506,35.0208501999952],[-95.8035404179308,35.0212622001776],[-95.8033454179138,35.0217191997616],[-95.8032904180842,35.0220402002368],[-95.803123417554,35.0223142003401],[-95.8027054179745,35.0225892005019],[-95.8025664178385,35.0227952001535],[-95.8026504172488,35.0229552003626],[-95.8027614179079,35.0230702002856],[-95.8026774176311,35.0233672005504],[-95.8022884176076,35.0237792007584],[-95.8015094174896,35.0242602005825],[-95.8011194174066,35.0244882003655],[-95.8009804172722,35.024717201082],[-95.8008694175552,35.0251982008738],[-95.8007024170233,35.0254502008579],[-95.800730417447,35.025793200549],[-95.8010644176688,35.0260912008399],[-95.8012034178392,35.0263652009283],[-95.8010364173155,35.0267312007944],[-95.8010364173713,35.0275092008416],[-95.801147418037,35.0277152013804],[-95.8015084177024,35.0278762016223],[-95.801870417396,35.0277842009426],[-95.8021214182276,35.0275552011201],[-95.8021764180753,35.0274872015664],[-95.8027054183123,35.027304201162],[-95.8033454183107,35.0272582007999],[-95.8040684185839,35.0275332009064],[-95.8048194183339,35.0274872014382],[-95.8052374188209,35.0273272012048],[-95.8058214189236,35.0273272011765],[-95.8066174189499,35.0271152012152],[-95.8066214192752,35.0290662016106],[-95.8066564196776,35.0371252024065],[-95.8066974199252,35.0391462033429],[-95.8066964202011,35.0436372035245],[-95.8066954203986,35.0470342043173],[-95.8067054210412,35.0495262045785],[-95.8067324209852,35.0563552059841],[-95.8067944224055,35.0736472097675],[-95.8067394228373,35.0776002102238],[-95.8067724225712,35.0776302098125],[-95.8068534227376,35.0777332100807],[-95.8069024223164,35.0777952102508],[-95.8069494227029,35.0778732102625],[-95.8069714229761,35.0799882101555],[-95.8069584233105,35.0805152102735],[-95.806943422659,35.0811282107759],[-95.8069364232987,35.0820312112145],[-95.8069394234614,35.0823592111116],[-95.8069464229464,35.0831882108214],[-95.806928423214,35.0860082118802],[-95.8069594238298,35.0870842122326],[-95.8071704237219,35.0870802120372],[-95.8136964250861,35.0870872111444],[-95.8177284259066,35.0870922111796],[-95.8247934279839,35.0870922108358],[-95.8324334297466,35.0870942105565],[-95.832945430115,35.0871962107574],[-95.8347904302392,35.087194210575],[-95.8423144329177,35.0872002104865],[-95.8427924325953,35.0871162101715],[-95.8438014326224,35.0871242095934],[-95.8598594371535,35.087150209116],[-95.8598494366824,35.087049208937],[-95.8598074374247,35.0869392092422],[-95.8597854372977,35.086853208859],[-95.8597874373653,35.086505208935],[-95.8602004366115,35.0848252084763],[-95.8602804363822,35.0800782081312],[-95.8600584368782,35.0800662075864],[-95.860046436313,35.0799442082339],[-95.8598784364931,35.0782382074989],[-95.8599214366891,35.0782452078209],[-95.8642814374392,35.078363207676],[-95.864253438051,35.0799122074469],[-95.8642544381044,35.0800092074412],[-95.8642534380591,35.0800252072826],[-95.8642704382017,35.0835442083259],[-95.8655644379519,35.0835032081633],[-95.8686844387461,35.0834962076873],[-95.8687184396854,35.0871302086579],[-95.8731114401567,35.0871052081858],[-95.8774684416579,35.0870972085026],[-95.8774914420665,35.0904442087767],[-95.8774684420371,35.0923552091193],[-95.8774624418861,35.0941202098961],[-95.8774534423893,35.0944142100182],[-95.8819164434103,35.0944102096156],[-95.8863234445324,35.0944062092156],[-95.886483444785,35.0947862097138],[-95.8875454447446,35.0971892093995],[-95.8879664454424,35.0980232102197],[-95.8885244453398,35.0994252103507],[-95.8887264457475,35.0998892102392],[-95.8892304458319,35.1011962104711],[-95.8893724461556,35.1016662106404],[-95.8895584457877,35.1016642105388],[-95.8898184462211,35.1025972105543],[-95.8899964464366,35.1033572106584],[-95.890197445935,35.1043242104523],[-95.8902944459671,35.1047462110994],[-95.8903864466827,35.1053912112793],[-95.8905404467215,35.1066622116602],[-95.8908194466625,35.1134812125875],[-95.8908644470819,35.1152962129784],[-95.8908904474501,35.1161522130378],[-95.8909254473605,35.1173412132253],[-95.8909654475002,35.1184952135908],[-95.890989447769,35.1192572137948],[-95.8910664478296,35.120463213868],[-95.8910914473129,35.1221582141002],[-95.8911464481935,35.1239382146689],[-95.8912214481525,35.1250202143971],[-95.8913354481229,35.1261222150495],[-95.8914194484693,35.1267902144959],[-95.8916574479104,35.1281082152499],[-95.8920354484629,35.1296332156881],[-95.8925744483973,35.1312902159344],[-95.8928234492014,35.1319662157431],[-95.8931134492106,35.1326662157617],[-95.893200448763,35.1328662160237],[-95.8934404491408,35.1334192164335],[-95.8937064489276,35.1339972162008],[-95.8940184490517,35.1346142159729],[-95.8942874498721,35.1351262162816],[-95.894616449879,35.1356572165679],[-95.8950824499681,35.136522216123],[-95.895600449774,35.1374342169522],[-95.8971514508454,35.1400872173959],[-95.8976754509332,35.1410492169424],[-95.8984034506095,35.1422982171758],[-95.8987214510092,35.1428782179324],[-95.8993784509827,35.1440212177583],[-95.8995344510434,35.1443122177334],[-95.8999694514896,35.1451222174416],[-95.8998694513525,35.1451722179627],[-95.9000824513641,35.1455392178564],[-95.9006654514941,35.146557218194],[-95.9005344517194,35.1466262177976],[-95.8999824522214,35.1469022180122],[-95.8995524520866,35.1471892178308],[-95.8987824514896,35.1477022182366],[-95.897982451299,35.1482022189414],[-95.8971814510621,35.1487022187469],[-95.8965484514106,35.1490542188867],[-95.8951954506237,35.1477232184848],[-95.8920954496361,35.1446722185763],[-95.8890734486687,35.1416232178571],[-95.8861114480046,35.1415982177438],[-95.8855934473502,35.1413892179854],[-95.8853424474178,35.1416122175302],[-95.8851474473867,35.141869217747],[-95.8850214478573,35.1421242178678],[-95.8849504472874,35.1424652183703],[-95.8848764474822,35.142868218146],[-95.8848674479728,35.1429872182599],[-95.8848324472842,35.1434722182329],[-95.8847844478476,35.1447332181605],[-95.8847464478934,35.144863218785],[-95.8846444476694,35.1449952186061],[-95.8845454475811,35.1450782188563],[-95.8844024472481,35.1451232182487],[-95.8841804477465,35.1451442183324],[-95.8807604465298,35.1451492187311],[-95.8794354462374,35.145135219047],[-95.8768414455549,35.1451542191541],[-95.8750064449961,35.1451672189463],[-95.8731724444808,35.1451402195845],[-95.8709934441586,35.1451722193738],[-95.8692694433502,35.1451692193192],[-95.8687604440276,35.145169219344],[-95.8666214428601,35.1451702194948],[-95.8649314427282,35.145154219736],[-95.8645174424159,35.1451652193661],[-95.8640044420094,35.1451782199931],[-95.86205244142,35.1451792201347],[-95.8610144418483,35.1451932199343],[-95.8604434414496,35.1452002193869],[-95.8601134414335,35.1451842195616],[-95.8600144413388,35.1451792202343],[-95.858929441386,35.1451912199435],[-95.8586094409355,35.1451902199129],[-95.8568224408027,35.1451872198613],[-95.8563794400439,35.1451832196977],[-95.8550144396954,35.1451732202007],[-95.8526284396638,35.145172220271],[-95.85160743908,35.1451622198579],[-95.8514484389002,35.1451492201631],[-95.851271438783,35.1451082200722],[-95.8510284391957,35.1449752202217],[-95.8506324387994,35.1447172199875],[-95.8503584386704,35.1445382198074],[-95.850270439083,35.1444942204727],[-95.8502084389052,35.1444872201516],[-95.8501284387932,35.1444952205259],[-95.8499164388573,35.1445342205432],[-95.8495114389728,35.1446882204982],[-95.8490834380237,35.1448712199984],[-95.8487654385773,35.1450372205047],[-95.8484894383767,35.1451482202613],[-95.8482974384676,35.1451692203436],[-95.8472344377348,35.1451582207856],[-95.8457664380067,35.1451642202358],[-95.8449794374822,35.1451482204328],[-95.8437384374902,35.1451692205663],[-95.8384074357862,35.1451762211507],[-95.8372494351456,35.1451822205857],[-95.8358554352515,35.1451822206538],[-95.8355664353389,35.1451772213358],[-95.8314574336487,35.1452162215434],[-95.829598433773,35.1451972216538],[-95.8284004330757,35.1451982217586],[-95.8273774332992,35.1451982218085],[-95.8255114321997,35.1451812211126],[-95.8244214320133,35.1451712216022],[-95.8227354320678,35.1451712216845],[-95.8223244318936,35.1451682215656],[-95.8199344307756,35.1451482216557],[-95.8125124292292,35.145148222018],[-95.809932428294,35.145137222534],[-95.8076414281711,35.1451382226922],[-95.807125427625,35.1451452221421],[-95.8069554278355,35.1451482222893],[-95.8030604261721,35.1451272224065],[-95.8011544259149,35.1451022222413],[-95.800326426188,35.1451022222817],[-95.7973274247083,35.1451002232349],[-95.7963224248675,35.1451072227087],[-95.7936124242011,35.1451292229602],[-95.7926844243328,35.1451202234881],[-95.7918024238997,35.1451122231607],[-95.789504423452,35.1451122232728],[-95.7885794228239,35.1451092231791],[-95.7871134222883,35.1451052230655],[-95.7856374221882,35.1451012238516],[-95.7850784223451,35.1450962236475],[-95.7836034213915,35.1450832231175],[-95.7798914210225,35.145101224132],[-95.7786384204718,35.1450932238228],[-95.776557419296,35.1451032234879],[-95.7747644188841,35.145094224058],[-95.7727714190914,35.1451052237652],[-95.7719734189572,35.145108223943],[-95.7719444184912,35.144825224332],[-95.7718824182654,35.1441532237999],[-95.7718444182398,35.1432952236484],[-95.7718214180044,35.1423532232044],[-95.7718154184857,35.1404192235969],[-95.7718164184203,35.1388732230669],[-95.7718194176188,35.1383012226647],[-95.7718244177593,35.1370372225999],[-95.7718244176212,35.1351262222582],[-95.771829417819,35.1346542219892],[-95.7718384172708,35.1337372218017],[-95.7718314176506,35.1310392218962],[-95.7718244172384,35.1298272215415],[-95.7718314174297,35.1279802205652],[-95.7718334174741,35.1273112210681],[-95.7718344174928,35.1269282204231],[-95.7718344174742,35.1266702210688],[-95.7718354175012,35.1264022203521],[-95.7718514172808,35.1255282203565],[-95.7718614168076,35.1250072205164],[-95.7718594166966,35.1247552205407],[-95.7718494170338,35.1233922203896],[-95.7718484169791,35.1232762204151],[-95.7718404165512,35.1224882199056],[-95.7718274167739,35.1214672194008],[-95.7718244165079,35.1197082198012],[-95.7718274164766,35.1173472193097],[-95.7718294165493,35.117068218983],[-95.7718364168053,35.1161172190201],[-95.7718384159777,35.1158262190371],[-95.7718244161848,35.1152302184239],[-95.7717954165458,35.1139442182414],[-95.7717504161608,35.1126012181187],[-95.7716864158434,35.111944218281],[-95.7716124159539,35.1111802179865],[-95.7714144156434,35.1094932172333],[-95.7712974155416,35.1084952177983],[-95.771219415427,35.1071822172675],[-95.7712164152851,35.1071422172144],[-95.7711254154617,35.1057562169017],[-95.7711524157605,35.1050082164437],[-95.7711854154248,35.1040722162746],[-95.7712004151674,35.1033272168555],[-95.7712064154251,35.1030422162507],[-95.7713384151808,35.1020652159773],[-95.7713774151567,35.1015922165595],[-95.7714974152355,35.1003422162378],[-95.7716004154651,35.0996432162461],[-95.771650415041,35.099020215279],[-95.7716964153365,35.0984782153642],[-95.7717074149379,35.0983482156402],[-95.7717244147931,35.097878215463],[-95.7717534151801,35.0970662156392],[-95.7717784153747,35.0961582149682],[-95.771777415262,35.0952362145496],[-95.7718284148749,35.0944832147583],[-95.7718264147791,35.0944422146588],[-95.7718084147988,35.093818214548],[-95.7717694146908,35.0924572144908],[-95.7717704147249,35.0922862146677],[-95.7717724147782,35.0917392145236],[-95.7717734147821,35.0911482141411],[-95.7717744148207,35.0910412145831],[-95.7717754148524,35.0908372141315],[-95.7717794140864,35.0901122138401],[-95.7717624141203,35.0890412137185],[-95.7717514144606,35.0883622137589],[-95.771745414134,35.0876902132239],[-95.7717514143805,35.0872502135368],[-95.7717534144671,35.0871632131061],[-95.7717864140186,35.084660213233],[-95.7717954143937,35.084072212989],[-95.7718294141274,35.083456213246],[-95.7718404137244,35.0832652124964],[-95.7718274139852,35.0827702129619],[-95.771807413924,35.0823102123502],[-95.7717934141499,35.0819742129825],[-95.7717854137119,35.0810432121475],[-95.7717814134885,35.080515211984],[-95.7718024135168,35.079872211891],[-95.7718134140022,35.0795302122443],[-95.7718324138994,35.0783532117099],[-95.7718164140258,35.0779242116339],[-95.7717854134256,35.0770622112966],[-95.7717944138171,35.0767032117622],[-95.7718034133185,35.0764712118125],[-95.7718044133416,35.0761482112474],[-95.7718024132282,35.0758602114034],[-95.7718224131754,35.0747352114778],[-95.7718304135159,35.0743102115858],[-95.771833413642,35.0741292112996],[-95.7717954135707,35.0726312111947],[-95.7717864131288,35.0722902106959],[-95.7717764135381,35.0719242108384],[-95.7716854128689,35.0712792106582],[-95.771613413099,35.0708852104067],[-95.7715254125878,35.0705022106652],[-95.7714864125615,35.0702742100037],[-95.7714584130552,35.0701852103811],[-95.7712554125877,35.0695332098822],[-95.7711364124481,35.0692972106528],[-95.7710814125875,35.069186210013],[-95.7709244124663,35.0686982099102],[-95.7707584128455,35.0684672100153],[-95.7703964122008,35.067839209736],[-95.7698664127434,35.0670032097273],[-95.7696064123438,35.0665362097025],[-95.7692334120865,35.0658832100649],[-95.7691324118897,35.065750209308],[-95.7689704124407,35.0653292096095],[-95.7688934115498,35.0650772096373],[-95.768782411776,35.0647682097257],[-95.7687504120653,35.0644152095717],[-95.768740411558,35.0638082093483],[-95.7687784115079,35.0636172094967],[-95.7689204117636,35.0631422090819],[-95.7691744118065,35.0625172089116],[-95.7693634115562,35.0622132092168],[-95.769618411668,35.0619022091949],[-95.7699484116575,35.0615472089308],[-95.7707614124286,35.0607282087447],[-95.7713454124799,35.0600122088418],[-95.7714234124883,35.0598512085786],[-95.7715324121276,35.0595792085706],[-95.7716004125693,35.0593872086713],[-95.7717484122082,35.0589712082899],[-95.7718014119498,35.0587172082187],[-95.7718364126563,35.0584762078511],[-95.7718444121028,35.0581262078341],[-95.7718534124899,35.0577042080809],[-95.7718494122951,35.0575752084039],[-95.7718364125603,35.0571402080499],[-95.7718374116924,35.0569312082661],[-95.7718424118486,35.0558782080773],[-95.7718454119649,35.0555592076972],[-95.7718534122839,35.0548352074518],[-95.7718404116532,35.0544482075215],[-95.7718434117719,35.0541632078162],[-95.771845411845,35.0538892077209],[-95.7718364122849,35.0533042076165],[-95.7718374113865,35.0526702070418],[-95.7718474117703,35.0515562067264],[-95.7718524119227,35.0504502067818],[-95.7718334118428,35.0490832064456],[-95.7718354119099,35.0487252060585],[-95.7718414111997,35.0474832061125],[-95.7718644112619,35.04601920578],[-95.7718644112393,35.0457042055852],[-95.7718644111994,35.0451482059237],[-95.7718494113632,35.0445922053636],[-95.7718464112153,35.0444702060107],[-95.7718474112542,35.0443642055996],[-95.7718674111587,35.0426412049671],[-95.7718674111329,35.0422812053869],[-95.7718654110204,35.0420052051992],[-95.771856411449,35.0412622049743],[-95.7718604107135,35.0409592053349],[-95.7718634108292,35.0406332046307],[-95.7718784105003,35.0388872047322],[-95.771869410898,35.0377122042915],[-95.7719084108741,35.0372402040206],[-95.7720234107687,35.0366472044391],[-95.7722404108792,35.0358092043015],[-95.7722944106715,35.0356142042639],[-95.7723474104177,35.0354242044579],[-95.7726564112066,35.0347142039468],[-95.7730244111327,35.0339822033135],[-95.7736134104813,35.0327732030683],[-95.7737404109562,35.0325122035688],[-95.7742254108924,35.0315062028347],[-95.7743724113853,35.0311032030551],[-95.7744724106066,35.030822202631],[-95.7745204110253,35.0307012033218],[-95.7746274105619,35.0302902031738],[-95.7747144109622,35.0297752027083],[-95.77476341051,35.0294042026164],[-95.774815411095,35.0290162026366],[-95.7748554111166,35.0285312026631],[-95.774857411168,35.0279542029285],[-95.7748404112618,35.0277152026559],[-95.7748264105989,35.0275242028068],[-95.7747514106796,35.0269862021837],[-95.7746694104403,35.0265122027253],[-95.7746424109762,35.0263632021235],[-95.7744034106166,35.0254142022648],[-95.7742794102284,35.0249422020017],[-95.7740964106819,35.0241992017852],[-95.7738634106142,35.0234392016833],[-95.7738084098503,35.0232712020018],[-95.7737224103401,35.0230112016595],[-95.7737104097801,35.0229622020895],[-95.7736454103446,35.0227042018388],[-95.773546410222,35.0223102015886],[-95.7731964100912,35.0210862015937],[-95.7730984100185,35.0207422009603],[-95.7728634098607,35.0200182007266],[-95.7728194096075,35.0198602015075],[-95.7725124096809,35.0187572008174],[-95.7723354095276,35.0182132008207],[-95.7722034096621,35.0176622004977],[-95.7721544091735,35.0174542007626],[-95.7721114089672,35.0173022009219],[-95.7713724086825,35.0146692004626],[-95.7711384085671,35.0138902003805],[-95.7710784084684,35.0136902001169],[-95.7710474088215,35.0135792003752],[-95.7709714088751,35.0133101996159]]]}},{"type":"Feature","properties":{"Precinct":"47","PCT_CEB":"610047","P0010001":"1199","P0030001":966,"St_house":"017","St_senate":"07","Comm":"02","Uscong":"02","COUNTY_NAM":"PITTSBURG","CO_FIPS":"121","GeoID":"61121610047020701702","precinct_num":47},"geometry":{"type":"Polygon","coordinates":[[[-95.7421513851949,34.7822311592754],[-95.7469433861843,34.7822171583982],[-95.7595553891873,34.7821811579271],[-95.7717083924902,34.7821761580138],[-95.7735383928179,34.7821761579263],[-95.7737083935069,34.7821761579181],[-95.7763473935748,34.7821091573878],[-95.7768353937221,34.7821081573182],[-95.7827093954294,34.7821631568858],[-95.783439396007,34.782157156573],[-95.7844663959682,34.7821491570529],[-95.7877563965504,34.7821211564984],[-95.7925853983575,34.7821341568693],[-95.8010504006068,34.7821571557306],[-95.8101484025252,34.7820741559491],[-95.811812403249,34.7820801552479],[-95.8117904021064,34.7675351527212],[-95.8118034017001,34.7659711522544],[-95.8118904014214,34.7557691511499],[-95.8119124013567,34.7531231500494],[-95.8118844008187,34.751143150109],[-95.8118494008509,34.7490971498111],[-95.811846400697,34.7488871490816],[-95.8121504004052,34.7488841498275],[-95.8121394007459,34.7481921492651],[-95.812126400736,34.7438211483396],[-95.8121164002141,34.7429911485824],[-95.8121093998505,34.7424351480214],[-95.8120984001758,34.7415221480187],[-95.8120953999383,34.7401181477657],[-95.8121143998428,34.7390141479118],[-95.8121103996491,34.7388971478909],[-95.8120963998586,34.7383181471645],[-95.8123433996297,34.7384321479342],[-95.8244614031083,34.7384681472239],[-95.8247584033918,34.7384731474412],[-95.8257954038173,34.738475146585],[-95.8258074034727,34.7384501472256],[-95.8259744031185,34.7383821467672],[-95.8262514033878,34.7385881472984],[-95.8264734037902,34.7385881472878],[-95.8267314040534,34.73844514695],[-95.8421514077659,34.7383921464578],[-95.8444114082511,34.7384261461254],[-95.8451844081274,34.7384621459566],[-95.8469594086006,34.7384411457988],[-95.8470974087116,34.7385361456941],[-95.8472504086196,34.7386431461442],[-95.8484524095,34.7386151456897],[-95.8490554095844,34.7386171457535],[-95.8502634098434,34.7385871461055],[-95.8504694095034,34.7385811458179],[-95.8522444099766,34.7385611457064],[-95.8542954106607,34.7385731452647],[-95.8641804131019,34.7385141447589],[-95.8647154136296,34.7385081453548],[-95.8649824134206,34.7385061452495],[-95.8655624133394,34.7385321446269],[-95.8664754143075,34.7385031450393],[-95.8676494138923,34.7385181447783],[-95.8687914146903,34.738522144909],[-95.8709544151709,34.7385161445279],[-95.8727884156825,34.7385031447377],[-95.8731124154194,34.7385071449074],[-95.875014416389,34.7385311450284],[-95.8753604162462,34.7385281448729],[-95.8779974171226,34.7385021444425],[-95.8791194169936,34.7385131439989],[-95.8814494180243,34.7385131438875],[-95.8821784176568,34.7385211442231],[-95.883686418341,34.7385341438536],[-95.8846314189979,34.7385561439277],[-95.8859004193894,34.7385501444886],[-95.8959274212286,34.738613143329],[-95.89709642148,34.7386181435046],[-95.8981764221005,34.738618143453],[-95.8985814219966,34.7386271438503],[-95.8988664226229,34.7386331432152],[-95.8986214221007,34.7393091439481],[-95.8983244227713,34.7400841438713],[-95.8977894223379,34.7414321442548],[-95.8977664221747,34.7414911442896],[-95.8974724220836,34.742243144047],[-95.8970474222332,34.7432861446933],[-95.8969014217853,34.7436761447704],[-95.896720422419,34.7441621447974],[-95.8964354218527,34.7450121445951],[-95.8960804225405,34.7459131449588],[-95.896035422261,34.7460361452598],[-95.8958864225745,34.7464421451786],[-95.8957514217357,34.7468081450433],[-95.8953974224712,34.7477281453873],[-95.8947174216422,34.7495511452868],[-95.8940634220142,34.751305146487],[-95.8936384221735,34.7524861463279],[-95.8933974218331,34.7531101464518],[-95.8932014217729,34.753619146645],[-95.8926774218573,34.7550761466786],[-95.8920024221567,34.7568581473776],[-95.8916494220425,34.7578241471533],[-95.8914874217545,34.758249147053],[-95.8911344216372,34.7591711474895],[-95.890710421839,34.7602951482886],[-95.8900954213066,34.7618361477191],[-95.8897844213276,34.7626051482643],[-95.8893554212897,34.7636181484211],[-95.8892334219478,34.7639071483175],[-95.8887334213345,34.7651941485731],[-95.8886294219255,34.7654491486931],[-95.8884234214015,34.7659571488405],[-95.8877724219018,34.7675571492057],[-95.8872694211411,34.7687241493014],[-95.8867404218847,34.7700631501673],[-95.885107421081,34.7740491504324],[-95.8847984211914,34.7747701505538],[-95.8845694214013,34.7753031509605],[-95.8842104210053,34.7762171510268],[-95.8836754214723,34.7775781511128],[-95.8832464214365,34.7786201517129],[-95.8824304215069,34.7806051519246],[-95.8819814214406,34.781614151897],[-95.8817454213197,34.7820591527263],[-95.8816794209658,34.7821841522216],[-95.8813334211491,34.7827631520656],[-95.880635421236,34.7838991525341],[-95.8799594205379,34.7849421531922],[-95.8795054211214,34.7856991531887],[-95.8793964205761,34.7858811535264],[-95.8793084210022,34.7860291531883],[-95.8781044201643,34.7879751534117],[-95.8774824201648,34.7889201540265],[-95.8770384203015,34.7895181538556],[-95.8768534207331,34.7897661536554],[-95.876008420291,34.7907981538124],[-95.8745614198651,34.7925961543896],[-95.874535419561,34.7926291550194],[-95.873341420053,34.7941051550655],[-95.8721734190485,34.7955211550302],[-95.8712684194287,34.7966581555549],[-95.8702664189134,34.7978721560519],[-95.8691354187244,34.799274156266],[-95.8679664185771,34.8007491562645],[-95.8669614188227,34.8019731563254],[-95.8667204184567,34.8022311565908],[-95.8646944182108,34.8047471571636],[-95.864100417697,34.805490157418],[-95.863992418094,34.8056251573783],[-95.8628874182072,34.8069661574648],[-95.8623264174216,34.807660158147],[-95.8612434176559,34.8090041583715],[-95.8603774171415,34.810067158166],[-95.8593444169927,34.811357158586],[-95.8585324171792,34.8123551589658],[-95.858380417337,34.8125241587037],[-95.8575604171571,34.8135861593492],[-95.8570844167069,34.8141511594505],[-95.8567514165809,34.8145471598144],[-95.8559424169055,34.8155301594997],[-95.8548874166383,34.8168551597424],[-95.8542814164659,34.8175781599707],[-95.8541764161023,34.8177061605061],[-95.8534054163869,34.8186391605725],[-95.8522064157501,34.820148160348],[-95.8514784162285,34.8210571610998],[-95.8509434157458,34.8217011612643],[-95.8506294155996,34.822068161184],[-95.8502514160837,34.8224491608556],[-95.8501554161342,34.8225301610131],[-95.8498994159637,34.8226711612583],[-95.8495104159307,34.822954161789],[-95.8494124158878,34.8230251614837],[-95.8490804157984,34.8232831617535],[-95.849092415477,34.8235871614387],[-95.8491094153966,34.8240201617002],[-95.8491284154451,34.8249661614313],[-95.8491474154758,34.8256591620393],[-95.8491574161223,34.8282491623431],[-95.8479214155776,34.8298881627432],[-95.8472364152898,34.8299141630806],[-95.847143415561,34.8311511628001],[-95.8471704159169,34.8311961630836],[-95.8471744152061,34.8312391632756],[-95.8477214153897,34.8312131629449],[-95.8477104158746,34.8325691627742],[-95.8476944161623,34.8344151637064],[-95.8461154157825,34.8344011640334],[-95.84493841516,34.8343991639973],[-95.8416364140236,34.8344541640043],[-95.8415514145787,34.8344571641473],[-95.8414324144687,34.834634164254],[-95.8411494139352,34.8346311641287],[-95.8401934137497,34.8357761641268],[-95.8392414137566,34.8370201642117],[-95.8390974142867,34.8372091648752],[-95.8385784136488,34.8378841646756],[-95.8384464138351,34.8380571645978],[-95.8367074133832,34.8402121655299],[-95.834038413064,34.843679166097],[-95.8337944125631,34.84399516635],[-95.8303254120955,34.8485701669932],[-95.8283744117326,34.8511151671064],[-95.8277314116519,34.8519631677279],[-95.8270404120439,34.852820167869],[-95.8262474113007,34.8536441682858],[-95.8250694116154,34.854836168672],[-95.8249164117161,34.8548541686134],[-95.8245124109687,34.8548701684743],[-95.8243314115673,34.8548561687341],[-95.8212684107176,34.854848168511],[-95.8211554108733,34.8548481685164],[-95.8181094099144,34.8548641685042],[-95.8142944083662,34.8548601685023],[-95.8133174080251,34.8548591685029],[-95.8070424066125,34.8548721694063],[-95.8068504067025,34.8548791688403],[-95.8066434069961,34.8548861691743],[-95.8066074071355,34.8550301695478],[-95.8061414062086,34.8550131696825],[-95.8058634068063,34.8550111696032],[-95.8055434063558,34.855009169526],[-95.8052224067582,34.8550081694951],[-95.8029874056334,34.8549781691128],[-95.7973754043917,34.8550221696209],[-95.7965684038264,34.854825169532],[-95.7908094029602,34.8548411696501],[-95.7866084014988,34.8548521703611],[-95.7857964016239,34.8549811700775],[-95.7857064010473,34.8549781699429],[-95.7855934012023,34.8549681703846],[-95.7849594014768,34.8549381699254],[-95.7836674009179,34.8549491704968],[-95.7824314002571,34.8549491705561],[-95.7804813997604,34.8549501706961],[-95.7783173992306,34.8549281706807],[-95.7768973990312,34.8549411704515],[-95.7768693986031,34.854531170356],[-95.7768213990032,34.853514170037],[-95.776821398831,34.8510761695753],[-95.7768213988041,34.8506961699681],[-95.7767613986538,34.8497631699415],[-95.7767033986535,34.8496421697381],[-95.7766503984911,34.843941168392],[-95.7768253984825,34.8435151684453],[-95.7768723977367,34.840294167702],[-95.7756283976037,34.8402851682443],[-95.7752523972545,34.8402881684012],[-95.7746423977451,34.8402931677626],[-95.7745893970859,34.8402931677652],[-95.773538396911,34.840301168186],[-95.7731923970537,34.8403051683878],[-95.7729073973272,34.8403091685867],[-95.771785396558,34.8403221683431],[-95.7703273963957,34.8403451685786],[-95.7701793967271,34.8403471686783],[-95.7699393963894,34.8403481687361],[-95.7685743960419,34.8403521680875],[-95.7641943943745,34.8403801686947],[-95.7633013943314,34.8403801687375],[-95.7620173941425,34.8403791687528],[-95.7618263942784,34.8403801688082],[-95.7614303939009,34.8403811688736],[-95.76001339384,34.840386169173],[-95.7598733936427,34.8403841690871],[-95.758377393514,34.8403671692711],[-95.7570863930015,34.8403811690819],[-95.7568643925996,34.8403891685636],[-95.7554013922049,34.8404051693746],[-95.7541093925437,34.8403951689736],[-95.7538123922602,34.8403921688489],[-95.7524963914869,34.8403941690047],[-95.7509503917392,34.8404021694492],[-95.7500113913619,34.8404061696794],[-95.749576390974,34.8404021695151],[-95.7491303909754,34.8403991693975],[-95.7488573909057,34.8403971693181],[-95.7478193904338,34.8403991694604],[-95.7467203898317,34.8404111691694],[-95.7454773897453,34.8404081699895],[-95.7447443899276,34.8404101692179],[-95.7444973892649,34.8404081700365],[-95.7436943897979,34.8404041698898],[-95.7431153890279,34.8404061700102],[-95.742547388768,34.84040817013],[-95.7421343894013,34.8404171696671],[-95.7421253889555,34.8400151699411],[-95.7421133892061,34.838707169637],[-95.7420863888256,34.8383141694292],[-95.7420563892214,34.8381491689858],[-95.7418803891334,34.8378641692888],[-95.7417103884207,34.837528169029],[-95.7416443889448,34.8373511689311],[-95.7416103882482,34.8370781688835],[-95.741595388419,34.8366121688926],[-95.7415873889301,34.8363681692872],[-95.7415873889092,34.8360711690262],[-95.7416343883773,34.835880169174],[-95.7417893883481,34.8355591686937],[-95.7419983890239,34.8352311687861],[-95.7420863885943,34.8350341686541],[-95.7421073886532,34.8348121682672],[-95.7421423884003,34.833716168783],[-95.7421543888635,34.8323931677832],[-95.742142388184,34.8306481679307],[-95.7421533886462,34.8299691679694],[-95.7421633881604,34.8292551672869],[-95.7421303882371,34.8265381673987],[-95.7421283879977,34.8244551671851],[-95.7421323880863,34.823080166476],[-95.7421343881103,34.8221041662539],[-95.7421323879448,34.8210721661373],[-95.7421233874783,34.8203751662428],[-95.7421153879668,34.8198091661182],[-95.7421203872178,34.8186511655634],[-95.7421213872609,34.8186051661316],[-95.7421213872472,34.8184101660965],[-95.7420973869283,34.8169161652751],[-95.7420973868717,34.8161111648764],[-95.7420973868231,34.8154211653056],[-95.7421073871972,34.8141481648221],[-95.7421433869534,34.8125211641352],[-95.7421403867348,34.8113921640242],[-95.7401093860779,34.8113771643263],[-95.7393953862408,34.8113621645653],[-95.7390553857616,34.8113551642575],[-95.7390333865314,34.8112331649053],[-95.7390503864061,34.8110291644527],[-95.7393163859493,34.808161163854],[-95.7394063855824,34.8075371637372],[-95.7394303857724,34.8072011634679],[-95.7395213863072,34.8059511631462],[-95.7395353860038,34.8051941631705],[-95.7394413860526,34.8039331632475],[-95.7394423860769,34.8036191630986],[-95.739505385387,34.8034181627827],[-95.7397293858561,34.8030461626358],[-95.7398483859604,34.8027861631828],[-95.7398963854734,34.8025741632575],[-95.7398923861627,34.8022251623878],[-95.7398823856305,34.8012511622588],[-95.7399163852963,34.7996541620617],[-95.73990738571,34.7986841621179],[-95.7399313858063,34.7970151621849],[-95.740004385478,34.7953601610991],[-95.7400243852901,34.7922861608669],[-95.740017384954,34.792123160515],[-95.740000385037,34.7917251609745],[-95.7400293854704,34.7915521610572],[-95.7400953849257,34.7914371611255],[-95.7402833855349,34.7912221610547],[-95.7407833853076,34.7907671606491],[-95.7409433855207,34.7905951607718],[-95.7410423856032,34.7904251609901],[-95.7410663849056,34.7902561603589],[-95.7410373853361,34.7899251603237],[-95.7409093847649,34.7894791603647],[-95.7408243852932,34.789102160001],[-95.7407913846543,34.788990160213],[-95.7407883854078,34.7888941602651],[-95.740815384857,34.7888331601375],[-95.7408733848428,34.7887501598891],[-95.7409123848489,34.7886941599925],[-95.7412573855376,34.7883841600123],[-95.7415943849578,34.788100160337],[-95.7417083848379,34.7879491596357],[-95.7417863848447,34.7877621599672],[-95.7419033848373,34.7872321597046],[-95.7419723853129,34.7868601595651],[-95.7419593855575,34.7861211595247],[-95.7419173853575,34.7853951591883],[-95.7418063846487,34.7845711597138],[-95.7417783851215,34.7841811596448],[-95.7418253845845,34.7839161590644],[-95.7419313849826,34.7836181596513],[-95.7420643848329,34.7833031594498],[-95.7421273850299,34.7829251590327],[-95.7421553853848,34.7822951586411],[-95.7421513851949,34.7822311592754]]]}},{"type":"Feature","properties":{"Precinct":"48","PCT_CEB":"610048","P0010001":"209","P0030001":173,"St_house":"018","St_senate":"07","Comm":"03","Uscong":"02","COUNTY_NAM":"PITTSBURG","CO_FIPS":"121","GeoID":"61121610048020701803","precinct_num":48},"geometry":{"type":"Polygon","coordinates":[[[-96.0242414821159,35.1199202074034],[-96.0220944814322,35.1192902071194],[-96.0200214805748,35.1185502071351],[-96.0193104808598,35.1182962071015],[-96.018251480287,35.1179252070642],[-96.0181384804438,35.1179392068185],[-96.0174874799138,35.1176832066894],[-96.0169314801972,35.1174982071448],[-96.0155364793248,35.1170362074074],[-96.0146304795628,35.1168162071589],[-96.013878478846,35.1165642072199],[-96.0133114786404,35.1166722068518],[-96.0123214785997,35.1167202073238],[-96.0113014780799,35.1169452069987],[-96.0103694780635,35.1174442076636],[-96.0099664782895,35.1178402071312],[-96.0098134783999,35.117990207788],[-96.0097614777907,35.1180402074074],[-96.0092214779826,35.1187652077244],[-96.009015478345,35.1190792078828],[-96.0089194775219,35.1195142082417],[-96.0089074778986,35.1199822083257],[-96.0088904781393,35.121772208461],[-96.0088864779853,35.1222072079161],[-96.009101478153,35.1234492087495],[-96.0094334783346,35.1244722084313],[-96.0095334785208,35.1251002087228],[-96.0103094787125,35.1275682096318],[-96.0103894788535,35.1279602088907],[-96.0111774797026,35.1318202103931],[-96.0122164795498,35.1349752107198],[-96.0128494802358,35.1364902106819],[-96.0130334807063,35.136928211166],[-96.0136614803553,35.1397432110602],[-96.0136464807078,35.1417932115414],[-96.0135024803624,35.1423052118702],[-96.0133774808933,35.1427512118405],[-96.0127534808478,35.1443102121026],[-96.0122984804872,35.1450662120519],[-96.0122704809907,35.1451122123843],[-96.0118084802798,35.1455142121326],[-96.0112484804165,35.1458652122226],[-96.0102644798068,35.1466322127071],[-96.0091344796087,35.1472272133296],[-96.0051074791352,35.1487762132953],[-96.0038604788856,35.1490722135705],[-96.0002854777123,35.1495652140871],[-95.9975854775342,35.1499012135873],[-95.9947854763206,35.1503012142568],[-95.9906854750834,35.1508012142238],[-95.9902864754693,35.1508442144354],[-95.9860844739954,35.1513012151146],[-95.9844584741482,35.1514812145345],[-95.9837174739656,35.1515632147698],[-95.9833834737681,35.1516012147468],[-95.9832844736737,35.1516012147517],[-95.9831844735402,35.1517012148897],[-95.9830844733995,35.1517012148946],[-95.9829844732588,35.1517012148995],[-95.9826844737359,35.1517012149142],[-95.9824404732126,35.1517012149261],[-95.9823844733137,35.1517012149289],[-95.9818844735093,35.1517012149533],[-95.9811844734235,35.1517012149876],[-95.9805844725863,35.1518012151501],[-95.9798844725077,35.1519012153175],[-95.9790844722883,35.1520012154897],[-95.978684472632,35.1521022156887],[-95.9779844725534,35.1522022149568],[-95.9771844723269,35.1522022149959],[-95.9762844719667,35.1523022151731],[-95.9752844714586,35.1523022152221],[-95.9743844710986,35.1524022153992],[-95.9737844711534,35.1524022154286],[-95.9727844706454,35.1524022154776],[-95.9717844710438,35.1525022156596],[-95.9709844708172,35.1525022156988],[-95.9701844705906,35.1525022157379],[-95.9695844697461,35.1525022157673],[-95.9688844696602,35.1525022158016],[-95.9682844697151,35.1525022158309],[-95.9676844697772,35.1526022159934],[-95.9665404697795,35.1525142155725],[-95.9663844697389,35.1525022159239],[-95.966197469161,35.1525022159331],[-95.9655584692059,35.1525022159644],[-95.9649844686679,35.1525022159925],[-95.9636844686296,35.152402215923],[-95.9624844687392,35.1524022159817],[-95.9612844679424,35.1523022159073],[-95.9605844678492,35.1522022158084],[-95.9593844679516,35.1521022166334],[-95.9583834673826,35.1519022164161],[-95.9573834668599,35.1517022161988],[-95.9560834668216,35.1516022161293],[-95.9548834660247,35.1515022160549],[-95.9538834664159,35.1515022161039],[-95.9527834657597,35.1514022160246],[-95.9517834652371,35.1512022167066],[-95.9504834651915,35.151002216504],[-95.9489834648571,35.150702216178],[-95.9478834641864,35.1504022167318],[-95.9465834641263,35.1500022162629],[-95.9452834640589,35.1495022165602],[-95.9443834636698,35.1492022162049],[-95.9434834632733,35.1488022166157],[-95.9425834628768,35.1484022161273],[-95.9416834624876,35.1481022166712],[-95.9381834619854,35.1471022164105],[-95.9378834615559,35.1470022162921],[-95.9372814614891,35.1466032167346],[-95.9364794611551,35.1464032165076],[-95.9357784610084,35.1462042163219],[-95.9348834608509,35.1459022158737],[-95.9337774607938,35.145500216202],[-95.9329854600173,35.1452032159803],[-95.9320894598136,35.1449042165703],[-95.9313854595202,35.1446022161127],[-95.9306764598944,35.1443002165548],[-95.9293734587958,35.143900216086],[-95.9284654589349,35.143600215731],[-95.9273764587744,35.1433022163767],[-95.9263834585765,35.1431042162516],[-95.9255854584279,35.1429022159318],[-95.9243564580845,35.1428002166654],[-95.9233824578754,35.1427002165799],[-95.9224824575074,35.1426932162998],[-95.9212914571288,35.1426072159738],[-95.9200854569601,35.1426072160328],[-95.9190804562189,35.142593216333],[-95.917793455885,35.142507216911],[-95.9164904557209,35.1425932164596],[-95.9151874555578,35.1426932166565],[-95.913385454745,35.1429002164356],[-95.912364455076,35.1431002167517],[-95.9112944540268,35.1432002169372],[-95.9105624542627,35.1433002171061],[-95.9098794540657,35.1433002171395],[-95.9087774542305,35.1434002173266],[-95.9079734538255,35.143500217499],[-95.9066704536768,35.1438002170628],[-95.9058744527502,35.1439932170438],[-95.9049894531,35.1442932174864],[-95.9049374524893,35.144322217033],[-95.9040964530933,35.1447932172965],[-95.9040324528253,35.1448212176966],[-95.9038704525125,35.1448922173944],[-95.9038574528094,35.1448982176728],[-95.9033964521302,35.1451002180542],[-95.9023994526961,35.1455942175915],[-95.9014824524757,35.146094218302],[-95.9007604522985,35.1465042184335],[-95.9006654514941,35.146557218194],[-95.9000824513641,35.1455392178564],[-95.8998694513525,35.1451722179627],[-95.8999694514896,35.1451222174416],[-95.8995344510434,35.1443122177334],[-95.8993784509827,35.1440212177583],[-95.8987214510092,35.1428782179324],[-95.8984034506095,35.1422982171758],[-95.8976754509332,35.1410492169424],[-95.8971514508454,35.1400872173959],[-95.895600449774,35.1374342169522],[-95.8950824499681,35.136522216123],[-95.894616449879,35.1356572165679],[-95.8942874498721,35.1351262162816],[-95.8940184490517,35.1346142159729],[-95.8937064489276,35.1339972162008],[-95.8934404491408,35.1334192164335],[-95.893200448763,35.1328662160237],[-95.8931134492106,35.1326662157617],[-95.8928234492014,35.1319662157431],[-95.8925744483973,35.1312902159344],[-95.8920354484629,35.1296332156881],[-95.8916574479104,35.1281082152499],[-95.8914194484693,35.1267902144959],[-95.8913354481229,35.1261222150495],[-95.8912214481525,35.1250202143971],[-95.8911464481935,35.1239382146689],[-95.8910914473129,35.1221582141002],[-95.8910664478296,35.120463213868],[-95.890989447769,35.1192572137948],[-95.8909654475002,35.1184952135908],[-95.8909254473605,35.1173412132253],[-95.8908904474501,35.1161522130378],[-95.8908644470819,35.1152962129784],[-95.8908194466625,35.1134812125875],[-95.8905404467215,35.1066622116602],[-95.8903864466827,35.1053912112793],[-95.8902944459671,35.1047462110994],[-95.890197445935,35.1043242104523],[-95.8899964464366,35.1033572106584],[-95.8898184462211,35.1025972105543],[-95.8895584457877,35.1016642105388],[-95.8895304453815,35.1015652104533],[-95.8892574452546,35.1007712105784],[-95.8883024448637,35.0984042098563],[-95.8865284441465,35.0944062092056],[-95.8951234470219,35.0943362091432],[-95.920886453744,35.0943592071534],[-95.9230774537247,35.0943512075756],[-95.9242304541339,35.0943582078434],[-95.9301684561073,35.0943682071175],[-95.9301064554105,35.0871692056739],[-95.9301784551492,35.0871292056171],[-95.9302704549141,35.0870602060153],[-95.9303354552254,35.0869922055619],[-95.9304074549557,35.0868352054843],[-95.9304474550006,35.0866772053619],[-95.9304694550611,35.0858402052805],[-95.9304464547953,35.0844742049916],[-95.9304604553418,35.0830492046673],[-95.9304544549217,35.081083204478],[-95.9304714546877,35.0793772046337],[-95.9304334545976,35.0776212042758],[-95.9304474542433,35.0761752038785],[-95.9304444540902,35.0759822039365],[-95.9304304542748,35.0750732032214],[-95.9304384545624,35.0739162036139],[-95.9304434547522,35.0733332036017],[-95.9304404545738,35.0727882035507],[-95.9304464536791,35.0689902021802],[-95.9304374540703,35.0677302023015],[-95.9304764540031,35.0666592021775],[-95.9304764539043,35.0652872016096],[-95.9305144537615,35.063812201667],[-95.9305014540009,35.0630192018258],[-95.9304924535469,35.0625092015968],[-95.9304554535392,35.0612532010053],[-95.9304124532789,35.0603512006156],[-95.9304194534849,35.0587042008052],[-95.9304164533099,35.0582052001858],[-95.9303924528562,35.0548701995681],[-95.9303994530986,35.0537271997095],[-95.9303864524036,35.0524461997579],[-95.9304294520864,35.0453201980904],[-95.930411452041,35.043791197449],[-95.9304154522184,35.0436771975668],[-95.9351734534308,35.0437021975935],[-95.9357414536907,35.0437031976122],[-95.9374994542766,35.0437061976656],[-95.94053045454,35.0436991971941],[-95.9408234546379,35.0437021973187],[-95.9419404551766,35.0437151969669],[-95.9434174553207,35.0436991970536],[-95.9435844558703,35.043697196953],[-95.9444644562098,35.0437011970953],[-95.944945456032,35.0436951967941],[-95.9454674559568,35.0436891973903],[-95.9473654567396,35.0436911973906],[-95.9481184565851,35.0436891972613],[-95.9491744569921,35.0436881971637],[-95.9495944575829,35.0436841969581],[-95.9504614573186,35.0436751964992],[-95.951913458103,35.0436751964286],[-95.9541434580946,35.0436861968294],[-95.9562244592683,35.0436681967941],[-95.9563764591227,35.0436711969256],[-95.9571544592275,35.0436591963322],[-95.9579704592968,35.0436591962925],[-95.9591514592057,35.0436661965591],[-95.9604614597003,35.0436651964491],[-95.9616154601575,35.0436971960758],[-95.9617994605963,35.0436971960669],[-95.9655194613357,35.0437061963026],[-95.9658154615722,35.0437031961493],[-95.9672124616035,35.0436871962399],[-95.9700604623753,35.0437061960816],[-95.971362462498,35.0436931954164],[-95.9735414637225,35.0437151954295],[-95.9743554636988,35.0437141953436],[-95.9743674635924,35.0470001963911],[-95.9743614644847,35.0507681972719],[-95.9743644642627,35.0582421979607],[-95.9746654647312,35.058242197946],[-95.9751074645439,35.0582421979245],[-95.9760114650983,35.0582641979996],[-95.9795634661419,35.0582911981774],[-95.9803994662362,35.0582481979445],[-95.98106346645,35.0582321980707],[-95.9832434668207,35.0582431975745],[-95.9875654675962,35.0582331978003],[-95.9892244680855,35.0582081974614],[-95.9901394682491,35.0582101975094],[-95.9958084703315,35.0581431977286],[-95.9970734705383,35.0581501970917],[-95.9975274709079,35.0581571973937],[-95.9981074708244,35.058152197134],[-95.99882947103,35.05813819735],[-96.0000124710305,35.0581311969682],[-96.0002644710256,35.0581331970485],[-96.0003434710919,35.058134197091],[-96.0010724716224,35.0581251966388],[-96.0027484719997,35.0580871965965],[-96.0048804728403,35.0580701966048],[-96.0062694725012,35.0580641971588],[-96.0080774736031,35.058016196647],[-96.0100104742079,35.0579901962484],[-96.0117424744869,35.0579921962566],[-96.0120884743423,35.0579641967421],[-96.0122394741473,35.0579251967277],[-96.0124004744132,35.0578471967059],[-96.0127604749062,35.0576591960784],[-96.012927474548,35.0575391968098],[-96.0130314748711,35.0574951965663],[-96.01331547455,35.0574781966647],[-96.0137854747671,35.0575531965168],[-96.0147034750872,35.0577961960312],[-96.015271475357,35.0579361961899],[-96.018292476053,35.0578981960821],[-96.019075476389,35.0578791960636],[-96.021426476596,35.0578991959756],[-96.0233624773419,35.0579011959739],[-96.0293344790907,35.057905195868],[-96.0298644784872,35.057901195657],[-96.0325674797276,35.0579011955252],[-96.0361064801664,35.0579091957231],[-96.0360464803129,35.0611121956287],[-96.0362804803855,35.0612951959958],[-96.0365654810281,35.0615261958847],[-96.0371924813977,35.0625231961473],[-96.0375134810287,35.0629901961688],[-96.0379404811125,35.063926196315],[-96.0380344818804,35.0640111966484],[-96.0385044812082,35.0642251966405],[-96.0390284821442,35.0644861961081],[-96.0401454818422,35.0653151966627],[-96.0405584821363,35.0656991964343],[-96.0406754821755,35.0658301961983],[-96.0407514821159,35.0660151966657],[-96.0407814826155,35.0661231962685],[-96.0410814821457,35.0662251964796],[-96.041262482449,35.066275196987],[-96.0417454823702,35.0663591963558],[-96.0422574827329,35.0663851966352],[-96.0428984827601,35.0661021960923],[-96.0435784827897,35.0657161961748],[-96.0437134827452,35.0655821962596],[-96.0440474829233,35.0652771965118],[-96.0445424833574,35.0647551957027],[-96.0448734833823,35.0642551959203],[-96.0450314834829,35.0638151962261],[-96.0451554828983,35.0632641958912],[-96.0452264834755,35.0630251956145],[-96.0452734829485,35.0629051954525],[-96.04549648338,35.062667196114],[-96.0456734834831,35.0625141953171],[-96.0461734832527,35.062034195553],[-96.0462764835239,35.0619141953883],[-96.0462934834068,35.0618291959487],[-96.0463084831863,35.0615971950995],[-96.0462934833776,35.061425195231],[-96.0463204837209,35.06129419546],[-96.0463824829876,35.0611401955218],[-96.0465354837701,35.0608981951022],[-96.0468854837693,35.0602941950004],[-96.0470634839063,35.059967195141],[-96.0471764837329,35.0597231955301],[-96.0475184833762,35.059327195166],[-96.0479054832965,35.0587771948646],[-96.0483354834255,35.0584121950322],[-96.0485634840871,35.0581491945361],[-96.0487084835997,35.057914194441],[-96.048833483989,35.0577551942682],[-96.0489784835076,35.0576041944648],[-96.0493654834421,35.0572501942444],[-96.0495074837165,35.0570381943149],[-96.0495434835723,35.0568291945296],[-96.0495344840295,35.0564871939848],[-96.0494814842288,35.0559191946701],[-96.0494884836371,35.0556841945817],[-96.0495094837057,35.0556021943816],[-96.0496064836964,35.0554501945342],[-96.0501204841167,35.0549911939431],[-96.0504544843052,35.0548301936675],[-96.050893483974,35.054765194234],[-96.0510964843923,35.0547351937345],[-96.0518104842226,35.0546621939173],[-96.0523494840313,35.054587194016],[-96.0524984846423,35.0545411936777],[-96.0526724846091,35.0544261937409],[-96.0530704841533,35.0540571937249],[-96.0535884847452,35.0534061932376],[-96.0541254844253,35.0528331936627],[-96.0543624846077,35.0526091931731],[-96.0545464850278,35.0523501937636],[-96.0545944845409,35.0521441932172],[-96.0545904852327,35.0518381934395],[-96.0542914848056,35.0511261928659],[-96.0542734848591,35.0509711928853],[-96.0543114848117,35.0508201930871],[-96.0544234845976,35.0506541934901],[-96.0547034849731,35.0503971932692],[-96.0549364849633,35.050081193017],[-96.055614484921,35.0499831929435],[-96.0562424852552,35.0498471929116],[-96.0568674854524,35.049740192424],[-96.0572394856162,35.0497401924058],[-96.0574854853342,35.0497601924205],[-96.0578274859065,35.0497771931909],[-96.0584154852996,35.0498411925279],[-96.0590864858511,35.0500091930786],[-96.0605384866637,35.0504061925022],[-96.0611204866822,35.0505311928651],[-96.06236648692,35.0507181924687],[-96.0625164866836,35.0507491929973],[-96.0627824864303,35.0507761924357],[-96.0629814866633,35.0507491929747],[-96.0631044869711,35.0507451927835],[-96.0633914867861,35.0506871927822],[-96.0635304869336,35.0506441925832],[-96.063707487041,35.0505501927193],[-96.0639214870633,35.0504251923176],[-96.0640684875762,35.0503051921507],[-96.0643434868259,35.0501231927044],[-96.0646064873204,35.0499781922737],[-96.0650894872196,35.0497571928103],[-96.065546487714,35.0495671920854],[-96.066059487209,35.0493901919596],[-96.0666174878928,35.049232191812],[-96.0668424875312,35.0491811921379],[-96.0670884881443,35.0491431921652],[-96.0674684877768,35.0491031920934],[-96.0678884883622,35.0490271921517],[-96.0680884877384,35.0489451919428],[-96.0684784878276,35.0488081918763],[-96.0686524878007,35.0487811924165],[-96.0688044885553,35.0487971922505],[-96.0689404885696,35.0488361922508],[-96.0690484881853,35.0488821916773],[-96.0691534885615,35.0489331922347],[-96.0692694885499,35.0490031918725],[-96.0693414882973,35.0490831919755],[-96.0693874886411,35.0492121916504],[-96.0693964881702,35.0493651924382],[-96.0693954881403,35.0495941922485],[-96.069411488895,35.0497711923485],[-96.0694304888857,35.0498951917932],[-96.0694604884892,35.0500471925336],[-96.0694804885228,35.050123192454],[-96.0694994885083,35.0501741921163],[-96.0695344883349,35.0502041926042],[-96.069594488421,35.0502281919137],[-96.0696834889518,35.0502401924649],[-96.0698484885085,35.050227191855],[-96.0701454887873,35.0501691918533],[-96.0707364892009,35.0499841922527],[-96.0711214890537,35.0497851920139],[-96.0716384887228,35.0494521918602],[-96.0717774888699,35.0494031922828],[-96.0719454894655,35.0493961919505],[-96.0721074888852,35.0494121917841],[-96.0723594888884,35.0495271917],[-96.0724084893627,35.0495371921606],[-96.0724704895403,35.0495441915824],[-96.0727074897381,35.0495321919146],[-96.072868489109,35.0495141919727],[-96.0729324893771,35.0494901917577],[-96.0729764896166,35.0494581920728],[-96.0729984897339,35.0494091916017],[-96.0729884892654,35.0493421920976],[-96.0729544894812,35.0492581918076],[-96.0729004896691,35.0491741915185],[-96.072847489001,35.0490511921217],[-96.0728194894934,35.0489421915733],[-96.0728214895836,35.0489071917515],[-96.0747444897031,35.048587192131],[-96.0755164904312,35.0486101913596],[-96.0762614899155,35.0487471913708],[-96.0776954908133,35.0494321915383],[-96.0785204904415,35.0500041918998],[-96.0787124912677,35.0502331917007],[-96.078875490759,35.0505991915505],[-96.0788444911432,35.0509201920243],[-96.0795404910367,35.0508281922276],[-96.0800974916837,35.0508041919886],[-96.0817114918465,35.0502551916737],[-96.0831584923705,35.0498661915799],[-96.0836314918202,35.0498431913914],[-96.0844654927485,35.0501861919422],[-96.0858574925684,35.0504601919693],[-96.0866234930122,35.0503991918058],[-96.0858904932079,35.0505781911355],[-96.0826184917092,35.0512311918496],[-96.0810534920005,35.0515101922524],[-96.0801404910426,35.0516751918421],[-96.07828849063,35.0521561926177],[-96.0773464910286,35.0523681925861],[-96.0767804908709,35.0524951921982],[-96.07624049012,35.0526181925232],[-96.0732504900176,35.0534151926958],[-96.0729194899729,35.0536411923833],[-96.0724434894964,35.0538271929239],[-96.0714114893557,35.0545521932649],[-96.0701084892559,35.0555191931319],[-96.0692464889297,35.056591193342],[-96.0686784887771,35.0580741936803],[-96.0683744891493,35.0591901941016],[-96.0682184891513,35.0597671938431],[-96.06804048902,35.0601721937164],[-96.0675624885163,35.0612661940271],[-96.0669054887157,35.0625071948569],[-96.0666744888436,35.0631761943648],[-96.0656324884051,35.0661991949776],[-96.0648584886958,35.0691171961121],[-96.0643614891628,35.0709481963704],[-96.0643104886104,35.0711401962688],[-96.0642364888087,35.0715931965606],[-96.0641924885867,35.0718661966115],[-96.0641344886253,35.0722861962741],[-96.0640954886364,35.0725771962587],[-96.0640424889046,35.0729641970913],[-96.0639874890815,35.0733731971438],[-96.0638494890687,35.074639197307],[-96.063761488726,35.0765891976588],[-96.0635174891919,35.0778311976154],[-96.0635464888207,35.0789751975181],[-96.0635164892835,35.0797421979561],[-96.0634974893378,35.080241197677],[-96.0633214894897,35.0832801989881],[-96.0632274896878,35.084118199119],[-96.0631854895666,35.0845041990054],[-96.0631394892628,35.0849301989451],[-96.0630764890809,35.0855051985895],[-96.063007489521,35.086093198836],[-96.06292948955,35.0867701996061],[-96.0627144895668,35.0880761998262],[-96.061890489265,35.089987200207],[-96.0614094895014,35.090801200145],[-96.0611734893783,35.0912031998822],[-96.0609504889571,35.091583200399],[-96.0596754892967,35.0931072008712],[-96.0581374891337,35.0946622009928],[-96.056578488888,35.0961042012797],[-96.054941488605,35.0973052012048],[-96.0548774883319,35.097262201915],[-96.0544714884084,35.0975142019107],[-96.0536574875707,35.0980382019285],[-96.0528044876061,35.0983362022769],[-96.0514714870029,35.0991422018861],[-96.0511934876119,35.099293201696],[-96.0506284875136,35.0996012024933],[-96.0477564866385,35.1010992027391],[-96.0473984862419,35.1013382030299],[-96.0471854862673,35.1014812024662],[-96.0471314864637,35.1015172023369],[-96.047070486336,35.1015592024857],[-96.0470044868751,35.1015942023107],[-96.0465114865152,35.1018572028197],[-96.0448934861824,35.1026222032427],[-96.0437564856639,35.1032742029071],[-96.0418644852381,35.1043542035379],[-96.0414134850408,35.1048052037556],[-96.0405624852273,35.105909203648],[-96.0402464849846,35.1062152043406],[-96.0392194851273,35.1076512043238],[-96.0390304844757,35.107915203965],[-96.0379514849084,35.1093982043281],[-96.0373874848976,35.1102742044425],[-96.036873484502,35.1110742046333],[-96.0357984842449,35.1128882050321],[-96.0357144839634,35.1131172057457],[-96.0355944847033,35.1132472054749],[-96.0355484843801,35.1134042055513],[-96.0352154842648,35.113936205916],[-96.0351284847299,35.1139782051668],[-96.0350484846202,35.1140172051777],[-96.0343814843338,35.1149512061837],[-96.0336464844727,35.1156282060866],[-96.0332934843321,35.1162002056063],[-96.0328714836916,35.1167972062867],[-96.0328964839555,35.1168502060412],[-96.0329304837384,35.1169182064898],[-96.0323314838947,35.1176752064925],[-96.0316354840598,35.1185772069179],[-96.0310894839597,35.1191112064863],[-96.0307824832422,35.1195162063659],[-96.0306344835855,35.1196812068176],[-96.0299764836967,35.1203422068753],[-96.0289274827502,35.1208252068051],[-96.0283574832973,35.1208292070182],[-96.0279764827165,35.120833207222],[-96.0262514827446,35.120590206848],[-96.0249764820465,35.1202022069335],[-96.0249404821716,35.1201462070406],[-96.0247934816495,35.120139207623],[-96.0243474816448,35.1200472069827],[-96.0243114817659,35.1199362072414],[-96.0242414821159,35.1199202074034]]]}},{"type":"Feature","properties":{"Precinct":"49","PCT_CEB":"610049","P0010001":"1109","P0030001":820,"St_house":"018","St_senate":"07","Comm":"03","Uscong":"02","COUNTY_NAM":"PITTSBURG","CO_FIPS":"121","GeoID":"61121610049020701803","precinct_num":49},"geometry":{"type":"Polygon","coordinates":[[[-95.8865284441465,35.0944062092056],[-95.8883024448637,35.0984042098563],[-95.8892574452546,35.1007712105784],[-95.8895304453815,35.1015652104533],[-95.8895584457877,35.1016642105388],[-95.8893724461556,35.1016662106404],[-95.8892304458319,35.1011962104711],[-95.8887264457475,35.0998892102392],[-95.8885244453398,35.0994252103507],[-95.8879664454424,35.0980232102197],[-95.8875454447446,35.0971892093995],[-95.886483444785,35.0947862097138],[-95.8863234445324,35.0944062092156],[-95.8819164434103,35.0944102096156],[-95.8774534423893,35.0944142100182],[-95.8774624418861,35.0941202098961],[-95.8774684420371,35.0923552091193],[-95.8774914420665,35.0904442087767],[-95.8774684416579,35.0870972085026],[-95.8731114401567,35.0871052081858],[-95.8687184396854,35.0871302086579],[-95.8686844387461,35.0834962076873],[-95.8655644379519,35.0835032081633],[-95.8642704382017,35.0835442083259],[-95.8642534380591,35.0800252072826],[-95.8642544381044,35.0800092074412],[-95.864253438051,35.0799122074469],[-95.8642814374392,35.078363207676],[-95.8599214366891,35.0782452078209],[-95.8598784364931,35.0782382074989],[-95.860046436313,35.0799442082339],[-95.8600584368782,35.0800662075864],[-95.8602804363822,35.0800782081312],[-95.8602004366115,35.0848252084763],[-95.8597874373653,35.086505208935],[-95.8597854372977,35.086853208859],[-95.8598074374247,35.0869392092422],[-95.8598494366824,35.087049208937],[-95.8598594371535,35.087150209116],[-95.8438014326224,35.0871242095934],[-95.8427924325953,35.0871162101715],[-95.8423144329177,35.0872002104865],[-95.8347904302392,35.087194210575],[-95.832945430115,35.0871962107574],[-95.8324334297466,35.0870942105565],[-95.8247934279839,35.0870922108358],[-95.8177284259066,35.0870922111796],[-95.8136964250861,35.0870872111444],[-95.8071704237219,35.0870802120372],[-95.8069594238298,35.0870842122326],[-95.806928423214,35.0860082118802],[-95.8069464229464,35.0831882108214],[-95.8069394234614,35.0823592111116],[-95.8069364232987,35.0820312112145],[-95.806943422659,35.0811282107759],[-95.8069584233105,35.0805152102735],[-95.8069714229761,35.0799882101555],[-95.8069494227029,35.0778732102625],[-95.8069024223164,35.0777952102508],[-95.8068534227376,35.0777332100807],[-95.8067724225712,35.0776302098125],[-95.8067394228373,35.0776002102238],[-95.8067944224055,35.0736472097675],[-95.8067324209852,35.0563552059841],[-95.8067054210412,35.0495262045785],[-95.8066954203986,35.0470342043173],[-95.8066964202011,35.0436372035245],[-95.8066974199252,35.0391462033429],[-95.8066564196776,35.0371252024065],[-95.8066214192752,35.0290662016106],[-95.8066174189499,35.0271152012152],[-95.8058214189236,35.0273272011765],[-95.8052374188209,35.0273272012048],[-95.8048194183339,35.0274872014382],[-95.8040684185839,35.0275332009064],[-95.8033454183107,35.0272582007999],[-95.8027054183123,35.027304201162],[-95.8021764180753,35.0274872015664],[-95.8021214182276,35.0275552011201],[-95.801870417396,35.0277842009426],[-95.8015084177024,35.0278762016223],[-95.801147418037,35.0277152013804],[-95.8010364173713,35.0275092008416],[-95.8010364173155,35.0267312007944],[-95.8012034178392,35.0263652009283],[-95.8010644176688,35.0260912008399],[-95.800730417447,35.025793200549],[-95.8007024170233,35.0254502008579],[-95.8008694175552,35.0251982008738],[-95.8009804172722,35.024717201082],[-95.8011194174066,35.0244882003655],[-95.8015094174896,35.0242602005825],[-95.8022884176076,35.0237792007584],[-95.8026774176311,35.0233672005504],[-95.8027614179079,35.0230702002856],[-95.8026504172488,35.0229552003626],[-95.8025664178385,35.0227952001535],[-95.8027054179745,35.0225892005019],[-95.803123417554,35.0223142003401],[-95.8032904180842,35.0220402002368],[-95.8033454179138,35.0217191997616],[-95.8035404179308,35.0212622001776],[-95.8034014177506,35.0208501999952],[-95.8033184174939,35.0207811995026],[-95.8033184173988,35.0194541992187],[-95.802789417129,35.0191792000022],[-95.80281741752,35.0190651992194],[-95.8026784173627,35.0189731994634],[-95.8027064177421,35.0186981993205],[-95.8028734173714,35.0184011990517],[-95.8032914178493,35.0181131991873],[-95.8039124178176,35.0173921990511],[-95.8037924176454,35.0173461996251],[-95.8034634176681,35.0172241993887],[-95.8032094175738,35.0171341988314],[-95.8029564175297,35.017096198883],[-95.802159417424,35.0168461990382],[-95.8019054172881,35.0161751994607],[-95.8014174170638,35.0151011992227],[-95.8005104163234,35.0144301987775],[-95.8000994161063,35.0138261987122],[-95.8000214160238,35.0129531987671],[-95.8005094161231,35.0122801981617],[-95.8004214165197,35.0120121983485],[-95.8000994159668,35.0118781984554],[-95.7979614157161,35.0114771979798],[-95.7973954155247,35.0111421986851],[-95.7968194148841,35.0110091979513],[-95.7961664151838,35.0110771984332],[-95.7954244149583,35.0112121984242],[-95.7952584153396,35.0110111981195],[-95.7945264146545,35.0108101987415],[-95.7938724149318,35.011214198592],[-95.7937844145106,35.0120871985452],[-95.7933744144072,35.0124241988791],[-95.7927204146557,35.0124251989571],[-95.7916564138532,35.0120901987871],[-95.791168413701,35.0120241984531],[-95.7906714140548,35.0122931992402],[-95.7894414136673,35.0122271989421],[-95.7885434133929,35.012235199356],[-95.7882794128349,35.0121451987992],[-95.7884964129013,35.0106881987812],[-95.7887394133304,35.0100181983265],[-95.7889214127449,35.0095671981216],[-95.7891414130258,35.0091641983385],[-95.7895594134882,35.0086581982736],[-95.7900364130869,35.0081191984768],[-95.7905414130872,35.0076131984077],[-95.7907404132959,35.0072431983548],[-95.790970413147,35.0069211978248],[-95.7918034139569,35.0062481981019],[-95.7924344135137,35.0058641973799],[-95.7929494139945,35.0055931973986],[-95.7941004142854,35.0052361970022],[-95.794693413885,35.0049401976583],[-95.7949914141888,35.004579197118],[-95.7948084146677,35.004189197057],[-95.7942654137334,35.0037011969727],[-95.7937174143839,35.0034641968184],[-95.7930704140457,35.0032981972582],[-95.7921124136655,35.0030081973678],[-95.7914154137129,35.0029311974339],[-95.7905234128118,35.0028601968879],[-95.7892894131303,35.0026831968467],[-95.7880754125677,35.00236819761],[-95.7876174119924,35.0020821969813],[-95.7880154124271,35.0015831972416],[-95.7883424122794,35.0012541972821],[-95.7889344127395,35.0010641965506],[-95.7896034122751,35.0008911966025],[-95.7901554126801,35.0007171966138],[-95.7903814132547,35.0005311969845],[-95.7902594129623,35.0001011968673],[-95.7902804130235,34.9999151963486],[-95.7906434127564,34.999723196435],[-95.790921413057,34.9997111967653],[-95.7912554132425,34.9995021969653],[-95.791644413284,34.9993421967333],[-95.792062412875,34.9992271967847],[-95.7925904130805,34.9992501960254],[-95.7938424135939,34.9993881960587],[-95.7947594138605,34.9995251960619],[-95.7947874142713,34.9996891964589],[-95.7947874143008,35.000101196648],[-95.7946134143546,35.0005061965216],[-95.7948364139089,35.0005741969611],[-95.7954204140181,35.0006631965567],[-95.795476413922,35.0007321961513],[-95.7959764146193,35.0006401963642],[-95.7962544140094,35.0004721966666],[-95.7970564143026,35.0001011965382],[-95.7967914145721,34.9996551965864],[-95.7966534144342,34.9991861964628],[-95.7967604148631,34.9986761962279],[-95.797083414536,34.9984331957536],[-95.7976614143484,34.9982631959488],[-95.7982584150476,34.9981741962959],[-95.7988854153364,34.9980441956427],[-95.7993944146469,34.9978741958413],[-95.8001104154727,34.9978411960774],[-95.8007374157731,34.99787319573],[-95.8009334158837,34.9980761961258],[-95.8009734150574,34.9983101961659],[-95.8007484154372,34.9986181960474],[-95.8005234158215,34.9989901961942],[-95.8002004152631,34.9994271957578],[-95.7999854152124,34.9998071962745],[-95.7999264151954,35.0001011963992],[-95.7999264152277,35.0005521965953],[-95.8002874157921,35.0007091966521],[-95.8020394161002,35.0007091965673],[-95.802596415855,35.0007781961376],[-95.8029304160653,35.0009161962153],[-95.8031814160303,35.0011441959674],[-95.8033474165568,35.0014651964319],[-95.8033754160681,35.0016251966437],[-95.8034594163743,35.0017391965217],[-95.8034864167435,35.0019681963308],[-95.8039874166517,35.0027691965193],[-95.8044604170356,35.0032271970166],[-95.8052114168135,35.0035711967191],[-95.8079924181198,35.0041891964184],[-95.8084654175732,35.004212196561],[-95.8089384178949,35.003800196349],[-95.8095224179239,35.0027701962975],[-95.8095224178731,35.0020601958014],[-95.8093834177093,35.0018771963287],[-95.8086604174068,35.0011911960794],[-95.8084934177513,35.0011221955909],[-95.8079094176175,35.0006871961638],[-95.8077974178066,35.0005061958831],[-95.8077704174249,35.0001011960194],[-95.8078784170373,35.0001011960141],[-95.8083054170236,34.9996771961481],[-95.8084444171619,34.99950319528],[-95.8088054176921,34.9991821956892],[-95.8096404176829,34.998335195105],[-95.8098904175622,34.9980151955659],[-95.8099184179221,34.9974661953278],[-95.8098624180117,34.9973051950711],[-95.8094734179341,34.9969621953974],[-95.8089164172668,34.9967101954483],[-95.8087224172472,34.9964821947943],[-95.8086944177327,34.9962761951507],[-95.8086104174296,34.9962071946581],[-95.8083884169846,34.9956121950004],[-95.8083604174357,34.9949251946711],[-95.8083884169176,34.99467419474],[-95.8088884175855,34.9941701947638],[-95.8090834176089,34.9938041948963],[-95.8092784176161,34.9932091943191],[-95.8093054170123,34.992408194105],[-95.8092224167147,34.9917671941094],[-95.808777416712,34.991057194534],[-95.8087494172073,34.990989194085],[-95.8078864166457,34.9894331940323],[-95.8077754168875,34.9893411942749],[-95.8075804168165,34.9890431939773],[-95.8074414166577,34.9889291941019],[-95.8074134162454,34.9887461937245],[-95.8072744160816,34.9885631933526],[-95.8071074164066,34.9882201936681],[-95.8069964166109,34.9876021938395],[-95.8069684161676,34.9869841931074],[-95.8070804159377,34.9865951930783],[-95.8073854165543,34.986068192946],[-95.8076614167467,34.9858411932148],[-95.806642416214,34.9852461935956],[-95.8066634160293,34.9816171928516],[-95.8087694165655,34.981611192472],[-95.8088134156474,34.9779621917003],[-95.8066474159266,34.9779751915076],[-95.8066514148854,34.9733891914229],[-95.8066484145734,34.9709661907579],[-95.8066434150027,34.9676281899981],[-95.8066564146193,34.9664091893176],[-95.8066584145427,34.9640351891223],[-95.8066594144954,34.9627221894862],[-95.8066824144855,34.960236188601],[-95.8066634142458,34.956619187515],[-95.8201394177479,34.9566171876706],[-95.8201424178772,34.9564791875765],[-95.8202124172834,34.9530741864089],[-95.8217624172174,34.9530791865655],[-95.8243884184864,34.953087186809],[-95.8335154208596,34.9531211861436],[-95.8334884204504,34.9523301854957],[-95.8334914204132,34.9498551851208],[-95.8334924203437,34.9482301854288],[-95.8334944203112,34.9464721849751],[-95.8334954203443,34.9462861844574],[-95.8334954203354,34.9461611849653],[-95.8334954203206,34.9459531843285],[-95.833410419975,34.9459371844912],[-95.8327944201818,34.9458621846458],[-95.8317044199868,34.9457281847897],[-95.8311014199003,34.9456981843292],[-95.8303764195536,34.9456901848932],[-95.8294784192793,34.9456971852606],[-95.8281444185706,34.9456961852787],[-95.8273704186493,34.9456851848068],[-95.8270434187732,34.9456801845911],[-95.8251414178046,34.9456811847293],[-95.8244204176448,34.9456921852734],[-95.8244224177257,34.945525184736],[-95.824423417763,34.9453991851976],[-95.8244274179157,34.944937184492],[-95.8244514179425,34.9423141844583],[-95.8244524179605,34.9419151839716],[-95.8256684176938,34.9419161839592],[-95.8256684176977,34.941971184707],[-95.8257004182875,34.9420441844879],[-95.8257324179742,34.9420641845131],[-95.8258624177089,34.9420821844408],[-95.826343418432,34.9420971842127],[-95.8265044178036,34.9420871846413],[-95.8274074183111,34.9420991842539],[-95.827879418615,34.9420881846212],[-95.8322544191535,34.9420981839736],[-95.832815419987,34.942082184105],[-95.8334884197189,34.9420631840922],[-95.8334884197084,34.9419151835353],[-95.8346094204324,34.9419201837126],[-95.8364634209759,34.9419511841591],[-95.8364764206779,34.9419291840392],[-95.8411594220103,34.9419501838859],[-95.8413684218101,34.9419541831617],[-95.8415764215636,34.9419591833832],[-95.8417454222065,34.9419631835602],[-95.8420254217014,34.9419631835467],[-95.8436244221082,34.9419591832843],[-95.8480984236406,34.9419741828633],[-95.8489494235344,34.9419741828222],[-95.8512304240926,34.9419811830361],[-95.8597774265473,34.942008182974],[-95.8597834271318,34.9463051831677],[-95.8597604271725,34.9492231842685],[-95.8600294270566,34.9492251843481],[-95.8598984272849,34.9493361840977],[-95.8598684267986,34.9494161842057],[-95.8598484268246,34.9501751842735],[-95.8598414274411,34.9507611844251],[-95.8598414274543,34.950946183997],[-95.8598404274748,34.9518841842575],[-95.8598694271031,34.9530351844855],[-95.8598704271533,34.9530891842876],[-95.8598814276927,34.9535001844299],[-95.8598854278895,34.9536581845503],[-95.8599044279274,34.9544451850133],[-95.8598634279236,34.9558311853329],[-95.8598844280406,34.956428185093],[-95.8599194278866,34.9567301855836],[-95.8596084278525,34.9567141857572],[-95.8596194274921,34.9571191856218],[-95.8597304283573,34.960123186201],[-95.859689428892,34.9690531877574],[-95.8596754283779,34.9709461881665],[-95.8601834285534,34.9709461881419],[-95.8719344320933,34.9708721877445],[-95.8951394379499,34.9701721856888],[-95.9071044406187,34.9700721858757],[-95.9124904421714,34.970041185079],[-95.9124764423977,34.9697081849508],[-95.9124114415369,34.962085183658],[-95.9123684409277,34.9562901824607],[-95.9150574415211,34.9563101823572],[-95.9203814429013,34.9563481820603],[-95.9287254458354,34.9564091817827],[-95.9300684460624,34.9564191821807],[-95.935882447678,34.9563961817337],[-95.9374964478806,34.9563901813779],[-95.9418404487769,34.9563751813724],[-95.947653450346,34.9563541810181],[-95.9477644511657,34.9713011841495],[-95.9477644511983,34.9717581837239],[-95.9478434512739,34.9718891834899],[-95.948006452593,34.9852341861928],[-95.9568554546529,34.9851471862323],[-95.9568544546346,34.9855391863948],[-95.9568534546144,34.9859051862527],[-95.9567284561144,34.9998841886438],[-95.9580804558578,34.9998711888756],[-95.9608894566211,34.9999101887463],[-95.9625554574371,34.9999141879513],[-95.9654304576618,34.9999261883673],[-95.9654824582745,34.9999261883648],[-95.9654824582844,35.0000641884587],[-95.9655044594842,35.015105190547],[-95.9655194593905,35.0166371913274],[-95.9655234597233,35.0186891919015],[-95.9655214597389,35.0201991916641],[-95.9655304592786,35.0205001921096],[-95.965685459893,35.0291471931399],[-95.969033461364,35.0291031936381],[-95.9743864622901,35.0291441934773],[-95.9743554636988,35.0437141953436],[-95.9735414637225,35.0437151954295],[-95.971362462498,35.0436931954164],[-95.9700604623753,35.0437061960816],[-95.9672124616035,35.0436871962399],[-95.9658154615722,35.0437031961493],[-95.9655194613357,35.0437061963026],[-95.9617994605963,35.0436971960669],[-95.9616154601575,35.0436971960758],[-95.9604614597003,35.0436651964491],[-95.9591514592057,35.0436661965591],[-95.9579704592968,35.0436591962925],[-95.9571544592275,35.0436591963322],[-95.9563764591227,35.0436711969256],[-95.9562244592683,35.0436681967941],[-95.9541434580946,35.0436861968294],[-95.951913458103,35.0436751964286],[-95.9504614573186,35.0436751964992],[-95.9495944575829,35.0436841969581],[-95.9491744569921,35.0436881971637],[-95.9481184565851,35.0436891972613],[-95.9473654567396,35.0436911973906],[-95.9454674559568,35.0436891973903],[-95.944945456032,35.0436951967941],[-95.9444644562098,35.0437011970953],[-95.9435844558703,35.043697196953],[-95.9434174553207,35.0436991970536],[-95.9419404551766,35.0437151969669],[-95.9408234546379,35.0437021973187],[-95.94053045454,35.0436991971941],[-95.9374994542766,35.0437061976656],[-95.9357414536907,35.0437031976122],[-95.9351734534308,35.0437021975935],[-95.9304154522184,35.0436771975668],[-95.930411452041,35.043791197449],[-95.9304294520864,35.0453201980904],[-95.9303864524036,35.0524461997579],[-95.9303994530986,35.0537271997095],[-95.9303924528562,35.0548701995681],[-95.9304164533099,35.0582052001858],[-95.9304194534849,35.0587042008052],[-95.9304124532789,35.0603512006156],[-95.9304554535392,35.0612532010053],[-95.9304924535469,35.0625092015968],[-95.9305014540009,35.0630192018258],[-95.9305144537615,35.063812201667],[-95.9304764539043,35.0652872016096],[-95.9304764540031,35.0666592021775],[-95.9304374540703,35.0677302023015],[-95.9304464536791,35.0689902021802],[-95.9304404545738,35.0727882035507],[-95.9304434547522,35.0733332036017],[-95.9304384545624,35.0739162036139],[-95.9304304542748,35.0750732032214],[-95.9304444540902,35.0759822039365],[-95.9304474542433,35.0761752038785],[-95.9304334545976,35.0776212042758],[-95.9304714546877,35.0793772046337],[-95.9304544549217,35.081083204478],[-95.9304604553418,35.0830492046673],[-95.9304464547953,35.0844742049916],[-95.9304694550611,35.0858402052805],[-95.9304474550006,35.0866772053619],[-95.9304074549557,35.0868352054843],[-95.9303354552254,35.0869922055619],[-95.9302704549141,35.0870602060153],[-95.9301784551492,35.0871292056171],[-95.9301064554105,35.0871692056739],[-95.9301684561073,35.0943682071175],[-95.9242304541339,35.0943582078434],[-95.9230774537247,35.0943512075756],[-95.920886453744,35.0943592071534],[-95.8951234470219,35.0943362091432],[-95.8865284441465,35.0944062092056]]]}},{"type":"Feature","properties":{"Precinct":"51","PCT_CEB":"610051","P0010001":"446","P0030001":341,"St_house":"017","St_senate":"07","Comm":"01","Uscong":"02","COUNTY_NAM":"PITTSBURG","CO_FIPS":"121","GeoID":"61121610051020701701","precinct_num":51},"geometry":{"type":"Polygon","coordinates":[[[-95.6524373741951,34.9594741958395],[-95.6522153738121,34.9597491959919],[-95.6518533741264,34.9599551956543],[-95.6510193741258,34.9600231961449],[-95.65090837347,34.9599541956536],[-95.6503243733719,34.9600231961784],[-95.65021337363,34.9601601962315],[-95.6502133736398,34.9602971962792],[-95.650463373552,34.9604351963611],[-95.6508253741566,34.960504195941],[-95.6508523736133,34.9605491962245],[-95.6510473736664,34.9605951965462],[-95.6511583743271,34.9607331966349],[-95.6512413737512,34.9617401964891],[-95.6513803739378,34.9622431963883],[-95.6516023743876,34.9629071965431],[-95.651491374649,34.9630901969273],[-95.6508233742886,34.9636621964628],[-95.6508233742951,34.963754197125],[-95.6511573745136,34.964006197085],[-95.6511573745331,34.9642801971804],[-95.6504623737922,34.9644631966933],[-95.6503783743983,34.9645321971941],[-95.6487663734149,34.9649211972956],[-95.6477373733808,34.9652181976062],[-95.6475143738393,34.9653321974991],[-95.6471813736868,34.9653551967814],[-95.6471253728836,34.9652861971867],[-95.6471533732762,34.9651951974688],[-95.647014373114,34.9650341972159],[-95.6469993733119,34.9649531970637],[-95.6468473734503,34.9648511968452],[-95.6466803729053,34.9649201973499],[-95.6460693733846,34.9654231972853],[-95.6455963730479,34.9656291969532],[-95.6429273724834,34.9656511972011],[-95.6425933722779,34.9655821976199],[-95.6424813724669,34.9653991972465],[-95.6422033721507,34.9651931976149],[-95.6415083713854,34.9650331974351],[-95.6404803713325,34.964414197604],[-95.640396371919,34.9642081970637],[-95.6404303716916,34.9641311970943],[-95.6405083716991,34.9639571971284],[-95.6407303711861,34.9637281973071],[-95.6407303711617,34.9633851976144],[-95.6406193714035,34.9632931969576],[-95.6402863712412,34.9631781970452],[-95.6397853714128,34.9634991975421],[-95.6392293708242,34.9637041971677],[-95.6375593707373,34.9639381972903],[-95.6360043705347,34.9634291971815],[-95.6358093704913,34.9635201978068],[-95.635809370519,34.9639091978306],[-95.6357343706417,34.9639581974049],[-95.6356703703747,34.9640011976002],[-95.6351143697667,34.9639321971303],[-95.6346973702104,34.9638861977186],[-95.6338073694098,34.9639311980463],[-95.6338073694164,34.9640231978093],[-95.6332513697419,34.9644351980255],[-95.6328343692959,34.9645261977622],[-95.6314723690686,34.9642741978517],[-95.6303463690155,34.9643281977081],[-95.6307433685132,34.9639461979892],[-95.6306973689581,34.9622601972732],[-95.6304433687366,34.9603831967172],[-95.6299123681149,34.9564651961073],[-95.6276103674821,34.956481196959],[-95.6263663673494,34.9564871963974],[-95.6250113665636,34.9564641962971],[-95.6230493664074,34.9564481965502],[-95.6227983664591,34.9564551968864],[-95.6228143662917,34.9563141966527],[-95.6080093623033,34.9563181975511],[-95.6077813625198,34.9562891971187],[-95.6066423618604,34.9562961974977],[-95.6059063619016,34.9562761975065],[-95.6050143619045,34.956278197642],[-95.6064983620657,34.9519141969697],[-95.6066603613938,34.950637196294],[-95.6065973619903,34.949522195935],[-95.6065333617131,34.9494211966578],[-95.6058753617544,34.9491231963822],[-95.6049953613808,34.9486511961551],[-95.6034503607479,34.9482171959208],[-95.6028393602836,34.9480981958366],[-95.6018303602406,34.9478751963523],[-95.5996423594883,34.9477491960199],[-95.5974793589832,34.9474421962993],[-95.5951773583507,34.9474651965757],[-95.5928093582277,34.9471081963487],[-95.5912613574871,34.9471181968862],[-95.5892533570041,34.9472151969773],[-95.5889723565277,34.9467131962317],[-95.5889453570312,34.9461071960547],[-95.5888923572019,34.9451291966422],[-95.5891703565532,34.9444101966147],[-95.5893383571169,34.9439501959934],[-95.5898233570625,34.9430631962715],[-95.5904223569449,34.9428231959228],[-95.5921783573907,34.9421351954608],[-95.593572358132,34.9413891950288],[-95.5937903574351,34.9411831953732],[-95.5944963577513,34.9404971950544],[-95.5950783576917,34.9395111952409],[-95.5950713582338,34.939051194628],[-95.5950033577462,34.9385991943885],[-95.5947553578973,34.9380471949236],[-95.5935183571606,34.937643195164],[-95.5912803567716,34.9372931943555],[-95.5910163571163,34.9372511951216],[-95.5898463568044,34.9370681947991],[-95.5886033557931,34.9367141946567],[-95.5884333560014,34.9366881943604],[-95.58818135593,34.9356131949631],[-95.5872063556471,34.935136194509],[-95.5863843552866,34.934964194679],[-95.5858323548365,34.9345081942775],[-95.5847243547324,34.9347551949748],[-95.584224354921,34.9346641943829],[-95.5832793542483,34.9344351946178],[-95.5822503541653,34.9340461946433],[-95.5801653536662,34.9335431948374],[-95.5798313534477,34.9332911948773],[-95.5797763535853,34.9331541948322],[-95.5795813535242,34.9329941946283],[-95.578469353209,34.9328801947996],[-95.5781643534424,34.9327191945546],[-95.5780803531281,34.9324911947944],[-95.5778863531116,34.9323071943785],[-95.5773573528336,34.93191819438],[-95.5773573528222,34.9317581941667],[-95.5772463530657,34.931690194621],[-95.5771913531985,34.9314841940792],[-95.5768573529735,34.9311401943562],[-95.5766353525693,34.9311171942012],[-95.5764963524104,34.9310031943257],[-95.5764953523283,34.9304991943734],[-95.57641235207,34.9304081946608],[-95.5758843527458,34.9301331945444],[-95.5757173522023,34.9302251943153],[-95.5757173522169,34.9304311939604],[-95.575856352392,34.9307741945459],[-95.5761903526251,34.9312321941511],[-95.5761623522503,34.9315751947447],[-95.5761073524042,34.9316671945102],[-95.5759683522647,34.9318271947302],[-95.575356352665,34.9318731941914],[-95.5749953521051,34.9317811944458],[-95.5743283517291,34.9314841942168],[-95.573716352084,34.9308891945773],[-95.5728273513038,34.9305691941934],[-95.5727713513983,34.9304771944332],[-95.5722993510657,34.9300881944319],[-95.5720213516391,34.9297451938531],[-95.5720493511307,34.9296301939233],[-95.5717433513147,34.9294241942929],[-95.5710483514534,34.9293331946097],[-95.570937350796,34.9292411939528],[-95.5709093512897,34.9291501942375],[-95.5710203510348,34.9290581944693],[-95.5713263508346,34.929035194289],[-95.5715203508317,34.9289441945631],[-95.5715763506982,34.9284861940397],[-95.5716873513362,34.9283031936556],[-95.5721603507607,34.9279131935626],[-95.5721873511021,34.9277531942473],[-95.571576350643,34.9277071939455],[-95.5711873506092,34.927982194106],[-95.5710203509748,34.9282111939247],[-95.5705483506875,34.9284631939236],[-95.5702703504054,34.9287381940787],[-95.5701863510147,34.9288521939649],[-95.5695753505653,34.9289441946566],[-95.5694643508022,34.9287831944023],[-95.5695753505425,34.9286231941837],[-95.5700753503166,34.9281881938045],[-95.5705203511326,34.927685193877],[-95.5705893507324,34.9276461938667],[-95.5708813507818,34.9276161942623],[-95.572194351402,34.92740319423],[-95.5756023520625,34.9273651941055],[-95.5775283522498,34.9259931934429],[-95.5778473526443,34.9258541932872],[-95.5783013530161,34.9258851929021],[-95.5794593527611,34.9259211936138],[-95.5801353535356,34.9259541933106],[-95.5807403537153,34.9259831928255],[-95.581014352933,34.9259961934142],[-95.5836833544104,34.9261581926925],[-95.585236354492,34.9262671931678],[-95.5881483555535,34.9265181929578],[-95.5886123554908,34.9265641932666],[-95.5896313559889,34.9266661925442],[-95.592928356925,34.9270151923563],[-95.5950813569585,34.9272111923342],[-95.5954663568285,34.9272431928979],[-95.595467356857,34.926992192968],[-95.5954793573335,34.9258631928563],[-95.5954803573272,34.9251191925839],[-95.5954563570535,34.9242721920405],[-95.595468356685,34.9239091923205],[-95.5954743569514,34.9237421917828],[-95.5954743569335,34.9234901918066],[-95.5954903567393,34.9229701920119],[-95.5954933568592,34.9226981920089],[-95.5955133567329,34.9205181917998],[-95.5955273564776,34.9204451911173],[-95.5955583570116,34.9203841918888],[-95.5956163569999,34.9203361914623],[-95.5956853566008,34.9203121912471],[-95.5958983565844,34.9202901911176],[-95.5963093567564,34.920258191415],[-95.5969613573092,34.920178191277],[-95.5970223574379,34.9201471916374],[-95.5970503569339,34.9200931909345],[-95.5970743571408,34.9199971909853],[-95.5970693569071,34.9199711915804],[-95.5970623574793,34.9199371909058],[-95.5970163571399,34.9198671912644],[-95.5969103567138,34.9197691912288],[-95.5965203566001,34.9195701910272],[-95.5960033568886,34.919322191261],[-95.5957033564531,34.9191391908967],[-95.5955883565087,34.9190371915756],[-95.5955543567272,34.9189891911535],[-95.595501356957,34.9188431915909],[-95.5954863562524,34.9187161911076],[-95.5954853562012,34.9186481915565],[-95.5954823569419,34.9183731914149],[-95.5954923564345,34.9173591912318],[-95.5954893562522,34.9167491908684],[-95.5954893562384,34.9165541908333],[-95.5955163564737,34.914895190464],[-95.5955233558701,34.9144861904131],[-95.5955293561037,34.9138561900225],[-95.5955383564509,34.912865190005],[-95.613132361172,34.9128271891989],[-95.6416653677789,34.9130241879551],[-95.6435833685924,34.9130391876581],[-95.6448433685675,34.9130311881264],[-95.6465923696366,34.9130311880423],[-95.6480673696915,34.9130491879055],[-95.6483823699093,34.9130361872884],[-95.6483663700461,34.9127471873986],[-95.649537370405,34.9129421873774],[-95.6568813719331,34.9129371867928],[-95.66560937469,34.9129251867167],[-95.6656083748927,34.9164381874873],[-95.6656233749667,34.9203551880761],[-95.678072378516,34.9204071871867],[-95.6813803790382,34.920422187722],[-95.6825933795327,34.9204291870884],[-95.682725379359,34.9204301871283],[-95.688948381062,34.9204311868751],[-95.692263381908,34.9204351869007],[-95.7011933841386,34.9204181865831],[-95.701167383388,34.9141571853892],[-95.7011653832545,34.9135821848477],[-95.7011543833516,34.9094621847528],[-95.7011413835138,34.9075691843438],[-95.7011573833074,34.9068761837341],[-95.7011563832508,34.9067311842154],[-95.7011533830479,34.9058321839616],[-95.7011803833022,34.9044431835028],[-95.7010513827116,34.9043831834291],[-95.7010513826484,34.9034911834992],[-95.7010373828513,34.9028241831954],[-95.7012113828317,34.9028971829696],[-95.7021713833128,34.903303182835],[-95.7023413831078,34.9033781836013],[-95.7031163830992,34.9037201832105],[-95.7041023838887,34.904155183518],[-95.7041963837545,34.904200182899],[-95.7053003837276,34.9047281830101],[-95.7061503845068,34.9051801832119],[-95.7067163847002,34.9055471830893],[-95.7072903843656,34.9059181831514],[-95.7077253847732,34.90619918355],[-95.7087303846604,34.9068471838257],[-95.7094143849377,34.9073231833481],[-95.7095163851763,34.9073941839324],[-95.7099603851076,34.9077551835379],[-95.7104253860179,34.9081891838242],[-95.7107863856971,34.9085461841477],[-95.7110643860264,34.9089371833515],[-95.7115423857716,34.9098031838532],[-95.7129033870426,34.9127511844792],[-95.7124993862913,34.9127141845843],[-95.7121663861242,34.9125311842215],[-95.7117493865729,34.9125541844071],[-95.7114993857923,34.9128511846801],[-95.7113333862076,34.9131261848298],[-95.7110273864988,34.9144311850101],[-95.7109443862535,34.9145221847306],[-95.7100833859037,34.9146371847005],[-95.7098333860095,34.9147511845947],[-95.7096663854904,34.9151861849577],[-95.709221385566,34.9155761850492],[-95.7092213855968,34.9160101853578],[-95.7088873854158,34.9162851855156],[-95.7084433855247,34.916491185182],[-95.7083323857845,34.9166511854006],[-95.7083603853087,34.9169951851383],[-95.7089173860068,34.9176811853962],[-95.709056386177,34.9179561855313],[-95.7095003861152,34.9184141860304],[-95.7097233865901,34.9187801858779],[-95.7095283865533,34.9189631853668],[-95.7090843857596,34.9191231856014],[-95.7090013864218,34.9193291861498],[-95.7090013864446,34.9196501857232],[-95.7094733858826,34.9201071861747],[-95.7095013862947,34.9202901856528],[-95.7094733859118,34.9205191863641],[-95.7091403857838,34.9208861862846],[-95.7089733861672,34.9213661860331],[-95.7088343860311,34.9215721865841],[-95.7087233862828,34.9216181860213],[-95.7085013858786,34.9215951858664],[-95.7079733856585,34.9213661860813],[-95.7076123860079,34.9214121864298],[-95.7074733858653,34.9215271863649],[-95.7071123853477,34.9220301862882],[-95.7069173853337,34.9225341862499],[-95.7067513858546,34.9242961868975],[-95.7066403861144,34.9244571871624],[-95.7064183857184,34.9245481868897],[-95.7054723859038,34.924388186722],[-95.7054363851353,34.9244111868893],[-95.7052223851135,34.9245481869473],[-95.7046383850578,34.9252121871409],[-95.7038333855566,34.9260361875585],[-95.7034723850196,34.9262651873864],[-95.7027213852922,34.9266321873271],[-95.7023883851658,34.927021187367],[-95.7023323852732,34.9271121879856],[-95.7022013846084,34.9273131874055],[-95.7018373848357,34.9276001872209],[-95.7013653845306,34.9275961879578],[-95.7012223841944,34.927597188011],[-95.7012133847114,34.9280911875007],[-95.7008883849465,34.928348187724],[-95.7007773843102,34.9285541882737],[-95.7006103846856,34.9289211881863],[-95.7006103847166,34.9293561876419],[-95.7010833851101,34.9299511881873],[-95.7010833851312,34.9302481884482],[-95.7009163845911,34.9303861885502],[-95.7006943850943,34.9304771882775],[-95.7004433842463,34.9304771882896],[-95.7001103840824,34.9303401882579],[-95.6999153840424,34.930477188315],[-95.6988603846601,34.9315991881525],[-95.6982763845914,34.9320801888666],[-95.6971093835798,34.9327431890421],[-95.6968313841792,34.932766189221],[-95.6967203835234,34.932698188776],[-95.6967203835169,34.9326061890131],[-95.6964703836048,34.9324691889775],[-95.6958033832616,34.9326291892228],[-95.6954423836028,34.9325611887898],[-95.6954693830399,34.932332188978],[-95.6957193838204,34.9320341886587],[-95.6957193837994,34.9317371883978],[-95.6954413834864,34.931576189051],[-95.6949973835743,34.9314851884564],[-95.6949693831669,34.9313701885294],[-95.6955523831877,34.9308671885953],[-95.6955523831698,34.9306151886192],[-95.6952193830043,34.9304551884219],[-95.6944963827425,34.9303401885283],[-95.694246382824,34.9301121887761],[-95.6937743825207,34.930135188065],[-95.6934683827242,34.9302031885301],[-95.6932743827127,34.9300891886574],[-95.6932183828024,34.9299291884468],[-95.6928573822182,34.9294941881092],[-95.6928843825612,34.9293561880139],[-95.692773382808,34.9293341887994],[-95.6927733827966,34.9291731885398],[-95.6926343826377,34.9290591886644],[-95.6922733820958,34.9292191879957],[-95.6919403819579,34.9294481887216],[-95.6916893820092,34.9294481887337],[-95.6910223825117,34.9288531881976],[-95.6905783817131,34.9289451888813],[-95.6903003823271,34.9291731886589],[-95.6901893816924,34.9294021884749],[-95.6901063815268,34.9306151888814],[-95.6897873820389,34.9308551892167],[-95.6891333814228,34.9313481886911],[-95.6887993821216,34.9313481887072],[-95.688799382068,34.9305931888251],[-95.6885213817648,34.930570188673],[-95.6882993813623,34.9305701886837],[-95.6882713818723,34.9307071887327],[-95.6879663812423,34.9310501893394],[-95.6878823818533,34.9311881894375],[-95.6869373812361,34.9317371888208],[-95.6868543809973,34.9319201892036],[-95.6868823814111,34.9321261888472],[-95.6870213815765,34.9323321893849],[-95.6870493811023,34.9326981892418],[-95.686910380971,34.9329731893902],[-95.6869383813929,34.9332931898153],[-95.6871323814077,34.9334541891662],[-95.6876323812125,34.9334541891421],[-95.6878553816695,34.9335681890135],[-95.6886053813945,34.9338201898529],[-95.6889943823502,34.9338661892659],[-95.6891053821083,34.9339571898765],[-95.6890783817831,34.9343461899016],[-95.6885503816329,34.9351021898554],[-95.6881333820994,34.9353761899709],[-95.6878553818175,34.935651190126],[-95.6876053819654,34.936360189689],[-95.6867713811194,34.9371841901079],[-95.6861603815972,34.9376651899241],[-95.6851593810859,34.9382831907061],[-95.6846313808902,34.9383981906599],[-95.6844093813854,34.938375190505],[-95.6836303812229,34.9382371904486],[-95.683325380554,34.9380311908183],[-95.6831023810027,34.9380081906635],[-95.6825193809511,34.9380771902889],[-95.6821853807636,34.9382601906838],[-95.6815743803454,34.938787190831],[-95.6803513803699,34.9399541909614],[-95.680101380526,34.9407781913522],[-95.6801563803998,34.9410751916105],[-95.6802393797669,34.9412811912515],[-95.6803513804999,34.9417851911984],[-95.6802673802441,34.9423801917706],[-95.6800173803824,34.9429521912859],[-95.6799063806357,34.9430211917879],[-95.6792113799534,34.9440281916797],[-95.6790443803255,34.9443481921142],[-95.6788773797968,34.9446461915301],[-95.678155379596,34.9447381922272],[-95.678016379455,34.9448751922815],[-95.6780713802297,34.9451951918061],[-95.6784883798054,34.9455161922588],[-95.6786273799741,34.9457671921819],[-95.6784333800049,34.9462481919779],[-95.6784053796188,34.9464311923581],[-95.6783213802297,34.9465691924561],[-95.6774043800051,34.9470261920751],[-95.6770433794486,34.9469811927071],[-95.6764033794206,34.9466141919341],[-95.6754863791294,34.9461341922378],[-95.6749303794192,34.9460421925017],[-95.6747363794288,34.9462251919905],[-95.6747083790475,34.9464771928674],[-95.6745413794083,34.9466371921893],[-95.6744023792624,34.9467061926927],[-95.6734573785964,34.9465681926442],[-95.6730113786028,34.9466371922631],[-95.6728453790164,34.9468891922472],[-95.672705378873,34.9476441930353],[-95.6725463787119,34.9478951929728],[-95.6719563783486,34.9481461929311],[-95.6719563783688,34.9484301925902],[-95.6722613790433,34.9487141931338],[-95.672790378406,34.9488801927],[-95.6734293792805,34.9491551928109],[-95.6736513788064,34.9494751932267],[-95.6736513788194,34.9496581927062],[-95.6735123786849,34.9498871934228],[-95.6732623788021,34.9501621935765],[-95.6727063791276,34.9505741928933],[-95.6717613785495,34.951672193413],[-95.6717053786717,34.9519701937229],[-95.6717613785788,34.9520841936024],[-95.6716223784459,34.9523361935852],[-95.671288378247,34.9523591937669],[-95.6710373782771,34.9520611934717],[-95.6707033780765,34.9520611934878],[-95.6706763786361,34.9522441938679],[-95.6707033781188,34.952656194056],[-95.6700643782138,34.9533661936841],[-95.6697033785565,34.9533201942697],[-95.6696473786234,34.9528391935863],[-95.6693973778135,34.9527251937163],[-95.6689523778548,34.9526331939748],[-95.6670353779914,34.952679193499],[-95.6667573776996,34.9528161935601],[-95.6664513770217,34.9531371940477],[-95.6664383773215,34.9531831943794],[-95.6663683776904,34.9534341943126],[-95.66636837771,34.9537091944542],[-95.6667073772616,34.9539701939314],[-95.6668123776401,34.9540521941256],[-95.6667853772971,34.9541891941746],[-95.6665623777573,34.9543271942793],[-95.6661183778482,34.9542811939696],[-95.6655903776361,34.9541661940666],[-95.6653123773411,34.9542581947422],[-95.6648953769246,34.9547611946683],[-95.6641443772117,34.9553331942078],[-95.6636723769198,34.9555171946556],[-95.6613933764909,34.956043194837],[-95.6609843764324,34.9563651944765],[-95.6609603762183,34.9563591950992],[-95.66045837631,34.9562071952805],[-95.6601413760325,34.9566861949899],[-95.6598193764118,34.9570131948567],[-95.6584353761285,34.9576731949037],[-95.6574933756329,34.9579771955341],[-95.656902375219,34.9581691954588],[-95.6568443752286,34.9581871953956],[-95.656497375333,34.9583081956186],[-95.6555513746792,34.958994195949],[-95.6551903750333,34.9591081958485],[-95.6543563750279,34.9591081958887],[-95.6539943744249,34.9590621955751],[-95.6536333747725,34.959085195758],[-95.6535223741248,34.9591311960945],[-95.6528273742735,34.9591771955598],[-95.6524373741951,34.9594741958395]]]}},{"type":"Feature","properties":{"Precinct":"52","PCT_CEB":"610052","P0010001":"755","P0030001":540,"St_house":"015","St_senate":"07","Comm":"01","Uscong":"02","COUNTY_NAM":"PITTSBURG","CO_FIPS":"121","GeoID":"61121610052020701501","precinct_num":52},"geometry":{"type":"Polygon","coordinates":[[[-95.3937723210732,35.1527682435569],[-95.3937693209503,35.1529942441281],[-95.3937293210402,35.155027244726],[-95.3937203206539,35.1554582439967],[-95.3937143213075,35.155911244286],[-95.393719321568,35.1563082446799],[-95.3937233208727,35.1565662449336],[-95.3937093211902,35.1575022451024],[-95.3937163215467,35.1579452449281],[-95.3937113213382,35.1582712447332],[-95.3937083212142,35.1584802445172],[-95.3936833210744,35.1601512454413],[-95.3936833210771,35.1601882453557],[-95.349532309607,35.1600272472389],[-95.3495303084815,35.1456632450021],[-95.3495753084027,35.1405542440811],[-95.3494893080686,35.128821241352],[-95.3495113070909,35.1260432413354],[-95.3496533073777,35.1259972409974],[-95.3514813075956,35.1257142412961],[-95.3523733084815,35.1255542410397],[-95.3524963078893,35.1255382411923],[-95.3557683094055,35.1250132410085],[-95.3561433088059,35.1249582402425],[-95.3569073091571,35.1248722407204],[-95.3578293096401,35.1247742406351],[-95.3579213094096,35.1247682403529],[-95.3582923095259,35.1247422400304],[-95.3585293097238,35.1247252401312],[-95.3593113100126,35.1246712402911],[-95.3602983099141,35.1245912401367],[-95.3603533097665,35.1245872399489],[-95.3604423102955,35.1245712401031],[-95.3616453103117,35.1243562399831],[-95.3622403109179,35.1242492403962],[-95.3623153107977,35.1242352397444],[-95.3630253104411,35.1241202397815],[-95.3636143107698,35.1240252398513],[-95.3640593107168,35.1239462397693],[-95.3650853115201,35.1237632402401],[-95.3652233116227,35.1237352398364],[-95.3664383112941,35.1234912401718],[-95.3665243116838,35.1234732402336],[-95.3676083115795,35.1232892397559],[-95.3683683117421,35.1231612400882],[-95.3687613119757,35.1230842401014],[-95.3699323123057,35.1228572394273],[-95.3711173132858,35.1226412392619],[-95.3712313132086,35.123086239175],[-95.3713833131038,35.1236542393852],[-95.3716433135387,35.1246072394286],[-95.3717523132265,35.1250092400491],[-95.3717883131106,35.1251932395732],[-95.3718923134635,35.1255622395653],[-95.372081313286,35.1262692399139],[-95.3721443135285,35.1265322403963],[-95.3724123134373,35.127516240076],[-95.3725253133067,35.1278632399485],[-95.3726433133943,35.1280202400172],[-95.3728063137679,35.1281452404006],[-95.3731033140617,35.1282862406192],[-95.3733683137652,35.1283492408252],[-95.3737023139625,35.1282992402927],[-95.3737523135828,35.1282912399199],[-95.3739813143078,35.1282572401333],[-95.3741793144942,35.128219240163],[-95.3746453145149,35.1281292404701],[-95.375016314641,35.1282402401954],[-95.3751883145268,35.128282240333],[-95.3753893139602,35.1283452405421],[-95.3756113143706,35.1284512400431],[-95.3759193142749,35.1285882400759],[-95.3761463149189,35.1287182406878],[-95.3761813147459,35.1287522404616],[-95.3766283148217,35.1291762402856],[-95.3771353149901,35.1297122407955],[-95.3773473149452,35.1299352403181],[-95.3776723147521,35.1302602409603],[-95.3782043151695,35.1306422406343],[-95.3785703150742,35.1308982407779],[-95.3787113153239,35.1309822410629],[-95.3799043158419,35.1316892404634],[-95.3801303155396,35.131811240705],[-95.3803323159221,35.1319202403459],[-95.3812203157728,35.1324512406059],[-95.3826083163479,35.1332572409833],[-95.3831563166038,35.1335802406228],[-95.3838093172422,35.1340392411579],[-95.3841603173531,35.1343302411241],[-95.384365316985,35.1345732406736],[-95.3849973175628,35.1352252411522],[-95.3853693177575,35.1356452407946],[-95.3855453178468,35.1359392409081],[-95.3857563177703,35.136368240975],[-95.3863843182043,35.1376012413737],[-95.3865893178439,35.1379512413806],[-95.3867403176684,35.1381792411375],[-95.3868903183444,35.1383872417672],[-95.3875433181088,35.1391982415124],[-95.3882953188735,35.1400972417298],[-95.3888773189356,35.140810242337],[-95.3892393186676,35.141245241775],[-95.3898573195018,35.141985241832],[-95.3901753189881,35.142365242323],[-95.3906343196317,35.1429462422207],[-95.3908083196311,35.1432802423876],[-95.3914363200727,35.1446172422054],[-95.3919343198658,35.1457372427746],[-95.3920623204266,35.1460252426126],[-95.3923243200328,35.146670242785],[-95.392660320386,35.1474972432863],[-95.3931253204422,35.1485452432214],[-95.3931833204442,35.1486872434978],[-95.3934903203465,35.1494402432724],[-95.3935813209898,35.1497252429733],[-95.3936663204603,35.1500752429859],[-95.3937183210994,35.1504402436947],[-95.3937883208108,35.1513072433628],[-95.3937723210732,35.1527682435569]]]}},{"type":"Feature","properties":{"Precinct":"54","PCT_CEB":"610054","P0010001":"514","P0030001":388,"St_house":"018","St_senate":"07","Comm":"03","Uscong":"02","COUNTY_NAM":"PITTSBURG","CO_FIPS":"121","GeoID":"61121610054020701803","precinct_num":54},"geometry":{"type":"Polygon","coordinates":[[[-95.7625214020789,34.9524791895261],[-95.7619274024117,34.9524781895085],[-95.7613034022518,34.9524651889367],[-95.7613064023205,34.9514761890127],[-95.7613084014429,34.9504801887646],[-95.7613104014659,34.9494991892109],[-95.7613124014872,34.9484961886387],[-95.761315401558,34.9475361882587],[-95.7613154015487,34.9474051884888],[-95.7613474012251,34.9472801880959],[-95.7613984017772,34.9470791886799],[-95.7616634014296,34.9464291882506],[-95.7618154012574,34.9460571881073],[-95.7620794017587,34.9453521878296],[-95.7623374019829,34.9446621882467],[-95.7624654016007,34.9443401877215],[-95.7628814019313,34.9432841873735],[-95.7632864017521,34.9422311871648],[-95.7636984018968,34.9411691874385],[-95.7638984021419,34.9406551870137],[-95.7641064018571,34.9401211865619],[-95.7645134017711,34.9390741866309],[-95.7647234015787,34.9385351868468],[-95.7649244018701,34.9380201863757],[-95.7650284021772,34.9377501864606],[-95.765114401653,34.937529186117],[-95.7651334016313,34.9374811865917],[-95.7653344019223,34.936961185889],[-95.7657474021134,34.9358981861163],[-95.7661244015405,34.9349211858304],[-95.7665644020777,34.933765185348],[-95.7669474017799,34.9327441857226],[-95.7670134021307,34.9325771851821],[-95.7674034021643,34.9316511854582],[-95.7674974020111,34.9314281850216],[-95.7675904018113,34.931204185438],[-95.7676254016298,34.9311211851909],[-95.7677524021019,34.9308191846924],[-95.7678444018545,34.9305771851748],[-95.7680154016584,34.930125184924],[-95.7681974019704,34.9296431850823],[-95.768349401796,34.9292411844494],[-95.7685154022687,34.9288081850784],[-95.7688884024132,34.9278801843634],[-95.7689614021885,34.9277021842126],[-95.7690894018068,34.9273881840578],[-95.769144402549,34.9272521840538],[-95.7692374023477,34.9270061843509],[-95.7694374025915,34.9264741839921],[-95.7697894026671,34.9256271843303],[-95.7699664018491,34.9251631835236],[-95.7700914022236,34.9247931834741],[-95.7701384025922,34.9246181834635],[-95.7702874022326,34.9235661833135],[-95.7710824022381,34.9237141838321],[-95.771301402505,34.9237641834385],[-95.7712284027489,34.9242131835457],[-95.7711344029245,34.9247491840847],[-95.7710414022503,34.9253301840091],[-95.7710124027242,34.9256131836231],[-95.7709394029592,34.9259371842383],[-95.7708234020983,34.9262451841147],[-95.7705484028854,34.926950184393],[-95.7700974027319,34.928029184009],[-95.770081402892,34.9280681840168],[-95.7700194027246,34.9282061841138],[-95.7699934024225,34.9282661841949],[-95.7699454029203,34.9286291848159],[-95.7698614026586,34.9291421842895],[-95.7697274027875,34.9298141848317],[-95.7696884027934,34.9300371852657],[-95.7696554021977,34.9305341848953],[-95.7696614025116,34.9310351847083],[-95.769670402974,34.9316681852366],[-95.7696714030262,34.9317501854358],[-95.7696864028584,34.9322561854799],[-95.7697044028353,34.9328391854915],[-95.7696844028374,34.9332651854305],[-95.769680402657,34.9333361851207],[-95.7696764024783,34.9334321850689],[-95.7696694030629,34.9335711852095],[-95.7696044027802,34.9340441855282],[-95.7694934030632,34.9345301855516],[-95.7693144029046,34.9352121856597],[-95.7691734026962,34.935706186055],[-95.7691384028806,34.9358291863555],[-95.7689684031388,34.9365031860927],[-95.7689114032078,34.9367051864546],[-95.768590402792,34.9378441861442],[-95.7685464025611,34.9379981860818],[-95.7682644030373,34.9388951862565],[-95.7682424029197,34.9389411865886],[-95.7677634023614,34.9399411870449],[-95.7673134022498,34.9409571873413],[-95.7668234029868,34.9420511867543],[-95.7665644027081,34.9426271873545],[-95.7659454028626,34.9437761875216],[-95.7658084028257,34.9440711876964],[-95.7653314023625,34.9451031878356],[-95.7648584020839,34.9461241883645],[-95.7647234021393,34.9464141883078],[-95.7645604026936,34.9466851882721],[-95.7644274019466,34.947034188249],[-95.7642934020525,34.9473821881796],[-95.7642664026047,34.9474611882411],[-95.7642394022577,34.9475421883953],[-95.7639144025417,34.9484851889032],[-95.7635634025241,34.949495188917],[-95.7632244021619,34.9504791886258],[-95.7630744024304,34.9509011892853],[-95.7628724020964,34.951468189466],[-95.7625214020789,34.9524791895261]]]}},{"type":"Feature","properties":{"Precinct":"55","PCT_CEB":"610055","P0010001":"563","P0030001":390,"St_house":"017","St_senate":"07","Comm":"01","Uscong":"02","COUNTY_NAM":"PITTSBURG","CO_FIPS":"121","GeoID":"61121610055020701701","precinct_num":55},"geometry":{"type":"Polygon","coordinates":[[[-95.7579453995457,34.9290511851473],[-95.7579153990593,34.9291281851165],[-95.7575383996313,34.9300921856999],[-95.7575273991323,34.9302491857747],[-95.757501399731,34.9303301850295],[-95.7573293989512,34.9303581854349],[-95.7570203990132,34.930391185179],[-95.7567553993146,34.9303911851918],[-95.7564313986789,34.9303951853926],[-95.7560863988665,34.9303791855678],[-95.75592639864,34.9303621856877],[-95.7553123989397,34.930291185128],[-95.7549823989186,34.9302051856589],[-95.7544903985758,34.9300671855886],[-95.7540463986615,34.9299451853575],[-95.7522093979639,34.9293141859092],[-95.7502733971861,34.9288831858328],[-95.7502303969902,34.9288771855571],[-95.7490933973043,34.9286141851265],[-95.7473533966,34.9278661856525],[-95.7471753964339,34.9277901857396],[-95.7470593964435,34.9276921857045],[-95.7468243963268,34.9275421850663],[-95.7464233965985,34.92728718587],[-95.7448133955766,34.925822185569],[-95.7445823956392,34.9255831853066],[-95.7438113958006,34.924780185038],[-95.7431453954556,34.9242611853227],[-95.742712395137,34.923926185122],[-95.7426343951127,34.9238651849995],[-95.7425633954131,34.9238031848304],[-95.7430733947236,34.9229791844271],[-95.7435863950687,34.9221011842215],[-95.7438973950623,34.9215431844522],[-95.7441143952086,34.9212011847953],[-95.7442833949287,34.9208741840366],[-95.7444563957347,34.9205621839722],[-95.7444993950237,34.9204621847362],[-95.7445483954894,34.9203491839987],[-95.7446533949438,34.9200821842224],[-95.7447173952021,34.9199181838208],[-95.7448763953477,34.9194491836828],[-95.7449663950045,34.9191641839731],[-95.744986395026,34.919071184163],[-95.7451783958401,34.9191291841411],[-95.7454203953767,34.9192041840046],[-95.7462303960819,34.919407184371],[-95.7464693954783,34.9194671844394],[-95.7472413962192,34.9196601843447],[-95.7485113966827,34.9200051840688],[-95.7490353967111,34.9201471843227],[-95.7499983964196,34.9203791842258],[-95.7500703970621,34.920399184249],[-95.74994239654,34.9206511842313],[-95.7498383971337,34.9209411841731],[-95.7496453963137,34.921453184505],[-95.7495273971589,34.9217641845205],[-95.7500153964159,34.9218881839427],[-95.7507633969441,34.9220951844973],[-95.7510243973613,34.9221631840357],[-95.7525373974064,34.9225621844496],[-95.7540873982686,34.9229701843791],[-95.7556253985739,34.923371183985],[-95.7569913989937,34.9237311843989],[-95.7583583994601,34.9240921839598],[-95.759716399509,34.9244531844204],[-95.7595353992432,34.9249311840769],[-95.7593513997381,34.9254171841039],[-95.7591883994035,34.9258351845788],[-95.7590223998295,34.9262601844787],[-95.7588543992637,34.9266891845639],[-95.7586793992739,34.9271361845835],[-95.7583373996653,34.9280291845759],[-95.7579453995457,34.9290511851473]]]}}],"source":{"service":"https://services7.arcgis.com/cpyRdAfuizCFzBhp/arcgis/rest/services/Pittsburg_County_Data/FeatureServer/10","publisher":"OU Center for Spatial Analysis (contracted by the Oklahoma State Election Board)","retrieved":"2026-09-01","crs":"EPSG:4326","note":"P0010001 = 2020 Census total population; P0030001 = 2020 Census voting-age population (18+). Not registered-voter counts."}}