{"type":"FeatureCollection","features":[{"type":"Feature","properties":{"name":"EAST STATE HIGHWAY 31","type":null,"alt":null},"geometry":{"type":"LineString","coordinates":[[-95.5686392471608,35.0653860603715],[-95.568635238878,35.065611386712],[-95.5686174163028,35.0660025349392],[-95.5686018889231,35.0662033849503],[-95.568577422408,35.0664064505383],[-95.568544525204,35.0666099685396],[-95.5685044378844,35.0668130456153],[-95.5684559064012,35.0670146031519],[-95.5683443554059,35.0674140235709],[-95.5682804959689,35.0676122180684],[-95.5682095524177,35.0678102143034],[-95.5680471495907,35.0682095933317],[-95.5679534076959,35.0684123370396],[-95.5678511677385,35.0686178300386],[-95.5677396032684,35.0688235350039],[-95.5676202351334,35.0690252265352],[-95.567493557407,35.0692229686277],[-95.5673607810181,35.0694159753471],[-95.567079784404,35.0697867799482],[-95.5667873800841,35.0701431231867],[-95.5664895849741,35.0704932103334],[-95.5661850165669,35.0708399749934],[-95.5660280683104,35.0710071945441],[-95.5658651040364,35.0711678916492],[-95.5656952963965,35.0713220501726],[-95.5655185124402,35.0714700473159],[-95.5653326959237,35.0716102796146],[-95.5651381693421,35.0717425074299],[-95.5649373994694,35.0718677578891],[-95.5647309863801,35.0719862457053],[-95.564604007718,35.0720526107764]]}},{"type":"Feature","properties":{"name":"NORTH UNITED STATES HIGHWAY 69","type":null,"alt":null},"geometry":{"type":"LineString","coordinates":[[-95.6089874841855,35.2192363755456],[-95.6088230071486,35.2194589162351],[-95.6084809017389,35.2198987214321],[-95.6080424026077,35.2204017852738]]}},{"type":"Feature","properties":{"name":"STATE HIGHWAY 9E","type":null,"alt":null},"geometry":{"type":"LineString","coordinates":[[-95.5130012195714,35.2391610056402],[-95.5132863619105,35.2391600819123],[-95.5135724834133,35.2391609359388],[-95.5138615118644,35.2391625632846],[-95.5141540105075,35.2391640314175],[-95.5144491223497,35.2391650446567],[-95.514744394092,35.2391658986831],[-95.5150393190846,35.2391661657497],[-95.5153344327234,35.2391657380029],[-95.5156308255632,35.2391642449241],[-95.5159287383524,35.2391630966842],[-95.5162283597374,35.2391626975516],[-95.5165291543221,35.2391631766575],[-95.5168309370536,35.2391638179109],[-95.5171341319367,35.2391642984842],[-95.5172963497107,35.2391647673183]]}},{"type":"Feature","properties":{"name":"NORTH UNITED STATES HIGHWAY 69","type":null,"alt":null},"geometry":{"type":"LineString","coordinates":[[-95.6982368512928,35.0975111807769],[-95.6977776801302,35.0986152460088],[-95.6975590418682,35.0991664061282],[-95.6973505024665,35.0997244101336],[-95.6971570862027,35.1001670834849],[-95.6969775264522,35.1005426144354],[-95.6968775394695,35.1007655932721],[-95.6965598709305,35.1015185845031],[-95.6964809476446,35.1017056632192],[-95.6958828035143,35.1031491275152],[-95.6951544566685,35.1048900019726]]}},{"type":"Feature","properties":{"name":"NORTH OLD HIGHWAY 69","type":null,"alt":null},"geometry":{"type":"LineString","coordinates":[[-95.6189243253633,35.2100179460802],[-95.6187435942096,35.2098878987061],[-95.6185172573855,35.2097336559457],[-95.6182893961205,35.209588014253],[-95.618179992997,35.2094829211075]]}},{"type":"Feature","properties":{"name":"EAST STATE HIGHWAY 31","type":null,"alt":null},"geometry":{"type":"LineString","coordinates":[[-95.568756444966,35.0581398798276],[-95.5687346644137,35.05856219184],[-95.568722271256,35.0591956120113],[-95.568673099274,35.061571099221]]}},{"type":"Feature","properties":{"name":"STATE HIGHWAY 113","type":null,"alt":null},"geometry":{"type":"LineString","coordinates":[[-95.7189418570701,35.1698930639446],[-95.7187203549789,35.1699385113523],[-95.7185044215442,35.1699902445557],[-95.7182937818814,35.1700508101796],[-95.7180879544936,35.1701206326433],[-95.7176860976428,35.1702684959272],[-95.7147857169664,35.1714261321925],[-95.7129143663295,35.1721819625271],[-95.710047751528,35.1733478162088],[-95.7098415908653,35.1734276442667],[-95.7096325546953,35.173500615417],[-95.70942063134,35.1735673156435],[-95.7092069239305,35.1736288948631],[-95.7087750139419,35.1737399388301],[-95.708335105354,35.1738334529385],[-95.7078914364184,35.1739070911936],[-95.7074487547312,35.1739619727062],[-95.7072297490582,35.1739832913158],[-95.7070122004526,35.1739976180235],[-95.7067946940678,35.1740048206607],[-95.7057096621552,35.1740065293503],[-95.7037263661625,35.1739939891687],[-95.703505111108,35.1740034600239],[-95.7028622713008,35.1740007387502],[-95.7026541603956,35.1739899872952],[-95.702440276018,35.173992174007],[-95.7013444212029,35.1739825974129]]}},{"type":"Feature","properties":{"name":"STATE HIGHWAY 71","type":null,"alt":null},"geometry":{"type":"LineString","coordinates":[[-95.3746139920497,35.1281747156822],[-95.374696959551,35.1281785934409],[-95.3749007971705,35.1282052594553],[-95.3751070898856,35.1282452683792],[-95.3753139970484,35.1282965211515],[-95.3755165015679,35.1283630747677],[-95.3757111619984,35.1284475190075],[-95.3758961906924,35.1285483307841],[-95.3760719343997,35.1286619217724],[-95.3762379143181,35.1287871465266],[-95.3763953809025,35.1289247778927],[-95.3765444185947,35.129070692704],[-95.3766875597453,35.129220317453],[-95.3771130315083,35.1296873449438],[-95.3772615068551,35.1298449729775],[-95.3774178020364,35.130000639095],[-95.3775814589115,35.1301540251891],[-95.3777541609232,35.1303040094117],[-95.3779371360685,35.1304476170549],[-95.3781279005056,35.1305851141069],[-95.3785311479484,35.1308485429459],[-95.3795962848724,35.1314904610691],[-95.3806859655665,35.132122573679],[-95.3815943545582,35.1326332763597],[-95.3825692152877,35.1332070490954]]}},{"type":"Feature","properties":{"name":"STATE HIGHWAY 9A","type":null,"alt":null},"geometry":{"type":"LineString","coordinates":[[-95.5811935275482,35.223612858697],[-95.5806764635589,35.2238296531736],[-95.5804021396307,35.2239499394595],[-95.5803914406956,35.223954630147]]}},{"type":"Feature","properties":{"name":"EAST STATE HIGHWAY 31","type":null,"alt":null},"geometry":{"type":"LineString","coordinates":[[-95.4913170492361,35.0781152834232],[-95.490619037599,35.078425508847],[-95.4903021272382,35.078578695025],[-95.4901163232981,35.0786589652202]]}},{"type":"Feature","properties":{"name":"NORTH UNITED STATES HIGHWAY 69","type":null,"alt":null},"geometry":{"type":"LineString","coordinates":[[-95.6172313801418,35.2115824770594],[-95.6168865573284,35.2118249081449],[-95.616394167365,35.2121504077901],[-95.6158937545477,35.2124621300569],[-95.6153907905151,35.2127673829285],[-95.6148970512821,35.2130816187573],[-95.6144194071641,35.2134110090779],[-95.6141857544604,35.2135805517183],[-95.6137269929296,35.2139260372561],[-95.6132828029711,35.2142836288794],[-95.6128520473176,35.2146534688085],[-95.6126413842986,35.2148424122225],[-95.6122323759599,35.2152301850492]]}},{"type":"Feature","properties":{"name":"EAST STATE HIGHWAY 31","type":null,"alt":null},"geometry":{"type":"LineString","coordinates":[[-95.492452462263,35.0776052065039],[-95.4913170492361,35.0781152834232]]}},{"type":"Feature","properties":{"name":"STATE HIGHWAY 9E","type":null,"alt":null},"geometry":{"type":"LineString","coordinates":[[-95.5127739269398,35.2391614686047],[-95.5130012195714,35.2391610056402]]}},{"type":"Feature","properties":{"name":"STATE HIGHWAY 9E","type":null,"alt":null},"geometry":{"type":"LineString","coordinates":[[-95.4651060337238,35.2359408300344],[-95.4651925325025,35.2359841765184],[-95.4654520791443,35.236114163003],[-95.4654807605547,35.2361286034871]]}},{"type":"Feature","properties":{"name":"STATE HIGHWAY 9E","type":null,"alt":null},"geometry":{"type":"LineString","coordinates":[[-95.5250849165988,35.2391671349669],[-95.5252215557435,35.2391669926292],[-95.5255041136296,35.2391658187098],[-95.5257857525391,35.2391660329501],[-95.5260675782982,35.2391660857765],[-95.52634985591,35.2391657130571],[-95.526632482068,35.2391656052033],[-95.5269015921743,35.2391657071875],[-95.5269148001039,35.2391657123234],[-95.5271959323637,35.2391664592296],[-95.5274767304501,35.2391668605633],[-95.5276089552734,35.2391600877819],[-95.5277584088856,35.2391670726024],[-95.5280413826917,35.2391665663497],[-95.5283256752246,35.2391658458567],[-95.5283895849671,35.2391660424882]]}},{"type":"Feature","properties":{"name":"STATE HIGHWAY 9A","type":null,"alt":null},"geometry":{"type":"LineString","coordinates":[[-95.5520774726965,35.2364836488459],[-95.5514211931943,35.2367696252938]]}},{"type":"Feature","properties":{"name":"NORTH UNITED STATES HIGHWAY 69","type":null,"alt":null},"geometry":{"type":"LineString","coordinates":[[-95.7080619743885,35.0539388308751],[-95.7079502293571,35.0542180340091],[-95.7077823620782,35.0546733363926],[-95.7075395124227,35.0553591133974],[-95.7073879495662,35.0558191348068],[-95.7072460076665,35.0562847356687],[-95.7071137064864,35.056756789479],[-95.7069309900559,35.0574737487156],[-95.7068609115823,35.0577061267217],[-95.7067955151279,35.0580279862462],[-95.7066625833305,35.0586822365437],[-95.706572343967,35.0591687226763],[-95.7064916294404,35.0596572868656],[-95.7063900731009,35.0603852393048],[-95.706310582978,35.0611075542739],[-95.7062677890345,35.0615897928188],[-95.7062342261788,35.0620746616178]]}},{"type":"Feature","properties":{"name":"NORTH UNITED STATES HIGHWAY 69","type":null,"alt":null},"geometry":{"type":"LineString","coordinates":[[-95.7077174794602,35.0543347259392],[-95.7075224049064,35.0548643736484],[-95.7073395447455,35.0553967402187],[-95.7070863905152,35.0562002078449],[-95.706931502994,35.0567386190765],[-95.7067224219082,35.057551118168],[-95.7066221555495,35.0580291480748],[-95.7066219830729,35.0580299687082],[-95.7064455961719,35.0589143140386],[-95.7062380125778,35.0597278819587],[-95.7061086947027,35.060843639718],[-95.706077590536,35.0611206750883],[-95.7060293339373,35.0616788599631],[-95.7060167269806,35.0622191049276]]}},{"type":"Feature","properties":{"name":"STATE HIGHWAY 9E","type":null,"alt":null},"geometry":{"type":"LineString","coordinates":[[-95.4597272559758,35.2332154433214],[-95.4599079152642,35.2333069019673],[-95.4601763471425,35.2334424377015],[-95.4604444313727,35.2335781896657],[-95.4607119290031,35.2337134850108],[-95.4609787070829,35.2338476875799],[-95.4612447647139,35.2339816243108],[-95.4615093275482,35.2341160656372],[-95.4617727432339,35.2342509359812],[-95.462035758271,35.2343857518039],[-95.462213638172,35.234476757879]]}},{"type":"Feature","properties":{"name":"STATE HIGHWAY 9E","type":null,"alt":null},"geometry":{"type":"LineString","coordinates":[[-95.4775550073054,35.2391515643925],[-95.4776708845871,35.2391634158436],[-95.4779628738854,35.2391636293502],[-95.478111077941,35.2391633725553]]}},{"type":"Feature","properties":{"name":"STATE HIGHWAY 9A","type":null,"alt":null},"geometry":{"type":"LineString","coordinates":[[-95.570344369046,35.2284026022162],[-95.567037778283,35.2298693104127]]}},{"type":"Feature","properties":{"name":"STATE HIGHWAY 71","type":null,"alt":null},"geometry":{"type":"LineString","coordinates":[[-95.3919610845152,35.1457485188716],[-95.3924164656855,35.1468129083753],[-95.3930550600547,35.1483353196689],[-95.3933421948572,35.1490048763112],[-95.3935185799615,35.1494632464879],[-95.3935935515585,35.1496967550245],[-95.3936563303222,35.1499321564474],[-95.393706276652,35.1501690239935],[-95.3937423485022,35.1504068266053],[-95.3937444523566,35.15042675143],[-95.3937675076183,35.150644922322],[-95.3937927745323,35.1511201009997],[-95.3937982704253,35.1513551024133],[-95.3937990438747,35.1518174468918],[-95.3937809832459,35.1530254085628]]}},{"type":"Feature","properties":{"name":"NORTH OLD HIGHWAY 69","type":null,"alt":null},"geometry":{"type":"LineString","coordinates":[[-95.6367839102916,35.1952384297843],[-95.6365941052552,35.195586728597],[-95.636373232883,35.1960289395262],[-95.6356724059259,35.1974707375085],[-95.6355644679547,35.1976983354402],[-95.6346170193161,35.1996616381481],[-95.6341209848875,35.2006713387584],[-95.6338738781158,35.2011875121092],[-95.6330888242194,35.2027806928132],[-95.63282509053,35.2033164526633],[-95.6325787706825,35.203758664818],[-95.6323109703199,35.2042036917174],[-95.6320884791836,35.2045480610863],[-95.6310453716453,35.205982348032],[-95.6308611586216,35.2062244427859],[-95.6306863554505,35.2064730679081],[-95.6299928326949,35.2073954840361],[-95.6298865781665,35.2075517504324],[-95.6297830724828,35.207721335402],[-95.6297292813636,35.2077984146913],[-95.6291547180096,35.20857598183],[-95.6290531490936,35.2087048224484],[-95.6289973556297,35.208756464918],[-95.6287752983797,35.2090238668399],[-95.6285853550027,35.2092266308075],[-95.628539434922,35.2092928026118],[-95.6284479244423,35.2093966350451],[-95.6282534454715,35.2095810870713],[-95.6279404050529,35.2098599838342],[-95.6277490198799,35.2100262494055],[-95.6276951784551,35.2100614693524],[-95.627666879727,35.2100731782603],[-95.6276147235416,35.2100858611348],[-95.6275890326228,35.2100898274685],[-95.6275358110355,35.2100889694663],[-95.6275097688754,35.210084914323],[-95.6273050329407,35.2100239792575],[-95.6271180674789,35.209987256871],[-95.6264369396776,35.2100058129336],[-95.6259916528761,35.2100359692786],[-95.6256735540441,35.2100496055767],[-95.6248547270862,35.2100411583971],[-95.6243946531169,35.2100410174762],[-95.6240189255628,35.2100525245472],[-95.6238193531443,35.210086308118],[-95.6236776349251,35.2101265520105],[-95.6232918121038,35.2102992142372],[-95.6232229715086,35.2103338762559],[-95.6230580201612,35.2104230978945],[-95.6226336326648,35.2106655273042],[-95.6224504940261,35.2107616433657],[-95.6222531611077,35.2108495947909],[-95.6221481094234,35.2108878309372],[-95.6219263809568,35.210949566099],[-95.6218105674554,35.2109739818351],[-95.6216890757031,35.2109933963987],[-95.6214396692442,35.2110192594792],[-95.6211881984569,35.2110267032419],[-95.6210637719086,35.2110228345698],[-95.6209415525209,35.2110132388531],[-95.6207072494369,35.2109779980343],[-95.6205943087478,35.2109527243064],[-95.6203801782319,35.2108904056524],[-95.6202820444736,35.2108549915668],[-95.6201017337315,35.2107802131964],[-95.6199415856759,35.2107014251502],[-95.6198024034007,35.2106173048242],[-95.6192912494276,35.2102758258435],[-95.6190353975566,35.2100960089009],[-95.6189243253633,35.2100179460802]]}},{"type":"Feature","properties":{"name":"STATE HIGHWAY 9E","type":null,"alt":null},"geometry":{"type":"LineString","coordinates":[[-95.492613138528,35.2391585866324],[-95.4928614616186,35.2391581874998],[-95.4931765564843,35.2391581075265],[-95.4934913854487,35.2391575462462],[-95.4938054140141,35.2391573598865],[-95.49411858918,35.2391574941536],[-95.4944308830987,35.2391578940199],[-95.4947422706172,35.2391581874998],[-95.4950527499389,35.2391575469799],[-95.4953623228606,35.2391568793132],[-95.4956706426324,35.2391572256195],[-95.4959782671082,35.2391586937526],[-95.4962867476784,35.239161147978],[-95.4965973590525,35.2391639235637],[-95.4969097347178,35.2391662435219],[-95.4972236824349,35.239168458561],[-95.497538991998,35.2391699002807],[-95.4978542746115,35.2391697131873],[-95.4981688637257,35.2391682193749],[-95.4984825446432,35.2391662449893],[-95.4987959866087,35.23916472403],[-95.4991096423733,35.239164003537],[-95.4994240176885,35.2391641106571],[-95.4997393793538,35.2391641906304],[-95.5000552494656,35.2391646968831],[-95.5003712516297,35.2391650175099],[-95.5006877352908,35.2391647768563],[-95.5010048855019,35.2391645112571],[-95.5013224624127,35.2391641913641],[-95.5016403860732,35.2391646169099],[-95.5019587373318,35.2391653109897],[-95.5022771676421,35.2391669918955],[-95.5025959195493,35.2391681665486],[-95.5029141630101,35.2391687256276],[-95.5032312332711,35.2391692062009],[-95.5035467826843,35.2391688327478],[-95.5038607043503,35.2391680594284],[-95.5041727314693,35.2391670718688],[-95.5044827840913,35.2391667262963],[-95.5047907571134,35.2391676060021],[-95.5050976611403,35.2391687799214],[-95.5054044061654,35.2391700345477],[-95.5057113371418,35.2391709406667],[-95.5060189903637,35.2391709678135],[-95.5063274421878,35.2391703265601],[-95.5066366153592,35.2391697403341],[-95.5069465341322,35.2391687799214],[-95.5072572551008,35.2391674189087],[-95.5075682150212,35.2391662985494],[-95.5078793357401,35.2391653109897],[-95.5081911221106,35.2391646983505],[-95.5085032570274,35.2391648847102],[-95.5088154718943,35.2391658979494],[-95.5091271262124,35.2391673660823],[-95.5094372048856,35.2391687799214],[-95.5097454977079,35.2391697403341],[-95.5100513614858,35.2391691797877],[-95.510354585115,35.2391684857079],[-95.5106552719018,35.2391692869079],[-95.5109534002867,35.2391694740012],[-95.5112501398762,35.2391691797877],[-95.5115465336143,35.2391688056009],[-95.5118420982074,35.2391669390691],[-95.5121355293017,35.2391650974831],[-95.5124266130982,35.2391631495106],[-95.5127150279999,35.2391619499117],[-95.5127739269398,35.2391614686047]]}},{"type":"Feature","properties":{"name":"STATE HIGHWAY 9E","type":null,"alt":null},"geometry":{"type":"LineString","coordinates":[[-95.478111077941,35.2391633725553],[-95.4782564136758,35.2391631223637],[-95.4785518983189,35.2391637364703],[-95.4788491176087,35.2391647225626],[-95.4791478855941,35.2391660843091],[-95.4794478806782,35.2391670183087],[-95.4795660100364,35.2391670073032]]}},{"type":"Feature","properties":{"name":"STATE HIGHWAY 9E","type":null,"alt":null},"geometry":{"type":"LineString","coordinates":[[-95.5283895849671,35.2391660424882],[-95.5286112352803,35.2391667270299],[-95.5288979963836,35.2391679801888],[-95.5291858112108,35.2391687813888],[-95.5294742135361,35.2391689670148],[-95.5297627218627,35.2391683279625],[-95.5300508313372,35.2391675267625],[-95.5303391258647,35.2391677138559],[-95.5306278354139,35.2391683807888],[-95.5309167704402,35.2391689134547],[-95.5312057988913,35.2391690734013],[-95.5314951219898,35.2391699017481],[-95.5317845510895,35.239169713921],[-95.5320746871633,35.2391694211749],[-95.5322000362815,35.2391689846236]]}},{"type":"Feature","properties":{"name":"EAST STATE HIGHWAY 31","type":null,"alt":null},"geometry":{"type":"LineString","coordinates":[[-95.5601242567198,35.0727422920278],[-95.5595372678688,35.0727395813377],[-95.5570025491237,35.0727467576449],[-95.5556141803942,35.0727570695876],[-95.5539832449785,35.072756776242],[-95.5519692876885,35.0727628438632]]}},{"type":"Feature","properties":{"name":"NORTH UNITED STATES HIGHWAY 69","type":null,"alt":null},"geometry":{"type":"LineString","coordinates":[[-95.6464887561573,35.176726714686],[-95.6438479832082,35.1812759228181],[-95.6431197747029,35.1825487888949],[-95.6424686685984,35.1836594089941],[-95.6404316416736,35.1871884931338],[-95.6385939545037,35.1903555307958],[-95.6383336541754,35.1907857193416],[-95.6380538675919,35.1912144322046],[-95.6379071906723,35.1914272453781],[-95.6376011086039,35.1918493242175],[-95.6374419666614,35.1920581090496],[-95.6371110803113,35.1924698327608],[-95.6367649226014,35.1928702027168],[-95.6364080767363,35.1932588755199],[-95.6360433292899,35.1936368064166],[-95.6356709569434,35.1940042143209],[-95.6285571407163,35.2008907702724],[-95.627597914266,35.2018144088536],[-95.6260704917204,35.2032969988288],[-95.6247232514579,35.2045954819594],[-95.62178686361,35.2074456109226],[-95.6191443623022,35.2099950111948],[-95.6190353975566,35.2100960089009],[-95.6187248140303,35.2103838831608],[-95.6182893089839,35.2107633013734],[-95.6178363631463,35.2111304248326],[-95.6176040543222,35.2113091150705],[-95.6172313801418,35.2115824770594]]}},{"type":"Feature","properties":{"name":"NORTH UNITED STATES HIGHWAY 69","type":null,"alt":null},"geometry":{"type":"LineString","coordinates":[[-95.6476243344743,35.1744489678652],[-95.6474855896787,35.1747013381531],[-95.6473474045334,35.1749546423961],[-95.6472087459761,35.1752081852244],[-95.6470682674319,35.1754607690325],[-95.6469270073535,35.1757122058554],[-95.6467849082486,35.1759631080856],[-95.646642100373,35.1762137973379],[-95.6464973467464,35.1764637926696],[-95.6463519517227,35.1767140288054],[-95.6462069636359,35.1769649051815],[-95.646063203546,35.1772160465854],[-95.6460236839617,35.1772847358083]]}},{"type":"Feature","properties":{"name":"STATE HIGHWAY 9E","type":null,"alt":null},"geometry":{"type":"LineString","coordinates":[[-95.4903176456347,35.2391556195508],[-95.490635033001,35.2391549577537],[-95.4909554387066,35.2391550120475],[-95.4912755776126,35.239156185967],[-95.491594754423,35.2391577061928],[-95.4919129448831,35.2391589600856],[-95.4922299351941,35.2391590136456],[-95.4925461242078,35.2391586937526],[-95.492613138528,35.2391585866324]]}},{"type":"Feature","properties":{"name":"STATE HIGHWAY 9A","type":null,"alt":null},"geometry":{"type":"LineString","coordinates":[[-95.5514211931943,35.2367696252938],[-95.551157607727,35.2369287186589],[-95.5505684808856,35.237311209584],[-95.5502457512383,35.237529337304],[-95.5499073801253,35.2377621247445],[-95.5495062679779,35.2380338062192],[-95.5494467806415,35.2380793461096],[-95.5493995589019,35.2381152208249],[-95.5493527935065,35.2381487535258],[-95.5493005762357,35.2381857001585],[-95.5492485224583,35.2382275670209]]}},{"type":"Feature","properties":{"name":"NORTH UNITED STATES HIGHWAY 69","type":null,"alt":null},"geometry":{"type":"LineString","coordinates":[[-95.6772114640643,35.1256497442322],[-95.6759917800806,35.1268574513892]]}},{"type":"Feature","properties":{"name":"NORTH UNITED STATES HIGHWAY 69","type":null,"alt":null},"geometry":{"type":"LineString","coordinates":[[-95.6759917800806,35.1268574513892],[-95.6756206096799,35.1272249685565]]}},{"type":"Feature","properties":{"name":"NORTH UNITED STATES HIGHWAY 69","type":null,"alt":null},"geometry":{"type":"LineString","coordinates":[[-95.6949671094227,35.1048982197616],[-95.69377640509,35.1077409657762],[-95.6935419313262,35.1082590062726],[-95.6932811261447,35.1087699901239],[-95.6929995842531,35.1092715276564],[-95.6928494946338,35.1095204558842],[-95.692537787315,35.1100121099936],[-95.6923733578888,35.1102535285896],[-95.6922036876912,35.1104921701626],[-95.6918488926798,35.1109630799973],[-95.6914739816943,35.1114230113412],[-95.6912793015009,35.1116488594024],[-95.6908752329979,35.1120913291086],[-95.6904537524497,35.1125230978266],[-95.6859441809774,35.1170013791405],[-95.6772114640643,35.1256497442322]]}},{"type":"Feature","properties":{"name":"STATE HIGHWAY 71","type":null,"alt":null},"geometry":{"type":"LineString","coordinates":[[-95.3825692152877,35.1332070490954],[-95.3829504674808,35.1334367164777],[-95.3833773540904,35.1337069764401],[-95.3835796439126,35.1338457279152],[-95.3837748909429,35.1339874552204],[-95.3839581059384,35.1341351446867],[-95.3841281929543,35.1342891973987],[-95.384285315484,35.1344496133206],[-95.3847479532452,35.1349468023747],[-95.3852036012152,35.1354141511169],[-95.3853407640776,35.135571297898],[-95.3854648295032,35.1357361572993],[-95.3855724045551,35.1359107935915],[-95.3856667465245,35.1360944750191],[-95.3860408059072,35.1368734091978],[-95.3864694271635,35.1376913374546],[-95.3865905559964,35.1379018459311],[-95.3867236369142,35.1381092200055],[-95.3868669649144,35.1383116841476],[-95.3871650124509,35.1387049137701],[-95.3874727168768,35.1390856025408],[-95.3879365565839,35.1396412366379],[-95.3885777129482,35.1404229474293],[-95.3899011954664,35.1420068294532],[-95.3902226683706,35.1423983649282],[-95.3903769073083,35.1425935446689],[-95.3905235168542,35.1427909012083],[-95.3906618268653,35.1429906167037],[-95.3907908006856,35.1431933882415],[-95.3909102227194,35.1433996668217],[-95.391021879716,35.1436089220632],[-95.3912244381344,35.1440347287781],[-95.3915982307174,35.1448929979069],[-95.3919610845152,35.1457485188716]]}},{"type":"Feature","properties":{"name":"STATE HIGHWAY 9E","type":null,"alt":null},"geometry":{"type":"LineString","coordinates":[[-95.4666519031737,35.2367199061228],[-95.4667552040415,35.2367717817007],[-95.4670184876749,35.2369036900035],[-95.4672824091121,35.2370337843386],[-95.4675484137424,35.2371605429843],[-95.4675680059988,35.2371695684459]]}},{"type":"Feature","properties":{"name":"SOUTH OLD HIGHWAY 69","type":null,"alt":null},"geometry":{"type":"LineString","coordinates":[[-95.6693476794408,35.1448832731797],[-95.6699549199116,35.1419941014279],[-95.6700729540484,35.141439815924],[-95.6702004402586,35.1407579323497],[-95.6705294590111,35.1393637069252],[-95.6707967482324,35.1381641396301],[-95.6708603741073,35.1379260309073],[-95.6711312862341,35.1369984457492],[-95.6711760735392,35.1368865207627],[-95.6713342426062,35.1364436266819],[-95.6714999269789,35.1360169530619],[-95.6717088814022,35.1355236589712],[-95.6719638735855,35.1349031859801]]}},{"type":"Feature","properties":{"name":"STATE HIGHWAY 9A","type":null,"alt":null},"geometry":{"type":"LineString","coordinates":[[-95.5803914406956,35.223954630147],[-95.5787960417342,35.2246645139918],[-95.5776066875694,35.2251828111422],[-95.576774627529,35.2255538716566],[-95.5764318609593,35.2257067282553],[-95.5735507949599,35.2269802850267],[-95.5725877785174,35.227413068034],[-95.570344369046,35.2284026022162]]}},{"type":"Feature","properties":{"name":"STATE HIGHWAY 113","type":null,"alt":null},"geometry":{"type":"LineString","coordinates":[[-95.7719678569011,35.145088635901],[-95.7721133687058,35.1461601840477],[-95.7722777190803,35.1472365520301],[-95.7723362748638,35.1477736035535],[-95.7723612821647,35.1483254469798],[-95.7723655069415,35.1488949679188],[-95.7723575092405,35.1494756934968],[-95.7723175890076,35.1500608094727],[-95.7720518736347,35.1522947656209]]}},{"type":"Feature","properties":{"name":"SOUTH OLD HIGHWAY 69","type":null,"alt":null},"geometry":{"type":"LineString","coordinates":[[-95.657461503978,35.1741612019558],[-95.6576914924537,35.173961814834],[-95.6580298402105,35.1736314450592],[-95.658187967955,35.1734514192286],[-95.6585361217215,35.1729780026062],[-95.6585624351728,35.172936014708]]}},{"type":"Feature","properties":{"name":"NORTH UNITED STATES HIGHWAY 69","type":null,"alt":null},"geometry":{"type":"LineString","coordinates":[[-95.7062342261788,35.0620746616178],[-95.7061392796432,35.0637808060669],[-95.706101863015,35.064266222135],[-95.7060536136028,35.0647545874418],[-95.7059927060299,35.065245756351],[-95.7058828905796,35.0659849805389],[-95.7058007360537,35.0664765979048],[-95.7056616984072,35.0672121626264],[-95.7050156992252,35.0701290649394],[-95.7046837519648,35.0715912589363],[-95.704454298885,35.0726233318385]]}},{"type":"Feature","properties":{"name":"NORTH UNITED STATES HIGHWAY 69","type":null,"alt":null},"geometry":{"type":"LineString","coordinates":[[-95.704454298885,35.0726233318385],[-95.7043601895792,35.073046628348],[-95.7040977171245,35.0742656120416],[-95.7038251952168,35.0754613642982],[-95.7032911422888,35.0778544078562],[-95.7030267411512,35.0790626851196],[-95.7015050049414,35.0859075471941],[-95.7012312541383,35.0871099069324],[-95.7005853843137,35.09002734461],[-95.7001412985597,35.0919810764531],[-95.7000837632624,35.0922225330174],[-95.6999579775631,35.0927066126865],[-95.6996818695807,35.0936708700376],[-95.6994589912705,35.0943879129312],[-95.6992109493526,35.0951002021509],[-95.6990343082284,35.0955698962949],[-95.6988516681547,35.0960328206606],[-95.6982368512928,35.0975111807769]]}},{"type":"Feature","properties":{"name":"NORTH UNITED STATES HIGHWAY 69","type":null,"alt":null},"geometry":{"type":"LineString","coordinates":[[-95.6122323759599,35.2152301850492],[-95.611839248937,35.2156289735183],[-95.6114616430057,35.2160403296845],[-95.611140690226,35.2164197698994],[-95.6111088566273,35.2164574060235],[-95.6109290040259,35.2166700304957],[-95.6107582585449,35.2168871899198],[-95.6104272886516,35.217330026837],[-95.6102682059979,35.2175548779177],[-95.6099660792117,35.2180118620783],[-95.6095292446587,35.2187043578725],[-95.6092233476432,35.2191590010874],[-95.6090639811219,35.2193836460188],[-95.608730662134,35.2198270380686],[-95.6085573968787,35.2200459907035],[-95.6082149276513,35.220405938974]]}},{"type":"Feature","properties":{"name":"NORTH UNITED STATES HIGHWAY 69","type":null,"alt":null},"geometry":{"type":"LineString","coordinates":[[-95.6756206096799,35.1272249685565],[-95.6754089603108,35.1274408145696],[-95.6752001711775,35.1276581117915],[-95.6749963003204,35.1278781988433],[-95.674797204009,35.1281013938286],[-95.6746016506531,35.1283265109145],[-95.6744102376324,35.1285541209462],[-95.6742236279035,35.1287850269263],[-95.6740426012041,35.1290185073568],[-95.6738669643964,35.1292547091537],[-95.6736985042294,35.1294937263339],[-95.6735354007166,35.1297348102254],[-95.6733751242019,35.1299785088854],[-95.6732186430693,35.1302243557662],[-95.6730665511052,35.1304719636714],[-95.6729191222957,35.1307209850814],[-95.6727750945079,35.1309703804151],[-95.6726330151659,35.1312232573436],[-95.6725739922584,35.1313239723805],[-95.6725453171363,35.1313729031164]]}},{"type":"Feature","properties":{"name":"NORTH UNITED STATES HIGHWAY 69","type":null,"alt":null},"geometry":{"type":"LineString","coordinates":[[-95.6136167211352,35.2138213981564],[-95.6131371680972,35.2142094107163],[-95.6129006722256,35.214407273069],[-95.6126696075682,35.2146094570044],[-95.6124441430083,35.2148153232461],[-95.6120076516118,35.215236926802],[-95.6117944355808,35.2154517312603],[-95.6113836494761,35.2158910781931],[-95.610991647144,35.2163415773866],[-95.6109283015434,35.2164230064218],[-95.6109174373184,35.2164369719045],[-95.6106817607103,35.2167399207882],[-95.6103507899186,35.2171827577749],[-95.6101917081632,35.2174076085297],[-95.609889581377,35.2178645935194],[-95.6096003921275,35.2183272393509],[-95.6093017400247,35.2187853053112],[-95.6089874841855,35.2192363755456]]}},{"type":"Feature","properties":{"name":"STATE HIGHWAY 9E","type":null,"alt":null},"geometry":{"type":"LineString","coordinates":[[-95.5452830892996,35.2391412683833],[-95.5454428438931,35.2391408465059],[-95.5457277257208,35.2391395397865],[-95.5460132848783,35.2391384729869],[-95.5462975253089,35.2391381795069],[-95.5465800041432,35.2391379660003],[-95.546860669279,35.2391381259469],[-95.5471393590195,35.2391376189603],[-95.547415675411,35.2391363122408],[-95.5476896561828,35.2391348984011],[-95.547889310348,35.2391291337209]]}},{"type":"Feature","properties":{"name":"STATE HIGHWAY 9E","type":null,"alt":null},"geometry":{"type":"LineString","coordinates":[[-95.5499614685869,35.2391231056418],[-95.5501849424801,35.2391224108279],[-95.5504026411044,35.2391229449616],[-95.5506162982082,35.2391235583348],[-95.5508294486622,35.2391227314548],[-95.5510455195391,35.2391218510149],[-95.5512663658602,35.2391215839481],[-95.5514910425975,35.2391224643881],[-95.5517202675052,35.2391242531487],[-95.551954894881,35.2391264667215],[-95.5521960997213,35.239130282695]]}},{"type":"Feature","properties":{"name":"STATE HIGHWAY 113","type":null,"alt":null},"geometry":{"type":"LineString","coordinates":[[-95.7720518736347,35.1522947656209],[-95.771969540344,35.1529869446731],[-95.7719143047338,35.1535685914558],[-95.7718719464732,35.1541436752819],[-95.7718440322241,35.1547197840255],[-95.7718314288606,35.1552941605109],[-95.7718260856813,35.1558607866717],[-95.7718217971242,35.1564124305659],[-95.7718321061904,35.1574709240585],[-95.7718208736561,35.1579764375711],[-95.7718219803805,35.1584629548772],[-95.7718328625718,35.1586226239819],[-95.7718563669912,35.1588534307203],[-95.7718565071284,35.1591602165355],[-95.77184946254,35.1593837825646],[-95.7718406213209,35.159510132928],[-95.7718620811748,35.1595762695804]]}},{"type":"Feature","properties":{"name":"STATE HIGHWAY 9A","type":null,"alt":null},"geometry":{"type":"LineString","coordinates":[[-95.6066080033048,35.2154301769349],[-95.6061926375887,35.2154377002897],[-95.6055282867237,35.2155508264803],[-95.6050990052057,35.2156246522415],[-95.6047812279705,35.2156959620858],[-95.6044353271788,35.2157865025409],[-95.6040744631494,35.2158970419464],[-95.6034759902358,35.2160944062654]]}},{"type":"Feature","properties":{"name":"STATE HIGHWAY 113","type":null,"alt":null},"geometry":{"type":"LineString","coordinates":[[-95.7451910204392,35.1652242028489],[-95.7450391665286,35.1652154124646],[-95.7448476394218,35.165211863264],[-95.744658471291,35.16522680398],[-95.7444752509057,35.1652625030637],[-95.744299491927,35.1653173309273],[-95.7441331194449,35.1653864869789],[-95.7439742092677,35.1654626598367],[-95.7438196873608,35.1655446473257],[-95.7436701618834,35.1656336280825],[-95.7435255016816,35.1657297305981],[-95.743170916876,35.1659785090183],[-95.7429349599936,35.1661439427802],[-95.7426267570028,35.1663530117526],[-95.7423105895487,35.1665517808465],[-95.7421504540695,35.1666466030306],[-95.7419882084477,35.1667369426058],[-95.7418225743807,35.1668200788076],[-95.7416535886993,35.1668945708578],[-95.7413130283919,35.167027598763],[-95.741139145994,35.1670861897204],[-95.7406074062278,35.1672478459376],[-95.7398871532027,35.1674564075752],[-95.7395183031504,35.1675573127683],[-95.739136454476,35.1676496274569],[-95.738746951257,35.1677346845072],[-95.7372717864064,35.168032410286],[-95.736251580518,35.1682309028346]]}},{"type":"Feature","properties":{"name":"STATE HIGHWAY 9A RAMP","type":"RAMP","alt":null},"geometry":{"type":"LineString","coordinates":[[-95.54897726987,35.2378709760289],[-95.5488403729089,35.2379978008675],[-95.5485634672226,35.238225025456],[-95.5485027905167,35.2383102910998],[-95.5484834812297,35.2383486713224],[-95.5484637299715,35.2384019509065],[-95.54844008272,35.2384640994939],[-95.5484275970359,35.238517526477],[-95.5484247736309,35.2386128897905],[-95.5484098184781,35.23874976007],[-95.5484173760046,35.2389854802801],[-95.5484934444445,35.2391310567484]]}},{"type":"Feature","properties":{"name":"STATE HIGHWAY 9A RAMP","type":"RAMP","alt":null},"geometry":{"type":"LineString","coordinates":[[-95.5492485224583,35.2382275670209],[-95.5487923732284,35.2385426668913],[-95.5487354658534,35.2385983015403],[-95.548683876505,35.2386712251561],[-95.5486544351198,35.2387326625784],[-95.5486361615903,35.2388146495045],[-95.5485962512389,35.2389670511702],[-95.5484934444445,35.2391310567484]]}},{"type":"Feature","properties":{"name":"STATE HIGHWAY 113","type":null,"alt":null},"geometry":{"type":"LineString","coordinates":[[-95.7347804257469,35.168526937819],[-95.7320576024763,35.1690905829356],[-95.7318352236294,35.1691324979176],[-95.7316148516189,35.1691683024993],[-95.7313965726829,35.1691949029478],[-95.7311804119744,35.1692109378209],[-95.7307553651146,35.1692165679434],[-95.7305455788514,35.1692100566226],[-95.7298911795231,35.1691598180236],[-95.7296553088789,35.1691501600837],[-95.7291591414997,35.1691542679394],[-95.7281387586432,35.169183270393],[-95.7268563354217,35.1692273729016],[-95.7244413010186,35.1693190203906],[-95.7232784462564,35.1693541852883],[-95.722794398947,35.1693773166992],[-95.7225501515128,35.1693964467383],[-95.7220624911794,35.169447539951],[-95.7205988589004,35.1696306470757],[-95.7198721371069,35.1697379015009],[-95.7191686511366,35.1698523073869],[-95.7189418570701,35.1698930639446]]}},{"type":"Feature","properties":{"name":"STATE HIGHWAY 113","type":null,"alt":null},"geometry":{"type":"LineString","coordinates":[[-95.6837526977226,35.1739123964351],[-95.6794096379713,35.1738930031142],[-95.6782610125232,35.1738925764919],[-95.675911148199,35.1738741384774],[-95.6717321280051,35.1738996719323],[-95.6708378470549,35.1738980704467],[-95.6706169926491,35.1738913751941],[-95.6695081814326,35.1739063422184],[-95.6690640049488,35.1739172552282],[-95.6686332834313,35.1739146925581],[-95.6672115836115,35.1739247508541],[-95.6659898460791,35.1739241861856]]}},{"type":"Feature","properties":{"name":"SOUTH OLD HIGHWAY 69","type":null,"alt":null},"geometry":{"type":"LineString","coordinates":[[-95.6585624351728,35.172936014708],[-95.658721556454,35.1726821160009],[-95.6589896281078,35.1721808830986],[-95.6590348996049,35.1720779496154],[-95.6591876635088,35.1717771288516],[-95.6592328739205,35.1716757170812],[-95.6593416302569,35.1714680496422],[-95.6595839543981,35.1709650300077],[-95.6598465041079,35.170441280325],[-95.6599524451243,35.1702140561868],[-95.6601942419544,35.1697395720951],[-95.6602523665465,35.1696129600468],[-95.6603155252975,35.1694954990141],[-95.6608663560601,35.1683867540269],[-95.6610037731457,35.168134997141],[-95.6612970955438,35.1676310969677],[-95.6615293217229,35.1672596660285],[-95.6616881034409,35.1670160070218],[-95.6627738099883,35.1653772949136],[-95.6631663719708,35.1647994367329],[-95.6635656183173,35.1642242740159],[-95.6639464150646,35.1636188807917],[-95.6652153024714,35.1617013725165],[-95.665301974625,35.1616155549268],[-95.6653584229608,35.1615234816163],[-95.6654427307485,35.1614285653308],[-95.6655084272402,35.1613227371735],[-95.6655310620904,35.1612314375933],[-95.6657472335787,35.1607943852789],[-95.6658898734694,35.1604636146298],[-95.666138891856,35.1595649911085],[-95.6663869670117,35.1584780429843],[-95.6665342395143,35.1577248548356],[-95.6666835529892,35.1570869259625],[-95.6668214398938,35.1564381509121],[-95.6669054647122,35.1560406399227],[-95.6669206749866,35.1559728478801]]}},{"type":"Feature","properties":{"name":"NORTH UNITED STATES HIGHWAY 69","type":null,"alt":null},"geometry":{"type":"LineString","coordinates":[[-95.6564160680065,35.1595761807157],[-95.6556520885866,35.1608968990106],[-95.6543692772929,35.1631003265835],[-95.6519704961083,35.1672515544032],[-95.6507338222875,35.1693792663464]]}},{"type":"Feature","properties":{"name":"SOUTH OLD HIGHWAY 69","type":null,"alt":null},"geometry":{"type":"LineString","coordinates":[[-95.6719638735855,35.1349031859801],[-95.6722072891797,35.1343108738943],[-95.6725283246044,35.1335507620097],[-95.6732402044327,35.1318311815748],[-95.6733517051224,35.1316855758635]]}},{"type":"Feature","properties":{"name":"EAST STATE HIGHWAY 31","type":null,"alt":null},"geometry":{"type":"LineString","coordinates":[[-95.4548946386491,35.0942268161458],[-95.4546808611711,35.0943901429424],[-95.4542434840356,35.09459332287],[-95.4539760142531,35.0947245233861],[-95.4534507836795,35.0949978113628],[-95.4531941430877,35.0951396172817],[-95.4526905511326,35.0954297801487],[-95.4522044071554,35.0957305082702],[-95.4517340843069,35.0960392143571],[-95.4508075700077,35.0966686327038],[-95.4503618035059,35.0969714546345],[-95.4489976344918,35.0979047764261],[-95.4464571252065,35.099632226394],[-95.4450725976731,35.1005850644883],[-95.4446247398933,35.1009133664931],[-95.4444062534465,35.1010830540878],[-95.443976779689,35.1014326211494],[-95.443765469883,35.1016119412818],[-95.44355832287,35.1017964092759],[-95.4431509934826,35.1021749099499],[-95.4429524110075,35.1023680900605],[-95.442175636883,35.1031463583064],[-95.4419732662125,35.103332133937],[-95.4417609700563,35.1035095317372],[-95.4415373084152,35.1036764175448],[-95.4413038542391,35.1038337791594],[-95.4410607422755,35.103981375582],[-95.4408096793233,35.1041196331189],[-95.4405528276273,35.1042497129882],[-95.4402893050421,35.1043694949935],[-95.4400198059653,35.1044806459699],[-95.4394728316703,35.1046914754594],[-95.4381010835701,35.1052017511777],[-95.4377134066261,35.1053525419737]]}},{"type":"Feature","properties":{"name":"NORTH UNITED STATES HIGHWAY 69","type":null,"alt":null},"geometry":{"type":"LineString","coordinates":[[-95.7105842424837,35.0441911224893],[-95.7105663893658,35.0442716280176],[-95.7104247672663,35.0449230746609],[-95.7099960040761,35.0468276172552],[-95.7098191734074,35.0476444635224],[-95.7095104763431,35.049004938997],[-95.7093094890781,35.0498190924865],[-95.7091609077301,35.0503585422617],[-95.7089973056522,35.0508956344623],[-95.7088241931105,35.0514305088595],[-95.7086394743352,35.051962797067],[-95.708341644191,35.0527563936196],[-95.7077174794602,35.0543347259392]]}},{"type":"Feature","properties":{"name":"STATE HIGHWAY 9E","type":null,"alt":null},"geometry":{"type":"LineString","coordinates":[[-95.4675680059988,35.2371695684459],[-95.4678158574739,35.2372839931036],[-95.4680860500501,35.2374021866969],[-95.4683594981209,35.2375144047468],[-95.4686350536393,35.2376221139716],[-95.4689120761067,35.2377264883296],[-95.469189845074,35.2378284875285],[-95.4694689507344,35.2379289384693],[-95.4697502141482,35.2380261888431],[-95.4700337215536,35.2381196502267],[-95.470319015708,35.2382097775324],[-95.4706057220141,35.2382966749576],[-95.4708934703659,35.2383803190342],[-95.4711820990667,35.2384603590608],[-95.4714708885659,35.23853450442],[-95.4717598631181,35.2386014982918],[-95.4720498536649,35.2386609430264],[-95.4721617334436,35.2386820179426]]}},{"type":"Feature","properties":{"name":"STATE HIGHWAY 113","type":null,"alt":null},"geometry":{"type":"LineString","coordinates":[[-95.7718601803396,35.1677770907305],[-95.7716060388609,35.1677147822801],[-95.7714022641235,35.1676547509889],[-95.7709937247054,35.1675224158646],[-95.7707884515781,35.167453020029],[-95.7699744054541,35.1671595623768],[-95.7697666179424,35.167091499813],[-95.769551634027,35.1670344039992],[-95.7693300259346,35.1669867798178],[-95.7691028231346,35.1669466526121],[-95.7688704577167,35.1669153288065],[-95.7686342573908,35.1668940648887],[-95.7683984352557,35.1668823806],[-95.7681640252722,35.1668771762406],[-95.7662851413633,35.1668697864463],[-95.7653234409527,35.1668721070019],[-95.7633096112235,35.1668675444663],[-95.7622678493615,35.1668748806532],[-95.7612211494605,35.1668695991862],[-95.7601127865034,35.1668696616062],[-95.7555912782175,35.1668698114143],[-95.7548496291189,35.166862795405],[-95.7543570406278,35.1668482390563]]}},{"type":"Feature","properties":{"name":"EAST STATE HIGHWAY 31","type":null,"alt":null},"geometry":{"type":"LineString","coordinates":[[-95.5430921270677,35.0727714310205],[-95.5416654568694,35.0727952493493],[-95.540713139362,35.0727931150591],[-95.5397506295694,35.0727993569204],[-95.5379006255985,35.0728039261978],[-95.5336084500182,35.0728144189928],[-95.5317177281105,35.0728265049677],[-95.5312131030929,35.0728269968173],[-95.5304828661917,35.0728277048162],[-95.5292624096568,35.0728350818255],[-95.5277601345492,35.0728394452445]]}},{"type":"Feature","properties":{"name":"STATE HIGHWAY 9E","type":null,"alt":null},"geometry":{"type":"LineString","coordinates":[[-95.4795660100364,35.2391670073032],[-95.4797486483134,35.2391669911618],[-95.4800495237465,35.2391656308827],[-95.4803501844822,35.2391644298165],[-95.4806508191667,35.2391628288838],[-95.4809521221979,35.2391622147773],[-95.4812547313794,35.2391615221648],[-95.4815591282084,35.2391609080581],[-95.4818653926348,35.2391614950179],[-95.4821735255571,35.2391616285512],[-95.4824829376803,35.2391612008043],[-95.4827931780502,35.2391605610182],[-95.4831034444712,35.2391595470453],[-95.4834135779416,35.2391586394588],[-95.4837238973632,35.239158719432],[-95.4840343245827,35.2391594406589],[-95.4843450177035,35.239160400338],[-95.4846556039248,35.239160800938],[-95.4849661910444,35.2391601347387],[-95.4852770710147,35.2391590400588],[-95.4855879240357,35.2391582660056],[-95.4858994454031,35.2391585866324],[-95.4862118471196,35.2391592535654],[-95.4865243009384,35.239160400338],[-95.4868378219557,35.2391616549644],[-95.4871529716186,35.2391634422568],[-95.4874683602334,35.239165310256],[-95.4877834290479,35.2391664056695],[-95.4880981789605,35.2391664306153],[-95.488413301674,35.2391657372692],[-95.4887287980866,35.2391645097897],[-95.4890448272002,35.2391628560307],[-95.4893612300129,35.2391612279512],[-95.4896781673233,35.2391600012054],[-95.4899959032359,35.2391577069265],[-95.490165515043,35.2391566012411],[-95.490314974045,35.2391556254205],[-95.4903176456347,35.2391556195508]]}},{"type":"Feature","properties":{"name":"STATE HIGHWAY 9E","type":null,"alt":null},"geometry":{"type":"LineString","coordinates":[[-95.5322000362815,35.2391689846236],[-95.5323655445843,35.239168407202],[-95.5326568538579,35.2391675531757],[-95.5329486185774,35.2391677131222],[-95.5332426892721,35.2391681944291],[-95.5335394692858,35.2391682472555],[-95.5338385974956,35.239167767416],[-95.5341385916814,35.2391681137222],[-95.534439291943,35.2391689413353],[-95.534741942447,35.2391683279625],[-95.535047419051,35.2391666470567],[-95.5353541110755,35.2391646990842],[-95.5356599479039,35.2391638714711],[-95.5359649852316,35.2391646191109],[-95.5362693694842,35.2391657394703],[-95.5365728329636,35.2391664871102],[-95.5368754295687,35.2391666199098],[-95.5371764505289,35.2391662200435],[-95.5374756326376,35.2391657658835],[-95.5377734385273,35.239165073271],[-95.5380698583166,35.2391642192447],[-95.5383651174825,35.2391633644846],[-95.5386592825004,35.2391626982853],[-95.5389524189472,35.2391621648857],[-95.5392452104411,35.2391613915663],[-95.5393505980953,35.2391605338713],[-95.5394404736411,35.2391598045739]]}},{"type":"Feature","properties":{"name":"SOUTH OLD HIGHWAY 69","type":null,"alt":null},"geometry":{"type":"LineString","coordinates":[[-95.6669206749866,35.1559728478801],[-95.6670462163441,35.1554133158808],[-95.6671719544328,35.1548198765472],[-95.6674607340505,35.1534565746766],[-95.6675671951915,35.1530204023603],[-95.6677095790623,35.1523435603587],[-95.6678414768989,35.1517520810216],[-95.6679624736794,35.1511439015801],[-95.6680762453102,35.1506483384792],[-95.6684230534003,35.1490596534339],[-95.6686547837093,35.1479662634746],[-95.6693476794408,35.1448832731797]]}},{"type":"Feature","properties":{"name":"STATE HIGHWAY 9E","type":null,"alt":null},"geometry":{"type":"LineString","coordinates":[[-95.5394404736411,35.2391598045739],[-95.5395371871629,35.2391590165804],[-95.5398272432867,35.2391564288216],[-95.5401155108647,35.2391549078621],[-95.5404022863411,35.2391543465819]]}},{"type":"Feature","properties":{"name":"EAST STATE HIGHWAY 31","type":null,"alt":null},"geometry":{"type":"LineString","coordinates":[[-95.5519692876885,35.0727628438632],[-95.5509708928952,35.0727642466284],[-95.5494098886294,35.0727741049494],[-95.5451031091374,35.0727796410185],[-95.5430921270677,35.0727714310205]]}},{"type":"Feature","properties":{"name":"STATE HIGHWAY 9A","type":null,"alt":null},"geometry":{"type":"LineString","coordinates":[[-95.6034759902358,35.2160944062654],[-95.6007959698918,35.2169578462174],[-95.5959854825622,35.2185224298608],[-95.5952629900371,35.218752681962]]}},{"type":"Feature","properties":{"name":"NORTH UNITED STATES HIGHWAY 69","type":null,"alt":null},"geometry":{"type":"LineString","coordinates":[[-95.7107683072854,35.0442022830815],[-95.7107454253985,35.0443047427633],[-95.7106036919079,35.0449626765669],[-95.7101384382526,35.0470674262212],[-95.7096583929378,35.049182123278],[-95.709543396005,35.0496529032321],[-95.7094189191511,35.0501197975301],[-95.7092846075413,35.0505829121364],[-95.7091414241699,35.0510440444267],[-95.7089919454049,35.0515036312582],[-95.7088354642723,35.0519611917124],[-95.7085813874723,35.0526410135638],[-95.7080619743885,35.0539388308751]]}},{"type":"Feature","properties":{"name":"NORTH UNITED STATES HIGHWAY 69","type":null,"alt":null},"geometry":{"type":"LineString","coordinates":[[-95.6507338222875,35.1693792663464],[-95.64963667839,35.1712834317671],[-95.6491746173472,35.1720779121658],[-95.6485658353674,35.173124640293],[-95.6478017283867,35.1744500259693]]}},{"type":"Feature","properties":{"name":"NORTH UNITED STATES HIGHWAY 69","type":null,"alt":null},"geometry":{"type":"LineString","coordinates":[[-95.6505504941044,35.1693838147887],[-95.6505074540225,35.169457515086],[-95.6503628791607,35.169706629439],[-95.650219672433,35.1699559053147],[-95.6500771124924,35.1702055262922],[-95.6499336380668,35.1704552823528],[-95.6497876833926,35.1707047439188],[-95.6496406139093,35.1709543119297],[-95.6494942514,35.1712038285069],[-95.6493486695268,35.1714532899792],[-95.6492040353761,35.1717025384709],[-95.6490221166496,35.1720181315569],[-95.6489174269864,35.172200368616],[-95.6487747870957,35.1724498299681],[-95.6486312192453,35.1726996657823],[-95.6484866192307,35.1729497952824],[-95.6483414829218,35.1731997103328],[-95.6481960366942,35.1734490922522],[-95.6480510486073,35.1736981539898],[-95.6479070405824,35.1739475358489],[-95.6477646064059,35.1741976637127],[-95.6476243344743,35.1744489678652]]}},{"type":"Feature","properties":{"name":"HIGHWAY 9 LANDING REC AREA ROAD","type":"ROAD","alt":null},"geometry":{"type":"LineString","coordinates":[[-95.492613138528,35.2391585866324],[-95.4926131582909,35.2391620438253],[-95.4926142704052,35.2393506990626],[-95.4926033693493,35.2395038224121],[-95.4925935094407,35.2395636634149],[-95.4925724583203,35.2396151446468],[-95.492538018709,35.2396536863985],[-95.49249375602,35.2396761117893],[-95.4924462863454,35.2396824340388],[-95.4921193570742,35.2396341429571],[-95.4920334583701,35.2396277693452],[-95.491948950258,35.2396328024957],[-95.491872556628,35.2396537854474],[-95.4918099844768,35.2396907739488],[-95.491764454265,35.2397392388823],[-95.491734742487,35.2397953884973],[-95.4916791475507,35.2399855529338],[-95.4916128195433,35.2401777668554],[-95.4916013022431,35.2402387467814],[-95.4915976173538,35.2403079872694],[-95.4916020334717,35.2405650649829],[-95.491607695553,35.2406207818849],[-95.4916218521035,35.240681225887],[-95.4916622852745,35.2408056523178],[-95.491676196585,35.2408685070685],[-95.4916833121403,35.2409841583618],[-95.4916732842468,35.2411425750759],[-95.4916929636397,35.2411685855564],[-95.4917260351169,35.2411792965719],[-95.491824760865,35.2411853435738],[-95.492219555161,35.2411826458274],[-95.4922597448885,35.2411787815275],[-95.4922825809613,35.2411713992249],[-95.4923126430823,35.2411524174157],[-95.4923384543753,35.2411211427623],[-95.4923557918603,35.2410833625365],[-95.4923756051022,35.2409942809878],[-95.4924521361746,35.2403334976417],[-95.4924710403214,35.2402112759592],[-95.4924823806535,35.240159858203],[-95.4924984362426,35.2401174758195],[-95.4925260199117,35.2400882169507],[-95.4925650400327,35.2400719363398],[-95.4926686310563,35.2400601283092],[-95.4927283492598,35.2400430061483],[-95.4927883818736,35.2400115579159],[-95.4929181731608,35.2399237914346],[-95.493079867217,35.2398397013968],[-95.4932614562618,35.2397718039028],[-95.4935155869607,35.2396952700308],[-95.4937201989279,35.2396083161421]]}},{"type":"Feature","properties":{"name":"EAST STATE HIGHWAY 31","type":null,"alt":null},"geometry":{"type":"LineString","coordinates":[[-95.4375570395796,35.105411092819],[-95.436477765868,35.1058152131025],[-95.4354099896937,35.1062208621797],[-95.4341719675018,35.1066808805487],[-95.4337696246624,35.106830377398],[-95.4304584776443,35.1080757794245],[-95.4299008304654,35.108294371723],[-95.4296258606485,35.1084086964404],[-95.4293553743232,35.108528384883],[-95.4290899850388,35.108653662635],[-95.4288295571497,35.1087845568609],[-95.4285742793022,35.1089240018934],[-95.4283261780954,35.1090715192854],[-95.4280837066306,35.1092243576274],[-95.4278466241591,35.1093829989656],[-95.4276149315793,35.1095476042027],[-95.4273920963883,35.1097180652768],[-95.4271782793843,35.1098935561604],[-95.4269739081656,35.1100742223244],[-95.4265835731067,35.1104456541326],[-95.4260205890367,35.111013627158],[-95.4249736331157,35.1120561299118],[-95.4244844914604,35.1125352638943],[-95.4242306581038,35.112771099775],[-95.4240764946246,35.1128956633538],[-95.4238614496237,35.1130660174864],[-95.4236417630277,35.1132307563728],[-95.4234174339383,35.1133903576903],[-95.423186301009,35.1135433429823],[-95.422945510292,35.1136887254057],[-95.4226989299331,35.1138276630958],[-95.4224478939303,35.1139603846178],[-95.4221913611363,35.1140879444823],[-95.4219271989506,35.1142091008538],[-95.4216560191259,35.1143240800877],[-95.4213801168577,35.1144314404808],[-95.4211011198934,35.1145306934046],[-95.4209280855051,35.1145872374627],[-95.4208198555813,35.1146226067803],[-95.4205340008781,35.1147033279514],[-95.4202441450787,35.1147747380987],[-95.4199527684314,35.1148383436329],[-95.4196609641861,35.1148952269653],[-95.4193688931411,35.1149456945306],[-95.4190760495451,35.1149885147803],[-95.4187820839532,35.1150250802121],[-95.4181875384739,35.1150881932213],[-95.4148558739347,35.1154146423848],[-95.4136789470635,35.1155364382782],[-95.4128079378691,35.1156197869793],[-95.4099949686598,35.1159014787691],[-95.4089009374247,35.1160035052875],[-95.4075483207452,35.1161403889081],[-95.4070148184845,35.1161987247864],[-95.4062261982763,35.1163067815131],[-95.4057083320915,35.1163867559197],[-95.4039624195059,35.1166871502796],[-95.4022037795893,35.1170032330487],[-95.4017016536848,35.1170828070393],[-95.4014498963349,35.117113662854],[-95.4011968337328,35.1171328198768],[-95.4009407015874,35.1171404243414],[-95.4006832354439,35.1171391964874],[-95.400165848061,35.1171265373202],[-95.3988905242252,35.1170815130523],[-95.3986383671249,35.1170792322257],[-95.3983855973737,35.11708390116],[-95.3981293313793,35.1170964280694],[-95.397868851388,35.1171158915087],[-95.3976042616042,35.1171450388968],[-95.397340072469,35.1171837791079],[-95.3968834480303,35.1172625137796]]}},{"type":"Feature","properties":{"name":"EAST STATE HIGHWAY 31","type":null,"alt":null},"geometry":{"type":"LineString","coordinates":[[-95.5254597476343,35.0728392232138],[-95.5238570363864,35.0728454746291],[-95.5217587820885,35.0728416317328],[-95.5211610026743,35.0728416795209],[-95.520547478488,35.0728417228977],[-95.5166167768932,35.0728436233927],[-95.5148268226041,35.0728352134265],[-95.5124033063081,35.0728424051644],[-95.5103096675541,35.0728369360029],[-95.5079493908575,35.0728451202622],[-95.5076534031579,35.0728448504434]]}},{"type":"Feature","properties":{"name":"EAST STATE HIGHWAY 31","type":null,"alt":null},"geometry":{"type":"LineString","coordinates":[[-95.47231338164,35.0864834999277],[-95.4722585080508,35.0865367769103],[-95.4709567396097,35.0871266313021],[-95.4700744179309,35.087540256982],[-95.4679628793465,35.0884851095592],[-95.465708394546,35.0894516984263],[-95.4638588145799,35.0902720286574],[-95.4617685373217,35.0912147540002],[-95.4564168985768,35.0936079477169],[-95.4549860853484,35.094252623023],[-95.4548946386491,35.0942268161458]]}},{"type":"Feature","properties":{"name":"EAST STATE HIGHWAY 31","type":null,"alt":null},"geometry":{"type":"LineString","coordinates":[[-95.5277601345492,35.0728394452445],[-95.526838799936,35.0728421125544],[-95.5254597476343,35.0728392232138]]}},{"type":"Feature","properties":{"name":"STATE HIGHWAY 9E","type":null,"alt":null},"geometry":{"type":"LineString","coordinates":[[-95.5172963497107,35.2391647673183],[-95.5173014880741,35.2391647819923],[-95.5174387695141,35.2391651774563],[-95.5177447410898,35.2391664592296],[-95.5180516064892,35.2391668334164],[-95.5183578565426,35.2391668855091],[-95.518664120969,35.2391678466555],[-95.5189706935176,35.2391693940279],[-95.5192778643442,35.2391693940279],[-95.5195847836424,35.2391669926292],[-95.5198906204708,35.2391652317501],[-95.5201956299508,35.2391648326175],[-95.5205001211029,35.2391651789238],[-95.5208046508825,35.2391661129234],[-95.5211091150852,35.2391673389354],[-95.5214124042914,35.2391683800551],[-95.5217134530993,35.239168272935],[-95.5220125669361,35.2391675260288],[-95.5223103207235,35.2391663792563],[-95.5226069399387,35.2391653916967],[-95.5229023859542,35.239164939004],[-95.5231971240972,35.2391656587633],[-95.5234911831139,35.2391663521094],[-95.5237845603093,35.2391668605633],[-95.5240761498573,35.2391667262963],[-95.5243655798553,35.2391664328164],[-95.5246525826054,35.2391665135233],[-95.5249377554873,35.2391672868427],[-95.5250849165988,35.2391671349669]]}},{"type":"Feature","properties":{"name":"EAST STATE HIGHWAY 31","type":null,"alt":null},"geometry":{"type":"LineString","coordinates":[[-95.5698632592276,35.0435865294153],[-95.5698351922649,35.043653159541],[-95.5697522427298,35.0438881605508],[-95.5696803649307,35.0441249759994],[-95.5695570621748,35.0446002463738],[-95.5694447242552,35.0450720382406],[-95.5693890035548,35.045327454176],[-95.5693420845475,35.0455425212287],[-95.569210283729,35.0462567011392],[-95.5691432352729,35.0467401504004],[-95.5690887677222,35.0472325653916],[-95.5690703315977,35.0474814535179],[-95.5690434638858,35.0479807512963],[-95.5690278826072,35.0484718174015],[-95.5690215854171,35.0491978581997],[-95.5690326580513,35.0513830376924],[-95.5690310833046,35.0523540717225],[-95.5690412755898,35.0533444831532],[-95.5690451176843,35.0537180007477],[-95.5690333785001,35.0552132791514],[-95.569015516399,35.0556192762451],[-95.5690013212209,35.0558178979405],[-95.5689492422906,35.0563869640015],[-95.5689124751444,35.056735943887],[-95.5687569426327,35.0579993817257],[-95.5687532739131,35.0580434709205],[-95.568756444966,35.0581398798276]]}},{"type":"Feature","properties":{"name":"STATE HIGHWAY 9E","type":null,"alt":null},"geometry":{"type":"LineString","coordinates":[[-95.5438205538636,35.2391434489392],[-95.5440399745582,35.2391426880925],[-95.5443176375244,35.2391415677329],[-95.5445961817378,35.2391411671327],[-95.5448765935487,35.2391414077863],[-95.5451587921086,35.2391415941461],[-95.5452830892996,35.2391412683833]]}},{"type":"Feature","properties":{"name":"STATE HIGHWAY 113","type":null,"alt":null},"geometry":{"type":"LineString","coordinates":[[-95.7718192333323,35.087159822021],[-95.7718118078582,35.0917390179186],[-95.7718201091897,35.0930221659016],[-95.7718186125965,35.0938285942163]]}},{"type":"Feature","properties":{"name":"STATE HIGHWAY 113","type":null,"alt":null},"geometry":{"type":"LineString","coordinates":[[-95.7718186125965,35.0938285942163],[-95.7718098216831,35.0947226902863],[-95.7717761941488,35.0964385470829],[-95.7717573232396,35.0970317269504],[-95.7717280094152,35.0976264731499],[-95.7716915800355,35.0982272425195],[-95.7716272013724,35.0990603566466],[-95.771556431196,35.0999761530054],[-95.7714164449286,35.1010053635773],[-95.7713666980248,35.1015548289296]]}},{"type":"Feature","properties":{"name":"STATE HIGHWAY 9A","type":null,"alt":null},"geometry":{"type":"LineString","coordinates":[[-95.5524538991399,35.2363187596451],[-95.5520774726965,35.2364836488459]]}},{"type":"Feature","properties":{"name":"STATE HIGHWAY 113","type":null,"alt":null},"geometry":{"type":"LineString","coordinates":[[-95.771778257579,35.131021070914],[-95.7718080600868,35.1314571216292],[-95.7718015598774,35.1332106121813],[-95.7718099717018,35.133817977933],[-95.7717977384442,35.1356012989399],[-95.7718048611861,35.1385184562679],[-95.7717941361999,35.1396428226367],[-95.771809941159,35.1413281453331],[-95.7718079028817,35.1424368896505],[-95.7718124519503,35.1429840518637],[-95.7718313327409,35.1435197159445],[-95.7718588059172,35.1440506958898],[-95.7718952379919,35.1445759795754],[-95.7719678569011,35.145088635901]]}},{"type":"Feature","properties":{"name":"STATE HIGHWAY 113","type":null,"alt":null},"geometry":{"type":"LineString","coordinates":[[-95.7718305485117,35.0456012142919],[-95.7718368645664,35.0466705280937],[-95.7718186763769,35.0483417758082],[-95.7718169543065,35.0500024060887],[-95.7718139135092,35.0504518149242],[-95.7718137356428,35.0504782769192]]}},{"type":"Feature","properties":{"name":"NORTH UNITED STATES HIGHWAY 69","type":null,"alt":null},"geometry":{"type":"LineString","coordinates":[[-95.6460236839617,35.1772847358083],[-95.6440233514196,35.1807336210133],[-95.6431218596927,35.1822309261167],[-95.6423855591633,35.1834846395045],[-95.6420390394323,35.1840828710309]]}},{"type":"Feature","properties":{"name":"NORTH UNITED STATES HIGHWAY 69","type":null,"alt":null},"geometry":{"type":"LineString","coordinates":[[-95.6420390394323,35.1840828710309],[-95.6393285706919,35.1887618934826],[-95.6383037950736,35.1905177309912],[-95.6381510895602,35.1907651113788],[-95.6379921614167,35.1910093180819],[-95.6376605501262,35.1914899386918],[-95.6373127781438,35.1919642627936],[-95.6371312968968,35.1921978511904],[-95.6369441535686,35.1924279158634],[-95.6365531789092,35.1928784152966],[-95.6363497670912,35.1930988486418],[-95.6359285102236,35.1935306707443],[-95.6354964017073,35.1939540358257],[-95.6263460840698,35.2028198591028],[-95.6215381515489,35.2074619861587],[-95.6191432771374,35.209785424003],[-95.6189243253633,35.2100179460802]]}},{"type":"Feature","properties":{"name":"STATE HIGHWAY 9A","type":null,"alt":null},"geometry":{"type":"LineString","coordinates":[[-95.5865948754677,35.2215720797104],[-95.5853434917342,35.2220009368181],[-95.5846544560635,35.2222477920086],[-95.5841003491451,35.2224536843764],[-95.5833516303053,35.2227415360954],[-95.5826022098812,35.2230361278985],[-95.5818631497273,35.2233340811],[-95.5811935275482,35.223612858697]]}},{"type":"Feature","properties":{"name":"STATE HIGHWAY 9E","type":null,"alt":null},"geometry":{"type":"LineString","coordinates":[[-95.5404022863411,35.2391543465819],[-95.5406880736706,35.2391538410628],[-95.54097287465,35.2391529598894],[-95.5412567135337,35.2391518666768],[-95.5415390324679,35.2391515196368],[-95.5418194299058,35.2391508255568],[-95.5420984672943,35.2391503185703],[-95.5423766108591,35.2391493581573],[-95.5426542603504,35.2391481563571],[-95.5429316304658,35.2391466904249],[-95.5432086134072,35.239145783572],[-95.5434858092494,35.2391448216916],[-95.5437628721409,35.2391436492393],[-95.5438205538636,35.2391434489392]]}},{"type":"Feature","properties":{"name":"STATE HIGHWAY 9A","type":null,"alt":null},"geometry":{"type":"LineString","coordinates":[[-95.5652864731107,35.2306460820517],[-95.5619585500547,35.2321116505133],[-95.5592275682847,35.233326818212],[-95.5587023691521,35.2335589558705],[-95.5569785533259,35.2343208588262]]}},{"type":"Feature","properties":{"name":"STATE HIGHWAY 9A","type":null,"alt":null},"geometry":{"type":"LineString","coordinates":[[-95.5569785533259,35.2343208588262],[-95.5556842732409,35.2348928861307],[-95.5524538991399,35.2363187596451]]}},{"type":"Feature","properties":{"name":"STATE HIGHWAY 9E","type":null,"alt":null},"geometry":{"type":"LineString","coordinates":[[-95.5521960997213,35.239130282695],[-95.552698251677,35.239149705931],[-95.5529576384186,35.2391683551093],[-95.5532231480773,35.2391939692917],[-95.553494954926,35.2392268390164],[-95.5537729116412,35.2392664059297],[-95.5540563920971,35.2393130970344],[-95.55434135118,35.239367978381],[-95.5546268851846,35.2394310770997],[-95.5549133534371,35.2395014606429],[-95.555199888165,35.2395800607855],[-95.5554844474976,35.2396671196229],[-95.5557676476791,35.2397616216951],[-95.5560476040441,35.2398642339032],[-95.5563227723887,35.2399748769779],[-95.5565944732363,35.2400916308161],[-95.5568624245158,35.2402158292402],[-95.5570205989728,35.2402949202623]]}},{"type":"Feature","properties":{"name":"STATE HIGHWAY 9E","type":null,"alt":null},"geometry":{"type":"LineString","coordinates":[[-95.5570205989728,35.2402949202623],[-95.5571248394783,35.2403470430079],[-95.557381585173,35.2404843674482],[-95.5576320345759,35.2406284144247],[-95.5578758005131,35.2407779043548],[-95.5581126691855,35.2409337462422],[-95.558571065102,35.2412610345079],[-95.563674083414,35.2451473241398]]}},{"type":"Feature","properties":{"name":"EAST STATE HIGHWAY 31","type":null,"alt":null},"geometry":{"type":"LineString","coordinates":[[-95.3582821315009,35.124757565616],[-95.3582143356464,35.1247628446735],[-95.3570530915635,35.1248532652849],[-95.3563392570011,35.1249359468693],[-95.3497331568944,35.1260037376817],[-95.3492651013937,35.1260584347691]]}},{"type":"Feature","properties":{"name":"STATE HIGHWAY 9A","type":null,"alt":null},"geometry":{"type":"LineString","coordinates":[[-95.5952629900371,35.218752681962],[-95.5934231145711,35.2193531115292],[-95.5899353884125,35.2204810387186]]}},{"type":"Feature","properties":{"name":"EAST STATE HIGHWAY 31","type":null,"alt":null},"geometry":{"type":"LineString","coordinates":[[-95.4901163232981,35.0786589652202],[-95.4896408522047,35.078865468975],[-95.4889277641423,35.0791832466218],[-95.4878721421738,35.0796587709371],[-95.4859712809815,35.0805150123589],[-95.4851765513311,35.08086277905],[-95.4846348851811,35.0810859072685],[-95.4832423536585,35.0816150873654],[-95.483215535354,35.0816261399255],[-95.4826972990633,35.0818397352249],[-95.4821568070113,35.0820740029551],[-95.4794141408544,35.0832985540092],[-95.4777933060957,35.0840245357691],[-95.4766834806813,35.0845213709674],[-95.4745033431486,35.0855002614467],[-95.47231338164,35.0864834999277]]}},{"type":"Feature","properties":{"name":"STATE HIGHWAY 113","type":null,"alt":null},"geometry":{"type":"LineString","coordinates":[[-95.7718220630255,35.0779142157147],[-95.7718230215279,35.0785384294087],[-95.7718290644948,35.0790915277975],[-95.7718263929052,35.0798552059178],[-95.7718114584136,35.0841258847321],[-95.7718196223029,35.0869643014196],[-95.7718192333323,35.087159822021]]}},{"type":"Feature","properties":{"name":"STATE HIGHWAY 9E","type":null,"alt":null},"geometry":{"type":"LineString","coordinates":[[-95.5484934444445,35.2391310567484],[-95.5487528572373,35.2391300420413],[-95.5490065881859,35.239129240841],[-95.5492543291682,35.2391271343885],[-95.5494960541331,35.2391252656546],[-95.5497316283332,35.2391241988549],[-95.5499614685869,35.2391231056418]]}},{"type":"Feature","properties":{"name":"STATE HIGHWAY 9E","type":null,"alt":null},"geometry":{"type":"LineString","coordinates":[[-95.547889310348,35.2391291337209],[-95.5482291340368,35.2391321763744],[-95.5483631105749,35.2391315652024],[-95.5484934444445,35.2391310567484]]}},{"type":"Feature","properties":{"name":"STATE HIGHWAY 9A","type":null,"alt":null},"geometry":{"type":"LineString","coordinates":[[-95.5514211931943,35.2367696252938],[-95.5509996856967,35.2369532953353],[-95.54897726987,35.2378709760289]]}},{"type":"Feature","properties":{"name":"STATE HIGHWAY 9A","type":null,"alt":null},"geometry":{"type":"LineString","coordinates":[[-95.567037778283,35.2298693104127],[-95.5652864731107,35.2306460820517]]}},{"type":"Feature","properties":{"name":"STATE HIGHWAY 9E","type":null,"alt":null},"geometry":{"type":"LineString","coordinates":[[-95.4510229060628,35.228421706618],[-95.4511298972097,35.2284935137393],[-95.4513295729345,35.2286277432885],[-95.4515317055515,35.2287644799887],[-95.4517369032203,35.2289038581112],[-95.4519457579306,35.2290460119263],[-95.4521600285837,35.2291904064866],[-95.452381075229,35.2293352806875],[-95.4526077525146,35.2294829041305],[-95.4528413665907,35.2296323940561],[-95.4530831436579,35.2297822579363],[-95.4533301516149,35.2299302276454],[-95.4535806800696,35.2300726210764],[-95.4538338244183,35.2302102388134],[-95.4540884608688,35.2303454018249],[-95.4543434476622,35.2304801111363],[-95.4545995789092,35.2306136469147],[-95.4548573927008,35.230745687772],[-95.4551161919443,35.2308756760469],[-95.4553748851865,35.2310050748935],[-95.4556338452284,35.231135516224],[-95.4558934727186,35.2312675298162],[-95.4561547540072,35.2314000252804],[-95.4564168087452,35.2315335881616],[-95.456679424032,35.2316691246573],[-95.4569441476648,35.2318047937382],[-95.4572109787452,35.2319404912091],[-95.457423128476,35.2320481806862],[-95.4574794106235,35.232076747581],[-95.4574956341975,35.2320849334489]]}},{"type":"Feature","properties":{"name":"STATE HIGHWAY 113","type":null,"alt":null},"geometry":{"type":"LineString","coordinates":[[-95.771808749993,35.0581289049732],[-95.7718082738859,35.0581590389418],[-95.7717704799652,35.0586212446823],[-95.7716795471023,35.0590656801445],[-95.7715385681965,35.0594936339016],[-95.771345799618,35.0598968618304],[-95.7710962260725,35.0602667471479],[-95.7708139772069,35.0606188950842],[-95.7704962835151,35.0609552809066],[-95.7701476545399,35.0612915153408],[-95.7698091289166,35.0616332308029],[-95.7695004363439,35.0619885478659],[-95.7692360405963,35.0623688244623],[-95.769024630179,35.0627663418845],[-95.7688720279718,35.0631743587584],[-95.768767151459,35.0635944160826],[-95.7687164191033,35.0640211887692],[-95.7687448121545,35.0644387579708],[-95.7688139545836,35.0648671717843],[-95.7689354571157,35.0653059050567],[-95.7691171827044,35.0657345790146],[-95.7693628737312,35.0661565502847],[-95.7699060760004,35.0670280068247],[-95.7704802611637,35.0679660305295],[-95.77076322419,35.0684641266678],[-95.7710181966103,35.0689885581252],[-95.7712358853531,35.069509866627],[-95.771414534212,35.0700241584734],[-95.7715545635985,35.0705439127185],[-95.7716689353038,35.0710662427954],[-95.7717524346078,35.0715950217534],[-95.7718028938756,35.0721247751114],[-95.7718176460092,35.0726009846014]]}},{"type":"Feature","properties":{"name":"STATE HIGHWAY 113","type":null,"alt":null},"geometry":{"type":"LineString","coordinates":[[-95.7718176460092,35.0726009846014],[-95.7718177412306,35.0726040834833],[-95.7718124321873,35.0737220649183],[-95.7718237572481,35.0753131126698],[-95.771821326407,35.0774337931541],[-95.7718220630255,35.0779142157147]]}},{"type":"Feature","properties":{"name":"NORTH UNITED STATES HIGHWAY 69","type":null,"alt":null},"geometry":{"type":"LineString","coordinates":[[-95.7060167269806,35.0622191049276],[-95.7059528046616,35.0635976094229],[-95.705911640262,35.0641527619812],[-95.7058744419244,35.0644310382988],[-95.7058025596337,35.0649856168241],[-95.7057360932858,35.0655221032781],[-95.7056555521341,35.0660785412213],[-95.7055077065063,35.0668904562146],[-95.7053925604532,35.0674533219413],[-95.7042532424497,35.0725960234493],[-95.7042467593083,35.0726252860084]]}},{"type":"Feature","properties":{"name":"NORTH UNITED STATES HIGHWAY 69","type":null,"alt":null},"geometry":{"type":"LineString","coordinates":[[-95.7042467593083,35.0726252860084],[-95.7034936405202,35.0761579773422],[-95.7027004541754,35.0796992962399],[-95.7017948903853,35.083785803482],[-95.7015478231394,35.0848744169227],[-95.7012490883917,35.0862356664557],[-95.7006980608981,35.0886844752807],[-95.7002779080599,35.0905900308951],[-95.6999062193313,35.0922220589253],[-95.6998402784979,35.0924938249689],[-95.6996957278906,35.0930339710457],[-95.6994550476664,35.0938403860134],[-95.699191051669,35.0946412657709],[-95.6990032633505,35.0951725930595],[-95.698904359736,35.0954370360446],[-95.6986955921623,35.0959629868207],[-95.6982546810546,35.0970096995023]]}},{"type":"Feature","properties":{"name":"NORTH UNITED STATES HIGHWAY 69","type":null,"alt":null},"geometry":{"type":"LineString","coordinates":[[-95.6982546810546,35.0970096995023],[-95.6973869417277,35.0991051137898],[-95.6966155655798,35.1009369384821],[-95.696402902911,35.1014653841882],[-95.6959711240764,35.1025141237282],[-95.6958630684259,35.1027761264468],[-95.6957544153956,35.1030378880016],[-95.6956405395603,35.103291245564],[-95.6955311804543,35.1035531796417],[-95.6954212401382,35.1038150886252],[-95.695311139922,35.1040773164572],[-95.6952011636734,35.1043395191934],[-95.6950909161335,35.1046013205575],[-95.6949817304023,35.1048631078522],[-95.6949671094227,35.1048982197616]]}},{"type":"Feature","properties":{"name":"STATE HIGHWAY 9E","type":null,"alt":null},"geometry":{"type":"LineString","coordinates":[[-95.4654807605547,35.2361286034871],[-95.4657106663853,35.236244364261],[-95.4659697602762,35.2363757378024],[-95.4662305870173,35.236508098723],[-95.4664924818552,35.2366398482368],[-95.4666519031737,35.2367199061228]]}},{"type":"Feature","properties":{"name":"STATE HIGHWAY 113","type":null,"alt":null},"geometry":{"type":"LineString","coordinates":[[-95.6659898460791,35.1739241861856],[-95.6651487004779,35.1739237911379],[-95.6646691869658,35.1739293665967],[-95.6643563378883,35.1739422805414],[-95.6642008996998,35.1739578878564],[-95.664045589072,35.1739804319951],[-95.6638898912703,35.1740030304651]]}},{"type":"Feature","properties":{"name":"NORTH UNITED STATES HIGHWAY 69","type":null,"alt":null},"geometry":{"type":"LineString","coordinates":[[-95.6771928806161,35.1258844106774],[-95.6767318265847,35.1263385695961],[-95.6762251965274,35.1268434021832]]}},{"type":"Feature","properties":{"name":"NORTH UNITED STATES HIGHWAY 69","type":null,"alt":null},"geometry":{"type":"LineString","coordinates":[[-95.6762251965274,35.1268434021832],[-95.675529326474,35.1275367873359],[-95.6755228999265,35.1275435532621]]}},{"type":"Feature","properties":{"name":"NORTH UNITED STATES HIGHWAY 69","type":null,"alt":null},"geometry":{"type":"LineString","coordinates":[[-95.6189243253633,35.2100179460802],[-95.6180021427404,35.2108104316401],[-95.6177614184988,35.2110036776311],[-95.6170131254603,35.2115533216618],[-95.6167556467403,35.211731545646],[-95.6162272145711,35.212075563824],[-95.6151508720623,35.2127402800487],[-95.6148856687291,35.2129108750878],[-95.6143687358938,35.2132666304766],[-95.6138635296663,35.2136330600604],[-95.6136167211352,35.2138213981564]]}},{"type":"Feature","properties":{"name":"STATE HIGHWAY 113","type":null,"alt":null},"geometry":{"type":"LineString","coordinates":[[-95.7013444212029,35.1739825974129],[-95.7004155191817,35.1739855580653],[-95.6999286053482,35.1739811024009],[-95.6996769548978,35.1739936954532],[-95.6994310797163,35.1739905203888],[-95.6991914487244,35.1739779273359],[-95.6957975956147,35.1739784883326],[-95.6920605995412,35.1739525003775],[-95.6893763822683,35.1739427350664],[-95.6868989679535,35.1739206696738],[-95.6852010846929,35.1739265131485],[-95.6837526977226,35.1739123964351]]}},{"type":"Feature","properties":{"name":"STATE HIGHWAY 71","type":null,"alt":null},"geometry":{"type":"LineString","coordinates":[[-95.3937809832459,35.1530254085628],[-95.3937787132032,35.1531452253468],[-95.3937752178584,35.1533644047287],[-95.3937714036117,35.1535841975396],[-95.3937680151665,35.1538038847273],[-95.3937653732212,35.1540230652728],[-95.3937611574276,35.1542417641518],[-95.3937563020335,35.1544597698424],[-95.3937517125407,35.154676227435],[-95.3937472038963,35.154890872536],[-95.3937425084023,35.1551036750468],[-95.3937391460082,35.1553143176963],[-95.3937383195581,35.1555230105555],[-95.3937387992585,35.1557333869816],[-95.393739920356,35.1559475511654],[-95.3937414142543,35.1561661699573],[-95.3937419739047,35.1563876429601],[-95.3937402132068,35.1566114119715],[-95.3937379180112,35.1568361953685],[-95.3937360782615,35.1570616450175],[-95.393735011063,35.1572874414315],[-95.3937334632657,35.1575141721579],[-95.3937317555684,35.157741434718],[-95.3937305814703,35.1579691255523],[-95.3937280473229,35.1581965484163],[-95.3937256730756,35.1584226134192],[-95.3937235386785,35.1586477156941],[-95.3937198034835,35.1588723120615],[-95.3937177750876,35.1590961072874],[-95.3937170546387,35.1593186754142],[-95.3937160673902,35.1595404424151],[-95.3937140129432,35.1597620766163],[-95.3937103307488,35.1599837381214],[-95.3937064868577,35.160195009278]]}},{"type":"Feature","properties":{"name":"EAST STATE HIGHWAY 31","type":null,"alt":null},"geometry":{"type":"LineString","coordinates":[[-95.568673099274,35.061571099221],[-95.5686627875128,35.0629465154099],[-95.5686593784063,35.063401166188],[-95.5686483237384,35.0648758259469]]}},{"type":"Feature","properties":{"name":"NORTH UNITED STATES HIGHWAY 69","type":null,"alt":null},"geometry":{"type":"LineString","coordinates":[[-95.6951544566685,35.1048900019726],[-95.6947772603689,35.1057915352282],[-95.6940909744413,35.1074271046575],[-95.6938890762846,35.1078915710927],[-95.6936738120947,35.1083532217561],[-95.6935601581433,35.1085829092494],[-95.6933185580442,35.1090387196205],[-95.6930571114656,35.1094889806374],[-95.6927771452191,35.1099338768435],[-95.692479691469,35.1103740123839],[-95.6923252153761,35.110592366302],[-95.6920013565465,35.1110239269144],[-95.6916592475436,35.1114479713679],[-95.6914816371372,35.1116572117226],[-95.6911121043653,35.112068542958],[-95.6907270316373,35.1124716337821],[-95.6903308440543,35.1128691745676],[-95.6805131527208,35.1225926059965],[-95.6779435622748,35.125144940248],[-95.6771928806161,35.1258844106774]]}},{"type":"Feature","properties":{"name":"STATE HIGHWAY 9A","type":null,"alt":null},"geometry":{"type":"LineString","coordinates":[[-95.5899353884125,35.2204810387186],[-95.5883565984023,35.2209915755575],[-95.5868199384807,35.2215026559101],[-95.5865948754677,35.2215720797104]]}},{"type":"Feature","properties":{"name":"NORTH UNITED STATES HIGHWAY 69","type":null,"alt":null},"geometry":{"type":"LineString","coordinates":[[-95.6478017283867,35.1744500259693],[-95.6472692924262,35.1753633996424],[-95.6464887561573,35.176726714686]]}},{"type":"Feature","properties":{"name":"STATE HIGHWAY 113","type":null,"alt":null},"geometry":{"type":"LineString","coordinates":[[-95.7713666980248,35.1015548289296],[-95.7712734043893,35.1024604926565],[-95.7712340375186,35.102977860448],[-95.7711672262177,35.1040722719687],[-95.7711538565913,35.1046344608038],[-95.771155759223,35.1049955463355],[-95.7711561446003,35.1050684994834],[-95.771156824625,35.1051974651854],[-95.7712140805462,35.106918591919],[-95.7712462069958,35.1074969837939],[-95.7712912377443,35.1080660444211],[-95.7713488341271,35.1086321498027],[-95.7714864299774,35.1097961891388],[-95.7715661824084,35.1103818981969],[-95.7717035563749,35.1121132789966],[-95.7717196685578,35.1127035435871],[-95.7717741693461,35.1138381667796],[-95.7718054549725,35.1149420446715],[-95.7718131858738,35.1160200525192],[-95.7717848557047,35.1161129135907]]}},{"type":"Feature","properties":{"name":"STATE HIGHWAY 113","type":null,"alt":null},"geometry":{"type":"LineString","coordinates":[[-95.7717848557047,35.1161129135907],[-95.7718162644003,35.1165531149553],[-95.771815237626,35.118707184616],[-95.7718334635448,35.1196528068191],[-95.7718226738799,35.1201182337248],[-95.7718235820766,35.1211082495556],[-95.7718474664834,35.1227212030404],[-95.7718476066206,35.1232759444124],[-95.7718478976747,35.1244445047786],[-95.7718455674449,35.1247544003857],[-95.7718390896934,35.1256160820609],[-95.7718193564015,35.126800332484],[-95.7718192036879,35.12688403114],[-95.7718140159172,35.1297322711428],[-95.7718053588528,35.1308896547919],[-95.771778257579,35.131021070914]]}},{"type":"Feature","properties":{"name":"EAST STATE HIGHWAY 31","type":null,"alt":null},"geometry":{"type":"LineString","coordinates":[[-95.5076534031579,35.0728448504434],[-95.5053876894163,35.072842765413],[-95.5050788899441,35.072845152611],[-95.5047721736651,35.0728567856976],[-95.5044679897368,35.0728801709681],[-95.5041670343537,35.0729144276425],[-95.503868613118,35.0729565568257],[-95.5035723011266,35.0730045014169],[-95.503277774986,35.0730594494877],[-95.5029851451889,35.0731212554546],[-95.502694302141,35.0731894495106],[-95.5024061531405,35.0732657027431],[-95.5021205122364,35.0733495196071],[-95.5018394868762,35.0734433409292],[-95.5015628111585,35.0735452470812],[-95.5010184770121,35.0737618520953],[-95.5007514060815,35.0738751900835],[-95.5002223343118,35.0741094439236],[-95.499094512049,35.0746158395685],[-95.4984112399692,35.0749226236756],[-95.4976650148525,35.0752649062408],[-95.4962064203257,35.0759174054212],[-95.4954791694245,35.0762427300482],[-95.4945437366512,35.0766650822079],[-95.4934525243295,35.0771592288938],[-95.492452462263,35.0776052065039]]}},{"type":"Feature","properties":{"name":"STATE HIGHWAY 113","type":null,"alt":null},"geometry":{"type":"LineString","coordinates":[[-95.771810921221,35.0515655998899],[-95.7718115356687,35.0517081585977],[-95.7718323119046,35.0527632929738],[-95.7718186161897,35.0539823170519],[-95.7718140734093,35.0543866171549],[-95.7718241525068,35.0549389217817],[-95.7718163838763,35.0575844216591],[-95.7718161610941,35.0576603225369],[-95.771808749993,35.0581289049732]]}},{"type":"Feature","properties":{"name":"EAST STATE HIGHWAY 31","type":null,"alt":null},"geometry":{"type":"LineString","coordinates":[[-95.3968834480303,35.1172625137796],[-95.394695989228,35.1176625860803],[-95.3894497911378,35.11861156884],[-95.3881547771293,35.118851692247],[-95.3876396040936,35.118940818115],[-95.3847469570136,35.119466277033]]}},{"type":"Feature","properties":{"name":"EAST STATE HIGHWAY 31","type":null,"alt":null},"geometry":{"type":"LineString","coordinates":[[-95.3847469570136,35.119466277033],[-95.3816847214826,35.1200198142307],[-95.381161679205,35.1201306433385],[-95.3809057069597,35.1201983197496],[-95.3806544302085,35.1202748119182],[-95.3801658859328,35.1204510905192],[-95.379930164409,35.1205500069322],[-95.3787795168531,35.1210715156535],[-95.3785463842739,35.1211673519109],[-95.3780721932799,35.1213363860122],[-95.3775913313965,35.1214720020241],[-95.3771063884668,35.121576095799],[-95.3766204043896,35.1216667829926],[-95.3738148265185,35.122171853942]]}},{"type":"Feature","properties":{"name":"STATE HIGHWAY 2","type":null,"alt":null},"geometry":{"type":"LineString","coordinates":[[-95.3491162352798,35.1047841679172],[-95.3491170006444,35.10478300014],[-95.3510370004439,35.1018539999047],[-95.3513300003468,35.1014070010156],[-95.3521370000857,35.0999419995645],[-95.3525540007355,35.098843000052],[-95.3527200004169,35.0977440011591],[-95.3527200004169,35.0967600010204],[-95.3526220005076,35.0959420013039],[-95.3524680005218,35.0953180009028],[-95.352134000611,35.0945400004351],[-95.351325000324,35.093304001214],[-95.3504610006837,35.092251000589],[-95.3490410004764,35.0913129995328],[-95.3490382552249,35.0913111876723]]}},{"type":"Feature","properties":{"name":"NORTH UNITED STATES HIGHWAY 69","type":null,"alt":null},"geometry":{"type":"LineString","coordinates":[[-95.6755228999265,35.1275435532621],[-95.6751445501901,35.1279418977401],[-95.67477807708,35.1283558658851],[-95.674601291327,35.1285664873968],[-95.6744284518731,35.1287797025784],[-95.6740930425056,35.1292131835849],[-95.673772303525,35.1296560714456],[-95.6736187356288,35.1298814134563],[-95.6733262369858,35.1303391838266],[-95.6729152828961,35.1310374101205],[-95.6726909618916,35.1314392654075],[-95.6726511746093,35.1315105426018],[-95.672108530194,35.1324536064687],[-95.6691380890103,35.1375771845914]]}},{"type":"Feature","properties":{"name":"STATE HIGHWAY 9E","type":null,"alt":null},"geometry":{"type":"LineString","coordinates":[[-95.4574956341975,35.2320849334489],[-95.4577499221016,35.2322132187165],[-95.4580209159751,35.2323495274612],[-95.4582916951511,35.2324856253877],[-95.4585617817261,35.2326223086253],[-95.4588310930551,35.2327598736093],[-95.4591008050326,35.2328971984217],[-95.4593701711588,35.2330340152431],[-95.4596391366363,35.2331708318338],[-95.4597272559758,35.2332154433214]]}},{"type":"Feature","properties":{"name":"STATE HIGHWAY 113","type":null,"alt":null},"geometry":{"type":"LineString","coordinates":[[-95.7543570406278,35.1668482390563],[-95.7536743192153,35.1668667440215],[-95.7532187179577,35.1668638352489],[-95.7529932902287,35.1668558050973],[-95.7527700795418,35.1668364350614],[-95.7525507019663,35.1668045509015],[-95.7523371742199,35.1667611689489],[-95.7521476916787,35.1667001749491],[-95.7521284740198,35.1666998540361],[-95.7519247873174,35.1666578900671],[-95.7511383437272,35.1664413725622]]}},{"type":"Feature","properties":{"name":"STATE HIGHWAY 9E","type":null,"alt":null},"geometry":{"type":"LineString","coordinates":[[-95.4721617334436,35.2386820179426],[-95.472341070412,35.2387165181642],[-95.4726334082566,35.2387681452071],[-95.4729261710043,35.2388176371422],[-95.4732193891979,35.238864274945],[-95.4735132209408,35.2389074166312],[-95.4738079060832,35.2389474385953],[-95.4741034985241,35.2389842300532],[-95.4743999183133,35.2390170727159],[-95.4746968968547,35.2390468492302],[-95.4749954519394,35.2390735023708],[-95.4752958458754,35.2390960739282],[-95.4755967482579,35.2391147774127],[-95.4758973568914,35.2391299576658],[-95.4761974310272,35.2391406300645],[-95.4764962250637,35.2391480213563],[-95.4767929116526,35.2391540509009],[-95.4770872230959,35.2391588258185],[-95.4773795869916,35.2391619220311],[-95.4775550073054,35.2391515643925]]}},{"type":"Feature","properties":{"name":"STATE HIGHWAY 113","type":null,"alt":null},"geometry":{"type":"LineString","coordinates":[[-95.7511383437272,35.1664413725622],[-95.7500796522154,35.1661498940302],[-95.7496753330824,35.1660326872244],[-95.7490653814961,35.1658653740035],[-95.7484661755572,35.1656902167001],[-95.7480726883099,35.1655837625343],[-95.7478770909365,35.165534402933],[-95.7476803194651,35.1654907537281],[-95.7472796780349,35.1654285360561],[-95.7466578749751,35.1653602598116],[-95.7453687521182,35.1652380779949],[-95.7451910204392,35.1652242028489]]}},{"type":"Feature","properties":{"name":"STATE HIGHWAY 9E","type":null,"alt":null},"geometry":{"type":"LineString","coordinates":[[-95.462213638172,35.234476757879],[-95.4622988011559,35.2345203282028],[-95.4625616023939,35.2346554642224],[-95.4628244853786,35.234789586723],[-95.4630868868664,35.2349230156195],[-95.4633497159522,35.23505617795],[-95.4636140119869,35.2351890194195],[-95.4638784149211,35.2353221541652],[-95.4641427109558,35.23545566363],[-95.4644064733912,35.2355892521181],[-95.464669570175,35.2357225483614],[-95.4649317048631,35.2358539220142],[-95.4651060337238,35.2359408300344]]}},{"type":"Feature","properties":{"name":"STATE HIGHWAY 113","type":null,"alt":null},"geometry":{"type":"LineString","coordinates":[[-95.736251580518,35.1682309028346],[-95.7361364811773,35.1682526841128],[-95.735909046612,35.1682946516649],[-95.7356814485533,35.1683398759924],[-95.7354534246932,35.1683857119993],[-95.7352263988613,35.168432322708],[-95.7350002399037,35.1684819221477],[-95.7347804257469,35.168526937819]]}},{"type":"Feature","properties":{"name":"NORTH UNITED STATES HIGHWAY 69","type":null,"alt":null},"geometry":{"type":"LineString","coordinates":[[-95.6725453171363,35.1313729031164],[-95.6720492270122,35.1322194107721],[-95.6682925838851,35.1387172537025],[-95.6675603661987,35.1399628962674],[-95.6667022972359,35.1414656570671],[-95.6646486092576,35.1450217617358]]}},{"type":"Feature","properties":{"name":"NORTH UNITED STATES HIGHWAY 69","type":null,"alt":null},"geometry":{"type":"LineString","coordinates":[[-95.6646486092576,35.1450217617358],[-95.6643923594329,35.1454654516704],[-95.6604901946197,35.1522061147456],[-95.659904979043,35.1532039878894],[-95.6590429538997,35.1547083374228],[-95.6583903449138,35.1558347811753]]}},{"type":"Feature","properties":{"name":"NORTH UNITED STATES HIGHWAY 69","type":null,"alt":null},"geometry":{"type":"LineString","coordinates":[[-95.6691380890103,35.1375771845914],[-95.6682217121991,35.1391576575976],[-95.6648373902145,35.1450217007681]]}},{"type":"Feature","properties":{"name":"NORTH UNITED STATES HIGHWAY 69","type":null,"alt":null},"geometry":{"type":"LineString","coordinates":[[-95.6648373902145,35.1450217007681],[-95.6628979481774,35.1483817663172],[-95.6604396994192,35.1526196231214],[-95.6598956572253,35.1535439814606],[-95.6592009513885,35.1546882513302],[-95.6585287833839,35.1558320916096]]}},{"type":"Feature","properties":{"name":"EAST STATE HIGHWAY 31","type":null,"alt":null},"geometry":{"type":"LineString","coordinates":[[-95.564604007718,35.0720526107764],[-95.5642995228542,35.0722006227693],[-95.5640713121444,35.0722967929253],[-95.5638344829978,35.0723855859186],[-95.5635895842851,35.0724657460441],[-95.5633373472348,35.0725347824563],[-95.5630790276917,35.0725935590476],[-95.5628149580325,35.072641597958],[-95.5623048074776,35.0726841625219],[-95.5620767566679,35.0726796329388],[-95.5614905313849,35.0726888332637],[-95.5603835859693,35.0726830508956],[-95.5601242567198,35.0727422920278]]}},{"type":"Feature","properties":{"name":"EAST STATE HIGHWAY 31","type":null,"alt":null},"geometry":{"type":"LineString","coordinates":[[-95.5720907819932,35.0408236745463],[-95.5716622146358,35.0411794579882],[-95.5714557602239,35.0413617789523],[-95.5712563656719,35.0415487139298],[-95.571066040511,35.0417410939829],[-95.5708851871864,35.0419377275963],[-95.5707138191729,35.0421388589178],[-95.5705545766191,35.0423450321665],[-95.5704075403734,35.0425550065596],[-95.5702726179093,35.0427685437749],[-95.5701483144302,35.0429843339122],[-95.5700350162116,35.0432029800376],[-95.5699312419317,35.0434251352221],[-95.5698632592276,35.0435865294153]]}},{"type":"Feature","properties":{"name":"EAST STATE HIGHWAY 31","type":null,"alt":null},"geometry":{"type":"LineString","coordinates":[[-95.4377134066261,35.1053525419737],[-95.4375570395796,35.105411092819]]}},{"type":"Feature","properties":{"name":"EAST STATE HIGHWAY 31","type":null,"alt":null},"geometry":{"type":"LineString","coordinates":[[-95.6704048887324,34.9419584432375],[-95.6693232695196,34.9431205836845],[-95.667878103908,34.9446886318343],[-95.6671259121812,34.9454849232468],[-95.6667071400536,34.945928453127],[-95.6662046143989,34.9464770222085],[-95.6655129978683,34.9472127691142],[-95.6646339586336,34.9481747227456],[-95.6638755272089,34.9489751080854],[-95.6607653503878,34.9523204717693],[-95.6591820274787,34.9540043235425],[-95.658983032677,34.9542110164142],[-95.6587789794619,34.9544136342658],[-95.6585682104417,34.9546107421477],[-95.6581413570699,34.9549948800179],[-95.6577719662318,34.955305906387]]}},{"type":"Feature","properties":{"name":"EAST UNITED STATES HIGHWAY 270","type":null,"alt":null},"geometry":{"type":"LineString","coordinates":[[-95.6494275964059,34.8941913766318],[-95.6491388464326,34.8941952824459],[-95.6488712886151,34.8941920810193],[-95.6486017284529,34.8941903001567],[-95.6483303752533,34.8941900363797],[-95.6483254336209,34.8941900385901]]}},{"type":"Feature","properties":{"name":"EAST STATE HIGHWAY 31","type":null,"alt":null},"geometry":{"type":"LineString","coordinates":[[-95.6127707947002,34.9853057077627],[-95.6115813956196,34.9879947338091],[-95.6113455788743,34.9885174702367],[-95.6111016539354,34.9890327554578],[-95.6108465764121,34.9895395165967],[-95.6104391931257,34.9902858350728],[-95.6101601296861,34.9907795490756],[-95.6097187685224,34.9915118013961],[-95.6095660360594,34.9917516637285],[-95.6092518332208,34.9922230342527],[-95.6086091703817,34.9931408327711],[-95.6082815601875,34.99358738983],[-95.606981503037,34.9953179156091],[-95.6046749941034,34.9984695075588],[-95.6042212802062,34.9991146000596],[-95.6039289288868,34.9995493102781],[-95.6035965666048,35.0000577657371]]}},{"type":"Feature","properties":{"name":"HIGHWAY 270","type":null,"alt":null},"geometry":{"type":"LineString","coordinates":[[-95.5368665173828,34.8483644128312],[-95.5366711553681,34.8482680031092],[-95.5365586970743,34.848198586565],[-95.5364913566656,34.8481496617258],[-95.5364235212853,34.8480940274161],[-95.5363588470764,34.8480317079505],[-95.5361756599287,34.8478209200235],[-95.5361058105255,34.847753043899],[-95.5360213275663,34.8476912933119],[-95.5359221948814,34.8476371110243],[-95.5358090574613,34.847591260816],[-95.5356836194099,34.8475553623845],[-95.5355466820246,34.8475319576957],[-95.5354009941502,34.8475229465901],[-95.5352870293817,34.8475259854331]]}},{"type":"Feature","properties":{"name":"EAST STATE HIGHWAY 31","type":null,"alt":null},"geometry":{"type":"LineString","coordinates":[[-95.595844194636,35.0146934496349],[-95.5956032772566,35.0152522247051],[-95.5950890779947,35.0165140565094],[-95.5947965811483,35.0172831461247],[-95.5944346885479,35.0183065738588],[-95.5941787423538,35.0190665520742],[-95.5938436761427,35.0200976629588],[-95.5936150791574,35.0208850362922],[-95.5933930039411,35.0216828204858],[-95.5932199192471,35.0223328567237]]}},{"type":"Feature","properties":{"name":"EAST STATE HIGHWAY 31","type":null,"alt":null},"geometry":{"type":"LineString","coordinates":[[-95.5932199192471,35.0223328567237],[-95.5928989350264,35.0235598678703],[-95.5927360794485,35.0240959982076],[-95.5925532372539,35.0246276987118],[-95.5924526250438,35.0248906481701],[-95.5922560413203,35.0253589168902]]}},{"type":"Feature","properties":{"name":"EAST UNITED STATES HIGHWAY 270","type":null,"alt":null},"geometry":{"type":"LineString","coordinates":[[-95.5403027215666,34.8405939607066],[-95.5402378479317,34.8406173194448],[-95.540185887579,34.8406556856528],[-95.5401489093287,34.8407058240969],[-95.5401217469694,34.8407648482809],[-95.5399348785257,34.8412140274525],[-95.5398496346935,34.8414352810334],[-95.5393779769485,34.8425485934788],[-95.538711607569,34.8440946178413],[-95.5383101998759,34.8450393987503],[-95.5373598703402,34.8472166082249],[-95.5368665173828,34.8483644128312]]}},{"type":"Feature","properties":{"name":"EAST UNITED STATES HIGHWAY 270","type":null,"alt":null},"geometry":{"type":"LineString","coordinates":[[-95.5368665173828,34.8483644128312],[-95.5353943376339,34.8517809950252],[-95.5349069126591,34.8528839487652],[-95.534599287285,34.8535361387918],[-95.5343804945127,34.8539690689053],[-95.5341546841014,34.8544006904865],[-95.5338661281642,34.8549238428983]]}},{"type":"Feature","properties":{"name":"HIGHWAY 270","type":null,"alt":null},"geometry":{"type":"LineString","coordinates":[[-95.5196045932911,34.8548981919695],[-95.5194453291777,34.8556584849953],[-95.519268846157,34.8565445640741]]}},{"type":"Feature","properties":{"name":"EAST STATE HIGHWAY 31","type":null,"alt":null},"geometry":{"type":"LineString","coordinates":[[-95.6762083126916,34.9347722079311],[-95.6760760438509,34.9349654856718],[-95.6758252485966,34.935360515448],[-95.6752161216637,34.9363713928459],[-95.6747110061659,34.93718908442],[-95.6745759372765,34.9373908547458],[-95.6744319301499,34.9375893106961],[-95.6743547900198,34.9376869426762]]}},{"type":"Feature","properties":{"name":"EAST STATE HIGHWAY 31","type":null,"alt":null},"geometry":{"type":"LineString","coordinates":[[-95.5917906142901,35.0263254022061],[-95.5916037754908,35.0266611075811],[-95.5914615012144,35.0269023785545],[-95.5911651227476,35.027377295969],[-95.5908535205318,35.027845210595],[-95.5905203632407,35.0283051537647],[-95.5901644992341,35.0287568070986],[-95.5899789504156,35.0289828310728],[-95.5897851164351,35.0292092200122],[-95.5895864010094,35.0294316022906],[-95.5893835632149,35.0296497006231],[-95.5891766830016,35.029862177009],[-95.5887574132074,35.0302762775188],[-95.5883252840298,35.0306755164636],[-95.5878788141471,35.0310638374912],[-95.5874148684389,35.0314356408326],[-95.5869388493732,35.0317941330663],[-95.5864513983472,35.0321396306614],[-95.5862032567162,35.0323071310147],[-95.5859502731659,35.0324696755256],[-95.5854330205304,35.0327815962854],[-95.5847437881287,35.0331738160637]]}},{"type":"Feature","properties":{"name":"EAST STATE HIGHWAY 31","type":null,"alt":null},"geometry":{"type":"LineString","coordinates":[[-95.6874004183249,34.9289096617693],[-95.6866227072576,34.9290772408472],[-95.6859757621495,34.9292219065606]]}},{"type":"Feature","properties":{"name":"OLD UNITED STATES HIGHWAY 270 WEST","type":null,"alt":null},"geometry":{"type":"LineString","coordinates":[[-95.6018620186058,34.8765221992352],[-95.601612196227,34.8760424811916],[-95.6014281502899,34.8756696524781],[-95.6012618326049,34.8753525212643],[-95.6010226157363,34.8748791270553],[-95.6008140709448,34.8745004045667],[-95.6008180441933,34.874493936061]]}},{"type":"Feature","properties":{"name":"STATE HIGHWAY 63","type":null,"alt":null},"geometry":{"type":"LineString","coordinates":[[-95.6017226952952,34.8465391488032],[-95.6014819072731,34.8467385320795],[-95.6011138800776,34.847021465916],[-95.6009989999258,34.8471241383843]]}},{"type":"Feature","properties":{"name":"EAST UNITED STATES HIGHWAY 270","type":null,"alt":null},"geometry":{"type":"LineString","coordinates":[[-95.6165285804843,34.8892625796862],[-95.6162453057426,34.889109237846],[-95.6160059954492,34.8889717439745],[-95.6157693792034,34.8888275864918],[-95.6153060335697,34.8885218846071],[-95.6150792242318,34.8883618764921],[-95.6148566684168,34.8881992816841],[-95.6146397836662,34.8880309294493],[-95.6144294754818,34.8878576192496],[-95.6134189534322,34.8870003259807]]}},{"type":"Feature","properties":{"name":"EAST UNITED STATES HIGHWAY 270","type":null,"alt":null},"geometry":{"type":"LineString","coordinates":[[-95.5983691235411,34.8744714941675],[-95.5982992543749,34.8743575659594],[-95.5981924518741,34.8741554520199],[-95.5981013384498,34.8739485162043],[-95.5980254335033,34.8737381101168],[-95.5979628945898,34.8735246331806],[-95.5979140954087,34.8733081789701],[-95.5978791446559,34.8730896399642],[-95.5978551308917,34.8728691289071],[-95.5978413381588,34.8726474211072],[-95.5978375481666,34.872491372949]]}},{"type":"Feature","properties":{"name":"HIGHWAY 270","type":null,"alt":null},"geometry":{"type":"LineString","coordinates":[[-95.5311166680488,34.8481479970836],[-95.5271251397294,34.8487522651818]]}},{"type":"Feature","properties":{"name":"EAST UNITED STATES HIGHWAY 270","type":null,"alt":null},"geometry":{"type":"LineString","coordinates":[[-95.6748189279676,34.8968158267459],[-95.6741420141633,34.8966575109696],[-95.6737631326242,34.8965581576697],[-95.6721918201905,34.8961018037788],[-95.6720751380182,34.8960712107815],[-95.6716348799857,34.8959393893295],[-95.6688746625448,34.8951355563063],[-95.6683290545873,34.8949808048772],[-95.6680561535905,34.8949101560433],[-95.6677816850336,34.8948473968161],[-95.6675061429898,34.8947936559938],[-95.6672292732361,34.8947495399822],[-95.6669504298837,34.8947125134599],[-95.6666696838996,34.8946836219594],[-95.6663882722638,34.8946631521055],[-95.6661066198795,34.8946509646489],[-95.6658246692545,34.8946468496044],[-95.6610824817342,34.894656534879],[-95.6605237332208,34.8946685735006],[-95.660245276144,34.8946772950348],[-95.6601203788784,34.8946858618394],[-95.6596900103989,34.8946983697999],[-95.6569549179381,34.8948208793372],[-95.6555895272153,34.8948751609536],[-95.6554590621917,34.8948852742826],[-95.6542509835431,34.8949252457187],[-95.6539840123255,34.8949288280425],[-95.6537163799478,34.8949256760101],[-95.6534482759546,34.8949143174931],[-95.6531808510878,34.8948926592371],[-95.6529147530326,34.8948598288615],[-95.6526920436057,34.8948254909772],[-95.6523945862623,34.8947646363183],[-95.6521432565105,34.8947054158421],[-95.6517262630472,34.8945931182293],[-95.6511770842864,34.894439941804],[-95.6509334521982,34.8943818697733],[-95.6506857830811,34.8943309528232],[-95.6504338415765,34.8942863900586],[-95.6501781954197,34.8942491577585],[-95.6499195821275,34.8942204370342],[-95.6496585999779,34.8942004960924],[-95.6494275964059,34.8941913766318]]}},{"type":"Feature","properties":{"name":"EAST STATE HIGHWAY 31","type":null,"alt":null},"geometry":{"type":"LineString","coordinates":[[-95.6577719662318,34.955305906387],[-95.6574623340213,34.9555554961676],[-95.6572222098543,34.955739451061],[-95.6567452475576,34.9560884673984],[-95.6564871256438,34.9562698236061],[-95.6559827844939,34.9566035134446],[-95.6557257055242,34.9567643250597],[-95.6554659513716,34.9569213498565],[-95.6549394541734,34.9572226284435],[-95.6544051587003,34.9575093895056],[-95.654134190878,34.9576472280011],[-95.6535846815373,34.9579107129805],[-95.6533059513726,34.9580344968316],[-95.6527442752496,34.9582710418462],[-95.6524610166776,34.9583827759995],[-95.6518888275708,34.9585939186411],[-95.651313344342,34.9587954964121],[-95.651021720658,34.9588901081733],[-95.6504337310837,34.9590660866861],[-95.6495434781793,34.9592959541288],[-95.6492461457017,34.9593651288446],[-95.6489474316152,34.9594284277187],[-95.6483472950217,34.9595434011365]]}},{"type":"Feature","properties":{"name":"HIGHWAY 270","type":null,"alt":null},"geometry":{"type":"LineString","coordinates":[[-95.5271251397294,34.8487522651818],[-95.5221256172196,34.8495099426238],[-95.5218165123202,34.8495588150497],[-95.5216697150264,34.849587563175],[-95.521530563294,34.8496233280229],[-95.5214002303226,34.8496658493502],[-95.5212784870421,34.8497150895492],[-95.5211636553993,34.8497677090678],[-95.5210597355923,34.8498279858988],[-95.520965553523,34.849891939123],[-95.5208071383175,34.850027721699],[-95.5207404770352,34.8500986671322],[-95.5206804866423,34.8501746851889],[-95.5206274671759,34.8502547415622]]}},{"type":"Feature","properties":{"name":"EAST STATE HIGHWAY 31","type":null,"alt":null},"geometry":{"type":"LineString","coordinates":[[-95.6743547900198,34.9376869426762],[-95.674121222656,34.9379721873123],[-95.673740081854,34.9384016047595],[-95.6733418811465,34.9388233650127],[-95.6729726034961,34.9392200839269],[-95.6719696865837,34.9402809627517],[-95.6711305271577,34.9411856878034],[-95.6704048887324,34.9419584432375]]}},{"type":"Feature","properties":{"name":"HIGHWAY 270","type":null,"alt":null},"geometry":{"type":"LineString","coordinates":[[-95.5352870293817,34.8475259854331],[-95.5349397164383,34.8475656606813],[-95.5332326362258,34.8478249209312],[-95.532169448646,34.8479875720014],[-95.5311166680488,34.8481479970836]]}},{"type":"Feature","properties":{"name":"EAST UNITED STATES HIGHWAY 270","type":null,"alt":null},"geometry":{"type":"LineString","coordinates":[[-95.6483254336209,34.8941900385901],[-95.6472314904208,34.8941889915872]]}},{"type":"Feature","properties":{"name":"HIGHWAY 270","type":null,"alt":null},"geometry":{"type":"LineString","coordinates":[[-95.5200695316378,34.852587304372],[-95.5197093853622,34.8543559468446],[-95.5196045932911,34.8548981919695]]}},{"type":"Feature","properties":{"name":"EAST UNITED STATES HIGHWAY 270","type":null,"alt":null},"geometry":{"type":"LineString","coordinates":[[-95.6056762742853,34.8812702977117],[-95.6050762032688,34.8807934917115],[-95.6047425923285,34.8805052089642]]}},{"type":"Feature","properties":{"name":"STATE HIGHWAY 63","type":null,"alt":null},"geometry":{"type":"LineString","coordinates":[[-95.6543794102893,34.8143757530814],[-95.6536390376968,34.8149312308255],[-95.6521986879534,34.8159901970222],[-95.6511813566739,34.8167822795167],[-95.6496570512823,34.8179528632646],[-95.6481197041495,34.8191446572561],[-95.6461111753788,34.8206864219756],[-95.6456327551164,34.8210763671224],[-95.6451905603161,34.82148042612],[-95.6442871740422,34.8221911023462],[-95.6428903009619,34.8232717460066],[-95.6414598829923,34.8243898016759],[-95.6405088051599,34.8251103372603],[-95.6400397103084,34.8254599583571],[-95.6395624578559,34.825788897027],[-95.6390942164039,34.8261235832867],[-95.6386233940921,34.8264836794709],[-95.6381637531107,34.8268461227333],[-95.6377065142244,34.8271973683442],[-95.6372365956178,34.8275495194643],[-95.6367777792898,34.8279158065319],[-95.635961667939,34.8286276151737],[-95.6334548553583,34.8305977891349],[-95.6321559848822,34.831604614484],[-95.6317084540891,34.8319348315346],[-95.6307947488676,34.8326341190037],[-95.6303394476473,34.8330350339934],[-95.6299059512339,34.8333531778002],[-95.6294750060359,34.8336768718817],[-95.6286061698662,34.8343451724507],[-95.6281761391531,34.8346365051738],[-95.6277251130153,34.8349290984517],[-95.6247336099314,34.8368260560875],[-95.6239371932449,34.8373517452646],[-95.6235275210512,34.8376075339722],[-95.6226885960855,34.8381452606344],[-95.6218317362551,34.838658574575],[-95.6214285427112,34.8389097916329],[-95.6210485463628,34.8391658173338],[-95.6206809503587,34.839440854939],[-95.6202889192805,34.8397769190117]]}},{"type":"Feature","properties":{"name":"HIGHWAY 270","type":null,"alt":null},"geometry":{"type":"LineString","coordinates":[[-95.5206274671759,34.8502547415622],[-95.5205801017059,34.8503394444303],[-95.5205384396397,34.8504284959504],[-95.5205036209392,34.8505219904698],[-95.5204746332033,34.8506188155421],[-95.5204261547207,34.850822699098],[-95.5202634150255,34.8516170156672]]}},{"type":"Feature","properties":{"name":"OLD UNITED STATES HIGHWAY 270 WEST","type":null,"alt":null},"geometry":{"type":"LineString","coordinates":[[-95.5978375481666,34.872491372949],[-95.5976044587066,34.8724217181571],[-95.5973611374355,34.8723588651056],[-95.5970945560867,34.872310850094],[-95.5969978614295,34.8723002011332],[-95.5968986874222,34.8722922289675],[-95.5966976956656,34.8722869505488],[-95.595998203605,34.8722984654903],[-95.5955979403655,34.8722998127324]]}},{"type":"Feature","properties":{"name":"STATE HIGHWAY 63","type":null,"alt":null},"geometry":{"type":"LineString","coordinates":[[-95.5964917389204,34.8501019380988],[-95.5960979597206,34.8501918442925],[-95.5955654429118,34.8503191861673],[-95.5950231955518,34.8504711672503],[-95.594483626968,34.8506349277326],[-95.5911176845141,34.8510725557659],[-95.5905368464278,34.8511257000351],[-95.5893851253852,34.8512511996962],[-95.5888261397165,34.8512775661009],[-95.5883314797104,34.8513111908846]]}},{"type":"Feature","properties":{"name":"EAST UNITED STATES HIGHWAY 270","type":null,"alt":null},"geometry":{"type":"LineString","coordinates":[[-95.5820804917204,34.8552061573906],[-95.581847321412,34.8552004731761],[-95.5816446444159,34.8551973181458],[-95.5814450073187,34.8551944963101],[-95.581337324469,34.8551900092374]]}},{"type":"Feature","properties":{"name":"EAST UNITED STATES HIGHWAY 270","type":null,"alt":null},"geometry":{"type":"LineString","coordinates":[[-95.5807516741077,34.8551802699224],[-95.5806542266623,34.8551765671838],[-95.5804565784352,34.8551716636164],[-95.5802589562592,34.8551672156118],[-95.5800613870838,34.8551630197145],[-95.5798641395053,34.8551589380764],[-95.5796666916025,34.8551547215384],[-95.5794687226768,34.8551503605173],[-95.5793046094576,34.8551465619469]]}},{"type":"Feature","properties":{"name":"STATE HIGHWAY 1","type":null,"alt":null},"geometry":{"type":"LineString","coordinates":[[-95.5403027215666,34.8405939607066],[-95.5390370420436,34.8404187028655],[-95.5383687511678,34.8403192786416],[-95.5376672154399,34.8402286516511],[-95.5371922914206,34.8401742174579],[-95.5362254194089,34.8400775939115],[-95.5345814072176,34.8399306757971],[-95.532531542469,34.8397474567068],[-95.5320321240868,34.8396974452312],[-95.5316908945346,34.8396524480747],[-95.5315354015488,34.8396319438731],[-95.5312877944155,34.839592177062],[-95.5307930733239,34.8394994818896],[-95.5303443351951,34.8394031804876]]}},{"type":"Feature","properties":{"name":"OLD UNITED STATES HIGHWAY 270 WEST","type":null,"alt":null},"geometry":{"type":"LineString","coordinates":[[-95.6047425923285,34.8805052089642],[-95.6048422424429,34.8804100565334],[-95.6048874878889,34.8803820494792]]}},{"type":"Feature","properties":{"name":"EAST UNITED STATES HIGHWAY 270","type":null,"alt":null},"geometry":{"type":"LineString","coordinates":[[-95.7024166611058,34.9033794193626],[-95.701245140296,34.9028676991411]]}},{"type":"Feature","properties":{"name":"EAST UNITED STATES HIGHWAY 270","type":null,"alt":null},"geometry":{"type":"LineString","coordinates":[[-95.5338661281642,34.8549238428983],[-95.5335470241174,34.8554691080868],[-95.5332886910995,34.8558894854149],[-95.5328883515033,34.8565183489977],[-95.5326085011394,34.8569360643078],[-95.5323200053893,34.8573519132766],[-95.5320203301055,34.8577644179794],[-95.5317122519805,34.8581760847082],[-95.5312306435971,34.8587956629466],[-95.5308973641351,34.8592057809838],[-95.5305546685323,34.8596057277089],[-95.53020647524,34.8599993178332],[-95.5298487041101,34.8603860435789],[-95.5295532553997,34.860700205956],[-95.5293031823909,34.8609594985291],[-95.52893044443,34.861338567909],[-95.5285480073591,34.8617107259829],[-95.5281575519259,34.8620747809621],[-95.5277655370174,34.862429737143],[-95.5273708406377,34.862776489469],[-95.5269721144157,34.8631174851686],[-95.5267536603083,34.8632983938009],[-95.5261534653242,34.8637830074415],[-95.5257337293044,34.8641082152071],[-95.5250913718925,34.8645863017215],[-95.5246571083178,34.8648978292463],[-95.524215453405,34.8652048749609],[-95.5201380057203,34.8679746957171],[-95.5184368813381,34.8691185837811]]}},{"type":"Feature","properties":{"name":"EAST UNITED STATES HIGHWAY 270","type":null,"alt":null},"geometry":{"type":"LineString","coordinates":[[-95.5793046094576,34.8551465619469],[-95.5792701132523,34.8551457643429],[-95.5790711175523,34.8551392478739],[-95.5788715613035,34.855131403047],[-95.5788344276446,34.8551303776613]]}},{"type":"Feature","properties":{"name":"EAST UNITED STATES HIGHWAY 270","type":null,"alt":null},"geometry":{"type":"LineString","coordinates":[[-95.6047425923285,34.8805052089642],[-95.604459671523,34.8803163616431],[-95.6037340286062,34.8796598031723],[-95.603350043738,34.879315265802],[-95.602409252514,34.878441988919]]}},{"type":"Feature","properties":{"name":"EAST UNITED STATES HIGHWAY 270","type":null,"alt":null},"geometry":{"type":"LineString","coordinates":[[-95.701245140296,34.9028676991411],[-95.7010174299479,34.9027716782162],[-95.7007892327129,34.9026762310924],[-95.7005608683913,34.9025816738297],[-95.7003329074132,34.9024886974865],[-95.700150092168,34.9024146698207]]}},{"type":"Feature","properties":{"name":"EAST UNITED STATES HIGHWAY 270","type":null,"alt":null},"geometry":{"type":"LineString","coordinates":[[-95.6953390362049,34.9008518940568],[-95.6951745340151,34.9008068552071],[-95.6949191402849,34.900738817263],[-95.6946619768735,34.9006727110183],[-95.6944032872245,34.9006091914479],[-95.6941432896285,34.9005468027398],[-95.693883709749,34.9004855839442],[-95.6936238684599,34.9004257818754],[-95.6933638151682,34.90036647265],[-95.6931320722828,34.9003132371668]]}},{"type":"Feature","properties":{"name":"EAST UNITED STATES HIGHWAY 270","type":null,"alt":null},"geometry":{"type":"LineString","coordinates":[[-95.600391878931,34.8765687186959],[-95.6003349562847,34.8765172033459],[-95.6001431515985,34.8763389812988],[-95.5999527464875,34.8761618370506],[-95.5997638370714,34.8759857927173]]}},{"type":"Feature","properties":{"name":"EAST UNITED STATES HIGHWAY 270","type":null,"alt":null},"geometry":{"type":"LineString","coordinates":[[-95.6963302804085,34.9011294498805],[-95.6961759246899,34.9010815106169],[-95.6959277965336,34.9010133874378],[-95.6956784951777,34.9009454631239],[-95.6954276612959,34.9008761588263],[-95.6953390362049,34.9008518940568]]}},{"type":"Feature","properties":{"name":"EAST UNITED STATES HIGHWAY 270","type":null,"alt":null},"geometry":{"type":"LineString","coordinates":[[-95.6906890508671,34.8997847933524],[-95.6904521570418,34.8997287592876],[-95.6901912737069,34.8996722359773],[-95.6899162374147,34.8996037329354],[-95.6896470222055,34.8995417958336],[-95.6893764155059,34.8994816718504],[-95.6891052195115,34.8994210136722],[-95.6888337962434,34.8993596039532],[-95.6885636719391,34.8992967928683],[-95.6882943381523,34.8992355075692],[-95.6880252253511,34.8991771184373],[-95.6877573198856,34.8991189193486],[-95.6874906397222,34.8990609110404],[-95.6872240978993,34.8990058652188],[-95.6869580438616,34.8989517403158],[-95.6866916071415,34.8988998440908],[-95.686424416735,34.898851874792],[-95.6861563145385,34.8988080615603],[-95.6858872349749,34.898767577751],[-95.6856173091983,34.8987292998003],[-95.685346640515,34.8986931024609],[-95.6850748067168,34.8986586342976],[-95.6848012185088,34.8986241130726],[-95.6845260429777,34.8985881462952],[-95.6842497670104,34.8985504525178],[-95.6839735781796,34.8985112350862],[-95.6835780652314,34.8984550410105]]}},{"type":"Feature","properties":{"name":"EAST UNITED STATES HIGHWAY 270","type":null,"alt":null},"geometry":{"type":"LineString","coordinates":[[-95.6931320722828,34.9003132371668],[-95.6919168861637,34.9000783469822]]}},{"type":"Feature","properties":{"name":"EAST UNITED STATES HIGHWAY 270","type":null,"alt":null},"geometry":{"type":"LineString","coordinates":[[-95.6919168861637,34.9000783469822],[-95.6917727685444,34.9000440083323],[-95.6915080979122,34.899979000767],[-95.6912437048595,34.8999141353442],[-95.6909785212893,34.8998509283085],[-95.6906890508671,34.8997847933524]]}},{"type":"Feature","properties":{"name":"OLD UNITED STATES HIGHWAY 270 WEST","type":null,"alt":null},"geometry":{"type":"LineString","coordinates":[[-95.6008180441933,34.874493936061],[-95.6004888826086,34.8741246496539],[-95.6001973191118,34.87390640614],[-95.599854455524,34.8736997659678],[-95.5995071488689,34.8734888919903],[-95.5991502050874,34.8732687210216],[-95.5987986835369,34.8730535101876],[-95.5984725564612,34.8728535966673],[-95.5982061053681,34.872685227],[-95.5980364711032,34.8725779543827],[-95.5978375481666,34.872491372949]]}},{"type":"Feature","properties":{"name":"OLD UNITED STATES HIGHWAY 270 WEST","type":null,"alt":null},"geometry":{"type":"LineString","coordinates":[[-95.6027653680488,34.8782756256202],[-95.6021966437441,34.8771779654799],[-95.6020706101097,34.8769117111148],[-95.6019359122244,34.8766602467615],[-95.6018620186058,34.8765221992352]]}},{"type":"Feature","properties":{"name":"OLD SAVAGE HIGHWAY","type":"HIGHWAY","alt":null},"geometry":{"type":"LineString","coordinates":[[-95.5797586206971,34.817115458053],[-95.5809628886923,34.8168643094647],[-95.5817263794286,34.8166994500355],[-95.5832888955591,34.8163811120917],[-95.5841177477156,34.8161906248418],[-95.5848088522064,34.8160209474032],[-95.5870827558884,34.8154778930274],[-95.5878365645827,34.8152934313914],[-95.5886124754262,34.8150385911425],[-95.589265158074,34.8147758741441],[-95.5899519192103,34.8144136469647],[-95.591341425207,34.8136605960612],[-95.5920212720106,34.8132994260247],[-95.5927575851164,34.8128954876839],[-95.5933315951083,34.8125757130687],[-95.5939159033865,34.8121995964208],[-95.5945413625896,34.81184753161],[-95.5951996758776,34.8115004489067],[-95.5958613803057,34.8111448947046],[-95.5965399506034,34.8107906289509],[-95.5969032526605,34.8106048845372],[-95.5972035127475,34.8104513702301],[-95.5998307373056,34.8090676007076],[-95.6003372541752,34.8087164953742],[-95.6007198062305,34.8082693420768],[-95.6010840200776,34.8077925931275],[-95.6014290611816,34.8073606939774],[-95.6016437226019,34.8070084078692],[-95.6016743344918,34.8068682025653]]}},{"type":"Feature","properties":{"name":"STATE HIGHWAY 1","type":null,"alt":null},"geometry":{"type":"LineString","coordinates":[[-95.5303443351951,34.8394031804876],[-95.5300453417325,34.8393310350964],[-95.5295378654622,34.839193957868],[-95.5292816273156,34.8391179790673],[-95.529027215444,34.8390366901518],[-95.5287760599653,34.8389505659285],[-95.5282853130205,34.838765797056],[-95.5278062531576,34.8385704172046],[-95.5275729867295,34.8384663435054],[-95.5257413209668,34.8375876832592],[-95.5250359979417,34.8372409906657],[-95.523064648644,34.8362840907688],[-95.5220688023711,34.8358074250442],[-95.519724861538,34.8346685912909],[-95.5184153720769,34.8340430417379],[-95.5169978557114,34.8333515320298],[-95.5153741113095,34.8325686680651],[-95.5146505381111,34.8322254907262],[-95.5141774762993,34.8319728441672]]}},{"type":"Feature","properties":{"name":"EAST UNITED STATES HIGHWAY 270","type":null,"alt":null},"geometry":{"type":"LineString","coordinates":[[-95.6751852474657,34.8968862462749],[-95.6749755555255,34.8968448751681],[-95.6748189279676,34.8968158267459]]}},{"type":"Feature","properties":{"name":"EAST UNITED STATES HIGHWAY 270","type":null,"alt":null},"geometry":{"type":"LineString","coordinates":[[-95.5867444269962,34.8552926737247],[-95.5858705827188,34.8552749325945]]}},{"type":"Feature","properties":{"name":"EAST STATE HIGHWAY 31","type":null,"alt":null},"geometry":{"type":"LineString","coordinates":[[-95.6018133649517,35.00316358176],[-95.6012667490845,35.0041931131984],[-95.6012329823112,35.0042567114893]]}},{"type":"Feature","properties":{"name":"EAST STATE HIGHWAY 31","type":null,"alt":null},"geometry":{"type":"LineString","coordinates":[[-95.6012329823112,35.0042567114893],[-95.6007993161163,35.0050734711196],[-95.6007091764657,35.0051844563869],[-95.6005742369336,35.0054800926082],[-95.6004968183258,35.0056309418397],[-95.5997937913946,35.0069411497365]]}},{"type":"Feature","properties":{"name":"EAST UNITED STATES HIGHWAY 270","type":null,"alt":null},"geometry":{"type":"LineString","coordinates":[[-95.5997638370714,34.8759857927173],[-95.599576872508,34.8758106257406],[-95.5993924968892,34.8756357413884],[-95.5992092962667,34.8754624757983],[-95.5990300572147,34.8752892201607],[-95.5988589955268,34.8751131459536],[-95.5986994062233,34.8749325625272],[-95.5985533051238,34.8747462228795],[-95.5984199960339,34.8745544482958],[-95.5984101792445,34.8745384410202]]}},{"type":"Feature","properties":{"name":"EAST UNITED STATES HIGHWAY 270","type":null,"alt":null},"geometry":{"type":"LineString","coordinates":[[-95.6134189534322,34.8870003259807],[-95.6127536278951,34.8864358848491],[-95.6107409246532,34.8847292173976],[-95.6103264976767,34.8843898919667],[-95.6098970095461,34.8840591079928],[-95.6094509394137,34.8837431255515],[-95.6087661060619,34.8832843151154],[-95.608536228079,34.8831379428316],[-95.6073897370279,34.882424030906],[-95.6067915192358,34.8820253484348],[-95.6063066355949,34.8816967715963],[-95.6056762742853,34.8812702977117]]}},{"type":"Feature","properties":{"name":"EAST STATE HIGHWAY 31","type":null,"alt":null},"geometry":{"type":"LineString","coordinates":[[-95.6483472950217,34.9595434011365],[-95.647447997879,34.9596886558278],[-95.6453897761034,34.9599827903043],[-95.6442279750649,34.9601488040099]]}},{"type":"Feature","properties":{"name":"EAST STATE HIGHWAY 31","type":null,"alt":null},"geometry":{"type":"LineString","coordinates":[[-95.5997937913946,35.0069411497365],[-95.5995863443443,35.0073272929775],[-95.5994061701461,35.0076651247864]]}},{"type":"Feature","properties":{"name":"OLD UNITED STATES HIGHWAY 270 EAST","type":null,"alt":null},"geometry":{"type":"LineString","coordinates":[[-95.5447417555262,34.8415860222009],[-95.5437629125651,34.8418943964996],[-95.5400810919146,34.8453627394505],[-95.5399208764854,34.8455880942191],[-95.5397544366295,34.8459131004001],[-95.5397123586433,34.8461006790625]]}},{"type":"Feature","properties":{"name":"OLD UNITED STATES HIGHWAY 270 WEST","type":null,"alt":null},"geometry":{"type":"LineString","coordinates":[[-95.5872297283537,34.8713272131234],[-95.587133690365,34.8712922079902],[-95.5870329478992,34.8712483535301],[-95.586933435227,34.8711923058995],[-95.5868392073435,34.8711259510923],[-95.5867544423133,34.8710528805553],[-95.5866807112898,34.8709753200566],[-95.5866159202999,34.8708965478306],[-95.5865621255874,34.870815598382],[-95.5865194412384,34.8707354617838],[-95.5864847402173,34.8706563606179],[-95.5864387267118,34.8705008673416],[-95.5864022066022,34.8702686675501],[-95.5863568901894,34.8698309677009],[-95.5863442122658,34.8696469911917],[-95.5863418164589,34.8694650528925],[-95.5863536885937,34.8692862170886],[-95.58638357195,34.8691067684222],[-95.5864048054283,34.8690158348398],[-95.5866635992819,34.8681091858959],[-95.5867776466954,34.8676548541883],[-95.5869302623774,34.867141275945],[-95.5870623704197,34.8666642309999],[-95.5871831605877,34.8662337100701],[-95.5871932082442,34.8661798613514],[-95.5871957370017,34.8661262528785],[-95.5871876458759,34.8660736489824],[-95.5871648906515,34.8660240050841],[-95.587128929294,34.8659793119881],[-95.5870836613902,34.8659395166341],[-95.5870245747024,34.8659015322191],[-95.5868548820469,34.8658150189354],[-95.5867583553747,34.8657563082816],[-95.5866657911712,34.865685318123],[-95.5865806290856,34.8656055251559],[-95.5863439751106,34.8653477095683],[-95.5858928923789,34.8648111660184]]}},{"type":"Feature","properties":{"name":"STATE HIGHWAY 63","type":null,"alt":null},"geometry":{"type":"LineString","coordinates":[[-95.6143218644973,34.8434058747255],[-95.6127170970057,34.8439052246387],[-95.6117623800982,34.8442096039101],[-95.6113612167468,34.8443374983984],[-95.6107356165082,34.844506387619],[-95.6101672955471,34.8446432193428],[-95.6097192464261,34.8447077759811],[-95.6092581995812,34.8448005544955],[-95.6081823385694,34.8450070461054],[-95.6075756442743,34.8451721997989],[-95.6070008204088,34.8452765842467],[-95.6051815208544,34.8456339625001],[-95.6028850371193,34.8460614815758],[-95.6023730216619,34.8462007885685],[-95.6017226952952,34.8465391488032]]}},{"type":"Feature","properties":{"name":"EAST STATE HIGHWAY 31","type":null,"alt":null},"geometry":{"type":"LineString","coordinates":[[-95.6787970606094,34.9315874753419],[-95.678709782093,34.9316651133943],[-95.6785591247384,34.9318089084561],[-95.6782621246375,34.9321250616887],[-95.6780474200981,34.9323718424624],[-95.6778159143679,34.9326570768608],[-95.6771328084764,34.9335342947673],[-95.6766281618992,34.9341959570058],[-95.6763444083555,34.9345796080005],[-95.6762083126916,34.9347722079311]]}},{"type":"Feature","properties":{"name":"EAST STATE HIGHWAY 31","type":null,"alt":null},"geometry":{"type":"LineString","coordinates":[[-95.6313115801933,34.9620769895137],[-95.6310280611098,34.9621572011561],[-95.6307475693489,34.9622426176271],[-95.630470807393,34.9623336592782],[-95.6301968050616,34.9624286711252],[-95.6299245652249,34.9625269176969],[-95.6296543663605,34.9626301982367],[-95.6293866953553,34.9627387843803],[-95.6291215324463,34.9628533232182],[-95.62898763496,34.9629147251807],[-95.6285999966435,34.9631002169132],[-95.6283435446979,34.963233394774],[-95.6280904533497,34.9633718604427],[-95.6278406049198,34.9635162411222],[-95.6275939176613,34.9636667436486],[-95.6273508326471,34.9638236293327],[-95.627111161231,34.9639859307967],[-95.6266456425727,34.9643236175801]]}},{"type":"Feature","properties":{"name":"EAST STATE HIGHWAY 31","type":null,"alt":null},"geometry":{"type":"LineString","coordinates":[[-95.6237449295196,34.9673137864174],[-95.6234559441877,34.9676507895907],[-95.6222413455667,34.9690911586494],[-95.6213377724433,34.9701422366177],[-95.6207899699016,34.970788036717],[-95.62006140746,34.9716572978428],[-95.6195254510019,34.9723126332893],[-95.6190131337106,34.9729662572134],[-95.6186452170079,34.9734694248038],[-95.6183855437036,34.9738378256912],[-95.6178025766101,34.9747105883922],[-95.6176601693831,34.9749287980406],[-95.6173835331913,34.9753715929752],[-95.6171169689106,34.9758222276505],[-95.6168581552941,34.9762795448347],[-95.6167079956061,34.9765554558128],[-95.6164839773338,34.9769802128094],[-95.6162446526674,34.977453195708],[-95.616158932728,34.9776302347568],[-95.6160130804619,34.9779314600154],[-95.6157878584471,34.9784217949719],[-95.6149840701854,34.9802365463828],[-95.6127707947002,34.9853057077627]]}},{"type":"Feature","properties":{"name":"EAST UNITED STATES HIGHWAY 270","type":null,"alt":null},"geometry":{"type":"LineString","coordinates":[[-95.584796277589,34.8552481096968],[-95.5844651244393,34.8552475568297],[-95.5842355132561,34.8552425080468],[-95.5840097693201,34.8552375580426],[-95.5837848132066,34.8552325837118],[-95.5835597241425,34.8552289340508],[-95.5833379292006,34.8552257989248],[-95.5831183504024,34.8552228237615],[-95.5829005305056,34.8552192758276],[-95.5828225585356,34.8552177882459]]}},{"type":"Feature","properties":{"name":"EAST STATE HIGHWAY 31","type":null,"alt":null},"geometry":{"type":"LineString","coordinates":[[-95.6035965666048,35.0000577657371],[-95.60336197067,35.0004263965263],[-95.6029580836267,35.0010884966867],[-95.6028787516073,35.0012298108325],[-95.6023955783587,35.0020940879971]]}},{"type":"Feature","properties":{"name":"EAST UNITED STATES HIGHWAY 270","type":null,"alt":null},"geometry":{"type":"LineString","coordinates":[[-95.6462249766539,34.8941734353777],[-95.6461344624059,34.8941711453808],[-95.6458417382857,34.8941605441974],[-95.6455475660813,34.8941512294784],[-95.6452520598787,34.894141403414],[-95.6449544606015,34.8941250359702],[-95.6446614624952,34.8941223768313],[-95.6443695109262,34.8941187090026],[-95.6440785681652,34.8941171285501],[-95.6437859769957,34.8941172081253],[-95.6434916116535,34.8941170246602],[-95.6431954326128,34.8941164411084],[-95.6428975854005,34.8941122022534],[-95.6425981176275,34.8941024903895],[-95.6422980749327,34.8940881638961],[-95.6419974680959,34.8940721891605],[-95.6416956916526,34.8940566211399],[-95.6413932351847,34.8940405226143],[-95.6410905325783,34.8940235472833],[-95.6407872963727,34.8940089267896],[-95.6404839936918,34.8939961939973],[-95.6402611441277,34.893986219079]]}},{"type":"Feature","properties":{"name":"HIGHWAY 270","type":null,"alt":null},"geometry":{"type":"LineString","coordinates":[[-95.519268846157,34.8565445640741],[-95.5192063386846,34.856871544537],[-95.5191676653133,34.8570350357554],[-95.5190417736128,34.8576704901464],[-95.5184808709393,34.8604014572877],[-95.5184059119187,34.8608337195721],[-95.5183785923543,34.8611185604755],[-95.5183716950895,34.8612598734295],[-95.5183689606178,34.8615475956542],[-95.5183838043796,34.8636255936018],[-95.5183820355967,34.863921142695]]}},{"type":"Feature","properties":{"name":"EAST UNITED STATES HIGHWAY 270","type":null,"alt":null},"geometry":{"type":"LineString","coordinates":[[-95.5709634520072,34.8536830370417],[-95.5709312024885,34.8536646593864],[-95.5707475464202,34.8535553568512],[-95.5705662133953,34.8534426189476],[-95.5703872411429,34.8533257453469],[-95.570210882988,34.8532058764403],[-95.5700383013506,34.8530835083339],[-95.5698678936362,34.8529601028379],[-95.5696986860709,34.8528366934709],[-95.5696206467272,34.8527837154347]]}},{"type":"Feature","properties":{"name":"EAST UNITED STATES HIGHWAY 270","type":null,"alt":null},"geometry":{"type":"LineString","coordinates":[[-95.5696206467272,34.8527837154347],[-95.5695289592795,34.8527137033736],[-95.5693582569176,34.852590432964],[-95.5691873425533,34.8524665556697],[-95.5690166815139,34.8523414183444],[-95.5688465944981,34.8522150600532],[-95.5686774264587,34.8520852861921],[-95.5685114079127,34.851950949684],[-95.5683490841375,34.8518116848618],[-95.5681435460072,34.8516333812551]]}},{"type":"Feature","properties":{"name":"OLD SAVAGE HIGHWAY","type":"HIGHWAY","alt":null},"geometry":{"type":"LineString","coordinates":[[-95.5667813973043,34.8233459459716],[-95.5668040429343,34.8232841969863],[-95.5670731081248,34.8228641685909],[-95.5674049781301,34.8224373136909],[-95.567567349516,34.8220743620951],[-95.5683544201303,34.8211719082506],[-95.5687380375876,34.8208124459239],[-95.568930640876,34.8207082472712]]}},{"type":"Feature","properties":{"name":"EAST UNITED STATES HIGHWAY 270","type":null,"alt":null},"geometry":{"type":"LineString","coordinates":[[-95.602409252514,34.878441988919],[-95.600391878931,34.8765687186959]]}},{"type":"Feature","properties":{"name":"EAST UNITED STATES HIGHWAY 270","type":null,"alt":null},"geometry":{"type":"LineString","coordinates":[[-95.5855800379115,34.8552690287124],[-95.5854408143138,34.855266300498],[-95.5851889105384,34.8552613438608],[-95.584796277589,34.8552481096968]]}},{"type":"Feature","properties":{"name":"EAST UNITED STATES HIGHWAY 270","type":null,"alt":null},"geometry":{"type":"LineString","coordinates":[[-95.5828225585356,34.8552177882459],[-95.5827091013152,34.8552156217431]]}},{"type":"Feature","properties":{"name":"EAST UNITED STATES HIGHWAY 270","type":null,"alt":null},"geometry":{"type":"LineString","coordinates":[[-95.5827091013152,34.8552156217431],[-95.5826844335775,34.8552155406559],[-95.5824708034231,34.8552115850742],[-95.5822605212898,34.8552076766702],[-95.5820804917204,34.8552061573906]]}},{"type":"Feature","properties":{"name":"EAST UNITED STATES HIGHWAY 270","type":null,"alt":null},"geometry":{"type":"LineString","coordinates":[[-95.581337324469,34.8551900092374],[-95.581049336267,34.8551865188003],[-95.5808518614147,34.8551816565143],[-95.5807516741077,34.8551802699224]]}},{"type":"Feature","properties":{"name":"EAST STATE HIGHWAY 31","type":null,"alt":null},"geometry":{"type":"LineString","coordinates":[[-95.6442279750649,34.9601488040099],[-95.64359398007,34.9602394393884],[-95.6429431623248,34.960330276389],[-95.6414462456679,34.9605329313838],[-95.6399172232228,34.9607546522349],[-95.6383725664985,34.9609623617186],[-95.6351448639871,34.9614143573921],[-95.6330915110804,34.9617059082348],[-95.6324840783701,34.9618047829156],[-95.6321844444088,34.9618633800071],[-95.6318892849559,34.9619299876385],[-95.6313115801933,34.9620769895137]]}},{"type":"Feature","properties":{"name":"OLD UNITED STATES HIGHWAY 270 WEST","type":null,"alt":null},"geometry":{"type":"LineString","coordinates":[[-95.5955979403655,34.8722998127324],[-95.5941259528561,34.8723191752825],[-95.5929699657142,34.8723209529341],[-95.5922114776956,34.8723304344794],[-95.5920661904698,34.872332251192],[-95.5909986900783,34.8723371176231],[-95.5906505893125,34.8723302369626],[-95.5904311147189,34.8723097622772],[-95.5902138436927,34.8722725598176],[-95.589996930196,34.8722192228494],[-95.5892606188868,34.8719877560728],[-95.5887669793669,34.8718216980995],[-95.5881982469773,34.8716475105795],[-95.5879107914763,34.8715485906179],[-95.5872335704482,34.8713286127093],[-95.5872297283537,34.8713272131234]]}},{"type":"Feature","properties":{"name":"HIGHWAY 270","type":null,"alt":null},"geometry":{"type":"LineString","coordinates":[[-95.5202634150255,34.8516170156672],[-95.520083738494,34.8525122439304],[-95.5200695316378,34.852587304372]]}},{"type":"Feature","properties":{"name":"EAST UNITED STATES HIGHWAY 270","type":null,"alt":null},"geometry":{"type":"LineString","coordinates":[[-95.5672207480384,34.8503839882638],[-95.5671892198668,34.8503267586889],[-95.5671000135659,34.850146832969],[-95.5670167577053,34.8499670793613],[-95.5669342079206,34.8497898421791],[-95.5668465907394,34.8496169401276],[-95.5667497667248,34.8494489674237],[-95.5666445793949,34.8492866568841],[-95.5665323474766,34.8491297888532],[-95.5664129793416,34.8489783773694],[-95.566288848339,34.8488313409703],[-95.5661594891415,34.8486891080013],[-95.5660248721046,34.8485521311379],[-95.5658847600731,34.8484215302395],[-95.565739819597,34.8482974793202],[-95.5655918365269,34.8481799120597],[-95.5655221766682,34.8481298791678],[-95.5654397185117,34.8480685151671],[-95.5652830900554,34.8479620729893],[-95.5651229015756,34.8478602346278],[-95.5649607377005,34.8477634984624],[-95.5648705064218,34.8477131748513]]}},{"type":"Feature","properties":{"name":"EAST STATE HIGHWAY 31","type":null,"alt":null},"geometry":{"type":"LineString","coordinates":[[-95.5994061701461,35.0076651247864],[-95.599105428562,35.0082276128078]]}},{"type":"Feature","properties":{"name":"EAST STATE HIGHWAY 31","type":null,"alt":null},"geometry":{"type":"LineString","coordinates":[[-95.7011911003435,34.9276212543425],[-95.7011379290618,34.927619902852],[-95.7008154284849,34.9276205001593],[-95.7005637663564,34.9276210680062],[-95.7002753550479,34.9276221985447],[-95.6999871063345,34.9276229843977],[-95.6996987309586,34.9276234506067],[-95.6994117767175,34.9276232141879],[-95.6991273296744,34.927622704525],[-95.69884402439,34.9276224577952],[-95.6985615284876,34.9276223753063],[-95.6982792697405,34.9276227214647],[-95.6979959734392,34.9276239131332],[-95.6977126070694,34.9276244905547],[-95.6974286415232,34.9276245450562],[-95.6971423304759,34.927624413958],[-95.6968542587306,34.9276249604462],[-95.6965661124251,34.9276260416386],[-95.6962786551274,34.9276269828946],[-95.6959923162323,34.927628170144],[-95.6957067867193,34.9276282570518],[-95.6954205951478,34.9276265660316],[-95.6951329941197,34.9276258295246],[-95.6948437653443,34.9276276118716],[-95.6945542796507,34.9276317539872],[-95.6942659141564,34.9276353753921],[-95.6939799426722,34.9276419472436],[-95.6936974629395,34.9276540370038],[-95.693411407912,34.9276520572734]]}},{"type":"Feature","properties":{"name":"EAST UNITED STATES HIGHWAY 270","type":null,"alt":null},"geometry":{"type":"LineString","coordinates":[[-95.5735111046957,34.8547184465305],[-95.5735034735073,34.8547180838473],[-95.5732966741424,34.8546606265555],[-95.5730904074785,34.8545994959454],[-95.5728847687369,34.8545349949826],[-95.5726799824965,34.8544668339542],[-95.5724770512772,34.8543944231198],[-95.5722765482041,34.8543168963001],[-95.5720777249806,34.8542362349808],[-95.5718803040272,34.8541525453045],[-95.571685710072,34.8540637934188],[-95.571494011387,34.8539699041163],[-95.571304421048,34.8538722271349],[-95.5711169776825,34.8537705147722],[-95.5709634520072,34.8536830370417]]}},{"type":"Feature","properties":{"name":"OLD SAVAGE HIGHWAY","type":"HIGHWAY","alt":null},"geometry":{"type":"LineString","coordinates":[[-95.5696107149535,34.8204269449853],[-95.5708991452093,34.8198939470713]]}},{"type":"Feature","properties":{"name":"OLD SAVAGE HIGHWAY","type":"HIGHWAY","alt":null},"geometry":{"type":"LineString","coordinates":[[-95.5708991452093,34.8198939470713],[-95.5736756931237,34.8188025279882],[-95.5743922064623,34.8185328463842],[-95.5751336202023,34.8183060399304],[-95.5758740350157,34.8180921617722],[-95.5773389195461,34.8176768157926],[-95.5780579014551,34.8174791372804],[-95.5786010120961,34.8173384010947],[-95.5797586206971,34.817115458053]]}},{"type":"Feature","properties":{"name":"EAST UNITED STATES HIGHWAY 270","type":null,"alt":null},"geometry":{"type":"LineString","coordinates":[[-95.7065891954634,34.9054065349453],[-95.7062026054809,34.9051753281368],[-95.7057581334513,34.9049287263709],[-95.7053084071757,34.9046870288993],[-95.7048585129151,34.9044578887606],[-95.7046324958913,34.9043491451381],[-95.7044421428826,34.9042638591719],[-95.7041775548954,34.9041453103162],[-95.7036076385263,34.9038974331417]]}},{"type":"Feature","properties":{"name":"OLD UNITED STATES HIGHWAY 270 WEST","type":null,"alt":null},"geometry":{"type":"LineString","coordinates":[[-95.6048874878889,34.8803820494792],[-95.6047560922106,34.8802924327371],[-95.6045402405225,34.8801406622488],[-95.6044002874928,34.8800204845901],[-95.6033732517134,34.8790750626532],[-95.6032050107354,34.8789085141888],[-95.6030482672947,34.8787333416491],[-95.6029262913505,34.8785611268422],[-95.6027653680488,34.8782756256202]]}},{"type":"Feature","properties":{"name":"EAST UNITED STATES HIGHWAY 270","type":null,"alt":null},"geometry":{"type":"LineString","coordinates":[[-95.6835780652314,34.8984550410105],[-95.6834249276283,34.8984303216759],[-95.6831515936435,34.898386797033],[-95.6828791462959,34.8983417944068],[-95.6826076996716,34.8982946028115],[-95.682337426247,34.898245178037],[-95.6820678606949,34.8981949567832],[-95.6817986481806,34.8981433717344],[-95.681529836315,34.8980916798213],[-95.6812610513989,34.8980401543863],[-95.6809922053973,34.8979887674323],[-95.6807234276676,34.8979375403259],[-95.6804542942051,34.8978860435284],[-95.6801847556024,34.8978344103952],[-95.6799148361141,34.8977819240444],[-95.6796446174867,34.8977294538691],[-95.6793736433762,34.8976781087169],[-95.6792083704319,34.897649278675],[-95.6788298302527,34.8975764829585],[-95.6785574421939,34.8975246470171],[-95.6782849553205,34.8974728626174],[-95.6780122753092,34.89742067001],[-95.67773949289,34.8973686136735],[-95.6774664993668,34.8973170656815],[-95.6771924323567,34.8972658204735],[-95.6769174293022,34.8972143055721],[-95.6766417668842,34.8971619963891],[-95.6763654253399,34.8971100960862],[-95.6760890227101,34.8970580218701],[-95.6758120936676,34.8970058724692],[-95.6755339159668,34.8969534320062],[-95.6752547249664,34.8968999541196],[-95.6751852474657,34.8968862462749]]}},{"type":"Feature","properties":{"name":"OLD SAVAGE HIGHWAY","type":"HIGHWAY","alt":null},"geometry":{"type":"LineString","coordinates":[[-95.5665902124556,34.825543284164],[-95.5665906876644,34.8246380476555],[-95.5665909068533,34.824215967248],[-95.5665909355994,34.8241611006552],[-95.5666340592246,34.824035853188]]}},{"type":"Feature","properties":{"name":"STATE HIGHWAY 63","type":null,"alt":null},"geometry":{"type":"LineString","coordinates":[[-95.6202889192805,34.8397769190117],[-95.6197552759842,34.8402958217592],[-95.6194627018827,34.8406115995701],[-95.6192156409251,34.8409346310484],[-95.6189951575234,34.8412808318022],[-95.6185785790818,34.8415594654221],[-95.6174839720266,34.842140871123],[-95.61686034898,34.8424625120053],[-95.6162224454152,34.8427556363172],[-95.6155349422704,34.843006837185],[-95.6148226195726,34.8432500490345],[-95.6143218644973,34.8434058747255]]}},{"type":"Feature","properties":{"name":"EAST UNITED STATES HIGHWAY 270","type":null,"alt":null},"geometry":{"type":"LineString","coordinates":[[-95.6402611441277,34.893986219079],[-95.6401852373845,34.8939797778952],[-95.6395816458703,34.8939548140669],[-95.6389844449711,34.8939452900707],[-95.6356307465546,34.8939542091465],[-95.633662844991,34.8939475366022],[-95.6327737994223,34.8939423045195],[-95.6315824851335,34.8939443314819],[-95.6309984490448,34.8939368086588],[-95.6307100413296,34.8939280177859]]}},{"type":"Feature","properties":{"name":"EAST STATE HIGHWAY 31","type":null,"alt":null},"geometry":{"type":"LineString","coordinates":[[-95.710024575892,34.9279057267728],[-95.7097931572984,34.9278891870884],[-95.7093697094398,34.9278406933952],[-95.7082059958882,34.9276768495626],[-95.7079639654961,34.9276538867564],[-95.7074783982372,34.9276295525677],[-95.7067473645304,34.927616442005],[-95.7049735933912,34.927611205439],[-95.7011911003435,34.9276212543425]]}},{"type":"Feature","properties":{"name":"EAST UNITED STATES HIGHWAY 270","type":null,"alt":null},"geometry":{"type":"LineString","coordinates":[[-95.6307100413296,34.8939280177859],[-95.6304182352876,34.8939137914682],[-95.6298435785088,34.8938715229035],[-95.6289880436934,34.8937872148569],[-95.6284217241788,34.8937170829748],[-95.6278581400341,34.8936295092185],[-95.6275795832443,34.8935815699985],[-95.6273037735026,34.8935286027385],[-95.6267587988574,34.8934114692801],[-95.6264409335874,34.8933356547622]]}},{"type":"Feature","properties":{"name":"EAST UNITED STATES HIGHWAY 270","type":null,"alt":null},"geometry":{"type":"LineString","coordinates":[[-95.6264409335874,34.8933356547622],[-95.6259438993339,34.8932171063423],[-95.625113977284,34.893002708873],[-95.6248343919232,34.8929260930562],[-95.6245554093319,34.8928432967291],[-95.6242786123417,34.8927523916152],[-95.6237285810798,34.8925509226828],[-95.6231819795856,34.892334195112],[-95.6229898568958,34.8922527274197],[-95.622893191883,34.8922117371282],[-95.6226431682815,34.8921057138624],[-95.6223780583732,34.8919859316932],[-95.6210599370006,34.8913798142188],[-95.6205430041653,34.8911344302811],[-95.6193906282509,34.8906014260648],[-95.6182661890434,34.8900594937351],[-95.6178288020265,34.8898955214378],[-95.6170158805933,34.8895096890202],[-95.6165285804843,34.8892625796862]]}},{"type":"Feature","properties":{"name":"STATE HIGHWAY 63","type":null,"alt":null},"geometry":{"type":"LineString","coordinates":[[-95.6628461459282,34.8094126778882],[-95.662486066128,34.8096271324885],[-95.6619390981212,34.8099303462669],[-95.6596006325197,34.8112661908019],[-95.6579121546201,34.8122553176779],[-95.6566227523871,34.8130000369593]]}},{"type":"Feature","properties":{"name":"STATE HIGHWAY 63","type":null,"alt":null},"geometry":{"type":"LineString","coordinates":[[-95.6566227523871,34.8130000369593],[-95.656318859513,34.8131755530301],[-95.6553602924262,34.8137466125054],[-95.6549507343185,34.8139989639139],[-95.6546162412325,34.8142159753735],[-95.6543794102893,34.8143757530814]]}},{"type":"Feature","properties":{"name":"EAST UNITED STATES HIGHWAY 270","type":null,"alt":null},"geometry":{"type":"LineString","coordinates":[[-95.5184368813381,34.8691185837811],[-95.514366336308,34.8718855037748],[-95.5122139728873,34.8733416783032],[-95.5093070075599,34.8753204495366],[-95.5075087007353,34.8765316301823]]}},{"type":"Feature","properties":{"name":"EAST STATE HIGHWAY 31","type":null,"alt":null},"geometry":{"type":"LineString","coordinates":[[-95.599105428562,35.0082276128078],[-95.5980762565888,35.0101586703783],[-95.597518718106,35.0112094418837],[-95.5970494094555,35.0121237254168],[-95.5968210109979,35.0125812819889],[-95.5963672045742,35.0135232344348],[-95.5961450503061,35.0140083973663],[-95.595844194636,35.0146934496349]]}},{"type":"Feature","properties":{"name":"EAST STATE HIGHWAY 31","type":null,"alt":null},"geometry":{"type":"LineString","coordinates":[[-95.5847437881287,35.0331738160637],[-95.5833284411946,35.0339581675917],[-95.5806681505492,35.0354213557837],[-95.5798894423519,35.0358577081962],[-95.578850333215,35.0364233393893],[-95.5782088920847,35.0367792604116],[-95.5776871074486,35.0370687805453]]}},{"type":"Feature","properties":{"name":"EAST STATE HIGHWAY 31","type":null,"alt":null},"geometry":{"type":"LineString","coordinates":[[-95.5776871074486,35.0370687805453],[-95.5765332052964,35.0377090282627],[-95.5757684371557,35.0381414790634],[-95.5752642316513,35.0384369372996],[-95.575017784243,35.0385912966362],[-95.5745361758596,35.0389114625974],[-95.5740687896039,35.0392428054904],[-95.5738418185692,35.0394128670135],[-95.5734002975054,35.0397616333186],[-95.5720907819932,35.0408236745463]]}},{"type":"Feature","properties":{"name":"EAST UNITED STATES HIGHWAY 270","type":null,"alt":null},"geometry":{"type":"LineString","coordinates":[[-95.5781194189841,34.8551151140821],[-95.5780659584449,34.8551147012739],[-95.5778635886726,34.8551134341004],[-95.5776613105285,34.8551120932111],[-95.577459433033,34.855111146701],[-95.5772572366356,34.8551093377167],[-95.5770542506191,34.8551065637933],[-95.5768504264744,34.8551027622722],[-95.576645625861,34.8550980990138],[-95.5764399071693,34.8550930104152],[-95.5762329479043,34.855087433818],[-95.5760247606422,34.8550817370636],[-95.5758155591822,34.8550746139088],[-95.5756052644725,34.8550628754081],[-95.5753943822646,34.855046579058],[-95.5751831937312,34.8550257889886],[-95.5749718839253,34.8550005700664],[-95.574760522017,34.8549714611503],[-95.5745496658603,34.8549385772329],[-95.5743391717246,34.8549017974156],[-95.5741291563909,34.8548619310946],[-95.5739196486054,34.8548185824102],[-95.5737110615931,34.8547709043598],[-95.5735111046957,34.8547184465305]]}},{"type":"Feature","properties":{"name":"EAST UNITED STATES HIGHWAY 270","type":null,"alt":null},"geometry":{"type":"LineString","coordinates":[[-95.700150092168,34.9024146698207],[-95.699879293229,34.9023067294799],[-95.6996522835668,34.9022172427395],[-95.6994254589576,34.9021298975927],[-95.6991994230692,34.9020447500384],[-95.698974122901,34.9019617610364],[-95.6987489143609,34.9018804774992],[-95.6985237471434,34.9018004559151],[-95.6982989715913,34.9017215968281],[-95.6980739283413,34.9016444778457],[-95.6978469959342,34.9015693796712],[-95.6976175545325,34.9014964496584],[-95.697385634679,34.9014260429228],[-95.6971497667298,34.9013581285278],[-95.6969104833859,34.9012903606885],[-95.6966678942417,34.9012212025573],[-95.6963302804085,34.9011294498805]]}},{"type":"Feature","properties":{"name":"EAST UNITED STATES HIGHWAY 270","type":null,"alt":null},"geometry":{"type":"LineString","coordinates":[[-95.7036076385263,34.9038974331417],[-95.7024166611058,34.9033794193626]]}},{"type":"Feature","properties":{"name":"EAST UNITED STATES HIGHWAY 270","type":null,"alt":null},"geometry":{"type":"LineString","coordinates":[[-95.5788344276446,34.8551303776613],[-95.5786714454043,34.8551247671574],[-95.578470087135,34.8551198510552],[-95.5782681566389,34.8551162625733],[-95.5781194189841,34.8551151140821]]}},{"type":"Feature","properties":{"name":"EAST STATE HIGHWAY 31","type":null,"alt":null},"geometry":{"type":"LineString","coordinates":[[-95.6023955783587,35.0020940879971],[-95.6018133649517,35.00316358176]]}},{"type":"Feature","properties":{"name":"EAST STATE HIGHWAY 31","type":null,"alt":null},"geometry":{"type":"LineString","coordinates":[[-95.5922560413203,35.0253589168902],[-95.5919978457447,35.0259193036569],[-95.5917906142901,35.0263254022061]]}},{"type":"Feature","properties":{"name":"EAST UNITED STATES HIGHWAY 270","type":null,"alt":null},"geometry":{"type":"LineString","coordinates":[[-95.5984101792445,34.8745384410202],[-95.5983691235411,34.8744714941675]]}},{"type":"Feature","properties":{"name":"EAST STATE HIGHWAY 31","type":null,"alt":null},"geometry":{"type":"LineString","coordinates":[[-95.6808383976509,34.9304096015024],[-95.6806021506127,34.930494051649],[-95.6803846648891,34.9305754872937],[-95.6799820705215,34.930791806086],[-95.6795871064439,34.9310138496777],[-95.6794448941513,34.9311014144952],[-95.6791575931605,34.931297548094],[-95.6790097906518,34.9314078909888],[-95.6788604654988,34.9315310755985],[-95.6787970606094,34.9315874753419]]}},{"type":"Feature","properties":{"name":"STATE HIGHWAY 63","type":null,"alt":null},"geometry":{"type":"LineString","coordinates":[[-95.5883314797104,34.8513111908846],[-95.5878699163342,34.8514009313635],[-95.5866679570094,34.8516052707757],[-95.5864966752341,34.8516536576243],[-95.5863282312369,34.8517142751289],[-95.5863012530323,34.8517328353052],[-95.5862751893126,34.8517718133574],[-95.5862352582999,34.8519116296623]]}},{"type":"Feature","properties":{"name":"EAST UNITED STATES HIGHWAY 270","type":null,"alt":null},"geometry":{"type":"LineString","coordinates":[[-95.5978392684404,34.8702557549312],[-95.5978485695969,34.8667084129456],[-95.5978593359055,34.8650908395678],[-95.597853838216,34.8648426580859],[-95.597848048574,34.8643737562723],[-95.5978400715343,34.8641391481027],[-95.5978225436065,34.8639057208009],[-95.5977937669746,34.8636738090115],[-95.5977537605035,34.8634434164327],[-95.5977032140991,34.8632139585692],[-95.5976427565821,34.8629856337051],[-95.597571907354,34.8627585959013],[-95.5974892237203,34.8625332070803],[-95.5973964295481,34.8623094245042],[-95.597294190489,34.8620876440061],[-95.5971816252957,34.8618689719845],[-95.5970597634375,34.8616542340149],[-95.5969284279463,34.8614445527324],[-95.5967877418913,34.8612396598704],[-95.5964836397098,34.8608392404969],[-95.5957185643452,34.8599001929466],[-95.595357672468,34.8594572272195],[-95.5947275608901,34.8586708890685],[-95.5940998235594,34.8579088886739],[-95.5939378070081,34.8577242213352],[-95.5937693073153,34.8575442078564],[-95.593593415386,34.857369638479],[-95.5934102021872,34.8572019123269],[-95.5932217041995,34.857040809037],[-95.5930268703942,34.8568866765791],[-95.5928254860738,34.8567387859582],[-95.5926167535344,34.8565971932308],[-95.5924015486333,34.8564623296593],[-95.5921789676655,34.856334411261],[-95.5919498361826,34.8562130547514],[-95.5917152869603,34.8560979689859],[-95.5914735233678,34.8559906268155],[-95.5912260626599,34.8558901886564],[-95.5909741867323,34.8557953261871],[-95.5907168795905,34.8557082007568],[-95.5904553593501,34.8556306950782],[-95.5901915430157,34.8555631659608],[-95.5899272865069,34.8555051571309],[-95.5896627766732,34.8554556174266],[-95.5893983333148,34.8554144429244],[-95.589133264729,34.855381406593],[-95.588866460598,34.8553559998052],[-95.5885984410465,34.855337776589],[-95.5883294764673,34.8553256444849],[-95.5880600312894,34.8553193683428],[-95.5867444269962,34.8552926737247]]}},{"type":"Feature","properties":{"name":"EAST STATE HIGHWAY 31","type":null,"alt":null},"geometry":{"type":"LineString","coordinates":[[-95.6859757621495,34.9292219065606],[-95.6846499628762,34.9295082198219],[-95.6820897930625,34.9300830329169],[-95.6813833866692,34.9302416259719],[-95.681079003315,34.930322912361],[-95.6808383976509,34.9304096015024]]}},{"type":"Feature","properties":{"name":"EAST UNITED STATES HIGHWAY 270","type":null,"alt":null},"geometry":{"type":"LineString","coordinates":[[-95.5681435460072,34.8516333812551],[-95.5680434736846,34.8515139308182],[-95.5678994387102,34.8513560895181],[-95.5677606202528,34.8511940201164],[-95.567629032335,34.8510273871646],[-95.5675069036772,34.8508560454077],[-95.5673932182847,34.8506816756255],[-95.5672873374554,34.8505048506022],[-95.5672207480384,34.8503839882638]]}},{"type":"Feature","properties":{"name":"OLD SAVAGE HIGHWAY","type":"HIGHWAY","alt":null},"geometry":{"type":"LineString","coordinates":[[-95.568930640876,34.8207082472712],[-95.5696106700377,34.8204269634221],[-95.5696107149535,34.8204269449853]]}},{"type":"Feature","properties":{"name":"STATE HIGHWAY 63","type":null,"alt":null},"geometry":{"type":"LineString","coordinates":[[-95.6009989999258,34.8471241383843],[-95.6007894831572,34.847311385483],[-95.6004820670905,34.8476416700197],[-95.6001828706087,34.8479892646613],[-95.5996322859846,34.8486578559792],[-95.5993682675293,34.8489627130798],[-95.5990594752437,34.8492036212392],[-95.5986849316691,34.8493777361305],[-95.5983168874056,34.8495237166094],[-95.5979442761073,34.849683627813],[-95.5972668772127,34.8499284100798],[-95.5972561216838,34.849927412643],[-95.5972364988848,34.8499318926307],[-95.5964917389204,34.8501019380988]]}},{"type":"Feature","properties":{"name":"OLD UNITED STATES HIGHWAY 270 EAST","type":null,"alt":null},"geometry":{"type":"LineString","coordinates":[[-95.5395511523723,34.8470697854233],[-95.5394603731213,34.8472268556954],[-95.539253062615,34.8474813029285],[-95.5390710783114,34.8476624612178],[-95.5385392118829,34.8479464254623],[-95.53781677146,34.8483116751976],[-95.5372731020669,34.8483912379731],[-95.5368665173828,34.8483644128312]]}},{"type":"Feature","properties":{"name":"EAST STATE HIGHWAY 31","type":null,"alt":null},"geometry":{"type":"LineString","coordinates":[[-95.6266456425727,34.9643236175801],[-95.626198104593,34.9646777203967],[-95.6259820202413,34.9648609878415],[-95.6257723112332,34.9650486049107],[-95.6255696602883,34.9652398030138],[-95.6253743863084,34.9654354809862],[-95.6251853951457,34.9656339831593],[-95.6250018073494,34.9658340904249],[-95.624650533734,34.9662393682728],[-95.6239716373479,34.967049406328],[-95.6237449295196,34.9673137864174]]}},{"type":"Feature","properties":{"name":"EAST STATE HIGHWAY 31","type":null,"alt":null},"geometry":{"type":"LineString","coordinates":[[-95.693411407912,34.9276520572734],[-95.6928679621994,34.9277417129373],[-95.6916343660068,34.9279692451103],[-95.6874004183249,34.9289096617693]]}},{"type":"Feature","properties":{"name":"EAST UNITED STATES HIGHWAY 270","type":null,"alt":null},"geometry":{"type":"LineString","coordinates":[[-95.5858705827188,34.8552749325945],[-95.5855800379115,34.8552690287124]]}},{"type":"Feature","properties":{"name":"NORTH UNITED STATES HIGHWAY 69","type":null,"alt":null},"geometry":{"type":"LineString","coordinates":[[-95.7292092513229,34.9433697871555],[-95.7277487739272,34.9452236279898],[-95.7274700374744,34.9455774400048],[-95.7271946804836,34.9459595518201],[-95.7269510789381,34.9463538401647],[-95.7267364049414,34.9467566062508],[-95.7266382208775,34.9469606953138],[-95.7264617109073,34.9473758699937],[-95.7263137179558,34.9477995360913],[-95.726250850259,34.9480142602316],[-95.7261492130711,34.9484480150342],[-95.7261101085085,34.9486661672461],[-95.7260506849524,34.9491028432398],[-95.7256876919158,34.9527071988319]]}},{"type":"Feature","properties":{"name":"STATE HIGHWAY 113","type":null,"alt":null},"geometry":{"type":"LineString","coordinates":[[-95.7563438382535,35.0003604898288],[-95.7565281635667,35.0003967526842],[-95.7571785016115,35.000561630737],[-95.7577842589638,35.0007545818763],[-95.7583515549472,35.0009708751365],[-95.7588899602127,35.0012206708921],[-95.7594009462009,35.0014950643963],[-95.7609133884408,35.0024034020536],[-95.7614278949265,35.00272090917],[-95.7635455950554,35.0040033842331],[-95.7640797710526,35.0043339716616],[-95.7646058720936,35.0046668012537],[-95.7651112786455,35.0050088874758],[-95.7656081673719,35.0053612640228],[-95.7660791423973,35.0057180303387],[-95.7665177106987,35.0060802981631],[-95.7669452144509,35.0064617047167],[-95.7673544662331,35.0068583220576],[-95.7677416895279,35.007263794198],[-95.7681116292366,35.007677310904],[-95.7684556157185,35.0080981899817],[-95.7687818775415,35.0085352246253],[-95.7690871861604,35.0089822075693],[-95.7693852642397,35.0094346482347],[-95.7696475094206,35.0098843979017],[-95.7698798622621,35.0103377746188],[-95.7700935867395,35.0107831555287],[-95.770285845075,35.0112254188234],[-95.7704579515036,35.0116693042666],[-95.7706074805742,35.0121199959113],[-95.7707449057447,35.0125775569188],[-95.7712945579176,35.0144910633073],[-95.7715902312068,35.0155253167485],[-95.772022544539,35.0170764645494],[-95.7721778210308,35.0175890906344],[-95.772611841162,35.0191048650842],[-95.7734360166891,35.0220291641585],[-95.7735799330858,35.0225183021264],[-95.7738598885526,35.0235082388258],[-95.7741512193857,35.0244993449708],[-95.7745417170397,35.025924035188],[-95.7746539408732,35.0263885507435],[-95.7747421689089,35.0268689345568],[-95.7748056492567,35.0273662323861],[-95.7748386273091,35.027868071029],[-95.7748316563825,35.0283764799266],[-95.7748052989138,35.0288853086302],[-95.7747553606688,35.0293938443429],[-95.7746700665309,35.0298938021445],[-95.7745537832106,35.0303902452128],[-95.7744093880119,35.0308925412096]]}},{"type":"Feature","properties":{"name":"NORTH UNITED STATES HIGHWAY 69","type":null,"alt":null},"geometry":{"type":"LineString","coordinates":[[-95.7339161161879,34.9374126063627],[-95.7334101392058,34.9380583735002],[-95.7329115553585,34.9386947051169],[-95.7324867833831,34.9392060657588],[-95.7324153313854,34.9392946078738],[-95.7323893305478,34.9393268276775],[-95.7319493671627,34.9398720159413],[-95.7313951677178,34.9405861486653],[-95.7306846443455,34.9414771883605],[-95.7298180494724,34.9425897195858]]}},{"type":"Feature","properties":{"name":"NORTH UNITED STATES HIGHWAY 69","type":null,"alt":null},"geometry":{"type":"LineString","coordinates":[[-95.7255331664155,34.9520983253514],[-95.7250822651435,34.9565528640632],[-95.724693518306,34.9603929818663]]}},{"type":"Feature","properties":{"name":"NORTH UNITED STATES HIGHWAY 69","type":null,"alt":null},"geometry":{"type":"LineString","coordinates":[[-95.7367890147047,34.9334122038557],[-95.7367889940435,34.9334122414149],[-95.73675408102,34.9334747627484],[-95.7364701064907,34.9338932814409],[-95.7358281766769,34.9347042408505]]}},{"type":"Feature","properties":{"name":"NORTH GEORGE NIGH EXPRESSWAY","type":"EXPRESSWAY","alt":null},"geometry":{"type":"LineString","coordinates":[[-95.7352779253277,34.9347923430142],[-95.7350594388809,34.9350954674358],[-95.7346067634362,34.9356795388708],[-95.7343621845237,34.9359789660706]]}},{"type":"Feature","properties":{"name":"UNITED STATES HIGHWAY 69 BUSINESS","type":null,"alt":null},"geometry":{"type":"LineString","coordinates":[[-95.7275922604553,35.0000343471076],[-95.725507612939,35.0000219685288],[-95.7246010942397,35.0000115944217],[-95.723751066097,35.0000116223842],[-95.722983308363,35.0000009274423]]}},{"type":"Feature","properties":{"name":"NORTH GEORGE NIGH EXPRESSWAY","type":"EXPRESSWAY","alt":null},"geometry":{"type":"LineString","coordinates":[[-95.7312192686021,34.9379410266769],[-95.7305854101511,34.9384358669789]]}},{"type":"Feature","properties":{"name":"NORTH GEORGE NIGH EXPRESSWAY","type":"EXPRESSWAY","alt":null},"geometry":{"type":"LineString","coordinates":[[-95.7302548678557,34.9390131779957],[-95.7299978095473,34.9395070928011],[-95.7299259721723,34.9396711464442],[-95.7298727101608,34.9398345215371],[-95.7298382319219,34.939996327781],[-95.7298239379291,34.9401509685864],[-95.7298174574827,34.9404949989095]]}},{"type":"Feature","properties":{"name":"STATE HIGHWAY 113","type":null,"alt":null},"geometry":{"type":"LineString","coordinates":[[-95.7540783347177,35.0001130594312],[-95.7543220943667,35.0001150749402],[-95.755091209455,35.0001625376233],[-95.7554235205331,35.0002065851762],[-95.7558309882612,35.000260527741],[-95.7563438382535,35.0003604898288]]}},{"type":"Feature","properties":{"name":"NORTH GEORGE NIGH EXPRESSWAY","type":"EXPRESSWAY","alt":null},"geometry":{"type":"LineString","coordinates":[[-95.7368151323233,34.9345690356006],[-95.736462824747,34.9345515133692],[-95.7350869102606,34.9363476967811],[-95.7348786996424,34.9366559866383],[-95.7347867364118,34.9368356073696],[-95.734719783177,34.9370432368064],[-95.7346827564176,34.9372645020177],[-95.7346302427027,34.9384509140433],[-95.7346040136931,34.9386896526236],[-95.7345795202286,34.9388015055182],[-95.7345488185071,34.9389048814935],[-95.7344384811357,34.9391789594926],[-95.7343275715374,34.9394345315561]]}},{"type":"Feature","properties":{"name":"NORTH UNITED STATES HIGHWAY 69","type":null,"alt":null},"geometry":{"type":"LineString","coordinates":[[-95.7238441153908,34.9709742290754],[-95.7236116511582,34.973131634387],[-95.7235045899426,34.9742121511714],[-95.7231222579746,34.9778951717496],[-95.7230426905966,34.9787541043041],[-95.7229479830128,34.9796122233578],[-95.7228190298538,34.9808695902697],[-95.722700762155,34.9821596987429],[-95.7225208215188,34.9839265220917],[-95.7224284199104,34.9848747225562],[-95.7223906223965,34.9852625994083]]}},{"type":"Feature","properties":{"name":"NORTH UNITED STATES HIGHWAY 69","type":null,"alt":null},"geometry":{"type":"LineString","coordinates":[[-95.7240566621769,34.9658616855248],[-95.7241340735982,34.9659199926115],[-95.7241098891541,34.9661638352488],[-95.7240844165259,34.9664212710671],[-95.724059973367,34.9666768494902],[-95.7240345761973,34.9669303901777],[-95.7240075342123,34.9671829568879],[-95.7239802380041,34.9674351805099],[-95.7239542820823,34.9676872929334],[-95.7239288013693,34.9679392139195],[-95.7239042818536,34.9681912371908],[-95.7238801019011,34.9684437094687],[-95.7238541513691,34.9686973867629],[-95.7238278846302,34.9689532127884],[-95.7238011399876,34.9692118360587],[-95.7237732598744,34.9694732734784],[-95.7237428114779,34.9697362102944],[-95.7237089297203,34.9700003461526],[-95.7236717044333,34.9702666497808],[-95.7236350693393,34.9705352948824],[-95.7236010860722,34.9708063977412],[-95.7235939875848,34.9708688552266]]}},{"type":"Feature","properties":{"name":"NORTH UNITED STATES HIGHWAY 69","type":null,"alt":null},"geometry":{"type":"LineString","coordinates":[[-95.7219134696569,34.9900340365466],[-95.721913464267,34.9900340777596],[-95.7216600863563,34.9927010003431],[-95.7216561858713,34.992742042727],[-95.7216536355542,34.9927602803456],[-95.7216282006553,34.9929421051036],[-95.7215684833501,34.9933690076573],[-95.7215140903597,34.9937578517277],[-95.7215104252333,34.9937840494879],[-95.7215004665101,34.9938303928409],[-95.7213956160484,34.9943183019639],[-95.7212944998834,34.9948712605504],[-95.7212849112661,34.9949237039193],[-95.7211933891083,34.9953862055271],[-95.7211713273832,34.9954976910986]]}},{"type":"Feature","properties":{"name":"NORTH UNITED STATES HIGHWAY 69","type":null,"alt":null},"geometry":{"type":"LineString","coordinates":[[-95.7256876919158,34.9527071988319],[-95.7252922903587,34.9565499750287],[-95.7252921017124,34.9565518023946],[-95.7250467493505,34.9589262237468],[-95.7248596185987,34.9607818831494]]}},{"type":"Feature","properties":{"name":"NORTH GEORGE NIGH EXPRESSWAY","type":"EXPRESSWAY","alt":null},"geometry":{"type":"LineString","coordinates":[[-95.7236884759796,34.9575016729873],[-95.7237102753966,34.9576383548666],[-95.7237411945104,34.9577790850814],[-95.7237828799328,34.957921034996],[-95.7238343426188,34.9580652824502],[-95.724015001009,34.9585124607551],[-95.7240660190289,34.9586664761824],[-95.7241037294062,34.9588238544049],[-95.7241270065519,34.9589837163498],[-95.724138731363,34.9591457616234],[-95.7241371736843,34.959637350909],[-95.7241174170362,34.9604739122276],[-95.7241004316908,34.9609624618428],[-95.7240897686884,34.9615489691704],[-95.7240727950211,34.962011945687]]}},{"type":"Feature","properties":{"name":"NORTH UNITED STATES HIGHWAY 69","type":null,"alt":null},"geometry":{"type":"LineString","coordinates":[[-95.7200541609363,35.0001015006077],[-95.719887429128,35.0007666365704],[-95.7197857748722,35.0013009126322],[-95.7195718931895,35.0023694763652],[-95.7192017854958,35.0042999960023]]}},{"type":"Feature","properties":{"name":"NORTH UNITED STATES HIGHWAY 69","type":null,"alt":null},"geometry":{"type":"LineString","coordinates":[[-95.7209075559647,34.9954053035574],[-95.7209083401939,34.9954084576166],[-95.7207471132617,34.9962776943527],[-95.7204068179573,34.9981021947345],[-95.7202556701226,34.9988937049333],[-95.7200719736301,34.999994525488],[-95.7200551293202,35.0000954673251],[-95.7200541609363,35.0001015006077]]}},{"type":"Feature","properties":{"name":"NORTH GEORGE NIGH EXPRESSWAY","type":"EXPRESSWAY","alt":null},"geometry":{"type":"LineString","coordinates":[[-95.7375551213352,34.9331217049376],[-95.736877774543,34.9340222427119],[-95.7368151323233,34.9345690356006]]}},{"type":"Feature","properties":{"name":"NORTH GEORGE NIGH EXPRESSWAY","type":"EXPRESSWAY","alt":null},"geometry":{"type":"LineString","coordinates":[[-95.7342236202894,34.9397569376101],[-95.7341098747098,34.9400577505485],[-95.7340995755251,34.9400849861297]]}},{"type":"Feature","properties":{"name":"NORTH GEORGE NIGH EXPRESSWAY","type":"EXPRESSWAY","alt":null},"geometry":{"type":"LineString","coordinates":[[-95.7298837450658,34.9429166330733],[-95.729852976869,34.9429490694192],[-95.7295830663638,34.9432687540361],[-95.7294126855988,34.9434847035712]]}},{"type":"Feature","properties":{"name":"NORTH GEORGE NIGH EXPRESSWAY","type":"EXPRESSWAY","alt":null},"geometry":{"type":"LineString","coordinates":[[-95.7265274586029,34.9565060983574],[-95.7265915039911,34.9565980895139],[-95.7264967883225,34.957463795702],[-95.7264179360035,34.9575035680659]]}},{"type":"Feature","properties":{"name":"NORTH GEORGE NIGH EXPRESSWAY","type":"EXPRESSWAY","alt":null},"geometry":{"type":"LineString","coordinates":[[-95.7270170934334,34.9467388981214],[-95.7270003802775,34.9467692469178],[-95.7268451010908,34.9470948905045],[-95.7267038221477,34.9474301168598],[-95.7266403543763,34.9476003169791],[-95.7265285293948,34.9479472981635],[-95.7264362257027,34.9483027330586],[-95.7263626321214,34.9486655649379],[-95.7262907489323,34.9492207211714],[-95.7259738574361,34.9523545772346],[-95.7259315324131,34.9528954408507],[-95.7259302352459,34.9530708630918],[-95.7259396594715,34.9532429083911],[-95.7259816143885,34.9535783326978],[-95.7260594911372,34.9539042680431],[-95.726111557491,34.9540646350935],[-95.7265367319116,34.9551589704093],[-95.7265832448804,34.9553128345793],[-95.7266189996253,34.9554667698774],[-95.7266342000183,34.9555923906969]]}},{"type":"Feature","properties":{"name":"STATE HIGHWAY 113","type":null,"alt":null},"geometry":{"type":"LineString","coordinates":[[-95.742322847959,35.0000421847147],[-95.7425229351121,35.0000775124381],[-95.7429038863696,35.0000954857215],[-95.7442894631352,35.000104368238],[-95.7459098298716,35.0000958161208],[-95.7470062236759,35.0000949544335],[-95.7482507541621,35.0001040577069]]}},{"type":"Feature","properties":{"name":"STATE HIGHWAY 113","type":null,"alt":null},"geometry":{"type":"LineString","coordinates":[[-95.7482507541621,35.0001040577069],[-95.7495806883807,35.000102315936],[-95.7520991916365,35.0000989780937],[-95.7540783347177,35.0001130594312]]}},{"type":"Feature","properties":{"name":"UNITED STATES HIGHWAY 69 BUSINESS","type":null,"alt":null},"geometry":{"type":"LineString","coordinates":[[-95.7549788975866,34.9799971029735],[-95.7530153968695,34.9831126919488]]}},{"type":"Feature","properties":{"name":"UNITED STATES HIGHWAY 69 BUSINESS","type":null,"alt":null},"geometry":{"type":"LineString","coordinates":[[-95.7586053469813,34.9710634729961],[-95.7586121005156,34.9715128085792],[-95.7586300793977,34.9720639175165],[-95.7586290921492,34.9726201386616],[-95.7586038099638,34.9728751419897],[-95.7585741538814,34.9731742294427],[-95.7584773981387,34.9737209923499],[-95.7584489682566,34.9738267622277]]}},{"type":"Feature","properties":{"name":"NORTH GEORGE NIGH EXPRESSWAY","type":"EXPRESSWAY","alt":null},"geometry":{"type":"LineString","coordinates":[[-95.7340995755251,34.9400849861297],[-95.7335667209497,34.940579768576]]}},{"type":"Feature","properties":{"name":"OLD 69 HIGHWAY","type":"HIGHWAY","alt":null},"geometry":{"type":"LineString","coordinates":[[-95.742322847959,35.0000421847147],[-95.7422732331076,35.0001933375787],[-95.7421079960959,35.000461922764],[-95.7418252612417,35.000898439692],[-95.7415153900794,35.0013527830729],[-95.7410821002785,35.0020328059163],[-95.7406633101846,35.0026987753305],[-95.7405430221748,35.0029285519605],[-95.7403957532654,35.0031345422889],[-95.7401059720261,35.0035863515824],[-95.7399757899718,35.0038035703798],[-95.7396797079491,35.0042625612463],[-95.7393994156141,35.0047264640417],[-95.7387734506596,35.0057127038435],[-95.7380948345478,35.0067967448124],[-95.7380285864906,35.0069090926409],[-95.7379357303346,35.007066567999],[-95.7377450566273,35.0073552309533],[-95.7372214088853,35.0081890739671],[-95.7370626433369,35.0084561738514],[-95.7367192587263,35.0090047510076],[-95.7365521343542,35.0092881250064],[-95.7363805013377,35.0095610088755],[-95.7361987092737,35.0098241870491],[-95.735693177856,35.0106456970854],[-95.7355115555735,35.0109203356243],[-95.7351444096253,35.0114968629818],[-95.7349327404932,35.0117965428846],[-95.7347161261355,35.0120868997618],[-95.7343084419135,35.012614244769],[-95.7341061736508,35.0128626990335],[-95.7338955717173,35.013110665484],[-95.7334466161962,35.0135984169698],[-95.7329669706317,35.0140627310682],[-95.7327222830231,35.0142919857846],[-95.7323633422867,35.0146093077073],[-95.7323633144389,35.0146093312505]]}},{"type":"Feature","properties":{"name":"NORTH GEORGE NIGH EXPRESSWAY","type":"EXPRESSWAY","alt":null},"geometry":{"type":"LineString","coordinates":[[-95.7287887705997,34.9431322632156],[-95.7272177231689,34.9451240087376],[-95.7268311403729,34.9456422141176],[-95.7265761023756,34.9460359782402],[-95.7263385599667,34.9464387628236],[-95.7261954511554,34.9467249556085],[-95.7259969504271,34.9471823041416],[-95.7258800849985,34.9475055684828],[-95.7257739661157,34.9478410869528],[-95.7255266689011,34.9487032865079],[-95.725446744892,34.9490586378673],[-95.7250461519708,34.9521445251587],[-95.725013175715,34.9523481936433],[-95.72496813239,34.9525508389245],[-95.7249079326896,34.9527509987548],[-95.7248363576227,34.9529480428971],[-95.7243879671419,34.9541136397145],[-95.7240934580692,34.9548239074495],[-95.7239787962081,34.9551545351799],[-95.7239337672562,34.9553105426067],[-95.7238999160413,34.9554605897354],[-95.7238675066225,34.9556606909225]]}},{"type":"Feature","properties":{"name":"UNITED STATES HIGHWAY 69 BUSINESS","type":null,"alt":null},"geometry":{"type":"LineString","coordinates":[[-95.7224779835578,34.9999999171109],[-95.7202964132123,34.9999950310216]]}},{"type":"Feature","properties":{"name":"NORTH UNITED STATES HIGHWAY 69","type":null,"alt":null},"geometry":{"type":"LineString","coordinates":[[-95.7216474335855,34.9900186331867],[-95.7214656594877,34.9917698861133],[-95.7214541044583,34.9918812176499],[-95.7214513106977,34.9919038644146],[-95.7212403242853,34.9936137576411],[-95.7212053304134,34.993897360095],[-95.7212036146312,34.9939112688246],[-95.7211998785379,34.9939292103463],[-95.7210674300341,34.9945653282088],[-95.7210501419565,34.994656163939],[-95.7209075559647,34.9954053035574]]}},{"type":"Feature","properties":{"name":"NORTH GEORGE NIGH EXPRESSWAY","type":"EXPRESSWAY","alt":null},"geometry":{"type":"LineString","coordinates":[[-95.7238675066225,34.9556606909225],[-95.7237406195886,34.9564440790344],[-95.7236089669921,34.9565250250755]]}},{"type":"Feature","properties":{"name":"UNITED STATES HIGHWAY 69 BUSINESS","type":null,"alt":null},"geometry":{"type":"LineString","coordinates":[[-95.7379691234087,34.9999292189023],[-95.7373961051569,35.0000195998063],[-95.7367819072342,35.0000663266887],[-95.7361813655005,35.0000798259696],[-95.7355813986885,35.0000791923976],[-95.7331719023992,35.0000616135295],[-95.7326094133009,35.000060259554]]}},{"type":"Feature","properties":{"name":"STATE HIGHWAY 113","type":null,"alt":null},"geometry":{"type":"LineString","coordinates":[[-95.7718334374936,35.0426404185708],[-95.7718360515911,35.0431045309574],[-95.7718399493811,35.043797014706],[-95.7718360363197,35.044586666187]]}},{"type":"Feature","properties":{"name":"NORTH GEORGE NIGH EXPRESSWAY","type":"EXPRESSWAY","alt":null},"geometry":{"type":"LineString","coordinates":[[-95.7264179360035,34.9575035680659],[-95.7264861253201,34.9575622551092],[-95.7264667962701,34.957700650111],[-95.7264396572671,34.9578429145341],[-95.7264028865275,34.9579884770404],[-95.7263552443764,34.9581363731471],[-95.7262951884065,34.9582848609172],[-95.7262232055044,34.9584316653956],[-95.7261417444778,34.9585764287838],[-95.7257891692035,34.9591476728609],[-95.7256179745649,34.9594400585447]]}},{"type":"Feature","properties":{"name":"STATE HIGHWAY 113","type":null,"alt":null},"geometry":{"type":"LineString","coordinates":[[-95.7744093880119,35.0308925412096],[-95.7742390871969,35.0313618833237],[-95.7740348210811,35.0318359171531],[-95.773812384742,35.0323119658908],[-95.7735700390413,35.032795888987],[-95.7733133193977,35.0332926321889],[-95.7730682302421,35.0338041459483],[-95.7725643041138,35.034832826076],[-95.7723533644138,35.0353652798091],[-95.7722722025261,35.0356082506579],[-95.7722096249851,35.0357955783347],[-95.7721732153684,35.0359045756861],[-95.7720253463844,35.0364523685113],[-95.7719179231478,35.0370023392282],[-95.7718503680418,35.0375501982463],[-95.7718418906404,35.0377280200586]]}},{"type":"Feature","properties":{"name":"NORTH UNITED STATES HIGHWAY 69","type":null,"alt":null},"geometry":{"type":"LineString","coordinates":[[-95.724693518306,34.9603929818663],[-95.7246805017175,34.9605240769671],[-95.724655558197,34.9607789353673],[-95.7246302436723,34.9610333328454],[-95.7246042581061,34.961287237749],[-95.7245780686223,34.9615418383134],[-95.724552404653,34.9617972265572],[-95.7245270964165,34.96205353278],[-95.7245010910873,34.9623093383243],[-95.7244752052341,34.9625648390222],[-95.7244495197052,34.9628193097284],[-95.7244241593664,34.9630733578082],[-95.7243981450541,34.9633272033852],[-95.7243707985402,34.963581476635],[-95.7243430450895,34.9638373024395],[-95.7243149727369,34.9640949384469],[-95.7242873908644,34.9643535144788],[-95.7242606561032,34.9646125718891],[-95.724235448478,34.9648717963278],[-95.7242108993179,34.9651306849888],[-95.7241870023347,34.9653892054841],[-95.72416193844,34.965647424808],[-95.7241441212547,34.9658214232514],[-95.7240566621769,34.9658616855248]]}},{"type":"Feature","properties":{"name":"UNITED STATES HIGHWAY 69 BUSINESS","type":null,"alt":null},"geometry":{"type":"LineString","coordinates":[[-95.722983308363,35.0000009274423],[-95.7224779835578,34.9999999171109]]}},{"type":"Feature","properties":{"name":"NORTH UNITED STATES HIGHWAY 69","type":null,"alt":null},"geometry":{"type":"LineString","coordinates":[[-95.7211713273832,34.9954976910986],[-95.7211700975896,34.9954999333776],[-95.7208837326433,34.9969451176176],[-95.7206171432097,34.9982522503167],[-95.7204708786169,34.9989818168346],[-95.7203466730541,34.9996286110206],[-95.7202783678548,34.9999949905495],[-95.72027827443,34.9999954946114],[-95.7202596685239,35.0000952921914]]}},{"type":"Feature","properties":{"name":"NORTH UNITED STATES HIGHWAY 69","type":null,"alt":null},"geometry":{"type":"LineString","coordinates":[[-95.7290164252522,34.9432608616583],[-95.727594197223,34.9451166673282],[-95.7274172964857,34.9453474972716],[-95.7271114380978,34.9457531893792],[-95.7269711661662,34.9459631731521],[-95.7267088446285,34.9463965087844],[-95.7265879026452,34.946619468842],[-95.7264762483435,34.9468449333034],[-95.7263749552104,34.9470728778488],[-95.7261941611747,34.9475358131731],[-95.7260475417472,34.94800879818],[-95.7259329041406,34.9484902385633],[-95.7258889378956,34.9487334571247],[-95.725823386931,34.9492239513772],[-95.7255331664155,34.9520983253514]]}},{"type":"Feature","properties":{"name":"NORTH UNITED STATES HIGHWAY 69","type":null,"alt":null},"geometry":{"type":"LineString","coordinates":[[-95.7192017854958,35.0042999960023],[-95.718906193055,35.0058417662205],[-95.7188122445476,35.00637769633],[-95.7187366135872,35.0069159274373],[-95.7186831844891,35.0074531580082],[-95.7186665144523,35.0077222895971],[-95.7186499019078,35.0082626750583],[-95.7186431914926,35.01015526452],[-95.7186496620576,35.0112380819161],[-95.7186488715402,35.0128608854316],[-95.7186302755155,35.0136724310905],[-95.7186147903566,35.0139425030818],[-95.7185924205094,35.0142121555515],[-95.7185614528866,35.0144813737892],[-95.7185235385917,35.0147500128614],[-95.7184322140633,35.0152849289068],[-95.7183250243887,35.015818363403],[-95.7181955771562,35.0163473433758],[-95.7180474665254,35.0168737662947],[-95.7173238573944,35.0192325968131],[-95.7160464871964,35.0234276127932],[-95.7156517971049,35.0247391554697],[-95.7133886022393,35.0321502963917],[-95.7130793886438,35.0332256912999],[-95.7127941142523,35.0343054809335],[-95.7126565534362,35.0348495008436],[-95.7125274358855,35.0353922674524],[-95.7118105165084,35.0386606853168],[-95.7105842424837,35.0441911224893]]}},{"type":"Feature","properties":{"name":"NORTH UNITED STATES HIGHWAY 69","type":null,"alt":null},"geometry":{"type":"LineString","coordinates":[[-95.7221128228864,34.9854338102141],[-95.7221128174965,34.9854338514294],[-95.722112365644,34.985438385114],[-95.7218894091803,34.9876477050884],[-95.7218065881044,34.9884683669676],[-95.7217450112866,34.9890785134729],[-95.7217351495814,34.9891735310963],[-95.7216783374279,34.9897208892771],[-95.7216474335855,34.9900186331867]]}},{"type":"Feature","properties":{"name":"NORTH GEORGE NIGH EXPRESSWAY","type":"EXPRESSWAY","alt":null},"geometry":{"type":"LineString","coordinates":[[-95.7305854101511,34.9384358669789],[-95.7304583739968,34.9386221549357],[-95.7302548678557,34.9390131779957]]}},{"type":"Feature","properties":{"name":"NORTH GEORGE NIGH EXPRESSWAY","type":"EXPRESSWAY","alt":null},"geometry":{"type":"LineString","coordinates":[[-95.7256179745649,34.9594400585447],[-95.7254607586104,34.9597172417393],[-95.7253907762565,34.9598595011893],[-95.7252748846017,34.9601392052382],[-95.7252316909079,34.9602726014134],[-95.7251731602772,34.9605059153605],[-95.7251464785167,34.9606629859955],[-95.7251402073777,34.9607310250581]]}},{"type":"Feature","properties":{"name":"UNITED STATES HIGHWAY 69 BUSINESS","type":null,"alt":null},"geometry":{"type":"LineString","coordinates":[[-95.7469803189581,34.9926988485058],[-95.7467714319084,34.9930207727346],[-95.7464401449098,34.993563502043],[-95.7451311486238,34.9956349718866],[-95.7448109396492,34.9961207104094],[-95.7444369602166,34.9965751112254],[-95.7440120966131,34.9969875361837],[-95.7435457074873,34.9973598550555],[-95.7430420023446,34.9976882661088],[-95.7425074984623,34.9979755661972],[-95.7407743724964,34.9988297330682]]}},{"type":"Feature","properties":{"name":"NORTH UNITED STATES HIGHWAY 69","type":null,"alt":null},"geometry":{"type":"LineString","coordinates":[[-95.7194563312164,35.0043514009765],[-95.7191709625018,35.005843997179],[-95.7190884818874,35.0063133432854],[-95.7190526382092,35.0065494184954],[-95.7189910506117,35.0070237610083],[-95.7189439402632,35.0075005413841],[-95.7189273250237,35.0077394694941],[-95.7189026563877,35.0084576159817],[-95.7189067149762,35.0128095601145],[-95.7188962837391,35.0132931483876],[-95.7188684952541,35.0137774099399],[-95.7188195334778,35.014265459098],[-95.7187871007028,35.0145111081723],[-95.7187094754825,35.0150051343708],[-95.7186144085726,35.0154991119706],[-95.7184965325393,35.0159905858982],[-95.7184309555236,35.0162348849113],[-95.7182888330625,35.016720880026],[-95.7149238500094,35.0277426684828],[-95.7143525322685,35.0296490069616],[-95.713549343183,35.0322690183812],[-95.7133378680871,35.0329917651691],[-95.7131406950687,35.0337135942147],[-95.7128934463632,35.0346703855637],[-95.7126679755151,35.0356208150904],[-95.7113464037135,35.0416136364565],[-95.7107683072854,35.0442022830815]]}},{"type":"Feature","properties":{"name":"STATE HIGHWAY 113","type":null,"alt":null},"geometry":{"type":"LineString","coordinates":[[-95.7718282838588,35.0406357008673],[-95.7718235587204,35.0415205817015],[-95.7718334374936,35.0426404185708]]}},{"type":"Feature","properties":{"name":"UNITED STATES HIGHWAY 69 BUSINESS","type":null,"alt":null},"geometry":{"type":"LineString","coordinates":[[-95.7530153968695,34.9831126919488],[-95.7515847731857,34.9853825722016],[-95.7515818626442,34.9853871964155]]}},{"type":"Feature","properties":{"name":"UNITED STATES HIGHWAY 69 BUSINESS","type":null,"alt":null},"geometry":{"type":"LineString","coordinates":[[-95.7515818626442,34.9853871964155],[-95.7506479102944,34.9868703110512],[-95.7490891679865,34.9893586277713],[-95.7487762605185,34.9898423252253],[-95.7480435209109,34.9910247917853]]}},{"type":"Feature","properties":{"name":"STATE HIGHWAY 113","type":null,"alt":null},"geometry":{"type":"LineString","coordinates":[[-95.7718360363197,35.044586666187],[-95.7718305485117,35.0456012142919]]}},{"type":"Feature","properties":{"name":"UNITED STATES HIGHWAY 69 BUSINESS","type":null,"alt":null},"geometry":{"type":"LineString","coordinates":[[-95.7584489682566,34.9738267622277],[-95.7583336946427,34.9742556341236],[-95.7581419079228,34.9747775602455],[-95.7579054237293,34.9752780197151],[-95.7576245744389,34.9757716873107],[-95.7569920023754,34.9767737996624],[-95.7550623483816,34.979863484981],[-95.7549788975866,34.9799971029735]]}},{"type":"Feature","properties":{"name":"OLD 69 HIGHWAY","type":"HIGHWAY","alt":null},"geometry":{"type":"LineString","coordinates":[[-95.7323633144389,35.0146093312505],[-95.7323632812012,35.0146093614152],[-95.7322254472973,35.0147366594674],[-95.7317186824927,35.015158811068],[-95.7316271423686,35.0152350655148],[-95.7312240700972,35.0155708318778],[-95.7298750682385,35.0166724859803],[-95.7266477484094,35.019338739732],[-95.7255146296797,35.0202635540548],[-95.7232929935741,35.0221019097309],[-95.721763538141,35.0233534324178],[-95.7204902516843,35.0244092191614],[-95.7196443755549,35.0250926203455],[-95.7189823746826,35.0256376909952],[-95.7189018362258,35.0257156636541],[-95.7188660985489,35.0257359441102],[-95.7188306330615,35.025737730944]]}},{"type":"Feature","properties":{"name":"STATE HIGHWAY 113","type":null,"alt":null},"geometry":{"type":"LineString","coordinates":[[-95.7718418906404,35.0377280200586],[-95.7718245792066,35.0380910537039],[-95.7718328365207,35.0397834048233],[-95.7718282838588,35.0406357008673]]}},{"type":"Feature","properties":{"name":"NORTH UNITED STATES HIGHWAY 69","type":null,"alt":null},"geometry":{"type":"LineString","coordinates":[[-95.7370253165402,34.9332359022026],[-95.737025293184,34.9332359390254],[-95.736808860286,34.9335850894585],[-95.736428483052,34.9341505623335],[-95.7361602532947,34.9345190803299],[-95.7360160620135,34.9347075953507]]}},{"type":"Feature","properties":{"name":"NORTH GEORGE NIGH EXPRESSWAY","type":"EXPRESSWAY","alt":null},"geometry":{"type":"LineString","coordinates":[[-95.7343275715374,34.9394345315561],[-95.7342236202894,34.9397569376101]]}},{"type":"Feature","properties":{"name":"NORTH GEORGE NIGH EXPRESSWAY","type":"EXPRESSWAY","alt":null},"geometry":{"type":"LineString","coordinates":[[-95.7266342000183,34.9555923906969],[-95.726655217901,34.9557660946385],[-95.7266569992602,34.9560293728887],[-95.7266401953745,34.9562238050328],[-95.7266137777186,34.9564461147609],[-95.7265274586029,34.9565060983574]]}},{"type":"Feature","properties":{"name":"NORTH GEORGE NIGH EXPRESSWAY","type":"EXPRESSWAY","alt":null},"geometry":{"type":"LineString","coordinates":[[-95.7298174574827,34.9404949989095],[-95.729822963257,34.9410987015047],[-95.7298098334808,34.9414579341597],[-95.7297665032431,34.9416880490677],[-95.7296979150745,34.9418844482223],[-95.7296933812773,34.9418940027398]]}},{"type":"Feature","properties":{"name":"NORTH UNITED STATES HIGHWAY 69","type":null,"alt":null},"geometry":{"type":"LineString","coordinates":[[-95.7339200517071,34.9371490783281],[-95.7336036560809,34.9375589202083],[-95.7334141852178,34.9377875032658],[-95.7322350790338,34.9392100202433],[-95.732206880917,34.9392440383757],[-95.732206032009,34.9392451238334],[-95.7316733795546,34.9399251285662],[-95.7298621504647,34.9421572592688],[-95.7297782190711,34.9422667834325]]}},{"type":"Feature","properties":{"name":"NORTH UNITED STATES HIGHWAY 69","type":null,"alt":null},"geometry":{"type":"LineString","coordinates":[[-95.7298180494724,34.9425897195858],[-95.7292092513229,34.9433697871555]]}},{"type":"Feature","properties":{"name":"UNITED STATES HIGHWAY 69 BUSINESS","type":null,"alt":null},"geometry":{"type":"LineString","coordinates":[[-95.7407743724964,34.9988297330682],[-95.7397499202717,34.9993309403348],[-95.7392005286102,34.9995759006058],[-95.7386226271166,34.9997732758454],[-95.7380908316549,34.9999080703567],[-95.7379691234087,34.9999292189023]]}},{"type":"Feature","properties":{"name":"STATE HIGHWAY 113","type":null,"alt":null},"geometry":{"type":"LineString","coordinates":[[-95.7407743724964,34.9988297330682],[-95.741137832657,34.9992945497028],[-95.7413630402988,34.9995690784418],[-95.7415635963725,34.9997194742445],[-95.7418363329776,34.9998882051418],[-95.7421610694612,35.0000136202351],[-95.742322847959,35.0000421847147]]}},{"type":"Feature","properties":{"name":"NORTH GEORGE NIGH EXPRESSWAY","type":"EXPRESSWAY","alt":null},"geometry":{"type":"LineString","coordinates":[[-95.7335667209497,34.940579768576],[-95.7331537941597,34.940950582461],[-95.7330356612082,34.9410552606042],[-95.7328958357393,34.9411600939911],[-95.7327305322523,34.9412620199976],[-95.7325410991184,34.9413578589293],[-95.7322221720398,34.9414941155881],[-95.731514362478,34.9417802107563],[-95.7312714921611,34.9418929997917],[-95.7310166311318,34.9420258932605],[-95.7307549581778,34.9421799389285],[-95.7305027292123,34.9423543958835],[-95.7302658569466,34.9425453729999],[-95.7300479714728,34.9427435005737],[-95.7298837450658,34.9429166330733]]}},{"type":"Feature","properties":{"name":"NORTH UNITED STATES HIGHWAY 69","type":null,"alt":null},"geometry":{"type":"LineString","coordinates":[[-95.7245334142679,34.9640592388845],[-95.7244642161432,34.9648082543043],[-95.7242085592066,34.9673085435525],[-95.7240897776715,34.9685507611544],[-95.7238593310551,34.9708330121281],[-95.7238441153908,34.9709742290754]]}},{"type":"Feature","properties":{"name":"NORTH GEORGE NIGH EXPRESSWAY","type":"EXPRESSWAY","alt":null},"geometry":{"type":"LineString","coordinates":[[-95.7236089669921,34.9565250250755],[-95.7236791236192,34.9569044250779],[-95.7236656515849,34.9571143869143],[-95.7236736322179,34.9573641368416],[-95.7236881184501,34.9574994259865],[-95.7236884759796,34.9575016729873]]}},{"type":"Feature","properties":{"name":"UNITED STATES HIGHWAY 69 BUSINESS","type":null,"alt":null},"geometry":{"type":"LineString","coordinates":[[-95.7584797616063,34.9637294885351],[-95.758477435868,34.9637888300029],[-95.7585082373024,34.9644652800923],[-95.7585382221683,34.9663172665079],[-95.7585620311166,34.9672976610364],[-95.7585806909217,34.9693233329816],[-95.7586053469813,34.9710634729961]]}},{"type":"Feature","properties":{"name":"NORTH GEORGE NIGH EXPRESSWAY","type":"EXPRESSWAY","alt":null},"geometry":{"type":"LineString","coordinates":[[-95.7343621845237,34.9359789660706],[-95.7341790979873,34.936207851049],[-95.7340598304637,34.9363227392065],[-95.7338716621577,34.9364797030035],[-95.7337152430089,34.936586276524],[-95.7336177659191,34.936643302436],[-95.7335089449039,34.9366986551493],[-95.7334299434645,34.9367325955259],[-95.7332608257308,34.9368052541603],[-95.7327132630393,34.9370213252879],[-95.7323121032812,34.937170567843],[-95.7320637505461,34.9372733044518],[-95.7319481050297,34.9373283017856],[-95.7317386511431,34.9374461701337],[-95.7316473508692,34.9375064003406],[-95.7314864356524,34.9376293681225],[-95.7312192686021,34.9379410266769]]}},{"type":"Feature","properties":{"name":"NORTH UNITED STATES HIGHWAY 69","type":null,"alt":null},"geometry":{"type":"LineString","coordinates":[[-95.7223734016925,34.9854501682766],[-95.7223729794843,34.9854547689351],[-95.7221742101597,34.9873656169507],[-95.7221328211813,34.9877634904152],[-95.7220494754892,34.9886257939165],[-95.7219450319644,34.9897063469191],[-95.721919835119,34.9899670227107],[-95.7219134732502,34.9900339945977],[-95.7219134696569,34.9900340365466]]}},{"type":"Feature","properties":{"name":"UNITED STATES HIGHWAY 69 BUSINESS","type":null,"alt":null},"geometry":{"type":"LineString","coordinates":[[-95.7480435209109,34.9910247917853],[-95.7478115193107,34.9913991800004],[-95.7469803189581,34.9926988485058]]}},{"type":"Feature","properties":{"name":"UNITED STATES HIGHWAY 69 BUSINESS","type":null,"alt":null},"geometry":{"type":"LineString","coordinates":[[-95.7326094133009,35.000060259554],[-95.7313241010974,35.0000571535047],[-95.7275922604553,35.0000343471076]]}},{"type":"Feature","properties":{"name":"SOUTH GEORGE NIGH EXPRESSWAY","type":"EXPRESSWAY","alt":null},"geometry":{"type":"LineString","coordinates":[[-95.7871462132515,34.8862943859942],[-95.7871806896938,34.8862902211603],[-95.7876494458804,34.8859219132727],[-95.787930204441,34.885718827081],[-95.7884940616735,34.885283596271],[-95.7888810792541,34.8849804802112],[-95.7890436374896,34.8848447796555],[-95.7891077529463,34.8847912570422],[-95.7892131253292,34.8847127898642],[-95.789401413111,34.8845565472266]]}},{"type":"Feature","properties":{"name":"EAST UNITED STATES HIGHWAY 270","type":null,"alt":null},"geometry":{"type":"LineString","coordinates":[[-95.725328288547,34.9250162263919],[-95.7241948140845,34.924083313158],[-95.7240591424254,34.9239715337345],[-95.7239801885968,34.9239060663623]]}},{"type":"Feature","properties":{"name":"EAST UNITED STATES HIGHWAY 270","type":null,"alt":null},"geometry":{"type":"LineString","coordinates":[[-95.7239801885968,34.9239060663623],[-95.7228172224434,34.9229316190294]]}},{"type":"Feature","properties":{"name":"SOUTH GEORGE NIGH EXPRESSWAY","type":"EXPRESSWAY","alt":null},"geometry":{"type":"LineString","coordinates":[[-95.7718238129437,34.8938634165202],[-95.7732808506901,34.8934016895465],[-95.7742313589905,34.893112338436],[-95.7751310271375,34.8928568276751],[-95.7754858086741,34.892746452846],[-95.7754947783522,34.8927379661525]]}},{"type":"Feature","properties":{"name":"EAST UNITED STATES HIGHWAY 270","type":null,"alt":null},"geometry":{"type":"LineString","coordinates":[[-95.7187850920698,34.9195157995531],[-95.7159242103165,34.9170880509433],[-95.7151866503491,34.9164522839177]]}},{"type":"Feature","properties":{"name":"SOUTH GEORGE NIGH EXPRESSWAY","type":"EXPRESSWAY","alt":null},"geometry":{"type":"LineString","coordinates":[[-95.743242372467,34.9219538227811],[-95.743717415064,34.9212651389202],[-95.7440447629501,34.9207139219162],[-95.7442195786977,34.9203450391773]]}},{"type":"Feature","properties":{"name":"SOUTH GEORGE NIGH EXPRESSWAY","type":"EXPRESSWAY","alt":null},"geometry":{"type":"LineString","coordinates":[[-95.7778411554165,34.8945002382057],[-95.778145223462,34.8946383616336]]}},{"type":"Feature","properties":{"name":"SOUTH GEORGE NIGH EXPRESSWAY","type":"EXPRESSWAY","alt":null},"geometry":{"type":"LineString","coordinates":[[-95.7629144692795,34.897276268006],[-95.7637270574377,34.897030886945],[-95.7643857641878,34.8968084456482],[-95.7667213470956,34.8960866399038],[-95.7697674165447,34.8951222025674],[-95.770951988079,34.8947653333329],[-95.771756056615,34.8945442246737],[-95.7717606604809,34.8945376081744]]}},{"type":"Feature","properties":{"name":"NORTH UNITED STATES HIGHWAY 69","type":null,"alt":null},"geometry":{"type":"LineString","coordinates":[[-95.7404150939935,34.9274743173609],[-95.740376266112,34.9275401589781],[-95.7401601045052,34.9279066930668]]}},{"type":"Feature","properties":{"name":"SOUTH GEORGE NIGH EXPRESSWAY","type":"EXPRESSWAY","alt":null},"geometry":{"type":"LineString","coordinates":[[-95.7541238559464,34.9001418654896],[-95.7543716616074,34.9000307939013],[-95.7548152730509,34.8998556221829],[-95.7557951185319,34.8995070841591],[-95.7584520449865,34.8986854540855]]}},{"type":"Feature","properties":{"name":"SOUTH GEORGE NIGH EXPRESSWAY","type":"EXPRESSWAY","alt":null},"geometry":{"type":"LineString","coordinates":[[-95.7759287634491,34.8936561162362],[-95.7760568874631,34.8937047878034],[-95.7762683661524,34.8937990671928]]}},{"type":"Feature","properties":{"name":"SOUTH GEORGE NIGH EXPRESSWAY","type":"EXPRESSWAY","alt":null},"geometry":{"type":"LineString","coordinates":[[-95.7762683661524,34.8937990671928],[-95.7777689012232,34.8944576656424]]}},{"type":"Feature","properties":{"name":"SOUTH GEORGE NIGH EXPRESSWAY","type":"EXPRESSWAY","alt":null},"geometry":{"type":"LineString","coordinates":[[-95.7777689012232,34.8944576656424],[-95.7778411554165,34.8945002382057]]}},{"type":"Feature","properties":{"name":"INDIAN NATION TURNPIKE","type":"TURNPIKE","alt":null},"geometry":{"type":"LineString","coordinates":[[-95.8131454060198,34.8625534321151],[-95.8137725603438,34.8633091390114],[-95.8141112072396,34.8637171943058],[-95.8143750559133,34.8640495888358],[-95.8144374259435,34.8641678933445]]}},{"type":"Feature","properties":{"name":"SOUTH GEORGE NIGH EXPRESSWAY","type":"EXPRESSWAY","alt":null},"geometry":{"type":"LineString","coordinates":[[-95.7494952846483,34.9023354657952],[-95.7498651569834,34.9020160732972],[-95.7502846432716,34.9016817509981],[-95.7506940450725,34.9013820652973],[-95.7510486774888,34.9011331711786],[-95.751491137292,34.9008447181376],[-95.7519962950106,34.9005335640769],[-95.7525833413539,34.900206165643],[-95.7530512513274,34.899970375574],[-95.753607709137,34.8997142230628],[-95.7541169182574,34.8994925287394]]}},{"type":"Feature","properties":{"name":"NORTH UNITED STATES HIGHWAY 69","type":null,"alt":null},"geometry":{"type":"LineString","coordinates":[[-95.7401601045052,34.9279066930668],[-95.7391725496824,34.9295997051064]]}},{"type":"Feature","properties":{"name":"NORTH UNITED STATES HIGHWAY 69","type":null,"alt":null},"geometry":{"type":"LineString","coordinates":[[-95.740282364317,34.9274764230385],[-95.740243361264,34.927539675829],[-95.740143570114,34.9277015078]]}},{"type":"Feature","properties":{"name":"NORTH UNITED STATES HIGHWAY 69","type":null,"alt":null},"geometry":{"type":"LineString","coordinates":[[-95.740143570114,34.9277015078],[-95.7395275656793,34.9288056044579],[-95.7391931615266,34.9293143790635],[-95.7390684681786,34.9293722754084]]}},{"type":"Feature","properties":{"name":"SOUTH GEORGE NIGH EXPRESSWAY","type":"EXPRESSWAY","alt":null},"geometry":{"type":"LineString","coordinates":[[-95.7754947783522,34.8927379661525],[-95.775510966892,34.8927391701165],[-95.775891324363,34.8926293057464],[-95.7761140050439,34.8925516690832],[-95.7770689339538,34.8922597044102],[-95.7787666725857,34.8917191770997]]}},{"type":"Feature","properties":{"name":"EAST UNITED STATES HIGHWAY 270","type":null,"alt":null},"geometry":{"type":"LineString","coordinates":[[-95.7253198515699,34.9252488783669],[-95.7251098344396,34.925074991929],[-95.7245728044948,34.924601132962],[-95.7242048949786,34.9242744101531],[-95.7240791119742,34.9240688607912],[-95.7239801885968,34.9239060663623]]}},{"type":"Feature","properties":{"name":"EAST UNITED STATES HIGHWAY 270","type":null,"alt":null},"geometry":{"type":"LineString","coordinates":[[-95.7265483839592,34.9260876407244],[-95.7265472565735,34.9260870073165],[-95.7262315005478,34.9258958143757],[-95.7257997450694,34.9256104570388],[-95.7254230688943,34.9253343391858],[-95.7253198515699,34.9252488783669]]}},{"type":"Feature","properties":{"name":"INDIAN NATION TURNPIKE","type":"TURNPIKE","alt":null},"geometry":{"type":"LineString","coordinates":[[-95.8132670522823,34.8624377323776],[-95.8139099226322,34.8632140234327],[-95.8139102352459,34.8632144081909],[-95.8145505579737,34.8640030984083]]}},{"type":"Feature","properties":{"name":"EAST UNITED STATES HIGHWAY 270","type":null,"alt":null},"geometry":{"type":"LineString","coordinates":[[-95.7403836754164,34.927409998055],[-95.7403274884904,34.9274092497618],[-95.7398276128657,34.9274025887741]]}},{"type":"Feature","properties":{"name":"EAST UNITED STATES HIGHWAY 270","type":null,"alt":null},"geometry":{"type":"LineString","coordinates":[[-95.7398276128657,34.9274025887741],[-95.738828356588,34.9274046421613]]}},{"type":"Feature","properties":{"name":"INDIAN NATION TURNPIKE","type":"TURNPIKE","alt":null},"geometry":{"type":"LineString","coordinates":[[-95.8106680240444,34.8592754049548],[-95.8117337565514,34.8605830809924],[-95.8124704999502,34.8614633650132]]}},{"type":"Feature","properties":{"name":"SOUTH GEORGE NIGH EXPRESSWAY","type":"EXPRESSWAY","alt":null},"geometry":{"type":"LineString","coordinates":[[-95.789401413111,34.8845565472266],[-95.7895208701792,34.8844562360676],[-95.790160081691,34.8838884555185],[-95.7905435626043,34.8834975132113],[-95.7913304840982,34.8827767400982],[-95.7917098201848,34.8823947113594],[-95.7917715739707,34.8823581413138],[-95.7918281534606,34.8823323640866],[-95.7918983954276,34.882324305201],[-95.7919635520318,34.8823359609609],[-95.7921538673113,34.8824488744366]]}},{"type":"Feature","properties":{"name":"EAST UNITED STATES HIGHWAY 270","type":null,"alt":null},"geometry":{"type":"LineString","coordinates":[[-95.7131277521421,34.913119679388],[-95.7117144560618,34.9100592901162],[-95.7115195324249,34.9096577722398],[-95.7112991092104,34.9092608691227],[-95.7111780172084,34.9090661466233],[-95.7110492742552,34.9088760308297],[-95.710912149122,34.9086913962096],[-95.7106164641546,34.9083352415788],[-95.7102930401096,34.9079966015221],[-95.7099414826266,34.9076757061022],[-95.7097538218688,34.9075233754816],[-95.7093571923146,34.9072336085304],[-95.7079436060785,34.9062830230985],[-95.706850673483,34.9055658033611],[-95.7065891954634,34.9054065349453]]}},{"type":"Feature","properties":{"name":"EAST UNITED STATES HIGHWAY 270","type":null,"alt":null},"geometry":{"type":"LineString","coordinates":[[-95.7331587492668,34.9275661680116],[-95.7320198489799,34.9275637507936],[-95.7315785947157,34.927551080652],[-95.7313596923489,34.9275372203118],[-95.7309252356365,34.9274970430617],[-95.7302871542054,34.9274135981109],[-95.729867163064,34.9273418989314],[-95.729241829625,34.9272017955341],[-95.7288272113073,34.9270854650326],[-95.7284149142363,34.9269517570776],[-95.7282117503533,34.9268795927543],[-95.7279667204865,34.9267769661259],[-95.7276224941545,34.9266327917767],[-95.7272433485107,34.9264599467614],[-95.7268846664891,34.9262768247305],[-95.7265483839592,34.9260876407244]]}},{"type":"Feature","properties":{"name":"EAST STATE HIGHWAY 31","type":null,"alt":null},"geometry":{"type":"LineString","coordinates":[[-95.7347676481103,34.9273985431297],[-95.7343825142969,34.9272951423418],[-95.7340372971231,34.9272274408386],[-95.7337412159987,34.9271397658286],[-95.7335258080784,34.9270678093671],[-95.7332555957393,34.9269607167592],[-95.7321913759952,34.9265838856282],[-95.7318627156704,34.926491354809],[-95.7315172855959,34.9264106685683],[-95.7313369218531,34.9263779708463],[-95.7309631993387,34.9263363258835],[-95.730577101633,34.9263221442158],[-95.7303820845713,34.9263248678622],[-95.7299912329811,34.9263476469107],[-95.7297963434802,34.9263684380899],[-95.7296031104727,34.9263960847746],[-95.7292327422676,34.9264715130319],[-95.7286969016922,34.9265969889907],[-95.7282138604959,34.9267160511833],[-95.7279667204865,34.9267769661259],[-95.7270756186741,34.9269965996664],[-95.7266002814298,34.9270952797898],[-95.7265334386878,34.9271050562472]]}},{"type":"Feature","properties":{"name":"EAST UNITED STATES HIGHWAY 270","type":null,"alt":null},"geometry":{"type":"LineString","coordinates":[[-95.7403244018791,34.9275398849972],[-95.740243361264,34.927539675829],[-95.7393962086286,34.9275374780896]]}},{"type":"Feature","properties":{"name":"SOUTH GEORGE NIGH EXPRESSWAY","type":"EXPRESSWAY","alt":null},"geometry":{"type":"LineString","coordinates":[[-95.7541169182574,34.8994925287394],[-95.7541198180192,34.8994910832172],[-95.7543662106302,34.8993857530601],[-95.7546171073942,34.8992880946643],[-95.75563926622,34.8989366639052],[-95.7568010322241,34.8985670990516],[-95.7581871875047,34.8981350241116]]}},{"type":"Feature","properties":{"name":"SOUTH GEORGE NIGH EXPRESSWAY","type":"EXPRESSWAY","alt":null},"geometry":{"type":"LineString","coordinates":[[-95.7581871875047,34.8981350241116],[-95.7605741890811,34.897393012829],[-95.7615956032035,34.8970630872417],[-95.7629185179864,34.8966592497821]]}},{"type":"Feature","properties":{"name":"INDIAN NATION TURNPIKE","type":"TURNPIKE","alt":null},"geometry":{"type":"LineString","coordinates":[[-95.8200958842737,34.8721264450379],[-95.8202197673413,34.8724481809563],[-95.8203023584485,34.8726788924856],[-95.8203934664829,34.872953039064],[-95.8204891586203,34.8732678587378],[-95.8205835095729,34.8736072536701],[-95.8206671274545,34.8739414683822],[-95.8207363354606,34.8742559548384],[-95.8207915342399,34.8745364054723],[-95.8208887238688,34.8751732966135]]}},{"type":"Feature","properties":{"name":"WEST UNITED STATES HIGHWAY 270","type":null,"alt":null},"geometry":{"type":"LineString","coordinates":[[-95.7816362140984,34.9363210093348],[-95.7817140989318,34.9364378230928],[-95.7824279550538,34.9366437892136],[-95.7834054577285,34.9368978749732],[-95.7840139127216,34.9370450292588]]}},{"type":"Feature","properties":{"name":"SOUTH GEORGE NIGH EXPRESSWAY","type":"EXPRESSWAY","alt":null},"geometry":{"type":"LineString","coordinates":[[-95.7449142692631,34.9130201935196],[-95.7449124277168,34.912432665035],[-95.7449308611464,34.9112508300209],[-95.7449868639178,34.9105769177351],[-95.7450331990202,34.9102689645171]]}},{"type":"Feature","properties":{"name":"EAST UNITED STATES HIGHWAY 270","type":null,"alt":null},"geometry":{"type":"LineString","coordinates":[[-95.738828356588,34.9274046421613],[-95.7375697710609,34.9274275903071],[-95.7375281700801,34.9274283481747],[-95.7374733719494,34.9273835573775]]}},{"type":"Feature","properties":{"name":"EAST UNITED STATES HIGHWAY 270","type":null,"alt":null},"geometry":{"type":"LineString","coordinates":[[-95.7151866503491,34.9164522839177],[-95.7149104705015,34.9161933483468],[-95.7146056209217,34.9158695834481],[-95.7144650291898,34.9156983672512],[-95.7143326166186,34.9155205690361],[-95.7142076717424,34.9153367530088],[-95.7140919121399,34.915147361837],[-95.7139867921837,34.9149527011798],[-95.713697679291,34.9143537452493],[-95.7131277521421,34.913119679388]]}},{"type":"Feature","properties":{"name":"SOUTH GEORGE NIGH EXPRESSWAY","type":"EXPRESSWAY","alt":null},"geometry":{"type":"LineString","coordinates":[[-95.7449013146584,34.9167437434603],[-95.7449034203094,34.9159987387865],[-95.7449163371849,34.9136804580539],[-95.7449149115585,34.913225120104]]}},{"type":"Feature","properties":{"name":"WEST STATE HIGHWAY 31","type":null,"alt":null},"geometry":{"type":"LineString","coordinates":[[-95.7818546223917,34.9348070755496],[-95.781856301343,34.9347755793667],[-95.7818836891794,34.9347327286902],[-95.7819834524815,34.9346102057966],[-95.7821639500733,34.9343894076964],[-95.782238040423,34.9343370551818],[-95.7824117979551,34.9341947676422],[-95.782588472317,34.9340773372275],[-95.7827149110915,34.9340181834014],[-95.782911346593,34.9339319959138],[-95.7830357021744,34.9338904409501],[-95.7831829836602,34.9338485501436],[-95.7839308895247,34.9337096656398],[-95.7846180396316,34.9335952598816],[-95.7930965324209,34.932246417314],[-95.7987167135369,34.9313377050712],[-95.8003752856224,34.9310825813323]]}},{"type":"Feature","properties":{"name":"SOUTH GEORGE NIGH EXPRESSWAY","type":"EXPRESSWAY","alt":null},"geometry":{"type":"LineString","coordinates":[[-95.7807429590242,34.8907607335067],[-95.7814014160427,34.8903450203373],[-95.7821036461683,34.8898713256355],[-95.7825507673296,34.8895524653073],[-95.7825789034626,34.8895330405003]]}},{"type":"Feature","properties":{"name":"WEST STATE HIGHWAY 31","type":null,"alt":null},"geometry":{"type":"LineString","coordinates":[[-95.8003752856224,34.9310825813323],[-95.8009041022706,34.9309906992674],[-95.8016484256538,34.9308705525543],[-95.8024064770911,34.9307513306828],[-95.8029841504127,34.9306602694219],[-95.8031709245333,34.9306308264262],[-95.803881295192,34.9305138394267],[-95.804666171222,34.9303898195915],[-95.8053969776551,34.9302733080165],[-95.8061215928993,34.930155005146],[-95.8068455299154,34.9300374636309],[-95.8075704038744,34.9299240617377],[-95.8082974418748,34.9298066340473],[-95.8090345392098,34.9296887127414],[-95.8097843441129,34.9295692659961],[-95.8105394185334,34.9294489021459],[-95.8112912123064,34.929328560214],[-95.8120322550422,34.9292092823376],[-95.8127655902328,34.9290902539593],[-95.8134985211815,34.9289738009313],[-95.8142343851297,34.9288570266256],[-95.8149693642373,34.9287392969171],[-95.8154981278849,34.928648399135],[-95.8164220119169,34.9285074546772],[-95.8171457926262,34.9283919162916],[-95.8178620894708,34.9282634852884],[-95.8181933288588,34.9282116841868]]}},{"type":"Feature","properties":{"name":"SOUTH GEORGE NIGH EXPRESSWAY","type":"EXPRESSWAY","alt":null},"geometry":{"type":"LineString","coordinates":[[-95.7447505090817,34.9189739799335],[-95.7448223293887,34.9186477260246],[-95.744879451461,34.9181743138849],[-95.7449013146584,34.9167437434603]]}},{"type":"Feature","properties":{"name":"SOUTH GEORGE NIGH EXPRESSWAY","type":"EXPRESSWAY","alt":null},"geometry":{"type":"LineString","coordinates":[[-95.7454187433637,34.9191968502795],[-95.7455142091256,34.918638737445],[-95.7455739354139,34.9180648945589],[-95.7455937531474,34.9170078872836]]}},{"type":"Feature","properties":{"name":"SOUTH GEORGE NIGH EXPRESSWAY","type":"EXPRESSWAY","alt":null},"geometry":{"type":"LineString","coordinates":[[-95.7449440852457,34.9204967596964],[-95.7450517321628,34.9202842395214],[-95.7451491840998,34.9200330125142],[-95.7454187433637,34.9191968502795]]}},{"type":"Feature","properties":{"name":"SOUTH GEORGE NIGH EXPRESSWAY","type":"EXPRESSWAY","alt":null},"geometry":{"type":"LineString","coordinates":[[-95.7442195786977,34.9203450391773],[-95.7443115033007,34.9201510640757],[-95.7447146411491,34.9191077922242],[-95.7447505090817,34.9189739799335]]}},{"type":"Feature","properties":{"name":"EAST UNITED STATES HIGHWAY 270","type":null,"alt":null},"geometry":{"type":"LineString","coordinates":[[-95.7374733719494,34.9273835573775],[-95.7374191846732,34.9274253491106],[-95.7347676481103,34.9273985431297]]}},{"type":"Feature","properties":{"name":"INDIAN NATION TURNPIKE","type":"TURNPIKE","alt":null},"geometry":{"type":"LineString","coordinates":[[-95.8144374259435,34.8641678933445],[-95.8145905231224,34.8643410471149],[-95.8184198363627,34.8689869055604],[-95.8186548006067,34.8693647476376],[-95.8187032943607,34.8694379434958]]}},{"type":"Feature","properties":{"name":"INDIAN NATION TURNPIKE","type":"TURNPIKE","alt":null},"geometry":{"type":"LineString","coordinates":[[-95.8188982889645,34.8694404818236],[-95.8189295503364,34.8694864024022],[-95.8189320242967,34.8694905105994],[-95.8192061595787,34.8699457387045],[-95.8194613556795,34.8704001078717],[-95.8198163887444,34.8710842500991],[-95.8201224106258,34.8717572578105],[-95.8203033322223,34.8721881507513],[-95.8204671750486,34.8726230440834]]}},{"type":"Feature","properties":{"name":"INDIAN NATION TURNPIKE","type":"TURNPIKE","alt":null},"geometry":{"type":"LineString","coordinates":[[-95.8145505579737,34.8640030984083],[-95.8150418681622,34.8645890760623],[-95.8166931315545,34.8666164411497],[-95.8173506525284,34.8674083196375],[-95.8179506804258,34.8681465914514],[-95.8183596043229,34.8686729546745],[-95.8186799139088,34.8691197195472],[-95.8188982889645,34.8694404818236]]}},{"type":"Feature","properties":{"name":"SOUTH GEORGE NIGH EXPRESSWAY","type":"EXPRESSWAY","alt":null},"geometry":{"type":"LineString","coordinates":[[-95.7803578620417,34.8935045354748],[-95.7804439574768,34.8934183776485],[-95.7814895596366,34.8924030210505],[-95.7818466273857,34.8920733436262],[-95.7822091362304,34.8917150854868],[-95.7824061215008,34.8915435927146],[-95.7829676323338,34.8910039006853],[-95.7832998463938,34.8907024761394],[-95.7837047386519,34.8903159799325]]}},{"type":"Feature","properties":{"name":"SOUTH GEORGE NIGH EXPRESSWAY","type":"EXPRESSWAY","alt":null},"geometry":{"type":"LineString","coordinates":[[-95.7837047386519,34.8903159799325],[-95.7848150913774,34.8892575720448],[-95.784895973889,34.8891937150111],[-95.7850587953308,34.8890220290784],[-95.785381815134,34.8887167177141],[-95.7857099724022,34.8883869820231],[-95.7862114596045,34.8879277686602],[-95.7864063688683,34.8877403052795],[-95.7865474133511,34.8876171676899],[-95.7870555229337,34.8871293749324],[-95.7874839348826,34.8867498305336],[-95.7877658980839,34.8865220883154],[-95.7881047920165,34.8862734019199],[-95.78887920986,34.8857373618984],[-95.7889078975586,34.8857152310917]]}},{"type":"Feature","properties":{"name":"SOUTH GEORGE NIGH EXPRESSWAY","type":"EXPRESSWAY","alt":null},"geometry":{"type":"LineString","coordinates":[[-95.7825789034626,34.8895330405003],[-95.7834477989211,34.8889332131392],[-95.7849253227476,34.8879337320942],[-95.7855172181968,34.8875194636178],[-95.7871426011257,34.8863205996841],[-95.7871462132515,34.8862943859942]]}},{"type":"Feature","properties":{"name":"EAST UNITED STATES HIGHWAY 270","type":null,"alt":null},"geometry":{"type":"LineString","coordinates":[[-95.7228172224434,34.9229316190294],[-95.7221827082223,34.9224069166425],[-95.7209400363504,34.9213589624089],[-95.7187850920698,34.9195157995531]]}},{"type":"Feature","properties":{"name":"SOUTH GEORGE NIGH EXPRESSWAY","type":"EXPRESSWAY","alt":null},"geometry":{"type":"LineString","coordinates":[[-95.7442631173445,34.9223461435569],[-95.744846918973,34.9207098214359]]}},{"type":"Feature","properties":{"name":"SOUTH GEORGE NIGH EXPRESSWAY","type":"EXPRESSWAY","alt":null},"geometry":{"type":"LineString","coordinates":[[-95.7462001294389,34.9083346809652],[-95.7462108113059,34.9082819744273],[-95.746267548001,34.908111280183],[-95.7464682594832,34.9075658219293],[-95.7466947310545,34.9070336087196],[-95.7469676383395,34.9064571165802],[-95.7471690226599,34.9060861431086],[-95.747280652707,34.905904700975],[-95.7475207571111,34.9055473474245],[-95.7480226063345,34.9048465676103],[-95.748291321182,34.9045046509935],[-95.7486879821772,34.9040287290654],[-95.7489590030001,34.9037272388573],[-95.7493989070964,34.9032811851759],[-95.7497047681793,34.9029931839265],[-95.7501925668533,34.9025655894994],[-95.7507039489985,34.902153057618],[-95.7512028912736,34.9017822827768],[-95.7518109096854,34.901371798789],[-95.7521740949615,34.9011436778955],[-95.7527053002301,34.9008333773842],[-95.7531042519292,34.9006237039383],[-95.7535979965521,34.9003761683016],[-95.7541238559464,34.9001418654896]]}},{"type":"Feature","properties":{"name":"INDIAN NATION TURNPIKE","type":"TURNPIKE","alt":null},"geometry":{"type":"LineString","coordinates":[[-95.8072676725219,34.8553614599137],[-95.8077850868542,34.855985325236],[-95.8078653055108,34.8560820465752],[-95.80855706667,34.856928380349],[-95.8105181131898,34.8593829890368]]}},{"type":"Feature","properties":{"name":"INDIAN NATION TURNPIKE","type":"TURNPIKE","alt":null},"geometry":{"type":"LineString","coordinates":[[-95.8072831010869,34.8551557874674],[-95.8079058536661,34.8559108723577],[-95.8085360074648,34.8566749154561],[-95.8088982180688,34.857095321268],[-95.8092229267047,34.8574875840279],[-95.8099741096234,34.8584312212042],[-95.8106680240444,34.8592754049548]]}},{"type":"Feature","properties":{"name":"WEST UNITED STATES HIGHWAY 270","type":null,"alt":null},"geometry":{"type":"LineString","coordinates":[[-95.7845887195191,34.9374302008884],[-95.7851334525175,34.9376339081347],[-95.7857370521164,34.9378809374445],[-95.7862655759139,34.938110863558],[-95.786831372609,34.9383750151877],[-95.7884202515982,34.9391624161899],[-95.7892687606897,34.9395676425648],[-95.7901535356675,34.9399679205639],[-95.7908252482263,34.9402574614879],[-95.7916535937329,34.9406021040411],[-95.7922048233474,34.9408422973538],[-95.7925068315561,34.9409610524169],[-95.793325621683,34.9412554249365],[-95.7954515503799,34.9420027930863]]}},{"type":"Feature","properties":{"name":"NORTH GEORGE NIGH EXPRESSWAY","type":"EXPRESSWAY","alt":null},"geometry":{"type":"LineString","coordinates":[[-95.7388695524286,34.9312121759715],[-95.7381974500011,34.9322817823837],[-95.7375551213352,34.9331217049376]]}},{"type":"Feature","properties":{"name":"NORTH GEORGE NIGH EXPRESSWAY","type":"EXPRESSWAY","alt":null},"geometry":{"type":"LineString","coordinates":[[-95.7395555859297,34.9300895301873],[-95.7390364234758,34.9309391046285]]}},{"type":"Feature","properties":{"name":"SOUTH GEORGE NIGH EXPRESSWAY","type":"EXPRESSWAY","alt":null},"geometry":{"type":"LineString","coordinates":[[-95.7717606604809,34.8945376081744],[-95.7718156194099,34.8945289551482],[-95.7750786823059,34.8936990701465],[-95.7752457141515,34.8936614853841],[-95.7753986604134,34.8936340745062],[-95.7755368482536,34.8936208929373],[-95.775659859057,34.8936199623435],[-95.7757617019591,34.8936285344161],[-95.7759287634491,34.8936561162362]]}},{"type":"Feature","properties":{"name":"NORTH UNITED STATES HIGHWAY 69","type":null,"alt":null},"geometry":{"type":"LineString","coordinates":[[-95.7390684681786,34.9293722754084],[-95.7390418528934,34.9295681450589],[-95.7382224644885,34.9309431861856],[-95.7373816386876,34.9323508922553],[-95.736789035366,34.9334121685059],[-95.7367890147047,34.9334122038557]]}},{"type":"Feature","properties":{"name":"NORTH UNITED STATES HIGHWAY 69","type":null,"alt":null},"geometry":{"type":"LineString","coordinates":[[-95.7391725496824,34.9295997051064],[-95.738974464874,34.929949881475],[-95.7385068782939,34.9307046629408],[-95.7378415545535,34.9318728553425],[-95.7370253165402,34.9332359022026]]}},{"type":"Feature","properties":{"name":"SOUTH GEORGE NIGH EXPRESSWAY","type":"EXPRESSWAY","alt":null},"geometry":{"type":"LineString","coordinates":[[-95.7456462479976,34.9130306670401],[-95.7456242734091,34.9130064758428],[-95.7456211032545,34.912808079027],[-95.7456370869784,34.9120091720593],[-95.7456395375824,34.9113787476829],[-95.7456569101017,34.9110373385665],[-95.7457060443545,34.9105458365674],[-95.7457766914617,34.9100096263759],[-95.7458325100785,34.9096956995996],[-95.7459124448675,34.9093385489259],[-95.7460171704633,34.9089020317815],[-95.7461069930085,34.9086042155981],[-95.7462001294389,34.9083346809652]]}},{"type":"Feature","properties":{"name":"INDIAN NATION TURNPIKE","type":"TURNPIKE","alt":null},"geometry":{"type":"LineString","coordinates":[[-95.8187032943607,34.8694379434958],[-95.8187395252128,34.8694926280823],[-95.8190342741356,34.8699375031927],[-95.8191874665359,34.870184205572],[-95.8193521753382,34.8704733853543],[-95.819523045685,34.8707945690827],[-95.8196899239187,34.8711275039805],[-95.8198398248919,34.8714494354309],[-95.8199511252573,34.8717166523323],[-95.8200259854631,34.8719109607322],[-95.8200958842737,34.8721264450379]]}},{"type":"Feature","properties":{"name":"INDIAN NATION TURNPIKE","type":"TURNPIKE","alt":null},"geometry":{"type":"LineString","coordinates":[[-95.8069652564782,34.8549968208786],[-95.8072676725219,34.8553614599137]]}},{"type":"Feature","properties":{"name":"INDIAN NATION TURNPIKE","type":"TURNPIKE","alt":null},"geometry":{"type":"LineString","coordinates":[[-95.8071462364652,34.8549898377765],[-95.8072831010869,34.8551557874674]]}},{"type":"Feature","properties":{"name":"INDIAN NATION TURNPIKE","type":"TURNPIKE","alt":null},"geometry":{"type":"LineString","coordinates":[[-95.7809781819831,34.7965107010265],[-95.7810276108833,34.7966016734089],[-95.7818594032256,34.7981087889872],[-95.7823400593948,34.798999976877],[-95.7836778826182,34.8014548449572],[-95.7844708452825,34.8028956995049],[-95.7848819754419,34.8036165167546],[-95.7852956110027,34.804327049076],[-95.7859043121342,34.8053356655805],[-95.7863455879579,34.8060478869306],[-95.7884621553112,34.8093745678105],[-95.7886273456105,34.8096341909827],[-95.7895377980324,34.8110587907261],[-95.7896384901926,34.8112088624908],[-95.7896630456409,34.8112454619548],[-95.7912921736463,34.8138081355814],[-95.7915704330938,34.814252973977],[-95.7918367269817,34.8147030124322],[-95.7920970093437,34.8151571453265],[-95.7924737160614,34.8158494354301],[-95.7927132446454,34.8163157994246],[-95.7929446201199,34.816783701418],[-95.7931640821371,34.8172526192367],[-95.7933757701338,34.8177231775192],[-95.7936773121168,34.8184409129259],[-95.7938701732217,34.8189291403788],[-95.794054308092,34.8194243045974],[-95.7942235542848,34.819913624319],[-95.7943730932369,34.8203662424922],[-95.7944963582636,34.8207656854923],[-95.7947397738578,34.8216214553747],[-95.7948753646685,34.8221603690173],[-95.7949454009213,34.8223465578743],[-95.7949722174291,34.8224346094614],[-95.7950613617464,34.8228244593137],[-95.7951793931882,34.8232893767821],[-95.795220743539,34.8235557833292],[-95.7952307354999,34.823595826314],[-95.7970715353323,34.8309719783504],[-95.7984409208633,34.8364885237526],[-95.7992280390883,34.8396590682543],[-95.7993769582028,34.8402372388759],[-95.7993914920458,34.8402936666601],[-95.7994925435321,34.8407123402344],[-95.7998104465314,34.8419973813333],[-95.7999208449882,34.8424306560055],[-95.8000391360431,34.8428654523281],[-95.8002328451577,34.8435204724826],[-95.8004427535919,34.8441757896989],[-95.8006746743437,34.8448358893956],[-95.8008395331646,34.8452791483866],[-95.8010151816504,34.8457225347447],[-95.801294464279,34.8463864173244],[-95.8015923725767,34.847041481705],[-95.8017957924795,34.8474711240516],[-95.8021111999589,34.8480993140226],[-95.8024390464101,34.8487147992011],[-95.8027722836512,34.8493022201144],[-95.8030994042636,34.8498543623432],[-95.8035062207131,34.85051042751],[-95.8038515259218,34.8510357793807],[-95.8039168720705,34.851130533073],[-95.804140583119,34.8514549246637],[-95.8045106827278,34.8519692060865],[-95.8049736429842,34.8525894001748],[-95.8053418507411,34.8530655087158],[-95.8057675839138,34.8535972694548],[-95.8058308073435,34.8536829987088],[-95.8063141701366,34.8542255541928],[-95.8065876999541,34.8545415778441],[-95.8069652564782,34.8549968208786]]}},{"type":"Feature","properties":{"name":"INDIAN NATION TURNPIKE","type":"TURNPIKE","alt":null},"geometry":{"type":"LineString","coordinates":[[-95.7811627300784,34.7965105888988],[-95.7845619587068,34.8027336342874],[-95.7849254062909,34.803378371107],[-95.7853866283073,34.8041656062682],[-95.7861890942489,34.805497925572],[-95.7868097717197,34.8064843903769],[-95.7886024964131,34.8092973002562],[-95.7894633133223,34.8106479032161],[-95.7898162066002,34.8112085040412],[-95.7898262964775,34.8112245295386],[-95.7914354926634,34.8137405124122],[-95.7918282837163,34.814378810111],[-95.7923210312092,34.8152339552898],[-95.7927750855679,34.8160874705529],[-95.7931909471539,34.8169318636951],[-95.7936600455987,34.8179728728464],[-95.7939896356798,34.8187897724881],[-95.7942050579731,34.8193639723166],[-95.7943305364487,34.8197219874021],[-95.7945852815952,34.8204956939415],[-95.7947700749306,34.8211144681004],[-95.7948907051986,34.8215508261028],[-95.7950257731897,34.8220968750666],[-95.7951033957151,34.8224778653223],[-95.7953183940036,34.8233641003149],[-95.7954000751175,34.8235999227914],[-95.7954093475279,34.8236266918463],[-95.7985975430314,34.8364579800905],[-95.7992951809692,34.8392651714329],[-95.7995830523902,34.8402443352982],[-95.8012048492446,34.8457602697064],[-95.8014829011812,34.8464178589414],[-95.8019762855797,34.8474774892595],[-95.8022848362185,34.8480854152083],[-95.8024955962555,34.8484808223977],[-95.8028125793799,34.8490494770475],[-95.8031229464123,34.8495800023807],[-95.8035871714966,34.8503282448846],[-95.8039793993059,34.8509253579772],[-95.8040643880166,34.8510485520017],[-95.8042685607076,34.8513445016111],[-95.8047637156855,34.8520326239245],[-95.8051054770404,34.8524847537204],[-95.8055120410633,34.8529997916838],[-95.806241322157,34.8538775015754],[-95.806864527487,34.8546482591969],[-95.8071462364652,34.8549898377765]]}},{"type":"Feature","properties":{"name":"OLD HIGHWAY 69","type":null,"alt":null},"geometry":{"type":"LineString","coordinates":[[-95.8182199064148,34.8613496612874],[-95.8177095438574,34.8618759714559],[-95.81700035628,34.8625809941438],[-95.8165916416903,34.8630120811139],[-95.8160534960379,34.8634981897703],[-95.8154149816188,34.8640003137286]]}},{"type":"Feature","properties":{"name":"SOUTH GEORGE NIGH EXPRESSWAY","type":"EXPRESSWAY","alt":null},"geometry":{"type":"LineString","coordinates":[[-95.7629185179864,34.8966592497821],[-95.763177411553,34.8965780980392],[-95.7656894433455,34.8957866095986],[-95.7660718283142,34.8956749684735],[-95.7664751619953,34.8955386195174],[-95.7668787076788,34.8954268211177],[-95.7670591459817,34.8953587050373],[-95.7674069053878,34.8952415889243],[-95.7691617346509,34.8946971769167],[-95.7718238129437,34.8938634165202]]}},{"type":"Feature","properties":{"name":"INDIAN NATION TURNPIKE","type":"TURNPIKE","alt":null},"geometry":{"type":"LineString","coordinates":[[-95.8105181131898,34.8593829890368],[-95.8106975453796,34.8595789180172],[-95.8125892060268,34.8618822810042],[-95.8126627025901,34.8619717733442]]}},{"type":"Feature","properties":{"name":"SOUTH GEORGE NIGH EXPRESSWAY","type":"EXPRESSWAY","alt":null},"geometry":{"type":"LineString","coordinates":[[-95.7455977156161,34.9167965388512],[-95.7456089625234,34.9161966778225],[-95.7456019628507,34.915636218358],[-95.7456132546739,34.9151362690898],[-95.7456189320265,34.9132535793062],[-95.7456208723875,34.9131733721234]]}},{"type":"Feature","properties":{"name":"EAST UNITED STATES HIGHWAY 270","type":null,"alt":null},"geometry":{"type":"LineString","coordinates":[[-95.7263243531105,34.9257438858274],[-95.7260860785746,34.9255880814016],[-95.7257220452889,34.9253275623947],[-95.7253695903888,34.9250506370892],[-95.725328288547,34.9250162263919]]}},{"type":"Feature","properties":{"name":"EAST UNITED STATES HIGHWAY 270","type":null,"alt":null},"geometry":{"type":"LineString","coordinates":[[-95.7347676481103,34.9273985431297],[-95.7319657730947,34.9273762291103],[-95.731726598447,34.9273713593106],[-95.7312462755528,34.927349521069],[-95.7307590194612,34.9273121807631],[-95.7302726544984,34.9272507285653],[-95.7298053571758,34.927168606138],[-95.7293596814038,34.9270698406674],[-95.7291443183992,34.9270133523828],[-95.7287262703138,34.9268892079409],[-95.7282138604959,34.9267160511833],[-95.7281298374741,34.9266876570432],[-95.72736606826,34.9263472307777],[-95.7271770654192,34.9262521925796],[-95.7269923143046,34.926154032162],[-95.7266298135447,34.9259426991811],[-95.7265326903912,34.9258794849316],[-95.7263243531105,34.9257438858274]]}},{"type":"Feature","properties":{"name":"EAST UNITED STATES HIGHWAY 270","type":null,"alt":null},"geometry":{"type":"LineString","coordinates":[[-95.7393962086286,34.9275374780896],[-95.7388692083739,34.9275467440944]]}},{"type":"Feature","properties":{"name":"EAST UNITED STATES HIGHWAY 270","type":null,"alt":null},"geometry":{"type":"LineString","coordinates":[[-95.7388692083739,34.9275467440944],[-95.7382098665149,34.9275583330434]]}},{"type":"Feature","properties":{"name":"EAST UNITED STATES HIGHWAY 270","type":null,"alt":null},"geometry":{"type":"LineString","coordinates":[[-95.7374582101841,34.9275595129287],[-95.7331587492668,34.9275661680116]]}},{"type":"Feature","properties":{"name":"WEST UNITED STATES HIGHWAY 270","type":null,"alt":null},"geometry":{"type":"LineString","coordinates":[[-95.7846819682388,34.9372272302933],[-95.7849960569914,34.9373303969003],[-95.7857176206585,34.9375872995396],[-95.7862625971004,34.9377907920988],[-95.7870330812212,34.9381118054301],[-95.78763603044,34.9383891969811],[-95.7905265592926,34.9398323521101],[-95.7908353488833,34.9399865138309],[-95.7916775625813,34.9403771054872],[-95.7923800334554,34.9406751841444],[-95.7930767748746,34.94095550742],[-95.7943206199462,34.9414167806559],[-95.7959850445558,34.9420056200414],[-95.7960086334168,34.9420136281513],[-95.7960086792309,34.9420136428789]]}},{"type":"Feature","properties":{"name":"WEST UNITED STATES HIGHWAY 270","type":null,"alt":null},"geometry":{"type":"LineString","coordinates":[[-95.7816321483234,34.9365116794191],[-95.781966161709,34.9366019381074],[-95.7822874333905,34.9366777502328],[-95.7830610544284,34.9369033090444],[-95.783680996179,34.9371010820383],[-95.7840090025303,34.937215527092]]}},{"type":"Feature","properties":{"name":"SOUTH GEORGE NIGH EXPRESSWAY","type":"EXPRESSWAY","alt":null},"geometry":{"type":"LineString","coordinates":[[-95.7584520449865,34.8986854540855],[-95.7594725284543,34.8983525711385],[-95.759953157674,34.8981972031984],[-95.7600119820538,34.8981399774275],[-95.7606887233815,34.8979108160744],[-95.7607759183545,34.8979262905311],[-95.7625871330714,34.897375874626],[-95.7629144692795,34.897276268006]]}},{"type":"Feature","properties":{"name":"SOUTH GEORGE NIGH EXPRESSWAY","type":"EXPRESSWAY","alt":null},"geometry":{"type":"LineString","coordinates":[[-95.7421962942001,34.9235129678883],[-95.743242372467,34.9219538227811]]}},{"type":"Feature","properties":{"name":"SOUTH GEORGE NIGH EXPRESSWAY","type":"EXPRESSWAY","alt":null},"geometry":{"type":"LineString","coordinates":[[-95.7410233783067,34.9252729679977],[-95.7421962942001,34.9235129678883]]}},{"type":"Feature","properties":{"name":"SOUTH GEORGE NIGH EXPRESSWAY","type":"EXPRESSWAY","alt":null},"geometry":{"type":"LineString","coordinates":[[-95.744846918973,34.9207098214359],[-95.7448725407215,34.9206380081229],[-95.7449440852457,34.9204967596964]]}},{"type":"Feature","properties":{"name":"SOUTH GEORGE NIGH EXPRESSWAY","type":"EXPRESSWAY","alt":null},"geometry":{"type":"LineString","coordinates":[[-95.7455937531474,34.9170078872836],[-95.7455977156161,34.9167965388512]]}},{"type":"Feature","properties":{"name":"SOUTH GEORGE NIGH EXPRESSWAY","type":"EXPRESSWAY","alt":null},"geometry":{"type":"LineString","coordinates":[[-95.7456208723875,34.9131733721234],[-95.7456238556925,34.9130499713748],[-95.7456462479976,34.9130306670401]]}},{"type":"Feature","properties":{"name":"SOUTH GEORGE NIGH EXPRESSWAY","type":"EXPRESSWAY","alt":null},"geometry":{"type":"LineString","coordinates":[[-95.7449149115585,34.913225120104],[-95.7449142692631,34.9130201935196]]}},{"type":"Feature","properties":{"name":"SOUTH GEORGE NIGH EXPRESSWAY","type":"EXPRESSWAY","alt":null},"geometry":{"type":"LineString","coordinates":[[-95.7450331990202,34.9102689645171],[-95.7450973575961,34.9098425520201],[-95.7451913995283,34.9093642594829],[-95.7452833106565,34.9089800706846],[-95.7454222638613,34.9084468537081],[-95.7455033305275,34.9081829224954]]}},{"type":"Feature","properties":{"name":"SOUTH GEORGE NIGH EXPRESSWAY","type":"EXPRESSWAY","alt":null},"geometry":{"type":"LineString","coordinates":[[-95.7455033305275,34.9081829224954],[-95.7455126047345,34.9081572292488],[-95.7456435162209,34.9077945717925],[-95.7458712103993,34.9072339938193],[-95.7461144966361,34.9066947717538],[-95.7463798131569,34.9061795161433],[-95.7465840271705,34.9058176485377],[-95.7467516384295,34.9055357354763]]}},{"type":"Feature","properties":{"name":"SOUTH GEORGE NIGH EXPRESSWAY","type":"EXPRESSWAY","alt":null},"geometry":{"type":"LineString","coordinates":[[-95.7467516384295,34.9055357354763],[-95.7468708412744,34.9053352423565],[-95.7470399976357,34.905069817409],[-95.7472255509458,34.904807345818],[-95.747419728981,34.9045474887235],[-95.7477356655681,34.9041496377963],[-95.7481896444683,34.9036185090018],[-95.7486786414949,34.9030965180835],[-95.7489852418912,34.9027965406432],[-95.7494621790352,34.9023667526727],[-95.7494683217151,34.9023512532669],[-95.7494952846483,34.9023354657952]]}},{"type":"Feature","properties":{"name":"EAST STATE HIGHWAY 31","type":null,"alt":null},"geometry":{"type":"LineString","coordinates":[[-95.5686483237384,35.0648758259469],[-95.5686392471608,35.0653860603715]]}},{"type":"Feature","properties":{"name":"EAST UNITED STATES HIGHWAY 270","type":null,"alt":null},"geometry":{"type":"LineString","coordinates":[[-95.6472314904208,34.8941889915872],[-95.6469906377201,34.894186765693],[-95.6467084580247,34.8941834250095],[-95.6464231180561,34.8941784486139],[-95.6462249766539,34.8941734353777]]}},{"type":"Feature","properties":{"name":"EAST UNITED STATES HIGHWAY 270","type":null,"alt":null},"geometry":{"type":"LineString","coordinates":[[-95.5978375481666,34.872491372949],[-95.5978365761895,34.8712822539002],[-95.5978392684404,34.8702557549312]]}},{"type":"Feature","properties":{"name":"STATE HIGHWAY 113","type":null,"alt":null},"geometry":{"type":"LineString","coordinates":[[-95.7718137356428,35.0504782769192],[-95.7718091542349,35.051155010683],[-95.771810921221,35.0515655998899]]}},{"type":"Feature","properties":{"name":"HIGHWAY 270","type":null,"alt":null},"geometry":{"type":"LineString","coordinates":[[-95.5183820355967,34.863921142695],[-95.5183798724536,34.864282630976],[-95.5183934262346,34.8651622990143],[-95.5183937370516,34.867582480023],[-95.5183938655107,34.868576431663],[-95.5183977740805,34.8689491444],[-95.5184368813381,34.8691185837811]]}},{"type":"Feature","properties":{"name":"NORTH UNITED STATES HIGHWAY 69","type":null,"alt":null},"geometry":{"type":"LineString","coordinates":[[-95.6562354302776,35.159564878008],[-95.6559976453236,35.1599806021683],[-95.6549770324984,35.161725768537],[-95.6505504941044,35.1693838147887]]}},{"type":"Feature","properties":{"name":"NORTH UNITED STATES HIGHWAY 69","type":null,"alt":null},"geometry":{"type":"LineString","coordinates":[[-95.7235939875848,34.9708688552266],[-95.723587358018,34.9709269585255],[-95.7235873328652,34.9709271962916],[-95.7235809144024,34.970984991852]]}},{"type":"Feature","properties":{"name":"NORTH UNITED STATES HIGHWAY 69","type":null,"alt":null},"geometry":{"type":"LineString","coordinates":[[-95.7248596185987,34.9607818831494],[-95.7247327100052,34.9620403091925],[-95.7245412709333,34.9639741997592],[-95.7245334142679,34.9640592388845]]}},{"type":"Feature","properties":{"name":"NORTH GEORGE NIGH EXPRESSWAY","type":"EXPRESSWAY","alt":null},"geometry":{"type":"LineString","coordinates":[[-95.7296933812773,34.9418940027398],[-95.7296473309409,34.9419910537476],[-95.7295059639629,34.9422098851418],[-95.7293348331047,34.9424399463936],[-95.72885212698,34.9430519364903],[-95.7287887705997,34.9431322632156]]}},{"type":"Feature","properties":{"name":"SOUTH GEORGE NIGH EXPRESSWAY","type":"EXPRESSWAY","alt":null},"geometry":{"type":"LineString","coordinates":[[-95.7787666725857,34.8917191770997],[-95.778772947318,34.8917174904975],[-95.778782418256,34.8917140841358],[-95.7790788838593,34.8916044784959],[-95.7794143965331,34.8914686658285],[-95.7796747139294,34.8913502554496],[-95.7799503520929,34.8912100928321],[-95.7803690577451,34.8909840378041],[-95.7806351531053,34.8908287951894],[-95.7807429590242,34.8907607335067]]}},{"type":"Feature","properties":{"name":"SOUTH GEORGE NIGH EXPRESSWAY","type":"EXPRESSWAY","alt":null},"geometry":{"type":"LineString","coordinates":[[-95.7787917310905,34.8949771628749],[-95.7788622389589,34.8950101597203],[-95.7789094768681,34.8950196939082],[-95.7789488140944,34.8950144979969],[-95.7789932753111,34.8949956874988],[-95.7790387839633,34.8949606224495],[-95.7791403744388,34.8948509135681],[-95.779519267656,34.8943945199835],[-95.7798394101553,34.8940373440227],[-95.7800885516111,34.8937740333125],[-95.7803578620417,34.8935045354748]]}},{"type":"Feature","properties":{"name":"NORTH UNITED STATES HIGHWAY 69","type":null,"alt":null},"geometry":{"type":"LineString","coordinates":[[-95.7202596685239,35.0000952921914],[-95.7198525646135,35.0022788559666],[-95.7194563312164,35.0043514009765]]}},{"type":"Feature","properties":{"name":"UNITED STATES HIGHWAY 69 BUSINESS","type":null,"alt":null},"geometry":{"type":"LineString","coordinates":[[-95.7202964132123,34.9999950310216],[-95.7202783678548,34.9999949905495],[-95.7200719736301,34.999994525488],[-95.7200632554803,34.9999945070916]]}},{"type":"Feature","properties":{"name":"NORTH UNITED STATES HIGHWAY 69","type":null,"alt":null},"geometry":{"type":"LineString","coordinates":[[-95.7223906223965,34.9852625994083],[-95.7223753681046,34.985428756922],[-95.7223734016925,34.9854501682766]]}},{"type":"Feature","properties":{"name":"NORTH UNITED STATES HIGHWAY 69","type":null,"alt":null},"geometry":{"type":"LineString","coordinates":[[-95.7235809144024,34.970984991852],[-95.7235509151635,34.971255067078],[-95.7235508891124,34.9712553063155]]}},{"type":"Feature","properties":{"name":"EAST UNITED STATES HIGHWAY 270","type":null,"alt":null},"geometry":{"type":"LineString","coordinates":[[-95.7382098665149,34.9275583330434],[-95.7377168082049,34.9275591071129],[-95.7374582101841,34.9275595129287]]}},{"type":"Feature","properties":{"name":"WEST UNITED STATES HIGHWAY 270","type":null,"alt":null},"geometry":{"type":"LineString","coordinates":[[-95.7954515503799,34.9420027930863],[-95.7965161546029,34.9423770335153]]}},{"type":"Feature","properties":{"name":"WEST UNITED STATES HIGHWAY 270","type":null,"alt":null},"geometry":{"type":"LineString","coordinates":[[-95.7960086792309,34.9420136428789],[-95.7960087241467,34.9420136576064],[-95.7966087673154,34.9422173424225]]}},{"type":"Feature","properties":{"name":"WEST UNITED STATES HIGHWAY 270","type":null,"alt":null},"geometry":{"type":"LineString","coordinates":[[-95.7840090025303,34.937215527092],[-95.7840936112536,34.9372450472577],[-95.7845887195191,34.9374302008884]]}},{"type":"Feature","properties":{"name":"WEST UNITED STATES HIGHWAY 270","type":null,"alt":null},"geometry":{"type":"LineString","coordinates":[[-95.7840139127216,34.9370450292588],[-95.7842386819855,34.9370993890042],[-95.7846819682388,34.9372272302933]]}},{"type":"Feature","properties":{"name":"NORTH UNITED STATES HIGHWAY 69","type":null,"alt":null},"geometry":{"type":"LineString","coordinates":[[-95.7297782190711,34.9422667834325],[-95.7290164252522,34.9432608616583]]}},{"type":"Feature","properties":{"name":"NORTH UNITED STATES HIGHWAY 69","type":null,"alt":null},"geometry":{"type":"LineString","coordinates":[[-95.7351105754784,34.9358880814652],[-95.7339161161879,34.9374126063627]]}},{"type":"Feature","properties":{"name":"NORTH UNITED STATES HIGHWAY 69","type":null,"alt":null},"geometry":{"type":"LineString","coordinates":[[-95.734989687394,34.9357634872357],[-95.7339272606873,34.9371397382928],[-95.7339200517071,34.9371490783281]]}},{"type":"Feature","properties":{"name":"INDIAN NATION TURNPIKE","type":"TURNPIKE","alt":null},"geometry":{"type":"LineString","coordinates":[[-95.8126627025901,34.8619717733442],[-95.8127468810204,34.8620732080013],[-95.8129875971772,34.8623632720718]]}},{"type":"Feature","properties":{"name":"INDIAN NATION TURNPIKE","type":"TURNPIKE","alt":null},"geometry":{"type":"LineString","coordinates":[[-95.8124704999502,34.8614633650132],[-95.8128218023117,34.8619000627239],[-95.8131090386238,34.8622469212133]]}},{"type":"Feature","properties":{"name":"NORTH GEORGE NIGH EXPRESSWAY","type":"EXPRESSWAY","alt":null},"geometry":{"type":"LineString","coordinates":[[-95.7294126855988,34.9434847035712],[-95.7285258606655,34.9446086946924],[-95.7279472512994,34.9453609636018],[-95.7279204716225,34.9453957825378]]}},{"type":"Feature","properties":{"name":"NORTH GEORGE NIGH EXPRESSWAY","type":"EXPRESSWAY","alt":null},"geometry":{"type":"LineString","coordinates":[[-95.7279204716225,34.9453957825378],[-95.7275553495786,34.9458704815796],[-95.7273583050193,34.946158227818],[-95.7271722908735,34.9464570608245],[-95.7270170934334,34.9467388981214]]}},{"type":"Feature","properties":{"name":"INDIAN NATION TURNPIKE","type":"TURNPIKE","alt":null},"geometry":{"type":"LineString","coordinates":[[-95.8981488553939,35.1422283321809],[-95.8989609521737,35.1436581127967],[-95.8990804784121,35.1438769056439]]}},{"type":"Feature","properties":{"name":"INDIAN NATION TURNPIKE","type":"TURNPIKE","alt":null},"geometry":{"type":"LineString","coordinates":[[-95.8995780265019,35.1443403555139],[-95.8995802049165,35.1443797975121],[-95.8998368320336,35.1448706991256],[-95.9007614904134,35.1464931797353]]}},{"type":"Feature","properties":{"name":"INDIAN NATION TURNPIKE","type":"TURNPIKE","alt":null},"geometry":{"type":"LineString","coordinates":[[-95.8893387764669,35.1015068415877],[-95.8893734810813,35.1016459859866],[-95.8893741152919,35.1016485281494],[-95.8894418563492,35.1019201297503],[-95.8894476612625,35.1019434052679],[-95.889634124566,35.1026909993021],[-95.8899008487469,35.1037603663147],[-95.8902618070994,35.1058727053545],[-95.8903704134173,35.1065724950512],[-95.8904376693843,35.107005839225],[-95.890542702204,35.1104891711916],[-95.8906271842648,35.1132907418379],[-95.8906943162644,35.1155168348465]]}},{"type":"Feature","properties":{"name":"INDIAN NATION TURNPIKE","type":"TURNPIKE","alt":null},"geometry":{"type":"LineString","coordinates":[[-95.8983966790212,35.1423058629148],[-95.898531067886,35.1425392112833],[-95.8993551706496,35.1439843857482],[-95.8995780265019,35.1443403555139]]}},{"type":"Feature","properties":{"name":"INDIAN NATION TURNPIKE","type":"TURNPIKE","alt":null},"geometry":{"type":"LineString","coordinates":[[-95.890774879874,35.1182402271598],[-95.8907875586959,35.1187735263667],[-95.8908171222519,35.1195281543753],[-95.8908355404102,35.1202430770416],[-95.8908480135179,35.1204989550213],[-95.8908919420336,35.1211303006166],[-95.8909066941672,35.1214838074566],[-95.8909636796956,35.1232171771622],[-95.890967872133,35.1236249049008],[-95.8910088191403,35.1245746888649],[-95.8910361108569,35.1252077280144],[-95.891101686076,35.1258484716956],[-95.8911502103727,35.126214886193],[-95.891276995897,35.1270250027875],[-95.8913537488532,35.1274596400142],[-95.8914869842812,35.1281279709693],[-95.8915866038529,35.1285739416502],[-95.8916937270522,35.1290160292315],[-95.8918137509574,35.129466059358],[-95.8919465192614,35.129926947134],[-95.8920941528868,35.1303993616707],[-95.8923441315725,35.1311262177647],[-95.8926225724796,35.1318756687284],[-95.8928229902127,35.1323822176963],[-95.893142953049,35.1331342959898],[-95.8933657100866,35.1336231452126],[-95.893596145025,35.1341039529734],[-95.8938352154682,35.1345777743644],[-95.8942098973833,35.1352777663805],[-95.8955844113961,35.1376937602196],[-95.8962552849284,35.1388985163537],[-95.8964207276543,35.1391956130673],[-95.8978347091492,35.141671060733],[-95.8981488553939,35.1422283321809]]}},{"type":"Feature","properties":{"name":"INDIAN NATION TURNPIKE","type":"TURNPIKE","alt":null},"geometry":{"type":"LineString","coordinates":[[-95.8909675936552,35.1186427407695],[-95.8909704979086,35.1189390487513],[-95.8910191255115,35.1202305359205],[-95.8910270181096,35.1206729773934],[-95.8910676300453,35.1220038891777],[-95.8911401959539,35.1240788075041],[-95.8911717923974,35.1246095703911],[-95.8911843292855,35.1248201677938],[-95.8912292333716,35.1253469362777],[-95.8912638975618,35.1256856017473],[-95.8913564213411,35.126434872815],[-95.8914076082444,35.1267952049099],[-95.8915654664943,35.1276705614001],[-95.8916668476623,35.1281605381306],[-95.8918033035506,35.1287543790436],[-95.891962416747,35.1293781285942],[-95.8921661492635,35.1301365272077],[-95.8923610504425,35.1307615401051],[-95.8925080175179,35.1311939496912],[-95.8927499877229,35.1318524032299],[-95.8930039091143,35.1324998256182],[-95.8931833161513,35.13292685194],[-95.8933715599157,35.1333509491543],[-95.8935695899268,35.1337696305106],[-95.8938746317462,35.1343874872493],[-95.8940851591195,35.1347975929361],[-95.8943097208726,35.1352094479361],[-95.8952241627127,35.136812131998],[-95.8960390119305,35.1382026582757],[-95.8962397081414,35.138534140168],[-95.8964180282169,35.1388574489548],[-95.8965214431707,35.139044948084],[-95.8975976491356,35.1409068429062],[-95.8983966790212,35.1423058629148]]}},{"type":"Feature","properties":{"name":"INDIAN NATION TURNPIKE","type":"TURNPIKE","alt":null},"geometry":{"type":"LineString","coordinates":[[-95.890831451279,35.1155172617748],[-95.8908756052718,35.1161297966089],[-95.8908773012911,35.1161955717152],[-95.8909085249337,35.1174064875695],[-95.8909446991919,35.1180779055849],[-95.8909675936552,35.1186427407695]]}},{"type":"Feature","properties":{"name":"INDIAN NATION TURNPIKE","type":"TURNPIKE","alt":null},"geometry":{"type":"LineString","coordinates":[[-95.8906943162644,35.1155168348465],[-95.8907146828685,35.1162053351398],[-95.890774879874,35.1182402271598]]}},{"type":"Feature","properties":{"name":"INDIAN NATION TURNPIKE","type":"TURNPIKE","alt":null},"geometry":{"type":"LineString","coordinates":[[-95.8990804784121,35.1438769056439],[-95.8993150896183,35.1442749792302],[-95.899525860435,35.1445980705587],[-95.899731129969,35.1449329787979],[-95.9001928792964,35.1457651151508],[-95.9006469462315,35.1465568222003]]}},{"type":"Feature","properties":{"name":"INDIAN NATION TURNPIKE","type":"TURNPIKE","alt":null},"geometry":{"type":"LineString","coordinates":[[-95.8894902351188,35.1015935875766],[-95.8895077774197,35.1016480158952],[-95.8896174545293,35.1019883291292],[-95.8897000393483,35.1022692956221],[-95.889901874623,35.1030190311909],[-95.8900209373307,35.1035302874795],[-95.8900500481358,35.1036740297792],[-95.8902344480092,35.1047179397118],[-95.8902980927487,35.1051139044585],[-95.8903866504661,35.1057448842324],[-95.8904418294824,35.1061856971924],[-95.8905118549554,35.1068628670913],[-95.8905458930198,35.1073135413795],[-95.890571351275,35.1077531310881],[-95.8906211763322,35.1089609235218],[-95.8906609716993,35.1097140271728],[-95.8906821072613,35.1102342141582],[-95.8906850968546,35.1103285662475],[-95.8907695232199,35.1129933272214],[-95.8907910881767,35.1135083207731],[-95.8907837615172,35.1142283423299],[-95.890831451279,35.1155172617748]]}},{"type":"Feature","properties":{"name":"INDIAN NATION TURNPIKE","type":"TURNPIKE","alt":null},"geometry":{"type":"LineString","coordinates":[[-95.8851143661984,35.0436352259843],[-95.8851144811827,35.0436458607957],[-95.885117898374,35.0439623980419],[-95.8851102671857,35.0444856020199],[-95.8850916415166,35.045017114723],[-95.8850599839877,35.0455509281231],[-95.8850169681603,35.0460783595451],[-95.8849346627173,35.0468459648965],[-95.8848670114916,35.0473273110149],[-95.8848286049199,35.0475565798187],[-95.8845652709809,35.0489217869566],[-95.884344650137,35.0502581206253],[-95.8838814006231,35.052817145715],[-95.8835230195372,35.054644885859],[-95.8834950486941,35.0547875362597],[-95.8834116940189,35.0552702651143],[-95.8832841880458,35.0559609066151],[-95.8831885821468,35.0565837234002],[-95.8830527694522,35.057381188529],[-95.8817435620622,35.0646205365871],[-95.8814417919071,35.0662391348006],[-95.8813477436868,35.0667135816664],[-95.8809674733523,35.0687591531846],[-95.8807867682497,35.0697311767904],[-95.8807259972208,35.0701082551117],[-95.8805296156182,35.0712224880531],[-95.8804496700495,35.0717306800888],[-95.8803430274488,35.0725445746367],[-95.8802639029403,35.0733850170958],[-95.8802273558813,35.0739391708636],[-95.8801682898547,35.0751205036612],[-95.8801578693974,35.0756195456818],[-95.8801599274377,35.076050434947],[-95.8801696930232,35.0763216858525],[-95.8801839124558,35.076521219514],[-95.8802703564373,35.0774685669394],[-95.8804012221095,35.0785518642706],[-95.880473730526,35.0790403117105],[-95.8806078211502,35.0798028258511],[-95.8807097736467,35.080312624383],[-95.8808732894863,35.0810456568569],[-95.8809863101255,35.0815041456028],[-95.8810980740215,35.0819300799622],[-95.8814137339275,35.0829606430302],[-95.8815878660571,35.0835291368801],[-95.8820643854844,35.0847290742584],[-95.8823395556256,35.0853773628785],[-95.8830995653903,35.0870801886774],[-95.8831155176731,35.0871182345693],[-95.8832080127064,35.0873388295311],[-95.8835344056834,35.0880600260834]]}},{"type":"Feature","properties":{"name":"INDIAN NATION TURNPIKE","type":"TURNPIKE","alt":null},"geometry":{"type":"LineString","coordinates":[[-95.8852417005932,35.0434771150058],[-95.8852442086895,35.0436447178846],[-95.8852480804284,35.0439035640636],[-95.8852446623387,35.0443055436772],[-95.8852292238923,35.044900213114],[-95.8852010940474,35.0454831721042],[-95.8851729345582,35.0458624731474],[-95.885121647942,35.0464177139288],[-95.8850817771165,35.046774088569],[-95.8850163564076,35.0472784504393],[-95.8849492540525,35.0477401110372],[-95.8849014600861,35.0480172210168],[-95.884066334994,35.0525864282643],[-95.8836869243473,35.0546910138251],[-95.8835234165925,35.0555979582638],[-95.882893018452,35.0590122918379],[-95.8820049691149,35.0638787655263],[-95.8811226222833,35.0687543336998],[-95.8811137002159,35.0688025535329],[-95.8807976055253,35.0705109431583],[-95.8806801930227,35.0711721963402],[-95.8805712866676,35.0718431092374],[-95.8804833505844,35.0725233904709],[-95.8804147965518,35.0732049776265],[-95.8803681120048,35.073865326014],[-95.8803322045463,35.0746679340377],[-95.8803241250986,35.0751928284932],[-95.8803331109464,35.0758476352263],[-95.8803883097257,35.0772123215592],[-95.8804155825777,35.0775990047089],[-95.880458284893,35.0780160956988],[-95.8805108013028,35.0784510207827],[-95.8806115419721,35.0791367715391],[-95.8807366566299,35.079841720546],[-95.8808827604243,35.0805166046548],[-95.8811331801828,35.0815247812408],[-95.8812739084586,35.0820372521943],[-95.8814002645882,35.0824540242436],[-95.8815569065192,35.0829373767961],[-95.8816270649429,35.0831538716047],[-95.881897411131,35.0839227110697],[-95.8821789081068,35.0846522466036],[-95.8823397370853,35.0850533640254],[-95.8825144387469,35.0854707712175],[-95.8827960372322,35.0861161025904],[-95.8832392552136,35.0871187652916],[-95.8833537481915,35.0873777713529],[-95.8845241523954,35.0899686820145],[-95.8847149913927,35.090407055409],[-95.8872063448657,35.0960157144513],[-95.88732400171,35.0962641458847],[-95.8873800296343,35.0963907404768],[-95.8881156474441,35.0980528076638],[-95.8886566075183,35.099296190362],[-95.8889917842221,35.1001411939599],[-95.88914477001,35.1005538158305],[-95.8892841166768,35.1009540179357],[-95.8894902351188,35.1015935875766]]}},{"type":"Feature","properties":{"name":"STATE HIGHWAY 43","type":null,"alt":null},"geometry":{"type":"LineString","coordinates":[[-95.5704230605666,34.5941352163647],[-95.5694766683468,34.5946582576735],[-95.5690729564749,34.5948754052508],[-95.5685505025939,34.595145669068],[-95.5677810793834,34.5955317192012],[-95.5665682962576,34.5961135500017]]}},{"type":"Feature","properties":{"name":"STATE HIGHWAY 43","type":null,"alt":null},"geometry":{"type":"LineString","coordinates":[[-95.5665682962576,34.5961135500017],[-95.5638042079762,34.597450261727],[-95.5626934995178,34.5979816439084],[-95.5577720927085,34.600341018651],[-95.5562123640504,34.6010841373021],[-95.5526320314675,34.6028097585264],[-95.5521132930185,34.6030645406687],[-95.5515986122596,34.6033324575836],[-95.5513437629084,34.6034740264134],[-95.550836836407,34.6037710020055],[-95.5503376991975,34.6040834329469],[-95.5500186742025,34.604281625822],[-95.5493407327255,34.6047571097817],[-95.549136567221,34.6049271760566],[-95.5489060900618,34.6051085694464],[-95.5482080730349,34.6056986778624],[-95.5480127029354,34.6058661610203],[-95.5473582353351,34.6064534337114],[-95.5454359493233,34.6082036528771],[-95.5445824078695,34.608972750168],[-95.5437356433063,34.6097475429352],[-95.5417941279575,34.6114904922925],[-95.5411364560666,34.6120433737786],[-95.5406085799545,34.612430390772],[-95.5402168039979,34.6127282843611],[-95.5395023522928,34.6132039942381],[-95.5387671962171,34.6136514226173],[-95.5375423496154,34.6143762425725],[-95.536018007393,34.6152784173989],[-95.5338665764235,34.6165620524655],[-95.5321186480184,34.6175950301993],[-95.5306279396185,34.6184846541781],[-95.529394753956,34.6192132258367],[-95.5281864731865,34.6199389116881],[-95.5276936475401,34.6202220028248],[-95.5271879328661,34.6204946539983],[-95.5266694037245,34.6207555664472],[-95.5264054589311,34.620880547848],[-95.5261377816377,34.6210013035138],[-95.5255894526832,34.6212364494029],[-95.5250304750994,34.6214621204643],[-95.5247470665087,34.621568872527],[-95.5241728633791,34.621767660888],[-95.5224443915847,34.6223403978408],[-95.5176162999705,34.6239295300754],[-95.5158535843975,34.6245047092675],[-95.5144823689983,34.6249605111577]]}},{"type":"Feature","properties":{"name":"STATE HIGHWAY 63","type":null,"alt":null},"geometry":{"type":"LineString","coordinates":[[-95.7405857226935,34.7676048536855],[-95.7391146865,34.7678556926101],[-95.7385222340954,34.7678474550034],[-95.7379959488997,34.7678496695567],[-95.7371251804537,34.7678422872201],[-95.7368195161019,34.7679033508717],[-95.736107549137,34.7678335146066],[-95.7355912693769,34.7678285991975],[-95.7350483896029,34.7678516575628],[-95.7344539366502,34.7678499440698],[-95.7338556272299,34.7678298057271],[-95.7332708320648,34.7678475944737],[-95.7326677741499,34.7678527725878],[-95.732060835513,34.7678701746498],[-95.7314899543534,34.7678441800323],[-95.7309214878652,34.7678519106757],[-95.7279545977218,34.7678670118464],[-95.7274770299605,34.767920160359],[-95.7274608629804,34.7679219594513],[-95.7269900595332,34.7680946367166],[-95.7265474586944,34.7683269099445],[-95.7261050033827,34.7685880983832],[-95.7256632828929,34.7688035749392],[-95.7252218938814,34.7690309728964],[-95.7247850835829,34.7692440485609],[-95.7243599702478,34.76940458494],[-95.7239427683753,34.7694631953143],[-95.7235014602122,34.7693931530122],[-95.7230844056634,34.7692230988396],[-95.7226443784979,34.7690925441005],[-95.7222051795791,34.7691196252913],[-95.7217423531717,34.7692186033932],[-95.7212520742492,34.7693021048671],[-95.7207525902899,34.7694271506696],[-95.7202317470882,34.7696390195459],[-95.7185073114244,34.7704178406252],[-95.7178971577171,34.7706428108268],[-95.7172796791471,34.7708493171304],[-95.7166441785757,34.7710490326711],[-95.7160392791145,34.7712842551187],[-95.7154174383254,34.7715000264388],[-95.7148143283083,34.7717223542085],[-95.7136218183618,34.7721655306754],[-95.711862858645,34.7728424049168],[-95.711271473439,34.7730934411735],[-95.7107230312968,34.7733320513474],[-95.7101979606233,34.7735827865324],[-95.7091101583064,34.7741370929044],[-95.7070297193972,34.7751744137677]]}},{"type":"Feature","properties":{"name":"STATE HIGHWAY 63","type":null,"alt":null},"geometry":{"type":"LineString","coordinates":[[-95.6939153789561,34.7865172987678],[-95.6932541012277,34.7871404189669],[-95.6927527433827,34.7875764640406],[-95.692208989548,34.7879690661232],[-95.691047069932,34.7887049858178],[-95.6904736743878,34.7890967606766],[-95.6900320131868,34.7895518019173],[-95.6897759142791,34.7900721579336],[-95.6896400315159,34.7906462199742],[-95.689529139884,34.7912123319346],[-95.6893022434095,34.7917528439174],[-95.6889089403169,34.7922329721798],[-95.688385170404,34.792649719696],[-95.6878483803093,34.793043056734],[-95.6873113961785,34.7934505802635],[-95.6868116454197,34.7938652744925],[-95.6863965168589,34.7943225165423],[-95.6860852515113,34.7948225144733],[-95.6858671324755,34.7953465249559],[-95.6857368641829,34.7958483963065],[-95.6854137383785,34.7972174557315],[-95.685284692693,34.7975913082328],[-95.6849969973418,34.7979087848721],[-95.6834447291921,34.7989071799554],[-95.6823891180034,34.7995713094042],[-95.6818212785393,34.7998913579874],[-95.6812370376347,34.8001879112042],[-95.680620799638,34.8004384069038],[-95.6799951437038,34.8006642364743],[-95.6787275965834,34.8011328779394],[-95.6781037282967,34.8013514583066],[-95.6763610631209,34.8019823163061],[-95.6751546804915,34.8024376810695],[-95.6745114562054,34.8026984421232],[-95.6738822716888,34.8030225635265],[-95.6726546915137,34.8037055546385],[-95.6720197362197,34.8040709268685],[-95.6688000493756,34.8059531838772],[-95.6682093585673,34.8062911186936],[-95.6676290459954,34.8065847376114],[-95.6670399955108,34.8067733278584],[-95.6665983271233,34.8069428561699],[-95.6664582950418,34.8069966057201],[-95.6660050761164,34.8071204459607],[-95.6658903091523,34.8071518059483],[-95.6653474958537,34.8073455815966],[-95.6648385930587,34.8075577454794],[-95.66439101196,34.807773149011],[-95.6643607342433,34.8077877206663],[-95.6639391036765,34.8080349250582],[-95.6636505881634,34.8083544230015],[-95.6634495236433,34.8087190975313],[-95.663234232504,34.809079507295],[-95.6629239256588,34.8093663550017],[-95.6628461459282,34.8094126778882]]}},{"type":"Feature","properties":{"name":"STATE HIGHWAY 63","type":null,"alt":null},"geometry":{"type":"LineString","coordinates":[[-95.7070297193972,34.7751744137677],[-95.7063892484474,34.7754937446418],[-95.7053376662028,34.7760328632411],[-95.7047904511593,34.7763207253819],[-95.704271196179,34.7766065264129],[-95.7037751545639,34.7769089762087],[-95.7033056455891,34.7772209491243],[-95.7028427275535,34.7775442505749],[-95.7024029258651,34.7778599317309],[-95.7019834575432,34.7781708658527],[-95.7015822492761,34.7784489227088],[-95.7006760090545,34.7789495540235],[-95.700224203179,34.7792097157132],[-95.6997978762199,34.7795128908492],[-95.6994123300797,34.779849124878],[-95.699246101328,34.7800342465056],[-95.6990835484823,34.780215273511],[-95.6988167299783,34.7805956302816],[-95.6985783808823,34.7809746188539],[-95.6983718411305,34.7812670839724],[-95.6983356426178,34.7813183424188],[-95.6980508820627,34.7815980133366],[-95.6977212326927,34.7818051134627],[-95.6970165483698,34.782236430082],[-95.6966899541702,34.782500885775],[-95.6964583541169,34.7828239127303],[-95.6963318892912,34.7831929558348],[-95.6962707373765,34.7835971909803],[-95.6962245666659,34.7840007660326],[-95.6961257555779,34.7843892933493],[-95.6958912485763,34.7847440901555],[-95.695538573589,34.7850688841736],[-95.6946679973826,34.785828808999],[-95.6942083069938,34.7862412692118],[-95.6939153789561,34.7865172987678]]}},{"type":"Feature","properties":{"name":"WEST STATE HIGHWAY 31","type":null,"alt":null},"geometry":{"type":"LineString","coordinates":[[-96.0750328921397,34.7686445863089],[-96.0750307011487,34.7685679196344],[-96.0750352232678,34.7683466356608],[-96.0750283260031,34.7681504541963],[-96.0750120575133,34.7675347360122]]}},{"type":"Feature","properties":{"name":"WEST TURNPIKE ROAD","type":"ROAD","alt":null},"geometry":{"type":"LineString","coordinates":[[-95.8245539140084,34.8836932882006],[-95.8247419529569,34.8839699808764],[-95.8248155555214,34.8840160488246],[-95.8248818242399,34.8840159545016],[-95.824948345385,34.8840158601787],[-95.825073169887,34.8840156825861],[-95.8251206970537,34.8840156147915],[-95.8253181575329,34.8840151358076],[-95.8259062162775,34.8840137113831],[-95.826592672885,34.8840120430452],[-95.8269391450053,34.8840112000335],[-95.8277297954059,34.8840092715705],[-95.8280073730321,34.884008593624],[-95.8290416375547,34.8840060609042],[-95.8296249253468,34.8840046283736],[-95.8296614751007,34.884004539209],[-95.8299668951108,34.8840037875726],[-95.8301097389191,34.884003051411],[-95.830693966349,34.8840000352857],[-95.8318722137436,34.8839939440828]]}},{"type":"Feature","properties":{"name":"ASHLAND HIGHWAY","type":"HIGHWAY","alt":null},"geometry":{"type":"LineString","coordinates":[[-96.0224883470801,34.7671489253964],[-96.0226641303132,34.7672801399796],[-96.0228940361439,34.7674250667983],[-96.0232100769355,34.7675457106739],[-96.0235352670684,34.7676087345152],[-96.0239316522808,34.767621558446],[-96.0397812576592,34.7675930946006]]}},{"type":"Feature","properties":{"name":"WEST STATE HIGHWAY 31","type":null,"alt":null},"geometry":{"type":"LineString","coordinates":[[-96.0750354756945,34.7692632420134],[-96.0750325956956,34.7690474183556],[-96.0750328921397,34.7686445863089]]}},{"type":"Feature","properties":{"name":"OLD HIGHWAY 69","type":null,"alt":null},"geometry":{"type":"LineString","coordinates":[[-95.8306304904927,34.8474706020957],[-95.8303729012799,34.8478245582176],[-95.8294024252273,34.8491085040944],[-95.8291042249772,34.8494983795218],[-95.8289279243145,34.8497149398965]]}},{"type":"Feature","properties":{"name":"STATE HIGHWAY 63","type":null,"alt":null},"geometry":{"type":"LineString","coordinates":[[-95.8481469728814,34.7168317426598],[-95.8478134391962,34.7169406749447],[-95.8474716625699,34.7171441928768],[-95.8472079576267,34.7175103508142]]}},{"type":"Feature","properties":{"name":"INDIAN NATION TURNPIKE","type":"TURNPIKE","alt":null},"geometry":{"type":"LineString","coordinates":[[-95.8342613164794,34.9277256048124],[-95.8342982543055,34.9277997179217],[-95.8344360855145,34.9281071590475],[-95.8346135683602,34.9284729467387],[-95.835247437591,34.9296720172809],[-95.8356603158719,34.9304716154791],[-95.8359225799175,34.9309795247033]]}},{"type":"Feature","properties":{"name":"INDIAN NATION TURNPIKE","type":"TURNPIKE","alt":null},"geometry":{"type":"LineString","coordinates":[[-95.8344205635247,34.9277283335677],[-95.8345259044665,34.9279196334506],[-95.8358059812885,34.9303982434751],[-95.8358927423753,34.9305662393065],[-95.8359488089271,34.9306747957487],[-95.8360765655302,34.9309019692241]]}},{"type":"Feature","properties":{"name":"INDIAN NATION TURNPIKE","type":"TURNPIKE","alt":null},"geometry":{"type":"LineString","coordinates":[[-95.8235348633534,34.8998309975747],[-95.8241985395836,34.9015201852572],[-95.8253900973158,34.9035691220571],[-95.8259720457198,34.9044491071176],[-95.8263840876693,34.9054236906269],[-95.8263918149774,34.9054595159102],[-95.8266423694832,34.9066210830762],[-95.8267219997432,34.9080061555663],[-95.8266105565457,34.9092114369512],[-95.8266008789951,34.9093160973951],[-95.8264144363529,34.9102667692618],[-95.8264003965833,34.9103383573903],[-95.8263816271837,34.9110562639922],[-95.826392594715,34.9111021657372],[-95.8266165060878,34.9120393237612],[-95.8269692358723,34.9130326279706]]}},{"type":"Feature","properties":{"name":"STATE HIGHWAY 63","type":null,"alt":null},"geometry":{"type":"LineString","coordinates":[[-95.8472150722837,34.7241062427381],[-95.8469733122846,34.7240425957718],[-95.8467473680243,34.7240414041073],[-95.8463324074485,34.7241499665896],[-95.8458565357065,34.7242893984161],[-95.8453955517437,34.7244716389023],[-95.8449626625915,34.7246526924994],[-95.8438399490477,34.7251352880091]]}},{"type":"Feature","properties":{"name":"WEST STATE HIGHWAY 31","type":null,"alt":null},"geometry":{"type":"LineString","coordinates":[[-96.0398089113969,34.8402784858544],[-96.0398951829018,34.8402314504067],[-96.0401295174268,34.8402249858415],[-96.0404825274858,34.8402180759521],[-96.0409507671411,34.8402186901154],[-96.0414551882411,34.8402220580598],[-96.0419463214614,34.8402259067177],[-96.0424257954477,34.840225981184],[-96.0428765871252,34.8402262326002],[-96.0432948570946,34.8402302161821],[-96.0437355633865,34.8402267273223],[-96.0442504435713,34.8402258993448],[-96.0447674563567,34.8402256936407],[-96.0452933543785,34.8402290955002],[-96.0458462261134,34.8402309357779],[-96.046416947373,34.8402353521491],[-96.0470134682475,34.8402380727517],[-96.0476201814072,34.8402383057355],[-96.0482182491807,34.8402409282783],[-96.0487951077303,34.8402340847464],[-96.0493539811096,34.8402268541363],[-96.0498932990634,34.840221592092],[-96.0504467582965,34.8402209779288],[-96.0510567521037,34.8402224989597],[-96.0517470292461,34.8402154814256],[-96.0524449627297,34.8402103454574],[-96.0531286480345,34.8402034753805],[-96.0537814654296,34.8401986534974],[-96.0544103229594,34.8401896946739],[-96.0550317361505,34.8401873869527],[-96.0556629409781,34.8401877069371],[-96.0563089554315,34.8401857472173],[-96.0569655610221,34.8401782755087],[-96.057437523296,34.8401767220362]]}},{"type":"Feature","properties":{"name":"WEST STATE HIGHWAY 31","type":null,"alt":null},"geometry":{"type":"LineString","coordinates":[[-96.0755679395027,34.7965452614259],[-96.0752898085143,34.7963994400478],[-96.0751035527216,34.7961676714945],[-96.0750282864772,34.7958619764043],[-96.0750369579147,34.7954691861641],[-96.0750332766186,34.7950336320791],[-96.0750315293954,34.7945851312841],[-96.075032742121,34.7941269006926],[-96.0750381984881,34.7936614881845],[-96.0750411862847,34.7931925394101],[-96.0750455754532,34.7927223176218],[-96.0750447094772,34.7922514535487],[-96.0750490842727,34.7917723766513],[-96.0750588085357,34.7912867828253],[-96.0750620101313,34.7907995948492],[-96.0750640250525,34.7903181170345],[-96.075061610381,34.7898452591346],[-96.0750530467414,34.789365609047],[-96.0750431598834,34.7888848635615],[-96.0750453490777,34.7884022325238],[-96.0750496043972,34.7879287439213],[-96.0750558342137,34.787474597485],[-96.0750550068654,34.7870355941654],[-96.0750610103064,34.7866099842124],[-96.0750650392504,34.7861834682894],[-96.0750682417444,34.7857537400874],[-96.0750713220675,34.7853101297491],[-96.0750799674538,34.7848389909523],[-96.0750873569954,34.7843479785442],[-96.0750859430471,34.7838335433736],[-96.0750792721578,34.7833120700703],[-96.0750930136867,34.7827919318484],[-96.0750781654334,34.782295472552],[-96.0750758711361,34.7820371599578]]}},{"type":"Feature","properties":{"name":"INDIAN NATION TURNPIKE","type":"TURNPIKE","alt":null},"geometry":{"type":"LineString","coordinates":[[-95.8433932671626,34.9462786083836],[-95.8441604616529,34.9485306036006],[-95.8442236042342,34.9487159474917],[-95.8442501853834,34.948793968414],[-95.8449838493574,34.9509223519468],[-95.8453589561757,34.9519744390265]]}},{"type":"Feature","properties":{"name":"OLD HIGHWAY 69","type":null,"alt":null},"geometry":{"type":"LineString","coordinates":[[-95.8360784960098,34.8402359080663],[-95.8357032589358,34.8407271279865],[-95.8344431292047,34.842415470433],[-95.834113531937,34.8428374759851],[-95.8331739273875,34.8440893258168]]}},{"type":"Feature","properties":{"name":"OLD HIGHWAY 69","type":null,"alt":null},"geometry":{"type":"LineString","coordinates":[[-95.8312502876145,34.8466431695357],[-95.831007851184,34.8469710637047],[-95.830696750228,34.8473763432914],[-95.8306304904927,34.8474706020957]]}},{"type":"Feature","properties":{"name":"OLD HIGHWAY 69","type":null,"alt":null},"geometry":{"type":"LineString","coordinates":[[-95.8396360688766,34.8356077417373],[-95.8395396032898,34.8357792258406],[-95.8394344375195,34.835939425502],[-95.839216621216,34.8363051178309],[-95.8391608322436,34.8363772739846]]}},{"type":"Feature","properties":{"name":"WEST STATE HIGHWAY 31","type":null,"alt":null},"geometry":{"type":"LineString","coordinates":[[-95.949861764418,34.8839854380627],[-95.9502402659697,34.8839834469627],[-95.9507457928958,34.8839813121674],[-95.9512619927059,34.8839810888871],[-95.9517853296308,34.8839840607992],[-95.9523107874782,34.8839832472632],[-95.95284158042,34.8839816504039],[-95.9533779770526,34.8839784611065],[-95.9539338509571,34.8839607320599],[-95.95448018655,34.883972784776],[-95.9550419965219,34.8839728614135],[-95.9556157585787,34.8839758797505],[-95.9562043284647,34.8839778141095],[-95.9568059194307,34.8839811559449],[-95.957415754236,34.8839817196723],[-95.9580381277261,34.8839797985776],[-95.9586650242337,34.8839779305395],[-95.9593004179055,34.8839736388416],[-95.9599411224172,34.883974748611],[-95.9605895102196,34.8839766026481],[-95.9612374973734,34.8839793645443],[-95.961876107014,34.8839803144066],[-95.9625051783428,34.8839750861106],[-95.9631064216608,34.883973839278],[-95.9637114935985,34.8839741789884],[-95.9638236284988,34.883974203306],[-95.9643011046319,34.8839743057349],[-95.9648760147356,34.883972195257],[-95.9654280321726,34.8839686758287],[-95.9659754214893,34.8839593407949],[-95.9664948884721,34.8839753499204],[-95.9670288039578,34.8839657083374],[-95.9675674293106,34.8839811891053],[-95.968125169016,34.8839816526145],[-95.9686918092292,34.883979875215],[-95.9692713070291,34.8839802414536],[-95.9698605039391,34.8839846481074],[-95.9704639490279,34.8839777676849],[-95.9710748654048,34.883978944512],[-95.9716867259111,34.8839779408561],[-95.9722915049981,34.8839798523712],[-95.9728799015092,34.8839848949685],[-95.973454091164,34.883988262595],[-95.9740114194411,34.8839772835425],[-95.9745406520092,34.8839863717132],[-95.9750694578776,34.88398769592],[-95.9755973699223,34.8839880135233],[-95.976115064529,34.8839884836645],[-95.9766165490364,34.8839896170146],[-95.9770975303957,34.8839922145819],[-95.9775540991388,34.8839918822407],[-95.97798969761,34.8839913015646],[-95.9784106742033,34.8839931585489],[-95.978588846955,34.8839944775973],[-95.9788231545306,34.8839962107826],[-95.97923345824,34.8839981046117],[-95.9792909656895,34.8839980861892],[-95.9796333711365,34.8839979741806],[-95.9800108459138,34.8840022570345],[-95.9804044625185,34.8839661747943],[-95.9807618060503,34.88397821793],[-95.9811319703378,34.8839708983153],[-95.9814508695688,34.8840025967447],[-95.9817905773749,34.8840060343759],[-95.9821337014741,34.8840112015073],[-95.9824758239517,34.8840158601787],[-95.9827823695509,34.8840196021483],[-95.9830298033094,34.8840227737584],[-95.9832060141405,34.8839864652994],[-95.9833157370643,34.8838146999549],[-95.9833244192815,34.8835175363364],[-95.9833276361485,34.8834074275109],[-95.9833192324091,34.8828683894731],[-95.9833115212707,34.8822982383561],[-95.983309066175,34.8817373352991],[-95.9833126702159,34.8814607729108],[-95.9833160173387,34.8812037697556],[-95.9833123495174,34.8806671203879],[-95.9833157110132,34.8801198210421],[-95.9833235685769,34.879548020013],[-95.9833271690246,34.878958029449],[-95.9833306508946,34.8783608936144],[-95.983328611719,34.8777613981356],[-95.9833336530643,34.8771618562778],[-95.9833318824849,34.8769317623749],[-95.9833291839458,34.8765812898455],[-95.9833340806624,34.8760399644397],[-95.9833289979945,34.8755185890564],[-95.9833293977448,34.8750020154705],[-95.9833324933393,34.8744872634104],[-95.9833344534632,34.8739817094264],[-95.9833315060908,34.8734939241763],[-95.983327996373,34.8730333864928],[-95.9833264764235,34.8725901576421],[-95.9833287841955,34.8721631309234],[-95.9833259688754,34.871770201148],[-95.9833269300727,34.8714193668512],[-95.9833290770463,34.8711171924188],[-95.9833261422502,34.8708779278578],[-95.9833151513627,34.8707025849057],[-95.9833150714127,34.8705860380064],[-95.9833149636148,34.8704741400625],[-95.9833072003742,34.8703326594229],[-95.9833173782863,34.8701068240875],[-95.9833178579867,34.8698534926709],[-95.9833627081739,34.8696248081459],[-95.9835822348698,34.869483641493],[-95.9839588149251,34.8694676479708],[-95.9844347145148,34.869467294197],[-95.9850020069049,34.8694725639524],[-95.9856172046525,34.8694798745398],[-95.9862357495229,34.8694743040771],[-95.9868585910352,34.8694672809305],[-95.9874742424321,34.8694639517715],[-95.9880684546363,34.8694597971402],[-95.9886443519885,34.8694536267347],[-95.9891821481963,34.8694512092799],[-95.9897373959751,34.8694488448912],[-95.9902710716107,34.8694491249622],[-95.9908257920784,34.8694490011413],[-95.9913601531285,34.8694436679999],[-95.9919217349284,34.8694422013122],[-95.9924939231368,34.8694389458552],[-95.9930446820342,34.8694382103002],[-95.9936340711836,34.8694383245397],[-95.9942040728927,34.8694354641301],[-95.9947686173363,34.8694293666886],[-95.9953314145568,34.869424945988],[-95.9959042836882,34.8694269330186],[-95.9964717485549,34.8694280474065],[-95.9970413756664,34.869423124789],[-95.9976087084807,34.8694178550304],[-95.9981708921518,34.8694178550304],[-95.9987369700197,34.8694172816217],[-95.9993135752444,34.8694179346296],[-95.9998891509997,34.8694159873984],[-96.0003212271767,34.8694144816477],[-96.0010077287,34.8694143143421],[-96.0015443912338,34.8694175417931],[-96.002074105299,34.8694175889629],[-96.0026081393624,34.8694196430633],[-96.0031487257374,34.8694144742774],[-96.0036952347051,34.8694138802319],[-96.0042405022011,34.8694141072369],[-96.0047801660064,34.8694171150531],[-96.0053196321823,34.8694248464891],[-96.0058673412992,34.8694266389439],[-96.0064294971225,34.8694270325175],[-96.0070173483563,34.8694243777385],[-96.0076260342164,34.8694197233994],[-96.0082405384645,34.8694171415862],[-96.0088508269191,34.8694148265774],[-96.0094544444844,34.8694092244181],[-96.0100488309618,34.8694062158646],[-96.0106467136823,34.8694039605549],[-96.0112343484221,34.8693940828873],[-96.0115673188636,34.8693903063485]]}},{"type":"Feature","properties":{"name":"WEST STATE HIGHWAY 31","type":null,"alt":null},"geometry":{"type":"LineString","coordinates":[[-96.0750758711361,34.7820371599578],[-96.0750739505381,34.78182071822],[-96.0750790862065,34.7813448736123],[-96.0750800860315,34.7808705085443],[-96.0750726830152,34.780401905385],[-96.0750738032144,34.7799199485218],[-96.0750820614268,34.7794285630026],[-96.0750806870044,34.7789490818065],[-96.0750786864563,34.7784707068024],[-96.0750832885254,34.7779889577982],[-96.0750839685501,34.7775136828465],[-96.0750807939039,34.77704249657],[-96.0750824881265,34.7765733027773],[-96.0750823542776,34.7761166101697],[-96.075075631286,34.7756774150624],[-96.0750699754929,34.775229856785],[-96.0750708279941,34.7747577476643],[-96.0750678006716,34.7742758928625],[-96.075061063307,34.7737888088051],[-96.075052219393,34.7733219267659],[-96.0750457362516,34.772885095014],[-96.0750421870079,34.7724572920748],[-96.0750358916144,34.7720331498585],[-96.0750331562444,34.7716047639853],[-96.0750319965193,34.7711899246288],[-96.0750302340248,34.770786906017],[-96.0750323818966,34.7703881218116],[-96.0750253786307,34.770001611704],[-96.0750198297371,34.7696412753748],[-96.0750354756945,34.7692632420134]]}},{"type":"Feature","properties":{"name":"STATE HIGHWAY 63","type":null,"alt":null},"geometry":{"type":"LineString","coordinates":[[-95.8501629621605,34.7168273270617],[-95.8481469728814,34.7168317426598]]}},{"type":"Feature","properties":{"name":"STATE HIGHWAY 63","type":null,"alt":null},"geometry":{"type":"LineString","coordinates":[[-95.7768927303092,34.7514077510392],[-95.7768315505467,34.7513757196019],[-95.7768051095346,34.7513360969374]]}},{"type":"Feature","properties":{"name":"STATE HIGHWAY 63","type":null,"alt":null},"geometry":{"type":"LineString","coordinates":[[-95.7768051095346,34.7513360969374],[-95.776767865383,34.7512802850647],[-95.7766509774965,34.7510534951101],[-95.7765656806637,34.7508313131704],[-95.7764617069577,34.7506728649008],[-95.7764274676707,34.7506237721736]]}},{"type":"Feature","properties":{"name":"ASHLAND HIGHWAY","type":"HIGHWAY","alt":null},"geometry":{"type":"LineString","coordinates":[[-96.0670077188872,34.7675439772501],[-96.0681355339634,34.7675383024822]]}},{"type":"Feature","properties":{"name":"STATE HIGHWAY 63","type":null,"alt":null},"geometry":{"type":"LineString","coordinates":[[-95.851575287162,34.7168242125144],[-95.8501629621605,34.7168273270617]]}},{"type":"Feature","properties":{"name":"ASHLAND HIGHWAY","type":"HIGHWAY","alt":null},"geometry":{"type":"LineString","coordinates":[[-95.8933970630866,34.7531365541176],[-95.8944047284937,34.753112577173],[-95.8947466515453,34.7531171989684],[-95.8951501792625,34.7531099348817],[-95.8955996504166,34.7531080675641],[-95.896564162554,34.7531196877409],[-95.8986189554602,34.7531309388811],[-95.8997410141321,34.7531316193816]]}},{"type":"Feature","properties":{"name":"STATE HIGHWAY 63","type":null,"alt":null},"geometry":{"type":"LineString","coordinates":[[-95.8472079576267,34.7175103508142],[-95.8472139889155,34.7231023265575],[-95.8472150722837,34.7241062427381]]}},{"type":"Feature","properties":{"name":"STATE HIGHWAY 63","type":null,"alt":null},"geometry":{"type":"LineString","coordinates":[[-95.8537034203246,34.7168194912207],[-95.8530977204645,34.7168208395289],[-95.8516108370911,34.716824134983],[-95.851575287162,34.7168242125144]]}},{"type":"Feature","properties":{"name":"STATE HIGHWAY 63","type":null,"alt":null},"geometry":{"type":"LineString","coordinates":[[-95.8559172779181,34.7168145402861],[-95.8537034203246,34.7168194912207]]}},{"type":"Feature","properties":{"name":"ASHLAND HIGHWAY","type":"HIGHWAY","alt":null},"geometry":{"type":"LineString","coordinates":[[-96.0397812576592,34.7675930946006],[-96.0453775552668,34.767574508823],[-96.0467542054733,34.7675662770917],[-96.0479997411744,34.7675695196043],[-96.0492337245408,34.7675619225018],[-96.0498613405989,34.7675693454503],[-96.050496735169,34.767568711559],[-96.0529591700764,34.7675570801327]]}},{"type":"Feature","properties":{"name":"ASHLAND HIGHWAY","type":"HIGHWAY","alt":null},"geometry":{"type":"LineString","coordinates":[[-95.9173373145288,34.7531349259352],[-95.9179482839063,34.7531506283727],[-95.9184726601821,34.753152956983],[-95.918993047938,34.7531633903374],[-95.9195343817113,34.7531519967541],[-95.9205525592038,34.7531479012046],[-95.9231092255878,34.7531560716376],[-95.9236387986175,34.7531528233923],[-95.9246981980017,34.7531637689671],[-95.9252430253233,34.7531537445035],[-95.927436910673,34.7531495493145],[-95.9284491592847,34.7531683723079],[-95.9305503420904,34.7531529370551],[-95.9327576806099,34.7531563594848],[-95.9333082643358,34.7531520425145],[-95.936129034515,34.7532034151111],[-95.9371903059883,34.7531783340339],[-95.9377136500998,34.7531703924046],[-95.9388485088662,34.7531818856247],[-95.9394211516222,34.7531853073151],[-95.9399848345815,34.7531809121109],[-95.9405443763073,34.753187482406],[-95.9410772380693,34.7531950579512],[-95.9415920706434,34.7532129679425],[-95.9420986719547,34.7532250147085],[-95.9426194271215,34.753204136943],[-95.9426687581053,34.753204701566],[-95.9431153762101,34.7532098126962],[-95.9436131866079,34.7531927640313],[-95.944643611731,34.7532109345616],[-95.9466874110547,34.7531987542029],[-95.9481710560015,34.7532029294615],[-95.9486876834096,34.7531968271037],[-95.9492162350548,34.7531993476107],[-95.9497637986447,34.7531944246876],[-95.9514762157483,34.7532132949072],[-95.9520843284832,34.753200201557],[-95.9525110228533,34.7532010924068]]}},{"type":"Feature","properties":{"name":"ASHLAND HIGHWAY","type":"HIGHWAY","alt":null},"geometry":{"type":"LineString","coordinates":[[-96.0573475893596,34.7675726698742],[-96.0662646432639,34.767546211736]]}},{"type":"Feature","properties":{"name":"INDIAN NATION TURNPIKE","type":"TURNPIKE","alt":null},"geometry":{"type":"LineString","coordinates":[[-95.8576769383208,34.979862649578],[-95.8581906713571,34.980845407304],[-95.8595160475239,34.9833433081535]]}},{"type":"Feature","properties":{"name":"ASHLAND HIGHWAY","type":"HIGHWAY","alt":null},"geometry":{"type":"LineString","coordinates":[[-96.0529591700764,34.7675570801327],[-96.0573475893596,34.7675726698742]]}},{"type":"Feature","properties":{"name":"WEST UNITED STATES HIGHWAY 270","type":null,"alt":null},"geometry":{"type":"LineString","coordinates":[[-95.9619178077078,34.9420133203453],[-95.9620544926665,34.9420129418471],[-95.9627714084503,34.9420111774856],[-95.9631493746061,34.942010402816]]}},{"type":"Feature","properties":{"name":"WEST UNITED STATES HIGHWAY 270","type":null,"alt":null},"geometry":{"type":"LineString","coordinates":[[-95.9631493746061,34.942010402816],[-95.963485163961,34.9420097157754],[-95.9643795383359,34.9420070861699]]}},{"type":"Feature","properties":{"name":"STATE HIGHWAY 63","type":null,"alt":null},"geometry":{"type":"LineString","coordinates":[[-95.8753067261147,34.7167495024775],[-95.8720570184721,34.7167469867656],[-95.8704118393691,34.7167456798064],[-95.8698482911571,34.7167452271702],[-95.8691158731464,34.7167358118942],[-95.868555514852,34.7167286058956],[-95.8664833161888,34.7167482184086],[-95.8664832272556,34.7167482198853]]}},{"type":"Feature","properties":{"name":"INDIAN NATION TURNPIKE","type":"TURNPIKE","alt":null},"geometry":{"type":"LineString","coordinates":[[-95.7422929753826,34.6134708071683],[-95.7422028815461,34.6136005880814],[-95.7420513393509,34.6138212688422],[-95.741900051379,34.6140423386331],[-95.7417473943745,34.6142625339721],[-95.7415937743761,34.6144823391123],[-95.7414406529427,34.6147027513791],[-95.7412876267307,34.6149237175381],[-95.7411327571757,34.6151444672329],[-95.7409772794612,34.6153657087138],[-95.740822309295,34.6155886004557],[-95.7406669833958,34.6158129798003],[-95.7405104878902,34.6160381702823],[-95.7403527670825,34.616263364589],[-95.7401967216328,34.6164885819421],[-95.7400423236933,34.6167133196259],[-95.7398896065018,34.6169368339236],[-95.7397413153096,34.617159093056],[-95.739597060248,34.6173799610051],[-95.7394563391587,34.6175985070298],[-95.7393203728523,34.6178120305679],[-95.7391914664057,34.6180187699648],[-95.7390705334055,34.6182162250474],[-95.7389591135642,34.6184010891177],[-95.7388580809425,34.6185736150904],[-95.7387645205073,34.618734581493],[-95.7386786370746,34.6188836091482],[-95.7386018490841,34.619018171307],[-95.7385363304588,34.6191347787064],[-95.7384835086218,34.619229172518],[-95.7384448864545,34.6192979403744],[-95.7384231023088,34.6193365499131],[-95.7384166128792,34.6193478392096],[-95.7384155573588,34.6193496770191],[-95.7384060406066,34.6193666386829],[-95.7383870053058,34.6194007409021],[-95.7383602732396,34.61944971264],[-95.7383286974573,34.6195112274121],[-95.7382900151029,34.6195864768804],[-95.7382441309548,34.6196751165119],[-95.7381913755931,34.6197764158749],[-95.7381328000467,34.6198883900131],[-95.7380700374527,34.6200097178294],[-95.7380028371813,34.6201408990205],[-95.7379327146902,34.6202815498661],[-95.7378598864735,34.6204309709837],[-95.7377841001045,34.6205881835554],[-95.7377055047037,34.6207530064204],[-95.7376241020676,34.6209253826112],[-95.7375400485031,34.6211051767983],[-95.7374543626997,34.6212926454519],[-95.737369308412,34.6214884634504],[-95.7372827009371,34.6216913644118],[-95.7371934676867,34.6218996524654],[-95.7371038283977,34.6221128818094],[-95.7370159174674,34.6223308668572],[-95.7369282490822,34.6225522141132],[-95.7368278776206,34.6228107301535]]}},{"type":"Feature","properties":{"name":"ASHLAND HIGHWAY","type":"HIGHWAY","alt":null},"geometry":{"type":"LineString","coordinates":[[-95.9701413577211,34.7530787646948],[-95.9705185683938,34.7530784857042],[-95.9710618218669,34.7530696008111],[-95.9721483422879,34.7530680671005],[-95.9732338350362,34.7530768110222],[-95.9737764614852,34.7530704554968],[-95.9759568406647,34.7530624703111],[-95.9765246927053,34.753064905206],[-95.9779097942621,34.7530561708779],[-95.979378270257,34.7530646048113],[-95.9817579514621,34.753046842402],[-95.9823378238595,34.7530454474482],[-95.9835105753612,34.7530557272975],[-95.9859558237006,34.7530414670324],[-95.9865456871605,34.75304569544],[-95.9871235185856,34.753043287115],[-95.9882863185506,34.7530318551355],[-95.9894792399254,34.7530360503305],[-95.9906607823405,34.7530276186084],[-95.9918212080582,34.753005434407],[-95.9941839730882,34.7530032467642],[-95.9947610580132,34.7529866187572],[-95.9953489613492,34.752981421997],[-95.9964409246625,34.7529804890748],[-95.998055664352,34.7529627856931],[-95.9991416107495,34.7529656671243],[-96.0014063246663,34.7529461842486],[-96.0025896421523,34.7529474780883],[-96.0049920938533,34.7529311689172],[-96.0056096523734,34.7529218920921],[-96.0062236095476,34.7529190431346],[-96.0068245061159,34.7529058774067],[-96.0074312318521,34.7529209244799],[-96.0080512319932,34.752924745478],[-96.009305237909,34.7529134596204],[-96.0099109117179,34.7529291672664],[-96.010208251382,34.7529308257138],[-96.0105151688837,34.7529325373023],[-96.0111217086686,34.7529235261833],[-96.0117059962856,34.7529236117996],[-96.0128927156916,34.7529301555446],[-96.0141010853944,34.7529247336689],[-96.0153118032933,34.7529297016304],[-96.015915581657,34.7529263065],[-96.0170987383447,34.7529348983939],[-96.0176625093389,34.7529280276835],[-96.0187239092713,34.7529286683299],[-96.0197171683961,34.7529236929876],[-96.0201710682445,34.7529173691875],[-96.0206021984955,34.7529181360442],[-96.0210002294214,34.7529580302982],[-96.0213416188738,34.7530861358044],[-96.0214967821779,34.7531634995717],[-96.0215655823489,34.7532067637318]]}},{"type":"Feature","properties":{"name":"ASHLAND HIGHWAY","type":"HIGHWAY","alt":null},"geometry":{"type":"LineString","coordinates":[[-96.0215655823489,34.7532067637318],[-96.0218790306026,34.7534216161762],[-96.0220388193321,34.7536624797001],[-96.0221606686139,34.753939809474],[-96.0222093069966,34.7542532582422],[-96.0221544756283,34.7551793722009],[-96.0221494351813,34.7611237507206],[-96.0221549193961,34.7664503190343],[-96.0221826674569,34.7665919789309],[-96.0222409079317,34.7667598054935],[-96.0223454933903,34.7669412180502],[-96.0224883470801,34.7671489253964]]}},{"type":"Feature","properties":{"name":"WEST UNITED STATES HIGHWAY 270","type":null,"alt":null},"geometry":{"type":"LineString","coordinates":[[-95.7966087673154,34.9422173424225],[-95.7977217880373,34.9426324461286],[-95.7999855344684,34.9434350217677],[-95.8023358434587,34.9442605101611],[-95.8042232371083,34.9449250055025],[-95.8048853610497,34.9451266500248],[-95.8056895697229,34.9453434046496],[-95.8063396715109,34.9454887596131],[-95.807058351586,34.9456385139823],[-95.8075951165278,34.9457413091993],[-95.8090459576954,34.9459289810847],[-95.8102649760275,34.9460159710956],[-95.8112840940561,34.9460380377881],[-95.8202405795098,34.9458079822133],[-95.8237185841004,34.945736707783],[-95.8273456721972,34.9456935653501],[-95.8312877284972,34.9457512910836],[-95.8324338180013,34.9458349677369],[-95.833466917409,34.9459589531736]]}},{"type":"Feature","properties":{"name":"OLD HIGHWAY 69","type":null,"alt":null},"geometry":{"type":"LineString","coordinates":[[-95.8331739273875,34.8440893258168],[-95.8329451705021,34.844398346892],[-95.8328009612546,34.8445765578],[-95.8326639609872,34.8447559162206],[-95.8325273955045,34.8449455448596],[-95.8324252831078,34.8450776899096],[-95.8322451744866,34.8453107703145],[-95.8321012562933,34.8455199884447],[-95.8314703254518,34.8463592899996],[-95.8312502876145,34.8466431695357]]}},{"type":"Feature","properties":{"name":"WEST STATE HIGHWAY 31","type":null,"alt":null},"geometry":{"type":"LineString","coordinates":[[-95.8181933288588,34.9282116841868],[-95.81927627129,34.9280484641769],[-95.8199845291111,34.927935860851],[-95.820696584111,34.9278200520996],[-95.8214089580127,34.9277008839791],[-95.8221193340613,34.9275763163492],[-95.8224095545768,34.927525003855]]}},{"type":"Feature","properties":{"name":"WEST UNITED STATES HIGHWAY 270","type":null,"alt":null},"geometry":{"type":"LineString","coordinates":[[-95.7965161546029,34.9423770335153],[-95.7968497493735,34.9424968894434],[-95.8014011544904,34.9441182943278],[-95.8045604287333,34.9451966599374],[-95.8061371624998,34.9456278274018],[-95.8069344712134,34.9458131130569],[-95.8086565326299,34.9460484216787],[-95.810093596336,34.946162391088],[-95.8113570201892,34.9461929079834],[-95.8185772292853,34.946014348198],[-95.8202821167102,34.945996312236],[-95.8232622695805,34.9459027547617],[-95.826110945924,34.9458754489511],[-95.827373551412,34.9458759010658]]}},{"type":"Feature","properties":{"name":"INDIAN NATION TURNPIKE","type":"TURNPIKE","alt":null},"geometry":{"type":"LineString","coordinates":[[-95.8234479800958,34.9001397907912],[-95.8238047334345,34.9037484159149],[-95.8239865299901,34.9051269948855],[-95.8241739149651,34.9060796977168],[-95.8243747602963,34.9071008023572],[-95.8247151921446,34.9083371355836],[-95.8250206462906,34.9092422526855],[-95.8252105303788,34.9097077433835],[-95.8257199191623,34.9109564566509],[-95.8260264458968,34.9117078548],[-95.8261034899072,34.9118967124708],[-95.8264000704948,34.9124892672227],[-95.82661830721,34.9129252872154],[-95.826678380248,34.913041961174],[-95.8266839803454,34.9130528376327]]}},{"type":"Feature","properties":{"name":"INDIAN NATION TURNPIKE","type":"TURNPIKE","alt":null},"geometry":{"type":"LineString","coordinates":[[-95.8208887238688,34.8751732966135],[-95.8210111256144,34.8760085076133],[-95.8210851521837,34.8766967633331],[-95.8214701593347,34.880525812045],[-95.8217905398875,34.8836561012094],[-95.8218299633521,34.8840412846406]]}},{"type":"Feature","properties":{"name":"INDIAN NATION TURNPIKE","type":"TURNPIKE","alt":null},"geometry":{"type":"LineString","coordinates":[[-95.8211743701628,34.8759709980369],[-95.8211622078722,34.8760291037145],[-95.8211991187489,34.8764368880635],[-95.8218294270579,34.8826214230243],[-95.8219114100057,34.8834799984997],[-95.8219218843619,34.8836582544357],[-95.8219236953655,34.8836890827053],[-95.8219617381195,34.8840436773487]]}},{"type":"Feature","properties":{"name":"STATE HIGHWAY 63","type":null,"alt":null},"geometry":{"type":"LineString","coordinates":[[-95.8906022407444,34.7169213460204],[-95.8905869909441,34.7169156773734],[-95.8903930779119,34.7168435850266],[-95.8903796579799,34.7168385964353],[-95.8898585354021,34.7167926114449],[-95.8892491012454,34.716789197108],[-95.888701445129,34.7167849771823],[-95.8886959591176,34.716784933617],[-95.8886240849117,34.7167843812978],[-95.8880107556599,34.7167735357555],[-95.8873960115615,34.7167640769173],[-95.886743514865,34.716761423126],[-95.8860636447052,34.7167612089915],[-95.8853568816807,34.7167574734515],[-95.8846263429455,34.7167543788381],[-95.8838834272224,34.7167551534145],[-95.8831288513669,34.7167548447654],[-95.8823434947382,34.7167546520443]]}},{"type":"Feature","properties":{"name":"INDIAN NATION TURNPIKE","type":"TURNPIKE","alt":null},"geometry":{"type":"LineString","coordinates":[[-95.7652514311012,34.6980913464388],[-95.7652856452354,34.6981187337752],[-95.7653331418594,34.6981568745516],[-95.7653910167199,34.698203598862],[-95.765460874208,34.6982607176413],[-95.7655416399386,34.6983282500705],[-95.7656316125025,34.6984055631792],[-95.7657286619942,34.6984915335932],[-95.7658326599547,34.6985864101793],[-95.7659431760908,34.6986904248136],[-95.7660596516505,34.6988026527905],[-95.7661802136465,34.6989229943716],[-95.7663036736076,34.699051440659],[-95.7664292356264,34.6991875772875],[-95.766556321188,34.6993335127806],[-95.7666835513783,34.6994886739724],[-95.7668083120999,34.6996537919734],[-95.7669325275441,34.6998268549242],[-95.7670558087405,34.7000053620633],[-95.7671760096137,34.7001884300583],[-95.7672898486181,34.7003777353673],[-95.7673983381549,34.7005725918445],[-95.767501126983,34.7007725925163],[-95.7675989274663,34.7009767240743],[-95.7676920369472,34.7011846120511],[-95.7677796523318,34.7013962438634],[-95.7678591253867,34.7016118233168],[-95.7679296952387,34.7018308430116],[-95.7679933211137,34.7020522505205],[-95.7680506947142,34.7022745938856],[-95.768102487082,34.7024969433],[-95.768145071718,34.7027193497214],[-95.7681778458528,34.7029417400361],[-95.7682025585063,34.7031646075731],[-95.7682189231158,34.7033896169397],[-95.7682255086652,34.703617096018],[-95.7682242725834,34.7038466681474],[-95.7682167402097,34.7040786309291],[-95.7682012891868,34.7043125065297],[-95.7681767651795,34.7045474035587],[-95.768143729635,34.7047829261703],[-95.7681008171138,34.7050192419987],[-95.7680483357383,34.7052561723206],[-95.7679868792948,34.7054933737303],[-95.7679174287435,34.7057312132567],[-95.7678396058939,34.7059692514919],[-95.7677535553745,34.706206621448],[-95.7676605509965,34.706443080907],[-95.7675644321594,34.7066779593323],[-95.7674692296039,34.7069103772044],[-95.7673749163805,34.7071398427156],[-95.7672822452775,34.7073652880503],[-95.7671927173797,34.7075863890499],[-95.7671069884571,34.7078006858893],[-95.7670230193343,34.7080066905982],[-95.7669413202541,34.7082045797331],[-95.7668635054893,34.7083954470258],[-95.7667877999687,34.7085815507598],[-95.7667120800751,34.7087644092543],[-95.7666375243981,34.708945688507],[-95.7665645569425,34.7091249454505],[-95.7664938721061,34.7092972191132],[-95.7664278144916,34.7094584790236],[-95.7663670650222,34.7096089349682],[-95.7663088254457,34.7097514411445],[-95.7662526043837,34.7098872145694],[-95.7661988653668,34.7100161814307],[-95.7661497679449,34.7101337781139],[-95.7661084625098,34.7102334907722],[-95.7660752086746,34.7103140707469],[-95.7660492509562,34.7103760364873],[-95.7660290586252,34.7104251390956],[-95.7660154680133,34.7104579196895],[-95.7660090809916,34.7104732255662],[-95.7659957068737,34.7105053474429],[-95.7659801040355,34.7105428791953],[-95.7659585031462,34.7105957426304],[-95.7659333152839,34.7106597950178],[-95.7659043239548,34.7107344241575],[-95.7658723439307,34.7108159481192],[-95.7658392005882,34.7108988772657],[-95.765805567664,34.7109815737185],[-95.7657724611525,34.7110627082757],[-95.7657421367235,34.7111367928178],[-95.7657171303209,34.7111979663292],[-95.7656991828798,34.7112421806876],[-95.7656891046807,34.711266722877],[-95.7656888459659,34.7112673498159],[-95.7656745034641,34.7113024724194],[-95.7656564841578,34.7113478948151],[-95.7656336013725,34.7114077884491],[-95.7656059323635,34.7114803876752],[-95.7655731231943,34.7115662270912],[-95.7655345621124,34.711664023985],[-95.7654910054993,34.7117721663007],[-95.7654430624126,34.7118902471183],[-95.7653908586165,34.7120192012567],[-95.7653354047157,34.7121583160744],[-95.7652762281963,34.7123064543306],[-95.7652140324393,34.7124626678285],[-95.765150157731,34.7126265334009],[-95.7650853847075,34.7127983389901],[-95.7650199801683,34.7129782093411],[-95.7649519264973,34.713164482202],[-95.7648828244924,34.7133558069496],[-95.764814556124,34.7135519863898],[-95.7647474717352,34.7137518478743],[-95.7646809254373,34.7139547046457],[-95.7646148399751,34.7141601416909],[-95.7645496788794,34.7143663417483],[-95.7644881056548,34.7145700882787],[-95.7644295435831,34.714770994372],[-95.7643728059898,34.7149687218566],[-95.7643183007099,34.7151625559753],[-95.7642677875432,34.7153502985162],[-95.7642207454667,34.715529362885],[-95.7641762788601,34.7156995409079],[-95.7641348359828,34.7158590353669],[-95.7640980490737,34.7160056296422],[-95.7640665325802,34.7161364122892],[-95.7640413402264,34.7162475569966],[-95.7640209996734,34.7163387839907],[-95.7640040736168,34.716412075936],[-95.7639914091679,34.7164664308748],[-95.7639837609116,34.7164994446229],[-95.7639802961096,34.7165137207943],[-95.7639763390307,34.7165311735472],[-95.7639683467197,34.7165674111094],[-95.7639570881342,34.7166206827189],[-95.7639436376595,34.7166867322307],[-95.7639274760692,34.7167664168907],[-95.7639085279049,34.7168593416187],[-95.7638876079385,34.7169632941442],[-95.7638649290709,34.7170776150416],[-95.7638404445895,34.7172026808472],[-95.7638151004204,34.7173378291766],[-95.7637891094643,34.7174825224337],[-95.7637624492633,34.7176362939075],[-95.763735452194,34.7177988371175],[-95.7637087767217,34.7179702457868],[-95.7636823491843,34.7181502377979],[-95.7636562450405,34.7183377062621],[-95.7636300025561,34.7185311064393],[-95.7636036109514,34.7187300639306],[-95.7635765986108,34.7189344007474],[-95.7635502546168,34.7191436716105],[-95.7635261330547,34.7193568036283],[-95.763503357169,34.7195733522723],[-95.76348099361,34.7197926382172],[-95.7634614381846,34.7200137643267],[-95.7634449334379,34.720235401531],[-95.7634297779607,34.7204570543852],[-95.7634155675113,34.7206784592945],[-95.7634036459691,34.7208994346251],[-95.7633940330973,34.7211196887296],[-95.7633867540485,34.7213387313467],[-95.7633822472007,34.7215566673321],[-95.7633778975581,34.7217744668866],[-95.7633742755509,34.7219923360104],[-95.7633733520828,34.7222104799632],[-95.7633755951761,34.722429151995],[-95.763380908711,34.7226488430993],[-95.7633896151827,34.7228696175035],[-95.7634003284908,34.7230905456308],[-95.7634078869156,34.7232417601509]]}},{"type":"Feature","properties":{"name":"INDIAN NATION TURNPIKE","type":"TURNPIKE","alt":null},"geometry":{"type":"LineString","coordinates":[[-95.8204671750486,34.8726230440834],[-95.8205669248761,34.872923360169],[-95.8206617537325,34.8732445881274],[-95.8207819914366,34.873701433778],[-95.8208931732243,34.8741766005883],[-95.8209784961084,34.8745924906202],[-95.821035750233,34.8749206868345],[-95.821099441685,34.87537234739],[-95.8211743701628,34.8759709980369]]}},{"type":"Feature","properties":{"name":"INDIAN NATION TURNPIKE","type":"TURNPIKE","alt":null},"geometry":{"type":"LineString","coordinates":[[-95.8359225799175,34.9309795247033],[-95.8360675536313,34.9312602802865],[-95.8365382286193,34.932134192402],[-95.8372639981986,34.9335110920436],[-95.8379753174783,34.9348859080094],[-95.8400668829206,34.938928132767],[-95.8402607932578,34.9393123853599],[-95.8416173939656,34.9420923233456],[-95.8420988918562,34.9431986305496],[-95.8424417293928,34.9440858076356],[-95.8425671934953,34.9444104751625],[-95.8426844146567,34.9447514192317],[-95.842962650748,34.9455196729136]]}},{"type":"Feature","properties":{"name":"INDIAN NATION TURNPIKE","type":"TURNPIKE","alt":null},"geometry":{"type":"LineString","coordinates":[[-95.7653946396255,34.6979959796181],[-95.7655793754687,34.6981450066139],[-95.765759863179,34.6982998613164],[-95.7659919869501,34.6985129960865],[-95.766252887353,34.6987702597511],[-95.7663894833785,34.6989155275886],[-95.7668067553195,34.6994034918886],[-95.7669449260917,34.6995787621453],[-95.7670786987122,34.6997616833747],[-95.7673319014515,34.7001443227889],[-95.7674499185202,34.7003409862883],[-95.7675613132087,34.7005412386234],[-95.7676662669766,34.7007448338351],[-95.7677660284822,34.700950715792],[-95.7678574590118,34.70115809203],[-95.7679409080101,34.7013663296155],[-95.7680878005254,34.7017824538902],[-95.7681497097198,34.7019894388399],[-95.7682028217127,34.7021959668634],[-95.7682481354305,34.7024017004591],[-95.7683201884012,34.7028087999886],[-95.7683679230787,34.7032091075999],[-95.7683823572087,34.703406006786],[-95.7683940514771,34.7037925892416],[-95.7683809405655,34.7041695079999],[-95.7683651329115,34.7043556374882],[-95.7683187367237,34.7047342721761],[-95.768287284909,34.7049281265872],[-95.7682039895225,34.7053244220289],[-95.7681519608979,34.705526012272],[-95.7680936782023,34.7057263074448],[-95.768028942908,34.7059242854844],[-95.7678865087315,34.7063160662071],[-95.7677321054021,34.7067047936556],[-95.7663653447485,34.7100536971591],[-95.7662183228758,34.7104336851944],[-95.7659967821571,34.7109793945627],[-95.765848884427,34.7113364969426],[-95.7655772689194,34.7119923066288],[-95.7652213465224,34.7129105293692],[-95.7649579676676,34.7136456553678],[-95.7647679281709,34.7142242880507],[-95.7645982202441,34.7147801949937],[-95.7643836567401,34.7155722280761],[-95.7641994149703,34.7163265701369],[-95.7640319303738,34.7171070658052],[-95.7639695684284,34.7174266552038],[-95.7638478224529,34.7181622106697],[-95.763763673667,34.7187724622852],[-95.763686280212,34.7194010778631],[-95.7636078698641,34.7202664556341],[-95.7635611404014,34.7211531495402],[-95.7635441802088,34.7220355500432],[-95.7635486906498,34.7226802499618],[-95.7635659616595,34.7232444764929]]}},{"type":"Feature","properties":{"name":"ASHLAND HIGHWAY","type":"HIGHWAY","alt":null},"geometry":{"type":"LineString","coordinates":[[-96.0662646432639,34.767546211736],[-96.0670077188872,34.7675439772501]]}},{"type":"Feature","properties":{"name":"ASHLAND HIGHWAY","type":"HIGHWAY","alt":null},"geometry":{"type":"LineString","coordinates":[[-96.0747269466152,34.7675325627752],[-96.0750120575133,34.7675347360122]]}},{"type":"Feature","properties":{"name":"INDIAN NATION TURNPIKE","type":"TURNPIKE","alt":null},"geometry":{"type":"LineString","coordinates":[[-95.7648434109093,34.7389335928965],[-95.76485017702,34.7390221964067],[-95.7648547251903,34.7390817695482],[-95.7648738386446,34.739278431994],[-95.7648908123119,34.7394586189998],[-95.7649070772084,34.7396303459481],[-95.7649221760917,34.7397903619065],[-95.7649360999786,34.7399354942111],[-95.7649487284949,34.7400664493851],[-95.7649592459702,34.7401842218322],[-95.7649683872265,34.7402857872656],[-95.764976657117,34.7403720227077],[-95.7649828680689,34.7404377705189],[-95.7649866930954,34.7404806227951],[-95.7650944675733,34.7415763501099],[-95.7651519319037,34.742088132914],[-95.7653918826959,34.7446626554506],[-95.7657126872535,34.7480123480701],[-95.7662946401491,34.754236813526]]}},{"type":"Feature","properties":{"name":"INDIAN NATION TURNPIKE","type":"TURNPIKE","alt":null},"geometry":{"type":"LineString","coordinates":[[-95.7650245265419,34.7390057671128],[-95.7650274209138,34.7390271718482],[-95.7650307339005,34.739051662975],[-95.7651470315938,34.7402686975474],[-95.7651687780102,34.7405075177525],[-95.7655263317478,34.744433888281],[-95.7658495051629,34.7477928609364],[-95.7660931929466,34.7503896998522],[-95.7663208844301,34.7526870498302],[-95.7664596148527,34.7541805408497]]}},{"type":"Feature","properties":{"name":"INDIAN NATION TURNPIKE","type":"TURNPIKE","alt":null},"geometry":{"type":"LineString","coordinates":[[-95.7662946401491,34.754236813526],[-95.7662961924379,34.7542582526941],[-95.7663321115745,34.7547545529705],[-95.7663893836655,34.7553576653748],[-95.766490988514,34.7563975426612],[-95.7665604974557,34.7570242616719],[-95.7668597047173,34.7601980938401],[-95.7669083332186,34.760648496718],[-95.7669925296152,34.7613225850102],[-95.7671306491834,34.7622379756695],[-95.767210901976,34.7627023492735],[-95.7672985074791,34.7631691710979],[-95.7674937311533,34.7641088862398],[-95.7676029303592,34.7645787110186],[-95.7677778763625,34.7652800061175],[-95.7680398888797,34.7662206410718],[-95.7682515840629,34.7669164496077],[-95.7683537826979,34.7672342450442]]}},{"type":"Feature","properties":{"name":"ASHLAND HIGHWAY","type":"HIGHWAY","alt":null},"geometry":{"type":"LineString","coordinates":[[-96.0690086245544,34.7675165007436],[-96.0701678330549,34.7675188496111]]}},{"type":"Feature","properties":{"name":"ASHLAND HIGHWAY","type":"HIGHWAY","alt":null},"geometry":{"type":"LineString","coordinates":[[-96.0701678330549,34.7675188496111],[-96.0725610743292,34.7675288007504]]}},{"type":"Feature","properties":{"name":"WEST UNITED STATES HIGHWAY 270","type":null,"alt":null},"geometry":{"type":"LineString","coordinates":[[-95.942341845902,34.9383382609284],[-95.9428336735201,34.9385995317319],[-95.9434201350601,34.9390005280326],[-95.9439454590585,34.9394488169987],[-95.9444296959124,34.9399183124786],[-95.9449216834305,34.9403739942285],[-95.9454500760739,34.9407910910973],[-95.9460272005248,34.941151505526],[-95.9466429704993,34.9414517470706],[-95.9472890783775,34.9416871573106],[-95.9479547803087,34.9418630453625],[-95.9479822903159,34.9418946794721]]}},{"type":"Feature","properties":{"name":"WEST UNITED STATES HIGHWAY 270","type":null,"alt":null},"geometry":{"type":"LineString","coordinates":[[-95.9479822903159,34.9418946794721],[-95.9486350654902,34.9419812856917],[-95.9493351728968,34.9420342739755],[-95.9500484729616,34.9420386112401],[-95.9507665448772,34.9420387430516]]}},{"type":"Feature","properties":{"name":"WEST UNITED STATES HIGHWAY 270","type":null,"alt":null},"geometry":{"type":"LineString","coordinates":[[-95.9507665448772,34.9420387430516],[-95.9514886565167,34.9420376819314],[-95.9519146070817,34.9420361171289]]}},{"type":"Feature","properties":{"name":"ASHLAND HIGHWAY","type":"HIGHWAY","alt":null},"geometry":{"type":"LineString","coordinates":[[-96.0725610743292,34.7675288007504],[-96.0742650445742,34.7675290398434],[-96.0747269466152,34.7675325627752]]}},{"type":"Feature","properties":{"name":"INDIAN NATION TURNPIKE","type":"TURNPIKE","alt":null},"geometry":{"type":"LineString","coordinates":[[-95.7528900854806,34.593847992739],[-95.7528897351377,34.5938487167004],[-95.752878621181,34.593871693414],[-95.7528311910323,34.5939690206645],[-95.7527789081845,34.5940765704936],[-95.7527227437163,34.5941931552443],[-95.7526621918762,34.5943187608284],[-95.7525968601006,34.5944529117159],[-95.7525276790439,34.5945954910268],[-95.7524553934096,34.5947457902934],[-95.7523787572344,34.5949034515648],[-95.7522979304184,34.595069260866],[-95.7522133037288,34.5952426598423],[-95.752124998438,34.5954236883777],[-95.7520328995618,34.595612348641],[-95.7519375856152,34.5958076164094],[-95.7518419123425,34.5960087092756],[-95.7517439591456,34.5962142991097],[-95.7516431052887,34.5964228781035],[-95.7515391567356,34.5966349638606],[-95.7514334726373,34.5968507604461],[-95.7513269944284,34.5970704364285],[-95.7512181823964,34.597293122172],[-95.7511081513505,34.5975182039022],[-95.7509990491626,34.5977453355341],[-95.7508887935379,34.5979736615026],[-95.7507769973024,34.5982023935421],[-95.7506659251091,34.5984310199499],[-95.7505553011752,34.5986586999744],[-95.7504444409843,34.598884681607],[-95.7503346650599,34.5991093212735],[-95.7502265860531,34.5993328696556],[-95.750118041719,34.5995539721082],[-95.7500118267165,34.5997710203731],[-95.7499087971399,34.5999845808901],[-95.7498073045808,34.600194025167],[-95.7497070822395,34.6003991624614],[-95.7496082442021,34.6005998944609],[-95.7495107994516,34.6007962781335],[-95.7494150309575,34.6009877951716],[-95.7493232482883,34.6011736773457],[-95.7492373289229,34.6013518380393],[-95.7491563089691,34.6015193809843],[-95.7490802252578,34.6016756060133],[-95.7490102393107,34.6018190979408],[-95.7489469889315,34.6019504328397],[-95.7488896261107,34.6020683833347],[-95.7488382478664,34.6021732674319],[-95.7487925092453,34.6022672169165],[-95.7487541978951,34.6023467247801],[-95.7487250394793,34.6024073560557],[-95.7487066868981,34.6024448739414],[-95.7486993943746,34.6024597465175],[-95.7486889523577,34.6024810349856],[-95.7486719706056,34.6025161120338],[-95.7486472013583,34.6025676291801],[-95.7486165831801,34.6026309147856],[-95.7485792321289,34.602707653943],[-95.7485353440374,34.6027977246121],[-95.7484855333532,34.602900099709],[-95.7484305519662,34.6030128774277],[-95.7483710763079,34.6031351445569],[-95.7483065602025,34.6032677935189],[-95.7482364026772,34.6034096182932],[-95.7481623491584,34.6035594387438],[-95.7480855324218,34.6037172437362],[-95.7480058850938,34.6038826753547],[-95.7479220516165,34.6040554599756],[-95.7478347901681,34.6042344041643],[-95.747746737304,34.6044148770398],[-95.7476609068718,34.6045928008282],[-95.7475764472688,34.6047673089767],[-95.7474917576971,34.6049379608292],[-95.7474099014118,34.6051049146391],[-95.7473306430543,34.605267971533],[-95.7472531741408,34.6054265141451],[-95.7471772736858,34.6055805632041],[-95.7471031384204,34.6057305904626],[-95.7470306524618,34.6058767090682],[-95.7469598616241,34.6060177574717],[-95.7468924637233,34.606150766344],[-95.7468309120583,34.6062717822583],[-95.746774938033,34.606383065549],[-95.746722361436,34.6064852365937],[-95.7466733843884,34.6065784817491],[-95.7466302841194,34.6066603241334],[-95.7465959343396,34.6067247888823],[-95.7465736354593,34.6067661170388],[-95.7465634395808,34.6067857023604],[-95.7465630362372,34.6067864779654],[-95.7465545579376,34.6068016580835],[-95.7465371638587,34.6068343118531],[-95.7465109330524,34.6068832074555],[-95.7464784068526,34.6069444091733],[-95.7464385126709,34.6070196870394],[-95.7463909666395,34.6071088798324],[-95.7463366023952,34.6072102973035],[-95.7462758466375,34.6073215771183],[-95.7462084738896,34.6074418053763],[-95.7461354462468,34.6075716659543],[-95.7460574060049,34.6077107247986],[-95.7459749334753,34.6078581766934],[-95.745887216581,34.6080130959096],[-95.7457938771314,34.6081749500637],[-95.745694888177,34.6083437213705],[-95.7455905326871,34.6085191332672],[-95.7454808960016,34.6087014370936],[-95.7453670255562,34.6088898690486],[-95.7452501062287,34.6090837104374],[-95.7451298766094,34.6092823320325],[-95.7450052650081,34.6094851216164],[-95.7448760279814,34.6096899801448],[-95.7447423550739,34.6098970562114],[-95.7446060671706,34.610107045524],[-95.7444667681144,34.610319951018],[-95.7443241470883,34.6105341727345],[-95.7441799234678,34.6107498363511],[-95.7440339445392,34.6109665714481],[-95.74388467598,34.6111835950597],[-95.7437333484822,34.6114011910883],[-95.7435807651396,34.6116200005305],[-95.7434278431321,34.6118397986204],[-95.7432754259779,34.612060425655],[-95.7431231354861,34.6122813626204],[-95.7429700652566,34.6125019426433],[-95.7428158595566,34.6127216437648],[-95.7426629420407,34.6129414470705],[-95.7425093606699,34.6131610065582],[-95.7423556499416,34.6133805211063],[-95.7422929753826,34.6134708071683]]}},{"type":"Feature","properties":{"name":"INDIAN NATION TURNPIKE","type":"TURNPIKE","alt":null},"geometry":{"type":"LineString","coordinates":[[-95.7423023232514,34.6137364895697],[-95.7407937482588,34.6159129620189],[-95.7404701319743,34.6163714621932],[-95.739945999142,34.6171352119879],[-95.7395129123604,34.6178074714443],[-95.7393102389576,34.6181336340806],[-95.7390447975709,34.6185778289326],[-95.7386618430703,34.6192435342129],[-95.7385535709258,34.6194440661506],[-95.7384527700694,34.6196307593753],[-95.7381543829697,34.6202049851523],[-95.737733493513,34.6210789564056],[-95.7374596950992,34.6216914154196],[-95.7372742747398,34.6221254769635],[-95.7370032862562,34.6228114804749]]}},{"type":"Feature","properties":{"name":"INDIAN NATION TURNPIKE","type":"TURNPIKE","alt":null},"geometry":{"type":"LineString","coordinates":[[-95.753070553428,34.5938468568812],[-95.7530703387306,34.5938473013151],[-95.7527721097344,34.5944658490113],[-95.7517597497317,34.5965358761052],[-95.7488539216714,34.6025193920724],[-95.7474922634486,34.6053119592563],[-95.7470071507373,34.6062903909755],[-95.7467268682838,34.6068263857514],[-95.7467065834264,34.6068639600512],[-95.7463713258742,34.6074849401945],[-95.7458141494124,34.6084610483759],[-95.7452393093773,34.60941093653],[-95.7449963662969,34.6097949218963],[-95.7447462304061,34.6101747459297],[-95.7445003471397,34.6105600179152],[-95.7439680450282,34.6113418609552],[-95.7428407222287,34.6129596883292],[-95.7423023232514,34.6137364895697]]}},{"type":"Feature","properties":{"name":"INDIAN NATION TURNPIKE","type":"TURNPIKE","alt":null},"geometry":{"type":"LineString","coordinates":[[-95.842962650748,34.9455196729136],[-95.8430721472963,34.9458441153326],[-95.8432263934204,34.9462718023965],[-95.8435581861706,34.9472254362188],[-95.8439997027429,34.9485094572422],[-95.8440630995474,34.9486938255599],[-95.8443096233125,34.9494107501249],[-95.8449430092497,34.9512791603864],[-95.845121551209,34.951849537171]]}},{"type":"Feature","properties":{"name":"WEST UNITED STATES HIGHWAY 270","type":null,"alt":null},"geometry":{"type":"LineString","coordinates":[[-96.0008494338688,34.9419763769947],[-96.0012384070818,34.9419750817053],[-96.0019821905775,34.9419761862727],[-96.0027192645563,34.9419764174954],[-96.0034576455839,34.9419709999607],[-96.0042008146319,34.9419670780099],[-96.0049501613941,34.9419624579723],[-96.005711767465,34.9419611383823],[-96.0064911826365,34.9419607164375],[-96.0072797228945,34.9419594564941],[-96.007506522351,34.9419579719553],[-96.0080676496033,34.9419542974271],[-96.0088497597206,34.941953382845],[-96.0094332765831,34.9419576376395],[-96.0104179011013,34.9419459660412],[-96.0111989440201,34.9419451162604],[-96.0119693149532,34.9419407605815],[-96.0127378443401,34.9419353555627],[-96.0135080814242,34.9419325506967],[-96.0140446271771,34.941929175137],[-96.0150368173067,34.9419214166513],[-96.0157949145582,34.9419159446208],[-96.0165530666068,34.9419119718573],[-96.0173097490117,34.9419166986727],[-96.0180634714677,34.9419109814278],[-96.018565172469,34.9419110020464]]}},{"type":"Feature","properties":{"name":"INDIAN NATION TURNPIKE","type":"TURNPIKE","alt":null},"geometry":{"type":"LineString","coordinates":[[-95.7664596148527,34.7541805408497],[-95.7665111601837,34.7547484905824],[-95.7666490632579,34.7562679713743],[-95.7670119395136,34.760090228902],[-95.7670570735684,34.7605260700762],[-95.7671373973278,34.761170641661],[-95.7672934302011,34.7622351816446],[-95.7674460494763,34.7630913030705],[-95.7676700893082,34.7641592483783],[-95.7679270470053,34.7652118081224],[-95.7682071515923,34.7662237825378],[-95.7685284196807,34.7672371510675]]}},{"type":"Feature","properties":{"name":"ASHLAND HIGHWAY","type":"HIGHWAY","alt":null},"geometry":{"type":"LineString","coordinates":[[-95.8997410141321,34.7531316193816],[-95.8998504055775,34.7531321618631],[-95.9024125651595,34.7531351820455],[-95.9053870649317,34.7531446256504],[-95.9065689487066,34.753137856073],[-95.9083387474956,34.7531472214422],[-95.9094945558728,34.7531487477707],[-95.911232774388,34.753142677884],[-95.9124000156237,34.7531496888097],[-95.9135495753198,34.7531457999196],[-95.9141251510752,34.7531379963063],[-95.9152470507453,34.7531472871304],[-95.9168934264042,34.7531462139768],[-95.9173373145288,34.7531349259352]]}},{"type":"Feature","properties":{"name":"WEST UNITED STATES HIGHWAY 270","type":null,"alt":null},"geometry":{"type":"LineString","coordinates":[[-95.8476622841749,34.9491010797672],[-95.8479274147445,34.9491562289487],[-95.8531186440241,34.949853509943],[-95.8580966985952,34.9505325784843],[-95.8593571283636,34.9507088385371],[-95.8598584942934,34.9507904079969]]}},{"type":"Feature","properties":{"name":"WEST UNITED STATES HIGHWAY 270","type":null,"alt":null},"geometry":{"type":"LineString","coordinates":[[-95.9713341470436,34.9419926192875],[-95.9719254361299,34.9419915493301],[-95.972611882856,34.9419897599314],[-95.9733032676211,34.9419905677381],[-95.9740000135319,34.9419915625849],[-95.9746997077134,34.941993307801],[-95.9754119810039,34.9419987511075],[-95.9761447852902,34.9420011509634],[-95.9768984412708,34.9420013615675],[-95.9776652234344,34.9419990338766],[-95.9780586136636,34.9419985795314],[-95.9784322059223,34.9419981494866],[-95.9792017620835,34.9419986568511],[-95.9793934886163,34.9419986435963],[-95.9799677716959,34.9419986023591],[-95.9807282961953,34.9420020832179],[-95.9814854205712,34.9420038762983],[-95.9822390352294,34.9420035294643],[-95.9826734542126,34.94200419515],[-95.9829927837365,34.9420046818959],[-95.9832733455661,34.9420066266701]]}},{"type":"Feature","properties":{"name":"WEST STATE HIGHWAY 31","type":null,"alt":null},"geometry":{"type":"LineString","coordinates":[[-95.9481203317307,34.8874644948021],[-95.9481365256603,34.8874375961903],[-95.9481486142891,34.8873948659617],[-95.9481546842055,34.8872082104482],[-95.948154771342,34.8870230754132]]}},{"type":"Feature","properties":{"name":"WEST UNITED STATES HIGHWAY 270","type":null,"alt":null},"geometry":{"type":"LineString","coordinates":[[-96.0360749381543,34.9377119734772],[-96.0361738777014,34.9376746990105],[-96.0362498706829,34.9376460671185]]}},{"type":"Feature","properties":{"name":"WEST STATE HIGHWAY 31","type":null,"alt":null},"geometry":{"type":"LineString","coordinates":[[-95.9487184785559,34.8840121263148],[-95.9488189326625,34.8840003396247],[-95.9492688853136,34.8839774839789],[-95.949861764418,34.8839854380627]]}},{"type":"Feature","properties":{"name":"WEST STATE HIGHWAY 31","type":null,"alt":null},"geometry":{"type":"LineString","coordinates":[[-95.948154771342,34.8870230754132],[-95.9481548045797,34.8869536363117],[-95.9481541506062,34.8866587801452],[-95.9481539907061,34.8863594102841],[-95.9481539583667,34.8862601373766]]}},{"type":"Feature","properties":{"name":"WEST STATE HIGHWAY 31","type":null,"alt":null},"geometry":{"type":"LineString","coordinates":[[-95.9481539583667,34.8862601373766],[-95.948153896383,34.8860619353246],[-95.9481552169064,34.8857708561662],[-95.9481574052025,34.8854915676127],[-95.948155617555,34.8852239430398],[-95.94815437788,34.8851338444941]]}},{"type":"Feature","properties":{"name":"WEST UNITED STATES HIGHWAY 270","type":null,"alt":null},"geometry":{"type":"LineString","coordinates":[[-96.0810427974602,34.9163818892694],[-96.081505442408,34.9161140309153],[-96.0821619141496,34.9157309152761],[-96.0828175333901,34.9153468365632],[-96.0834779002268,34.9149617314138],[-96.0841444043535,34.9145740470096],[-96.0848089600344,34.9141872727194],[-96.0854752503621,34.9138010026725],[-96.0861417275394,34.9134146431485],[-96.0867380022755,34.9130648580883]]}},{"type":"Feature","properties":{"name":"WEST STATE HIGHWAY 31","type":null,"alt":null},"geometry":{"type":"LineString","coordinates":[[-95.94815437788,34.8851338444941],[-95.9481521222103,34.8849698719468],[-95.9481485729666,34.8847322128632],[-95.9481499743384,34.8845166186441],[-95.9481497210135,34.8843263435939],[-95.948152882185,34.8841693264797],[-95.948186380362,34.8840607306421],[-95.948289633619,34.8840105979876],[-95.94849099099,34.8840052547373],[-95.9487184785559,34.8840121263148]]}},{"type":"Feature","properties":{"name":"WEST UNITED STATES HIGHWAY 270","type":null,"alt":null},"geometry":{"type":"LineString","coordinates":[[-95.8818997611238,34.9499620511656],[-95.8824759782763,34.9499531057774],[-95.8831393472827,34.9499198468022],[-95.8834688205828,34.9498847463093]]}},{"type":"Feature","properties":{"name":"WEST UNITED STATES HIGHWAY 270","type":null,"alt":null},"geometry":{"type":"LineString","coordinates":[[-95.9656035971151,34.9420419470308],[-95.9662841544862,34.9420060235765],[-95.9669743633566,34.9420064919129],[-95.9676733101399,34.942004916064],[-95.9683844641295,34.9419998976481],[-95.9691105580006,34.9419951222365],[-95.9698389461689,34.9419963784974],[-95.970554409377,34.9419939042672],[-95.9713341470436,34.9419926192875]]}},{"type":"Feature","properties":{"name":"WEST UNITED STATES HIGHWAY 270","type":null,"alt":null},"geometry":{"type":"LineString","coordinates":[[-95.8655581601424,34.9509422879457],[-95.8660844983387,34.9508956420006],[-95.8667471729474,34.9508342545945],[-95.8674077940073,34.9507791507198],[-95.8680733324451,34.9506411033456],[-95.8686324995735,34.9505291635185],[-95.8693225359674,34.9503980244508],[-95.8699595277421,34.9503017447314],[-95.870621846618,34.9502345275616],[-95.8712488634998,34.9501881646909],[-95.8717620171226,34.9501756062808],[-95.8721967936353,34.950168841114],[-95.8734223768555,34.9501686393666],[-95.8740707520815,34.950211988555],[-95.8746251841901,34.9501776708789]]}},{"type":"Feature","properties":{"name":"WEST UNITED STATES HIGHWAY 270","type":null,"alt":null},"geometry":{"type":"LineString","coordinates":[[-96.0207668525005,34.9419146220845],[-96.0210537860804,34.9419158312185],[-96.0219055488698,34.9419160300408],[-96.0229952151909,34.9419157450622],[-96.0233243713858,34.9419151986691],[-96.024082895337,34.9418762331772],[-96.0248315755492,34.9417640729874],[-96.0251986667002,34.9416708678288]]}},{"type":"Feature","properties":{"name":"ASHLAND HIGHWAY","type":"HIGHWAY","alt":null},"geometry":{"type":"LineString","coordinates":[[-95.9525110228533,34.7532010924068],[-95.9526886134968,34.7532014621795],[-95.9533321180573,34.7531770232222],[-95.9539599622875,34.7531784772194],[-95.9545637541259,34.7531990154795],[-95.955185381116,34.753172726919],[-95.9557733105031,34.7531734612983],[-95.9575042167319,34.7531568990138],[-95.9585988354652,34.7531604144402],[-95.9596586615492,34.7531517568815],[-95.9605849395915,34.7531177990194],[-95.9610247664327,34.7531235220151],[-95.9614593102817,34.7531232622144],[-95.9629473839229,34.7531061057734],[-95.963864763254,34.7531046192999],[-95.9647615460122,34.7530909576184],[-95.9652181551796,34.7530940147058],[-95.9662652027286,34.7530796732595],[-95.9667771588973,34.7530817073818],[-95.9672676650935,34.7530905324898],[-95.9677472325046,34.7530854951593],[-95.9681954505089,34.7530873897861],[-95.9691047189512,34.7530761711151],[-95.9695670773364,34.7530848626329],[-95.9701413577211,34.7530787646948]]}},{"type":"Feature","properties":{"name":"WEST STATE HIGHWAY 31","type":null,"alt":null},"geometry":{"type":"LineString","coordinates":[[-95.9371760802675,34.8873261677274],[-95.9374759900116,34.8873381639479],[-95.9385281453814,34.8873530383747],[-95.9390594072438,34.8873625336603],[-95.9396365802037,34.8873758945555],[-95.9401554381287,34.8873851975158],[-95.9407054424411,34.8873958938926],[-95.9412494163631,34.8874038638566],[-95.9417895068681,34.8874125087908],[-95.9423303869923,34.8874145101239],[-95.9428563380147,34.8874224270317],[-95.9433688295793,34.8874277435325],[-95.9438661791414,34.8874341469128],[-95.9443483337004,34.8874426208906],[-95.9448185631241,34.8874529186145],[-95.9452739317181,34.887461594492],[-95.945709062167,34.8874683714614],[-95.946119153874,34.887474433669],[-95.9465109028811,34.8874798069052],[-95.946890658481,34.8874824043622],[-95.9472520579063,34.887486784301],[-95.9475738640855,34.8874904023188],[-95.9478392686412,34.8874942553971],[-95.9480396657131,34.887494677622],[-95.9480868676897,34.8874882801414],[-95.9481203317307,34.8874644948021]]}},{"type":"Feature","properties":{"name":"WEST STATE HIGHWAY 31","type":null,"alt":null},"geometry":{"type":"LineString","coordinates":[[-95.9305979231561,34.8877455045982],[-95.9307984666534,34.8877185338656],[-95.9313341149893,34.8876768221312],[-95.9318705259949,34.8876642688898],[-95.9324022936088,34.8876674204639],[-95.9329208272419,34.8876777852144],[-95.9334207127481,34.8876880549081],[-95.9339119780208,34.8877044730042],[-95.9344077142086,34.8876906818332],[-95.9349009153508,34.8875807819743],[-95.93539434197,34.8874346494566],[-95.9359054204846,34.8873328135454],[-95.9364321054306,34.8873105660063],[-95.9369610442497,34.8873175677331],[-95.9371760802675,34.8873261677274]]}},{"type":"Feature","properties":{"name":"STATE HIGHWAY 63","type":null,"alt":null},"geometry":{"type":"LineString","coordinates":[[-95.7764274676707,34.7506237721736],[-95.7763973777019,34.7506232628899],[-95.7763484186206,34.7506156420852],[-95.7762747118516,34.7506278102772],[-95.7760272035329,34.7506923807887],[-95.7756599345155,34.750825477088],[-95.7752964267442,34.7509455473694]]}},{"type":"Feature","properties":{"name":"WEST UNITED STATES HIGHWAY 270","type":null,"alt":null},"geometry":{"type":"LineString","coordinates":[[-95.8429128670132,34.9485404312545],[-95.8434852169184,34.948615833995],[-95.843928045031,34.948675599481],[-95.8440630995474,34.9486938255599],[-95.844087393586,34.9486971051197],[-95.8442236042342,34.9487159474917],[-95.8442805789828,34.9487238282997],[-95.8443390224768,34.9487319130668],[-95.8446553543227,34.9487756724073],[-95.8451841125804,34.9488478645915]]}},{"type":"Feature","properties":{"name":"STATE HIGHWAY 63","type":null,"alt":null},"geometry":{"type":"LineString","coordinates":[[-95.7739662490822,34.7512996650013],[-95.773720226577,34.7514690689391],[-95.7732164073482,34.7516393168967],[-95.7726897215039,34.751785285298]]}},{"type":"Feature","properties":{"name":"STATE HIGHWAY 63","type":null,"alt":null},"geometry":{"type":"LineString","coordinates":[[-95.7662800416274,34.7542659329455],[-95.7660303530976,34.7543846660287],[-95.7654486535269,34.7546395313675],[-95.7632552963865,34.7557043998549],[-95.7627342681318,34.7559798422336],[-95.7618161009782,34.7566013486932],[-95.761323486436,34.7568822333134],[-95.7608016038834,34.7571107386898],[-95.7602632731781,34.7572951858394],[-95.7597244897218,34.7574620393886],[-95.7591788072042,34.757621981689],[-95.7586617935205,34.7577371275546],[-95.7573217155257,34.7579410195815],[-95.7569948545264,34.7581432365256],[-95.7568004069967,34.7584103348013],[-95.7566406182672,34.7586812610631],[-95.7564495591827,34.7589181298506],[-95.7560906543789,34.759157486549],[-95.7556066717482,34.759383756826],[-95.7550799203269,34.7595965393104],[-95.7545272749674,34.7598361907222],[-95.7539653050954,34.7601263602808],[-95.7533986927299,34.7604376940593],[-95.7528071745732,34.7607531041244],[-95.7515716712573,34.761398915984],[-95.7509111966227,34.761688299253],[-95.7494980415779,34.7621688740764],[-95.748775868853,34.7624097976907],[-95.7480610335674,34.7626686580618],[-95.7473831244298,34.7629637909266],[-95.7467532122778,34.7632977360207],[-95.7450391683253,34.7643327563517],[-95.7445264099611,34.764663567666],[-95.7440317948707,34.7649754879885],[-95.7435912350042,34.7652868418539],[-95.7432624255591,34.7656011508069],[-95.7428083253863,34.766172485196],[-95.7425004197379,34.7664670240285],[-95.7421614027361,34.7667955273439]]}},{"type":"Feature","properties":{"name":"WEST UNITED STATES HIGHWAY 270","type":null,"alt":null},"geometry":{"type":"LineString","coordinates":[[-95.8598584942934,34.9507904079969],[-95.8599643221221,34.9508076248761],[-95.8605122109021,34.9508894570961],[-95.8610059052193,34.9509567267424],[-95.8614552847452,34.951013159514],[-95.8618411129564,34.9510505243726],[-95.8619240049992,34.9510585514791],[-95.8624464148628,34.9510908682693],[-95.8630041222288,34.9511031909243],[-95.8635892785167,34.9510944201629],[-95.8641900609989,34.9510584645961],[-95.8643535453975,34.9510450367529],[-95.8648042517351,34.9510080201603],[-95.865152104566,34.9509776920768],[-95.8655581601424,34.9509422879457]]}},{"type":"Feature","properties":{"name":"WEST UNITED STATES HIGHWAY 270","type":null,"alt":null},"geometry":{"type":"LineString","coordinates":[[-95.8451841125804,34.9488478645915],[-95.8456798002592,34.948914306085]]}},{"type":"Feature","properties":{"name":"WEST UNITED STATES HIGHWAY 270","type":null,"alt":null},"geometry":{"type":"LineString","coordinates":[[-95.833466917409,34.9459589531736],[-95.833957288858,34.9460716208556],[-95.8343593235752,34.9461464853925],[-95.8347379616708,34.9462578944121],[-95.8349830310635,34.946338965381],[-95.83519041613,34.9464075693247],[-95.8354722463807,34.9464963348742],[-95.8354813714673,34.9464992095362]]}},{"type":"Feature","properties":{"name":"WEST UNITED STATES HIGHWAY 270","type":null,"alt":null},"geometry":{"type":"LineString","coordinates":[[-95.833465757684,34.94617373736],[-95.8337496019576,34.946217868445],[-95.8344206282034,34.9463690381983],[-95.8349774525256,34.946515492168],[-95.8350731913753,34.9465406734326],[-95.8354745119318,34.9466632587635],[-95.8354761720185,34.9466637660991]]}},{"type":"Feature","properties":{"name":"WEST UNITED STATES HIGHWAY 270","type":null,"alt":null},"geometry":{"type":"LineString","coordinates":[[-95.8472371932976,34.9490245560654],[-95.8476622841749,34.9491010797672]]}},{"type":"Feature","properties":{"name":"WEST UNITED STATES HIGHWAY 270","type":null,"alt":null},"geometry":{"type":"LineString","coordinates":[[-96.018565172469,34.9419110020464],[-96.0188126044308,34.9419115189844],[-96.0195549605036,34.9419152428519],[-96.0203008640233,34.9419135513898],[-96.0207668525005,34.9419146220845]]}},{"type":"Feature","properties":{"name":"WEST UNITED STATES HIGHWAY 270","type":null,"alt":null},"geometry":{"type":"LineString","coordinates":[[-96.0362498706829,34.9376460671185],[-96.0368404608799,34.93742847104],[-96.0375945309839,34.9371509252734],[-96.0377652584986,34.9370885260423]]}},{"type":"Feature","properties":{"name":"WEST UNITED STATES HIGHWAY 270","type":null,"alt":null},"geometry":{"type":"LineString","coordinates":[[-96.0377652584986,34.9370885260423],[-96.0383553761817,34.9368728402415],[-96.0391174763261,34.9365870151599],[-96.0398762401274,34.9363048999488],[-96.0406138953163,34.9360323109834],[-96.0413380883522,34.935769218165],[-96.0421650998607,34.9354642868083],[-96.0429314696975,34.9351796248108],[-96.0436988779869,34.9348947423658],[-96.0444694896685,34.9346091615185],[-96.0452365242587,34.9343244199629],[-96.0460028401967,34.9340427948095],[-96.0467723029331,34.9337608799999],[-96.0475459823614,34.9334726520696],[-96.0483137643499,34.9331888264038],[-96.0490741576952,34.9329108133684],[-96.0498367644893,34.9326307586541],[-96.0506078280236,34.932344655136],[-96.0513852695963,34.932056780889],[-96.052167859414,34.9317652615789],[-96.0529465011359,34.93148156478],[-96.0538108645939,34.9311617178533]]}},{"type":"Feature","properties":{"name":"STATE HIGHWAY 63","type":null,"alt":null},"geometry":{"type":"LineString","coordinates":[[-95.7914317071628,34.746801235153],[-95.7886011812795,34.7477411328918],[-95.7872288465795,34.7481752567018],[-95.7871791284218,34.7482124377256],[-95.786596359856,34.7483683361078],[-95.7853036140935,34.7487960158845],[-95.784668272524,34.7490159365736],[-95.7840320515038,34.749224884748],[-95.7833874123711,34.749426516316],[-95.7827417994646,34.7496406058031],[-95.7820977469318,34.7498602120273],[-95.781465074257,34.7500556324302],[-95.7808269982157,34.7502962570331],[-95.7805080082549,34.7503973863681],[-95.7803961841717,34.7504328392513],[-95.7802237399765,34.7504875091277],[-95.779671496164,34.7506438025236],[-95.7791159294833,34.7508234687434],[-95.7785763977304,34.7510058359782],[-95.7780784885179,34.7511682338537],[-95.7770806165441,34.7514362226795],[-95.7770261058743,34.7514419819578],[-95.776974026944,34.7514386546701],[-95.7769076791738,34.7514175948839],[-95.7768927303092,34.7514077510392]]}},{"type":"Feature","properties":{"name":"STATE HIGHWAY 63","type":null,"alt":null},"geometry":{"type":"LineString","coordinates":[[-95.8119967248761,34.7383608342821],[-95.8101669303042,34.7391166588777],[-95.8094786815577,34.7393958822359],[-95.806117708584,34.7408039544647],[-95.8054607418706,34.7410834459846],[-95.8041275485642,34.7416306353547],[-95.8028190077241,34.742159080492],[-95.8021779034621,34.7424388250473],[-95.8008628785823,34.7429852665416],[-95.7995511756724,34.7435159470082],[-95.798224931733,34.7440628892259],[-95.7962756181092,34.7448858268575],[-95.7950344320508,34.7453941560745],[-95.7944893514044,34.7457189233806],[-95.7939313574757,34.745987240642],[-95.793337850449,34.7461729770567],[-95.7927151293109,34.7463827332945],[-95.7914317071628,34.746801235153]]}},{"type":"Feature","properties":{"name":"ASHLAND HIGHWAY","type":"HIGHWAY","alt":null},"geometry":{"type":"LineString","coordinates":[[-96.0681355339634,34.7675383024822],[-96.0690086245544,34.7675165007436]]}},{"type":"Feature","properties":{"name":"INDIAN NATION TURNPIKE","type":"TURNPIKE","alt":null},"geometry":{"type":"LineString","coordinates":[[-95.860578227194,34.9853667948204],[-95.8606879932369,34.985587114851],[-95.8607612140173,34.9857340838415],[-95.8613251655729,34.986811213721],[-95.864734465214,34.9932714412709],[-95.865382917695,34.994512102342],[-95.8661744358683,34.9960929334371],[-95.8664276772351,34.99663880448],[-95.8670697310164,34.9980812311571],[-95.8672583889042,34.9985448466884],[-95.8673677399254,34.9988135697408],[-95.8675489498812,34.9992798133061],[-95.8678545396728,35.0000827509975],[-95.8678618223148,35.0001021886329],[-95.8702643782203,35.0065135969026],[-95.8714394707317,35.0096286335427],[-95.8719237614845,35.010919748489]]}},{"type":"Feature","properties":{"name":"INDIAN NATION TURNPIKE","type":"TURNPIKE","alt":null},"geometry":{"type":"LineString","coordinates":[[-95.8567001830444,34.9780323893151],[-95.8573831559853,34.9793271530592],[-95.8575569575349,34.9796506667232],[-95.8576769383208,34.979862649578]]}},{"type":"Feature","properties":{"name":"INDIAN NATION TURNPIKE","type":"TURNPIKE","alt":null},"geometry":{"type":"LineString","coordinates":[[-95.7685284196807,34.7672371510675],[-95.7685528134322,34.7673140920171],[-95.7686187731303,34.7675071724255],[-95.7690709275521,34.7688307005007],[-95.7718476030273,34.7769575139328],[-95.7730009033082,34.7803175592636],[-95.773219703267,34.7809361591832],[-95.773405860245,34.7814451606941],[-95.7736546504596,34.7820900698848],[-95.7738413581049,34.7825433178073],[-95.7740014540582,34.7829319582324],[-95.7742675296555,34.7835504883774],[-95.7748190799686,34.7847576993802],[-95.7751022846416,34.7853372491466],[-95.7755001574641,34.7861188967649],[-95.7760257752116,34.78709565722],[-95.7761868682949,34.7873911262054],[-95.7770384280651,34.7889529763325]]}},{"type":"Feature","properties":{"name":"INDIAN NATION TURNPIKE","type":"TURNPIKE","alt":null},"geometry":{"type":"LineString","coordinates":[[-95.7770384280651,34.7889529763325],[-95.7790825319177,34.7927018120653],[-95.7811223588912,34.7964366753316],[-95.7811627300784,34.7965105888988]]}},{"type":"Feature","properties":{"name":"INDIAN NATION TURNPIKE","type":"TURNPIKE","alt":null},"geometry":{"type":"LineString","coordinates":[[-95.7683537826979,34.7672342450442],[-95.7684394047209,34.7675004962683],[-95.7684416585939,34.7675075030233],[-95.7684637580482,34.7675762260114],[-95.7688992190771,34.7688522443548],[-95.7690161384046,34.7691948429038],[-95.7698695352296,34.771665162215],[-95.7729442205121,34.7806572813958],[-95.7731619227296,34.7812786714106],[-95.7733744955669,34.7818495770528],[-95.7735695314932,34.7823464691752],[-95.7736623750727,34.7825726537484],[-95.7737891902414,34.7828816001718],[-95.7740662315733,34.7835189629987],[-95.7747082503204,34.7848958233661],[-95.7751680251508,34.7858244111063],[-95.7754717599214,34.7864073080292],[-95.7757962493683,34.7870097583033],[-95.7760749876178,34.7875201698272],[-95.7770438718557,34.7892942992228]]}},{"type":"Feature","properties":{"name":"WEST STATE HIGHWAY 31","type":null,"alt":null},"geometry":{"type":"LineString","coordinates":[[-96.0750120575133,34.7675347360122],[-96.0752157774535,34.7675263360264],[-96.0773724294314,34.7675243679368],[-96.0777352562797,34.7675220020967],[-96.0781050333933,34.7675190318826],[-96.078490139359,34.7675144559079],[-96.0796913045732,34.7675231525474],[-96.0801074266707,34.7675263109363],[-96.080538635075,34.7675309282352],[-96.0809822375354,34.7675337316741],[-96.0814409272009,34.7675340777686],[-96.081911383,34.7675330372713],[-96.0837607509637,34.7675157369742],[-96.0842391703278,34.767532124438],[-96.0847111873989,34.7675327561157],[-96.0861851206592,34.767536648018],[-96.0867408804777,34.7675364635327],[-96.0871441755313,34.7675381571078],[-96.089250167917,34.7675343382619],[-96.0898069356453,34.7675353204616],[-96.0903550175631,34.7675347227292],[-96.090853768497,34.767537501816],[-96.0912664751998,34.7675409701398],[-96.0916962112654,34.7675125933436],[-96.0918482708902,34.7674932061433],[-96.0919517154884,34.7673879446053],[-96.092003000308,34.7672420000969]]}},{"type":"Feature","properties":{"name":"WEST UNITED STATES HIGHWAY 270","type":null,"alt":null},"geometry":{"type":"LineString","coordinates":[[-96.0803453903894,34.9167852975327],[-96.0810427974602,34.9163818892694]]}},{"type":"Feature","properties":{"name":"WEST UNITED STATES HIGHWAY 270","type":null,"alt":null},"geometry":{"type":"LineString","coordinates":[[-95.8354761720185,34.9466637660991],[-95.8357065009556,34.9467341207769],[-95.83633878466,34.946933126248],[-95.8369746391675,34.9471346936713],[-95.837617416991,34.9473399400402],[-95.8382696998884,34.9475450047587],[-95.8389339564303,34.9477426431125],[-95.8396035938808,34.9479159373565],[-95.840270637895,34.948082554254],[-95.8409309795789,34.9482333038111],[-95.8415898049066,34.9483519288861],[-95.8422316430922,34.9484480695219],[-95.8428310268976,34.9485296485944]]}},{"type":"Feature","properties":{"name":"WEST UNITED STATES HIGHWAY 270","type":null,"alt":null},"geometry":{"type":"LineString","coordinates":[[-96.0714335350357,34.9219479641987],[-96.0714927681489,34.921913881442]]}},{"type":"Feature","properties":{"name":"WEST UNITED STATES HIGHWAY 270","type":null,"alt":null},"geometry":{"type":"LineString","coordinates":[[-96.0714927681489,34.921913881442],[-96.0719419509438,34.9216554256615],[-96.0726237964989,34.9212559679593],[-96.0733137780956,34.9208568876452],[-96.0740051475894,34.920454954859],[-96.0746986523787,34.9200510888045],[-96.075385647077,34.9196507858034],[-96.0760793917165,34.9192513713777],[-96.0767812732957,34.9188489593136],[-96.0774788591313,34.9184493001211],[-96.07816625358,34.9180484751653],[-96.0788470849371,34.9176564100685],[-96.0795188181572,34.9172650973774],[-96.0801828141876,34.9168793213428],[-96.0803453903894,34.9167852975327]]}},{"type":"Feature","properties":{"name":"STATE HIGHWAY 63","type":null,"alt":null},"geometry":{"type":"LineString","coordinates":[[-95.8438399490477,34.7251352880091],[-95.8433808596318,34.7253358044417],[-95.8411637690016,34.7262682716342],[-95.8400625341763,34.726710059667],[-95.8395318077098,34.7269394045338],[-95.8382872197314,34.7274500812085],[-95.8376614829489,34.7277129109714],[-95.8363445635222,34.7282473728651],[-95.8356856106337,34.7285326130976],[-95.8350229755509,34.7288111169509],[-95.8343446783411,34.7290857246751],[-95.8336818312559,34.7293705116624],[-95.8330419531942,34.729652789732],[-95.8317532624269,34.7301752598311],[-95.8310981255818,34.7304551505319],[-95.8284082309563,34.7315799182054],[-95.8277276394493,34.7318485102459],[-95.8270513436859,34.7321320437496],[-95.8263745942734,34.7324257405764],[-95.8249966307298,34.7329782790579],[-95.8243248184581,34.7332617850619],[-95.8229755893255,34.7338136838033],[-95.821640740424,34.7343729449945],[-95.8209810670867,34.734639482308],[-95.8203189126026,34.7349154511626],[-95.8196584110186,34.7351979169986],[-95.8183157719269,34.7357549910574],[-95.8176482284494,34.7360378164911],[-95.8169811377228,34.7363144258805],[-95.8163238116833,34.7365798171234],[-95.81569778205,34.7368517968258],[-95.8150706322176,34.7371139190115],[-95.8144000730956,34.7373731200039],[-95.8139903236468,34.7375443817855],[-95.8129886257482,34.7379630502223],[-95.8122970918627,34.7382372060237],[-95.8122701747435,34.7382478774871],[-95.8120152382558,34.738353186509],[-95.8119967248761,34.7383608342821]]}},{"type":"Feature","properties":{"name":"WEST UNITED STATES HIGHWAY 270","type":null,"alt":null},"geometry":{"type":"LineString","coordinates":[[-95.9966308446833,34.9419993247459],[-95.9973956379768,34.9419975530204],[-95.9981657025845,34.9419932017625],[-95.9989364867426,34.9419895434362],[-95.9997055766782,34.9419835095538],[-96.0004786290825,34.9419782694867],[-96.0008494338688,34.9419763769947]]}},{"type":"Feature","properties":{"name":"WEST UNITED STATES HIGHWAY 270","type":null,"alt":null},"geometry":{"type":"LineString","coordinates":[[-95.9643795383359,34.9420070861699],[-95.9649012268524,34.9420055935317],[-95.9656035971151,34.9420419470308]]}},{"type":"Feature","properties":{"name":"WEST STATE HIGHWAY 31","type":null,"alt":null},"geometry":{"type":"LineString","coordinates":[[-96.0186739593482,34.8693802002003],[-96.0191776186769,34.8693526013877],[-96.0197034089009,34.8692874213963],[-96.020217648587,34.8691712682769],[-96.0207167336942,34.8690231521012],[-96.0211796113056,34.868843731605],[-96.0216252556366,34.8686470979779],[-96.0220510471998,34.8684237484648],[-96.0224449036546,34.8681713191594],[-96.0227990069632,34.8678967306265],[-96.0231202121695,34.8676077149879],[-96.0234156447102,34.8673084541025],[-96.0237035799116,34.8669987680182],[-96.0239912743645,34.8666831121069],[-96.0242752614702,34.8663548550014],[-96.0245545512853,34.866006816115],[-96.0246523122427,34.8658727094548],[-96.02475986843,34.8657137672623],[-96.0250581980376,34.8652901941023],[-96.0252210590053,34.8650362065969],[-96.0252961887058,34.8649190413726],[-96.0255362580756,34.8645405199245],[-96.0257802243371,34.8641611166651],[-96.0260261381461,34.8637850572602],[-96.0262805886452,34.8634197221675],[-96.0265589181613,34.8630775727072],[-96.0268575001954,34.8627573929723],[-96.0271896441869,34.8624581129621],[-96.0275361432566,34.8621633944763],[-96.0278815742294,34.8618709297137],[-96.0282261248533,34.8615763108435],[-96.028570997074,34.8612820454641],[-96.0289057821124,34.8609894552081],[-96.0292189572783,34.8606871053464],[-96.0294913642017,34.8603796675759],[-96.0297117981961,34.8600695669414],[-96.0299022410363,34.8597550829845],[-96.030072518495,34.8594284228361],[-96.0302127760536,34.8591134071747],[-96.0303480192162,34.8588168950749],[-96.030472723344,34.8585311004674],[-96.0305928918779,34.8582664383619],[-96.0306961990339,34.8580376854957],[-96.0307834443126,34.8578336148961],[-96.0308906995642,34.8575958773607],[-96.031003024009,34.8573367577316],[-96.0310983262775,34.8571000559157],[-96.0311892528523,34.8567949119939],[-96.0312842092694,34.8563634695689],[-96.0313320203037,34.8559091953409],[-96.0313330614512,34.8554578347868],[-96.0312851435173,34.8550099120743],[-96.0312141864913,34.854682956647]]}},{"type":"Feature","properties":{"name":"WEST STATE HIGHWAY 31","type":null,"alt":null},"geometry":{"type":"LineString","coordinates":[[-96.0115673188636,34.8693903063485],[-96.0118147813682,34.8693874997404],[-96.012374536893,34.8693858723793],[-96.0129132421959,34.8693864715843],[-96.0134189164457,34.8693866860598],[-96.013906687272,34.8693883200542],[-96.0144001426373,34.8693899341487],[-96.0148933024569,34.8693877731783],[-96.0154060473464,34.8693865445502],[-96.0159402691577,34.8693870862669],[-96.0164791873612,34.8693880525125],[-96.0170255220558,34.869384938563],[-96.017569536402,34.8693833377349],[-96.0181054120116,34.8693837180421],[-96.0186582999162,34.8693802967511],[-96.0186739593482,34.8693802002003]]}},{"type":"Feature","properties":{"name":"WEST STATE HIGHWAY 31","type":null,"alt":null},"geometry":{"type":"LineString","coordinates":[[-96.0312141864913,34.854682956647],[-96.0312117691249,34.8546718188769],[-96.0311932566435,34.8545865130472],[-96.0311088653124,34.8541623540347],[-96.031023595429,34.8537418116014],[-96.0309661526582,34.8533533311084],[-96.0309487819355,34.8529561921155],[-96.0309729555999,34.8525732146489],[-96.0310248485789,34.8522306249412],[-96.0310657614502,34.8520469533252],[-96.0311070246644,34.8518617081431],[-96.0312206031574,34.8514780495789],[-96.0313769773905,34.8510926052177],[-96.0315751592169,34.850717103836],[-96.0318044514982,34.8503614542755],[-96.0320707750305,34.8500267220517],[-96.032365540123,34.8497147467485],[-96.032686505479,34.8494125250055],[-96.0330244400108,34.8491109221471],[-96.0333449795654,34.8488227347375],[-96.033657193534,34.8485515465254],[-96.0339329350037,34.8483091030428],[-96.0341975238892,34.8480782634333],[-96.0344454930436,34.8478617975392],[-96.0346836966125,34.8476544778171],[-96.0349278748765,34.8474440295224],[-96.035227250123,34.8471814269532],[-96.0355569992059,34.8468965274716],[-96.0359158779585,34.8465838657321],[-96.036269126071,34.8462713908],[-96.0366179733368,34.8459633189495],[-96.0369635112092,34.845659229265],[-96.037302753688,34.8453602682061],[-96.0376386876717,34.8450672637576],[-96.0379689101668,34.8447804555894],[-96.0382900363213,34.8444985034412],[-96.0386011561418,34.8442224675357],[-96.0389041390225,34.8439544557512],[-96.0391751589471,34.8436742849422],[-96.0393947386436,34.8433846688478],[-96.0395610383622,34.843085261591],[-96.039673895508,34.8427825458613],[-96.0397349405231,34.8424975456284],[-96.0397647160815,34.8422127176677],[-96.0397662099799,34.8419364425915],[-96.0397674649263,34.841670265083],[-96.0397675170286,34.8414005993782],[-96.0397667705286,34.841142025944],[-96.0397686911267,34.8409049170066],[-96.0397682114263,34.8406898928094],[-96.039770666522,34.8405046640866],[-96.0397833381574,34.8403516921123],[-96.0398089113969,34.8402784858544]]}},{"type":"Feature","properties":{"name":"OLD HIGHWAY 69","type":null,"alt":null},"geometry":{"type":"LineString","coordinates":[[-95.8391608322436,34.8363772739846],[-95.8389454054586,34.8366443320138],[-95.8386824236592,34.836984197327],[-95.838421753225,34.8373210721549],[-95.8382711695322,34.8375003534842],[-95.837570550086,34.8383679373568],[-95.8372524027449,34.8387420190036],[-95.8369349830393,34.8391323822349],[-95.8364386782179,34.8397558640818],[-95.8362652306045,34.8399805359859],[-95.8361969918806,34.8400738558405]]}},{"type":"Feature","properties":{"name":"OLD HIGHWAY 69","type":null,"alt":null},"geometry":{"type":"LineString","coordinates":[[-95.8361969918806,34.8400738558405],[-95.8360784960098,34.8402359080663]]}},{"type":"Feature","properties":{"name":"OLD HIGHWAY 69","type":null,"alt":null},"geometry":{"type":"LineString","coordinates":[[-95.8289279243145,34.8497149398965],[-95.828817424348,34.8498558411755],[-95.828693742503,34.8500399157722],[-95.8285564404018,34.8502309454501],[-95.8281820693037,34.8507343748804],[-95.8274066013297,34.8517575207682],[-95.8269965356738,34.8522803258189],[-95.8268556996002,34.852447349888],[-95.8268057694401,34.8525023347469],[-95.826435167673,34.8529104421783],[-95.8261627032574,34.8532020858891],[-95.8258841832985,34.8534734673937],[-95.8257546920486,34.8536068770036],[-95.8256325112885,34.8537480790177],[-95.8253785836088,34.8539998434372],[-95.8252413803222,34.8541462226314],[-95.8249429222556,34.8544417726136],[-95.8247809353486,34.85462146853],[-95.8245064685883,34.8549014774885]]}},{"type":"Feature","properties":{"name":"INDIAN NATION TURNPIKE","type":"TURNPIKE","alt":null},"geometry":{"type":"LineString","coordinates":[[-95.8453589561757,34.9519744390265],[-95.8453952445199,34.9521182603281],[-95.8456204764161,34.9527695559905],[-95.8456896404048,34.9529470157869],[-95.8462211304393,34.9545584931031],[-95.8470116110584,34.9568907235732],[-95.8473426932412,34.9578327346022],[-95.8473557816949,34.9578699689834],[-95.8475393200838,34.9584538936616],[-95.8480948436454,34.9600935974371],[-95.8489246327447,34.9624985801266],[-95.8490504175458,34.9628518250701],[-95.8492326246315,34.9633289481471],[-95.849493227692,34.9639757405853],[-95.849659496868,34.9643572733996],[-95.8498878746643,34.9649027884508],[-95.8501656472249,34.9655403420903],[-95.8504306960478,34.9661153030872],[-95.8507336340128,34.9667237367469],[-95.8513948569439,34.9679862977404],[-95.8523223459152,34.9697376140922],[-95.8527161520644,34.9705039751075],[-95.8530866352539,34.9712034499273],[-95.8531916860398,34.9714017850131]]}},{"type":"Feature","properties":{"name":"WEST UNITED STATES HIGHWAY 270","type":null,"alt":null},"geometry":{"type":"LineString","coordinates":[[-95.9038575268536,34.9420890545672],[-95.9045745019262,34.9418697972234],[-95.9052780642534,34.9416523780371],[-95.9059826542533,34.9414330466239],[-95.9066834695323,34.9412152993246],[-95.9073824163155,34.941000517614],[-95.9080873674381,34.9407848745023],[-95.9087997485264,34.9405663971914],[-95.9093831620826,34.9403937914051],[-95.9102083140784,34.9401335071955],[-95.9109167865969,34.9399165583817],[-95.9116377969018,34.9396945013326],[-95.9123748313548,34.9394669184677],[-95.9128629049132,34.9393180586018]]}},{"type":"Feature","properties":{"name":"WEST UNITED STATES HIGHWAY 270","type":null,"alt":null},"geometry":{"type":"LineString","coordinates":[[-95.9128629049132,34.9393180586018],[-95.9131150260809,34.9392411634593],[-95.9138453905428,34.9390154446497],[-95.9145758062088,34.9387936730959],[-95.9147982892603,34.938725829382],[-95.9153012739541,34.9385724458848],[-95.9160203241351,34.9383520023545],[-95.916732692647,34.9381337954535],[-95.917440511192,34.9379167898007],[-95.9181474484896,34.9377064378341],[-95.9188396992307,34.9375050939345],[-95.9195082299568,34.93730348222],[-95.9201446108771,34.9371079152978],[-95.920762809896,34.9369157531324],[-95.9213883328795,34.9367110874856],[-95.9215111173075,34.936671002363],[-95.9215780471861,34.9366491518684],[-95.9220402959768,34.9364982359378],[-95.9227291986968,34.9362858183309],[-95.9234396573904,34.9360808410747],[-95.9241594962922,34.9358927209923],[-95.9247838730253,34.9357773233567],[-95.9256329354791,34.9356498789555],[-95.9263738641288,34.9356052119495],[-95.9271177015234,34.9356045138087],[-95.9278486382122,34.9356556724896],[-95.9285659681194,34.9357512594845],[-95.9292685306216,34.935860995459],[-95.9299707320011,34.9359755644908],[-95.9305737279322,34.9360773702746]]}},{"type":"Feature","properties":{"name":"STATE HIGHWAY 31A","type":null,"alt":null},"geometry":{"type":"LineString","coordinates":[[-96.0890510006387,34.897923999902],[-96.0890350007452,34.8972579995588],[-96.089041000593,34.8969969994052],[-96.0890370003951,34.8964390001567],[-96.0890370992097,34.8963730945414],[-96.0890390000449,34.8950949999542],[-96.0890390000449,34.8950830004454],[-96.0890399998698,34.8943870001489],[-96.0890330001971,34.8938530002364],[-96.0890335194233,34.8938113770863],[-96.0890440000677,34.8929709999159],[-96.0890447043469,34.8928978662747],[-96.0890490000906,34.8924510000098],[-96.0890430002428,34.8921310002454],[-96.0890440000677,34.8914539999333],[-96.0890391294023,34.8912298945014],[-96.0890360005701,34.8910860003466],[-96.0890170003036,34.8900739999841],[-96.0890260005244,34.889431000135],[-96.0890289999991,34.8891710000748],[-96.0890230001513,34.888454999987],[-96.0890220003264,34.8880020002297],[-96.0890213795906,34.8876462392602],[-96.0890200006766,34.8868579998527],[-96.0890130001056,34.8861639997695],[-96.0890089999076,34.8858290006028],[-96.0890030000599,34.8853199999522],[-96.0890139999305,34.884713999841],[-96.0890149305851,34.883931562652]]}},{"type":"Feature","properties":{"name":"WEST STATE HIGHWAY 31","type":null,"alt":null},"geometry":{"type":"LineString","coordinates":[[-95.9039385396209,34.8980528069802],[-95.9040370111457,34.8979978150043],[-95.9044842553762,34.8977864618407],[-95.9049678238835,34.8975448037644],[-95.9054801824974,34.8973012020906],[-95.9060165521805,34.8970610507782],[-95.9065750276061,34.896827790636],[-95.9071354362062,34.8966040888861],[-95.9076949114567,34.8963829225492],[-95.9082528254353,34.8961577828484],[-95.9088077525156,34.8959360885041],[-95.9093667462691,34.89570907686],[-95.9099296773385,34.8954775686624],[-95.9104874179422,34.8952479194894],[-95.9110356885062,34.8950251815916],[-95.9115899059174,34.894803846697],[-95.9121477543189,34.8945812962169],[-95.9127007329533,34.8943558369622],[-95.9132441319535,34.8941327680295],[-95.9137786493105,34.8939172640516],[-95.9142960896939,34.8937077917835],[-95.9147993348993,34.8934982202484],[-95.9152890936972,34.8933032540643],[-95.9157660470108,34.8931146100421],[-95.9162349684874,34.8929320045502],[-95.9167028631897,34.8927366479813],[-95.9171701443426,34.892542783749],[-95.9176389723944,34.8923540311411],[-95.9181063074463,34.8921599066434],[-95.9185767237195,34.8919656571632],[-95.9190494064422,34.8917729442486],[-95.9195276928557,34.8915864143631],[-95.9200079816139,34.8913864950768],[-95.9204890698728,34.8911959972002],[-95.9209766547477,34.8910004861888],[-95.9214757650078,34.8907892594417],[-95.9219808113353,34.890591721891],[-95.9224853123853,34.8903998833313],[-95.9230055276647,34.8902416915062],[-95.9235498878623,34.8900718410312],[-95.9241066555905,34.8899205093419],[-95.9246772690523,34.8897768884745],[-95.9252483774857,34.8896374334942],[-95.9257760227308,34.8894885134493],[-95.9262736390925,34.889305157889],[-95.9267659059867,34.8891010072016],[-95.9272657914929,34.8888938827987],[-95.9277624610303,34.8886870894591],[-95.9282566224715,34.8884831413457],[-95.9287515169379,34.8882870874447],[-95.9292455723779,34.8881001627929],[-95.9297443763124,34.8879205142413],[-95.9302662579666,34.8877901099646],[-95.9305979231561,34.8877455045982]]}},{"type":"Feature","properties":{"name":"WEST UNITED STATES HIGHWAY 270","type":null,"alt":null},"geometry":{"type":"LineString","coordinates":[[-95.8746251841901,34.9501776708789],[-95.8753279649829,34.9501575859604],[-95.8760276474864,34.9501364672649],[-95.8762228352279,34.9501293648671],[-95.8765156357049,34.950118712742],[-95.8767436999892,34.9501104153194],[-95.8771446172022,34.9500910232478],[-95.8781769952627,34.9500472837534],[-95.878894718632,34.9500331400552],[-95.8796219533635,34.95001693028],[-95.8803625954507,34.9499985395626],[-95.8812207506517,34.9499773265789],[-95.8818997611238,34.9499620511656]]}},{"type":"Feature","properties":{"name":"WEST STATE HIGHWAY 31","type":null,"alt":null},"geometry":{"type":"LineString","coordinates":[[-95.8230549339213,34.9274111337519],[-95.8231124934731,34.9274010170637],[-95.8235291886958,34.9273277748853],[-95.8242219685446,34.927207256762],[-95.8248945812152,34.9270861897604],[-95.8255549660182,34.9269716318816],[-95.8259951935081,34.9268977662294]]}},{"type":"Feature","properties":{"name":"STATE HIGHWAY 63","type":null,"alt":null},"geometry":{"type":"LineString","coordinates":[[-95.7421641327163,34.7668045185003],[-95.7416789283768,34.7670557878656],[-95.7412203456108,34.767328467888],[-95.7407630833683,34.767574608445],[-95.7405857226935,34.7676048536855]]}},{"type":"Feature","properties":{"name":"INDIAN NATION TURNPIKE","type":"TURNPIKE","alt":null},"geometry":{"type":"LineString","coordinates":[[-95.7770438718557,34.7892942992228],[-95.779633059948,34.7940349547608],[-95.7809558920859,34.7964696763013],[-95.7809781819831,34.7965107010265]]}},{"type":"Feature","properties":{"name":"WEST STATE HIGHWAY 31","type":null,"alt":null},"geometry":{"type":"LineString","coordinates":[[-96.0918610000178,34.8116319993318],[-96.091783761073,34.8115254871812],[-96.0915411898951,34.8111798855987],[-96.0915010971857,34.8111227637419],[-96.0912083559975,34.8108665284181],[-96.0910091285321,34.8107365337492],[-96.0906828137085,34.8104675751011],[-96.0903919437111,34.8101850820926],[-96.0901059830067,34.8098704672728],[-96.0898084295436,34.8095319460171],[-96.0895147316497,34.809192151065],[-96.0892257148767,34.8088862158825],[-96.0889355797012,34.8086156963898],[-96.0886238184835,34.8083798280695],[-96.088253320921,34.8082116355164],[-96.087825313214,34.8081022246873],[-96.0873945045599,34.8079894215855],[-96.0869725272434,34.8078735433566],[-96.0866034705786,34.8077297430761],[-96.0862827854969,34.8074830120353],[-96.0860399250615,34.8071474202566],[-96.0859331899344,34.8067693765872],[-96.0859413942479,34.8063617337565],[-96.0859496533586,34.8059357013368],[-96.0859575369735,34.805490245663],[-96.0859753595488,34.8050308505199],[-96.0859776268966,34.8045839265377],[-96.0859752391745,34.8041319467394],[-96.0859759596234,34.8036665575176],[-96.085976146473,34.8031964987322],[-96.0859774535217,34.8027240908762],[-96.0859834830139,34.8022448904216],[-96.0859840031384,34.8017610319661],[-96.085993649248,34.801274116843],[-96.0859954764212,34.8007993190688],[-96.0859874724321,34.8003359543159],[-96.0859906740277,34.799871633912],[-96.0859904602287,34.7994122635164],[-96.085997877618,34.7989595272901],[-96.0860023602113,34.7985273863738],[-96.0859979575681,34.7981210505006],[-96.0860097506511,34.7977375169932],[-96.0860210757119,34.7973803815946],[-96.0860083367028,34.797075204424],[-96.0858917695149,34.7968124360615],[-96.0856372651169,34.7966249804461],[-96.0852507982035,34.796560549142],[-96.0847400556588,34.7965637912528],[-96.0841728036929,34.79656595266],[-96.0835800575392,34.7965651618653],[-96.082975639575,34.7965888311143],[-96.0823735814851,34.7965861525931],[-96.0817846379,34.7965851463956],[-96.0811977352872,34.796588834065],[-96.0806139947442,34.7965921027313],[-96.08003305425,34.7965899678814],[-96.0794563034982,34.796593142862],[-96.0788915982561,34.7966048358486],[-96.0783377266963,34.7966054555008],[-96.0778011306378,34.7966072576561],[-96.0772840774282,34.7966127430537],[-96.0767826441248,34.7966144965219],[-96.0763185519912,34.7966183863146],[-96.0759123023787,34.7966012698973],[-96.0755679395027,34.7965452614259]]}},{"type":"Feature","properties":{"name":"WEST STATE HIGHWAY 31","type":null,"alt":null},"geometry":{"type":"LineString","coordinates":[[-95.8957355906719,34.8985795798975],[-95.8961509042857,34.8985775103169],[-95.8967209985212,34.8985762931767],[-95.8972924662807,34.8985751762368],[-95.8974597730108,34.8985757214449],[-95.8978569047232,34.8985770174193],[-95.8984131774797,34.8985798790252],[-95.8989558174035,34.8985852183805],[-95.8994787671546,34.8985889825264],[-95.8999776240897,34.8985916039456],[-95.9004496411608,34.8985933876599],[-95.9008970578679,34.8985921123152],[-95.9013161273378,34.8985917807698],[-95.9017063429208,34.8985946055367],[-95.9020613921554,34.8985933817658],[-95.9023719523255,34.898598677651],[-95.9026829661449,34.8985997444904],[-95.9031072117075,34.8984937574663],[-95.9035586717316,34.8982649455927],[-95.9039385396209,34.8980528069802]]}},{"type":"Feature","properties":{"name":"WEST UNITED STATES HIGHWAY 270","type":null,"alt":null},"geometry":{"type":"LineString","coordinates":[[-95.9603820056772,34.9420159970789],[-95.9605949935361,34.9420159168137],[-95.9613377637322,34.9420149249127],[-95.9619178077078,34.9420133203453]]}},{"type":"Feature","properties":{"name":"STATE HIGHWAY 31A","type":null,"alt":null},"geometry":{"type":"LineString","coordinates":[[-96.0890149305851,34.883931562652],[-96.0890150006537,34.8838729997876],[-96.0890200006766,34.8805880000377],[-96.0890109995575,34.879959999961],[-96.0890130001056,34.8772500003044],[-96.0889989998619,34.8767719999477],[-96.0890004443529,34.8766925840105],[-96.08900100041,34.8766619999995],[-96.0890099997326,34.8761509999245],[-96.089016001377,34.8747069999814],[-96.0890079991844,34.8734619998592],[-96.0890149647211,34.872961197626],[-96.0890189999534,34.8726709999526],[-96.089003026111,34.8692845256039],[-96.0890030252127,34.8692843693535]]}},{"type":"Feature","properties":{"name":"INDIAN NATION TURNPIKE","type":"TURNPIKE","alt":null},"geometry":{"type":"LineString","coordinates":[[-95.8717712976179,35.0109168981601],[-95.8724452200322,35.0127350117998],[-95.8726048803026,35.013165731842],[-95.8731604011693,35.0145568776914],[-95.87353471747,35.0154481716181],[-95.8738424012346,35.0161562175275],[-95.8744068190158,35.0173848920857],[-95.8747683190525,35.0181392758246],[-95.8751508486499,35.0189021196236],[-95.8759236306613,35.0203916393039],[-95.8764302625152,35.0214040409873],[-95.8785592912982,35.025419954186],[-95.878865072431,35.0260072437374],[-95.8788883441867,35.0260519416405],[-95.8790067780738,35.0262514282271],[-95.8790600697297,35.0263520544494],[-95.8803764717268,35.0288773649184],[-95.881436819732,35.030855273097],[-95.8817219746476,35.0314033910556],[-95.8820900764033,35.0320927963196],[-95.882285153652,35.0324689068605],[-95.8823942720096,35.0326953633783],[-95.8825384749689,35.0329767134037],[-95.882708004131,35.0333355188449],[-95.8830657141755,35.0341441515241],[-95.8833065156722,35.034726659141],[-95.8834615639919,35.0351217131853],[-95.8836661094838,35.035678142036],[-95.883881539862,35.0363138771393],[-95.8839628670396,35.0365632604418],[-95.8841443500832,35.0371735292925],[-95.8842759739336,35.0376570050912],[-95.8844601168887,35.0383936031878],[-95.8845759007457,35.0389204659345],[-95.8846677184492,35.0393886432452],[-95.8846681882681,35.0393913123834],[-95.8847711801154,35.0399775784975],[-95.8848901350253,35.0407572583471],[-95.8849699512366,35.0413334385174],[-95.8850174227078,35.0417568950602],[-95.8850717186802,35.042451297318],[-95.8850968553385,35.0429408271703],[-95.8851123315142,35.0434466358345],[-95.8851143661984,35.0436352259843]]}},{"type":"Feature","properties":{"name":"STATE HIGHWAY 63","type":null,"alt":null},"geometry":{"type":"LineString","coordinates":[[-95.7752964267442,34.7509455473694],[-95.7747318553511,34.7511320284366],[-95.7742361721638,34.7512908839871]]}},{"type":"Feature","properties":{"name":"INDIAN NATION TURNPIKE","type":"TURNPIKE","alt":null},"geometry":{"type":"LineString","coordinates":[[-95.8360765655302,34.9309019692241],[-95.8364556491902,34.9316434265357],[-95.8367726889085,34.9322834954019],[-95.8371611671497,34.9330414287967],[-95.8381133912324,34.9348876850436],[-95.8383643005727,34.9353741513259],[-95.8411887843873,34.9408173087459],[-95.8414159647294,34.9412641488856],[-95.8417621287275,34.9420213608551],[-95.8420636428628,34.9427038396041],[-95.8422917421814,34.9432328524739],[-95.842496016382,34.9437282860172],[-95.8426194296307,34.944063851608],[-95.8427251972723,34.9443514348244],[-95.8430453990603,34.9452884531901],[-95.8433932671626,34.9462786083836]]}},{"type":"Feature","properties":{"name":"INDIAN NATION TURNPIKE","type":"TURNPIKE","alt":null},"geometry":{"type":"LineString","coordinates":[[-95.7634078869156,34.7232417601509],[-95.763407913865,34.7232422976603],[-95.763408079155,34.7232455906434],[-95.7634113139884,34.7233102992128],[-95.7634219302784,34.7235289941774],[-95.7634321297501,34.723746495418],[-95.7634462889957,34.7239608360314],[-95.7634633003922,34.7241707630983],[-95.7634822880823,34.7243749646453],[-95.7635018372196,34.7245732398903],[-95.7635199930698,34.7247656243155],[-95.7635358842672,34.7249473587398],[-95.7635512328821,34.7251143366958],[-95.7635661565939,34.7252680762566],[-95.763579474118,34.7254100991691],[-95.7635914540506,34.7255435987123],[-95.7636028851126,34.725672642307],[-95.7636140269171,34.7257970343207],[-95.7636247303437,34.725914093221],[-95.7636346845754,34.7260168227922],[-95.7636444097366,34.7261027593424],[-95.7636520364334,34.7261712081734],[-95.7636571047282,34.7262190676864],[-95.7636599452011,34.7262481674498],[-95.7636600422192,34.7262491685984],[-95.7636626644015,34.7262787379164],[-95.7636648733588,34.7263066666997],[-95.7636676500513,34.7263449967762],[-95.7636711876169,34.7263927638999],[-95.7636763403534,34.7264488133402],[-95.7636829519539,34.7265128770745],[-95.7636908490435,34.7265866266116],[-95.7636993686657,34.7266667461913],[-95.7637077355743,34.7267513051257],[-95.7637154053902,34.7268399741172],[-95.7637227059985,34.7269323168148],[-95.7637302796946,34.7270266328939],[-95.763738837046,34.7271219389289],[-95.7637478363686,34.727218598899],[-95.7637548360412,34.727309581962],[-95.7637579963144,34.7273811432052],[-95.7637581104004,34.727433923523],[-95.7637586215419,34.7274705955949],[-95.7637591254967,34.7274932473522],[-95.7637596007055,34.7275094094558],[-95.7637601073553,34.7275257701587],[-95.7637609769245,34.7275421611285],[-95.7637648253072,34.7275752885821],[-95.7637715051797,34.7276263559249],[-95.7637801882952,34.7276918266795],[-95.7637904066315,34.7277720005603],[-95.7638010795154,34.7278670776025],[-95.7638111963422,34.7279748347492],[-95.7638221099745,34.7280928806174],[-95.7638349819343,34.7282214639677],[-95.763848845634,34.7283603078916],[-95.7638624030083,34.7285079453552],[-95.7638754995468,34.7286570465815],[-95.7638894054674,34.7288043535006],[-95.7639052652238,34.72894974209],[-95.7639220331769,34.7290936568072],[-95.7639340589236,34.7292368662131],[-95.7639455304097,34.7293836737584],[-95.7639591794122,34.7295351691265],[-95.763974319618,34.7296914881349],[-95.7639894589255,34.7298526876037],[-95.7640043844339,34.7300185762908],[-95.7640201453756,34.7301888079169],[-95.7640371980946,34.7303618992638],[-95.7640540998967,34.7305337927712],[-95.7640686642824,34.7307003681593],[-95.7640820905026,34.7308571559797],[-95.7640956191308,34.7310002213209],[-95.7641079044906,34.7311266805849],[-95.7641181291152,34.7312341271019],[-95.7641268221122,34.7313262744182],[-95.7641356606363,34.7314162208667],[-95.7641437463721,34.7315048435113],[-95.7641517207169,34.7315914107381],[-95.7641593339389,34.7316751370432],[-95.7641664342229,34.7317495286911],[-95.7641723020184,34.7318075692791],[-95.764176386658,34.7318468115091],[-95.7641783252224,34.7318653322406],[-95.7641808207422,34.731882532221],[-95.7641867496231,34.7319081225191],[-95.7641953680599,34.731953385944],[-95.7642038292916,34.7320151981526],[-95.7642112592573,34.7320899711738],[-95.7642188931406,34.7321781929605],[-95.7642274442038,34.7322789790386],[-95.7642375394709,34.7323896937905],[-95.7642493990293,34.732506913153],[-95.7642626303151,34.7326255306008],[-95.7642786347002,34.7327439219733],[-95.7642969872815,34.7328622755254],[-95.7643134569939,34.7329788172422],[-95.7643253578748,34.7330855865916],[-95.7643329423508,34.7331764938012],[-95.764337840864,34.7332486066036],[-95.7643412751233,34.7332971530182],[-95.7643436206245,34.7333289500589],[-95.7643477573664,34.7333735962698],[-95.7643542099651,34.7334231702494],[-95.7643619525445,34.7334851371286],[-95.7643697085987,34.7335575552951],[-95.7643766588641,34.733639391918],[-95.7643806734351,34.7337228230657],[-95.7643813732227,34.7338111833755],[-95.7643819391613,34.7339058688468],[-95.7643881572997,34.7340071762308],[-95.7643981250061,34.7341162837339],[-95.7644069554453,34.7342328554267],[-95.7644145381247,34.7343521030671],[-95.7644237386698,34.7344663128078],[-95.7644321424093,34.7345685024348],[-95.7644395669851,34.7346500796743],[-95.764444746671,34.7347038113643],[-95.7644470221036,34.7347278504965],[-95.7644502353774,34.7347633639957],[-95.7644541295742,34.7348050505908],[-95.7644597512312,34.7348639771275],[-95.7644667886331,34.7349358130967],[-95.7644752435766,34.7350221973394],[-95.7644849902974,34.7351222734621],[-95.7644967115153,34.7352349148762],[-95.7645087444485,34.7353580471074],[-95.7645205096838,34.7354911053645],[-95.7645333726603,34.7356334960656],[-95.7645471393421,34.7357846736143],[-95.7645621663601,34.7359436162608],[-95.7645777700966,34.7361096337226],[-95.7645939936707,34.7362831002349],[-95.7646113724781,34.7364638452223],[-95.7646293594451,34.7366511304197],[-95.7646474335486,34.736844035966],[-95.7646661220997,34.7370422886828],[-95.7646848753296,34.7372455563362],[-95.7647040920902,34.7374527079513],[-95.7647242296239,34.7376611907748],[-95.7647440985614,34.737870269543],[-95.764764076195,34.7380790067316],[-95.7647836873159,34.7382859466078],[-95.7648019752185,34.7384906639811],[-95.7648211650296,34.738693069546],[-95.7648403207047,34.7388931138603],[-95.7648434109093,34.7389335928965]]}},{"type":"Feature","properties":{"name":"INDIAN NATION TURNPIKE","type":"TURNPIKE","alt":null},"geometry":{"type":"LineString","coordinates":[[-95.7635659616595,34.7232444764929],[-95.7635659625578,34.7232445429432],[-95.7635662158827,34.7232528307759],[-95.7635919274628,34.7237275778594],[-95.7636366024785,34.7243352271419],[-95.7638153851863,34.726145495016],[-95.7638276292237,34.7262780284006],[-95.7640632986452,34.7288288764503],[-95.7642532599884,34.7307731660218],[-95.764406709307,34.7324136590321],[-95.7644290629845,34.7326775021361],[-95.764444450227,34.7330253166489],[-95.7644997011085,34.7336676112971],[-95.7645977055094,34.7344856324625],[-95.7646572772875,34.7350747394967],[-95.7649934151887,34.7386766940752],[-95.7649886613042,34.7387405970008],[-95.7650245265419,34.7390057671128]]}},{"type":"Feature","properties":{"name":"WEST UNITED STATES HIGHWAY 270","type":null,"alt":null},"geometry":{"type":"LineString","coordinates":[[-95.9519146070817,34.9420361171289],[-95.9522140173625,34.9420350184534],[-95.9529440737023,34.9420274565905],[-95.9536684742491,34.9420239838328],[-95.9543880185035,34.9420241929642],[-95.9551197825407,34.9420250486352],[-95.9558700626525,34.9420234241857],[-95.9566388193131,34.9420221605614],[-95.9574256644502,34.9420209794114],[-95.9582194885988,34.9420207179973],[-95.9590130576259,34.9420200964944],[-95.9598079732275,34.9420174632072],[-95.9603820056772,34.9420159970789]]}},{"type":"Feature","properties":{"name":"INDIAN NATION TURNPIKE","type":"TURNPIKE","alt":null},"geometry":{"type":"LineString","coordinates":[[-95.845121551209,34.951849537171],[-95.8453368279753,34.9524997982809],[-95.8461405794061,34.9547829255774],[-95.8468065750864,34.9567456737527],[-95.8469949320385,34.9573425171507],[-95.8471591539539,34.9578229735873],[-95.8471914573715,34.957917482662],[-95.8474858532564,34.9587316919969],[-95.8478060801973,34.9596460971973],[-95.8484745974486,34.9615970115176],[-95.8488728969709,34.9627432309782],[-95.8493764404169,34.96412446145],[-95.8496384520358,34.9647422475219],[-95.8500561470834,34.9656157380261],[-95.8503454755717,34.9662045640798],[-95.8506709513689,34.9668501743741],[-95.8520370787102,34.9694616823555],[-95.8526604466353,34.9706425558376],[-95.852965457912,34.9712507615401],[-95.8530412083483,34.9714018093049]]}},{"type":"Feature","properties":{"name":"INDIAN NATION TURNPIKE","type":"TURNPIKE","alt":null},"geometry":{"type":"LineString","coordinates":[[-95.8595160475239,34.9833433081535],[-95.8598068429612,34.9839054430112],[-95.8605580932535,34.9853263824249],[-95.860578227194,34.9853667948204]]}},{"type":"Feature","properties":{"name":"WEST STATE HIGHWAY 31","type":null,"alt":null},"geometry":{"type":"LineString","coordinates":[[-96.0919364216707,34.8395879678365],[-96.0919430000335,34.8387799997386],[-96.0919470002315,34.8376229998738],[-96.0919460004066,34.8357479998842],[-96.0919500006045,34.8336879999583],[-96.091936174634,34.8327713561011],[-96.091930000513,34.8323619999918],[-96.091930000513,34.8321810004781],[-96.0919290015864,34.8316369996791],[-96.0919279999649,34.8309200001287],[-96.091934000711,34.8305510003393],[-96.0919449260215,34.8298619625087],[-96.0919480009547,34.8296680001657],[-96.0919469238747,34.8293517475311],[-96.0919440016551,34.8284929999862],[-96.0919470002315,34.8274429998712],[-96.0919520002543,34.8260159999674],[-96.0919637969307,34.8257738912651],[-96.0919730001707,34.8255850001302],[-96.0919696153188,34.8254062717332]]}},{"type":"Feature","properties":{"name":"INDIAN NATION TURNPIKE","type":"TURNPIKE","alt":null},"geometry":{"type":"LineString","coordinates":[[-95.856548654324,34.9780299353101],[-95.8581469332842,34.9810527508311],[-95.8586800304048,34.9820417658858],[-95.8590981593386,34.9828503383066],[-95.8598653942531,34.9843141399488],[-95.8600479642582,34.9846899484125],[-95.8604081743141,34.9853878580689]]}},{"type":"Feature","properties":{"name":"INDIAN NATION TURNPIKE","type":"TURNPIKE","alt":null},"geometry":{"type":"LineString","coordinates":[[-95.8604081743141,34.9853878580689],[-95.8605057367438,34.9855768839035],[-95.8605102256253,34.9855890328315],[-95.8605429988618,34.9856777323892],[-95.8606167442584,34.9857699329304],[-95.8606877560816,34.9858936562889],[-95.8610111900081,34.9864957409435],[-95.8650979199846,34.9942448310947],[-95.8655757114264,34.9951745609052],[-95.8660265022056,34.9960995343875],[-95.8662339258997,34.9965459259179],[-95.8664230221653,34.9969716845072],[-95.8670786917114,34.9985787025832],[-95.867217008909,34.9989177015445],[-95.8673917896222,34.9993341141111],[-95.867683107879,35.0001042453501],[-95.867919963975,35.0007303871242],[-95.8683744567115,35.0018773142592],[-95.8687843804335,35.0029553339776],[-95.8716845706671,35.0106829192286],[-95.8717712976179,35.0109168981601]]}},{"type":"Feature","properties":{"name":"INDIAN NATION TURNPIKE","type":"TURNPIKE","alt":null},"geometry":{"type":"LineString","coordinates":[[-95.8719237614845,35.010919748489],[-95.8725985606546,35.01271867832],[-95.8729115426827,35.0135530214033],[-95.873327940563,35.0146074698652],[-95.8735851219406,35.0152305761526],[-95.8737730234469,35.0156687042182],[-95.8741621799162,35.0165411496974],[-95.8744600846206,35.0171850719269],[-95.8748680455238,35.0180355613479],[-95.8753951194403,35.0190904338869],[-95.8767654814399,35.0216914122791],[-95.8772855682602,35.0226610660063],[-95.8777215494136,35.0235020388067],[-95.8785023426007,35.0249809411729],[-95.8788121239315,35.0255796839085],[-95.8790024993981,35.0259089725579],[-95.8790259606984,35.0259534638046],[-95.880087364224,35.0279662162717],[-95.8806890836491,35.029088404488],[-95.8809238296025,35.0295352692097],[-95.8812137123514,35.0301056386718],[-95.8817299480941,35.0310868000058],[-95.8824554445855,35.032448300013],[-95.8827463055998,35.0330365431068],[-95.8830619520311,35.0337191792722],[-95.8832814751337,35.0342234385855],[-95.8836217093526,35.035078798045],[-95.8838768362832,35.0357774856488],[-95.8841210639544,35.0365138917981],[-95.8842666161832,35.0370006158957],[-95.8845012273894,35.0378685677434],[-95.8846258991778,35.0383853492788],[-95.8847492037303,35.0389417441384],[-95.8848218001817,35.03930012254],[-95.8848398527256,35.0393990248611],[-95.8849018436668,35.0397386658865],[-95.8849907445405,35.0403096540323],[-95.8850669019137,35.0408660335817],[-95.8851328364589,35.0414614510357],[-95.8851696736738,35.0418742351004],[-95.8851978933501,35.0422855549526],[-95.8852208129662,35.0426929078009],[-95.885236021444,35.0430975859237],[-95.8852417005932,35.0434771150058]]}},{"type":"Feature","properties":{"name":"STATE HIGHWAY 63","type":null,"alt":null},"geometry":{"type":"LineString","coordinates":[[-95.8646507691789,34.7167660654148],[-95.8610379786682,34.7168118473615],[-95.8559172779181,34.7168145402861]]}},{"type":"Feature","properties":{"name":"WEST UNITED STATES HIGHWAY 270","type":null,"alt":null},"geometry":{"type":"LineString","coordinates":[[-95.8456798002592,34.948914306085],[-95.8462441650398,34.9489851028296],[-95.8467961905617,34.9490412939746],[-95.8472178274167,34.9490704012287],[-95.8476622841749,34.9491010797672]]}},{"type":"Feature","properties":{"name":"WEST UNITED STATES HIGHWAY 270","type":null,"alt":null},"geometry":{"type":"LineString","coordinates":[[-95.8428310268976,34.9485296485944],[-95.8429128670132,34.9485404312545]]}},{"type":"Feature","properties":{"name":"STATE HIGHWAY 31A","type":null,"alt":null},"geometry":{"type":"LineString","coordinates":[[-96.0890080000827,34.8547359998047],[-96.0890017756561,34.8546956454026],[-96.0890011863613,34.8546790342119],[-96.0890004892686,34.8546602675579],[-96.0889993861375,34.8546323645179],[-96.0889979012223,34.8545858886709],[-96.0889971241796,34.8545211414851],[-96.088997304741,34.8544425488466],[-96.088999310679,34.8543508191304],[-96.0890031842145,34.8542453861497],[-96.0890122140797,34.854123865119],[-96.0890272770304,34.8539857900773],[-96.0890526589288,34.853832600632],[-96.0890895554324,34.8536689792046],[-96.0891389519933,34.8535020490248],[-96.0892022598646,34.853334955591],[-96.0892799955777,34.8531685827748],[-96.0893720477415,34.8530043179463],[-96.0894789113277,34.8528430545778],[-96.0895982641913,34.8526863311795],[-96.0897311133437,34.8525346424257],[-96.0898757277314,34.852385680965],[-96.0900256906883,34.8522362437515],[-96.0901774179364,34.8520858095931],[-96.090329323051,34.8519343755357],[-96.0904806703117,34.8517829109748],[-96.0906323194064,34.8516330716359],[-96.0907827054698,34.8514844800867],[-96.0909319093503,34.8513365804917],[-96.0910787380852,34.8511893949704],[-96.091218070379,34.851041045894],[-96.0913457281674,34.8508895988557],[-96.0914587335352,34.8507339812174],[-96.0915564531701,34.8505745151111],[-96.0916300000391,34.8504799996309]]}},{"type":"Feature","properties":{"name":"STATE HIGHWAY 63","type":null,"alt":null},"geometry":{"type":"LineString","coordinates":[[-95.7742361721638,34.7512908839871],[-95.7739662490822,34.7512996650013]]}},{"type":"Feature","properties":{"name":"WEST UNITED STATES HIGHWAY 270","type":null,"alt":null},"geometry":{"type":"LineString","coordinates":[[-96.0538108645939,34.9311617178533],[-96.0552787701586,34.9306174828789],[-96.0560548247326,34.9303301681898],[-96.0568323714082,34.9300394609793],[-96.0576115206783,34.9297457088337],[-96.0583948300465,34.9294569372591],[-96.0591694437228,34.9291681204784],[-96.0599308494694,34.9288716556446],[-96.0606529278712,34.928501276922],[-96.0613230611916,34.9280846382635],[-96.0619719026433,34.9276615427444],[-96.0626217573945,34.9272402487577],[-96.0632748685387,34.9268224731461],[-96.063929284935,34.9263986972042],[-96.0645793804347,34.925977606642],[-96.0652238201414,34.9255664548047],[-96.0657997597145,34.9252202008921],[-96.0665281460862,34.9247959850669],[-96.0671873118754,34.9244149067033],[-96.0678556036495,34.9240274164682],[-96.068531711665,34.9236330531947],[-96.0692134512189,34.9232388625876],[-96.0698956965244,34.9228408554944],[-96.0705785814303,34.9224434695952],[-96.0712610135854,34.9220472308008],[-96.0714335350357,34.9219479641987]]}},{"type":"Feature","properties":{"name":"WEST UNITED STATES HIGHWAY 270","type":null,"alt":null},"geometry":{"type":"LineString","coordinates":[[-96.0867380022755,34.9130648580883],[-96.0874509897266,34.9126402501521],[-96.0881031378768,34.9122422203902],[-96.0887507261786,34.9118364339972],[-96.0889980692073,34.911679015687],[-96.0890292128998,34.9116591939014]]}},{"type":"Feature","properties":{"name":"WEST UNITED STATES HIGHWAY 270","type":null,"alt":null},"geometry":{"type":"LineString","coordinates":[[-95.8834688205828,34.9498847463093],[-95.8837996683053,34.9498494970671],[-95.884465844547,34.9497438184628],[-95.8851403652393,34.9495970676367],[-95.8858049209202,34.949403294971],[-95.8864519226221,34.9491648769532],[-95.8870751306471,34.9488920516698],[-95.887683944068,34.9486110979936],[-95.8882961189846,34.9483275816934],[-95.8889247375626,34.9480358197955],[-95.8895656415003,34.9477382023276],[-95.8902070260368,34.9474398548135],[-95.8908492028873,34.9471422521178],[-95.8915018873317,34.9468454450559],[-95.8921557045517,34.9465447667312],[-95.8928062321411,34.9462407914464],[-95.893459342387,34.9459390918061],[-95.894115974927,34.9456325054041],[-95.8947741804172,34.9453255393729],[-95.8954318801558,34.9450210816762],[-95.8960993715311,34.944717470392],[-95.8967810688642,34.9444121069282],[-95.8974826180668,34.944114961567],[-95.8981833524974,34.9438564453902],[-95.8988917971682,34.943619508269],[-95.8992133095983,34.9435166949283],[-95.8994709922358,34.9434342912935],[-95.8995959469935,34.9433943316936],[-95.9004279881692,34.9431401445603],[-95.901018241498,34.9429593152637],[-95.9017386795761,34.942738327565],[-95.9024538355603,34.9425197759301],[-95.903164040929,34.942302521206],[-95.9038575268536,34.9420890545672]]}},{"type":"Feature","properties":{"name":"WEST STATE HIGHWAY 31","type":null,"alt":null},"geometry":{"type":"LineString","coordinates":[[-95.8943450255616,34.8985781660402],[-95.8950346352557,34.8985813223531],[-95.8957355906719,34.8985795798975]]}},{"type":"Feature","properties":{"name":"WEST STATE HIGHWAY 31","type":null,"alt":null},"geometry":{"type":"LineString","coordinates":[[-95.8259951935081,34.9268977662294],[-95.8262029504771,34.9268629055603],[-95.8268454156868,34.9267601721163],[-95.8274777209507,34.9266596657674],[-95.8280965407055,34.9265595408109],[-95.8287072585548,34.9264673855882],[-95.829306334238,34.9263760765213],[-95.8298922361276,34.9262828649241],[-95.830453973336,34.9261922627111],[-95.8309959781509,34.9261035915554],[-95.8315174780211,34.9260204265387],[-95.8320194036012,34.9259410994549],[-95.8324873602872,34.9258721064465],[-95.8332262165236,34.9257569392405]]}},{"type":"Feature","properties":{"name":"WEST STATE HIGHWAY 31","type":null,"alt":null},"geometry":{"type":"LineString","coordinates":[[-95.8523056668953,34.916633474394],[-95.8526774176077,34.9164118743651],[-95.8536545277186,34.9157508679324],[-95.8543121618803,34.9152531918294],[-95.8545984675377,34.9150362825539],[-95.8550652627021,34.9146669352694],[-95.8555296153472,34.9142918281121],[-95.855998010411,34.9139148997642],[-95.8564718600453,34.9135382216143],[-95.8569400224455,34.9131674517734],[-95.8574014941935,34.9127988783922],[-95.85786204427,34.9124358355482],[-95.8583170661142,34.9120704986543],[-95.8587716073598,34.9117064978908],[-95.8592266211192,34.911342919089],[-95.859679721467,34.9109778233748],[-95.8601324957264,34.9106141448435],[-95.8605861691994,34.9102541553828],[-95.8610383820117,34.9098917340818],[-95.8614910089474,34.9095288699159],[-95.8619429684348,34.9091654516417],[-95.8623994446515,34.9088049784629],[-95.8628534325349,34.908441014052],[-95.8633120485386,34.9080778495381],[-95.8637680234953,34.9077131356413],[-95.8642205093955,34.9073505911469],[-95.8646733501302,34.9069908466925],[-95.8651205799877,34.9066324583916],[-95.8655635302711,34.9062783450623],[-95.8659980875949,34.9059322573084],[-95.8664244864192,34.9055943116309],[-95.8668426890149,34.905265053294],[-95.8672438290101,34.9049453944499],[-95.8676258330931,34.9046464043287],[-95.8679743327109,34.9043607889329],[-95.868280430949,34.904078990955],[-95.8685159126227,34.9037570038751],[-95.8685825334808,34.9033479243779],[-95.8685890741144,34.903265011102],[-95.868627150106,34.9028894937993],[-95.8686815098588,34.9024107437688],[-95.8687349057193,34.90192866163],[-95.8687878721851,34.9014530165229],[-95.8688413803349,34.9009806361302],[-95.8688960544981,34.9005158975424],[-95.8689796382437,34.900066658375],[-95.8691603855671,34.899650276905],[-95.8694629462396,34.8992958166596],[-95.869859644964,34.8989808719738],[-95.8702450303057,34.8987464274062],[-95.8707511456284,34.898593171787],[-95.8713332512375,34.8985725437656],[-95.8719350155784,34.8985705294425],[-95.8725555753699,34.8985691266366],[-95.8731979534431,34.8985614694085],[-95.8738589814398,34.8985530105761],[-95.8745389980251,34.8985484588236],[-95.8752253791741,34.8985456480537],[-95.8759064369068,34.8985419148501],[-95.876586934989,34.8985439402255],[-95.8772665644003,34.898543103257],[-95.877924942367,34.8985439800109]]}},{"type":"Feature","properties":{"name":"WEST STATE HIGHWAY 31","type":null,"alt":null},"geometry":{"type":"LineString","coordinates":[[-96.057437523296,34.8401767220362],[-96.057635906345,34.8401760680589],[-96.0583136960067,34.8401789759353],[-96.0590023975041,34.8401723454755],[-96.0597103094738,34.8401750410122],[-96.0604145661987,34.8401784893232],[-96.0611030287443,34.8401782364323],[-96.0617564039931,34.8401683301873],[-96.0623976412059,34.8401710589022],[-96.0630906123958,34.8401786087643],[-96.0637908401766,34.8401941965732],[-96.0644934700525,34.8401903427528],[-96.0652044488707,34.8402000329689],[-96.0658978746082,34.8402133536042],[-96.0665777717174,34.8402183096733],[-96.0672431547467,34.8402224318663],[-96.0678924219998,34.8402258528955],[-96.0685309912161,34.8402270067555],[-96.0691567279986,34.8402292149413],[-96.0697704839502,34.8402286745072],[-96.0703793315071,34.8402297295702],[-96.0709938079075,34.8402269669418],[-96.0711783856472,34.8402262178544],[-96.0716275756286,34.8402243930598],[-96.0722700129906,34.8402202435871],[-96.0729098102039,34.8402224451375],[-96.0735486462199,34.84021973117],[-96.0741820923442,34.8402154740527],[-96.0748106830744,34.8402133211634],[-96.0755255776488,34.8402026739452],[-96.076004259321,34.8401952516366],[-96.0766001396968,34.8401906089149],[-96.0772156841941,34.8401926755417],[-96.07785444026,34.8402001199692],[-96.0784896210311,34.84020566366],[-96.0791277374965,34.8402066966046],[-96.0797726829548,34.8402040954422],[-96.0804174155123,34.8401961319622],[-96.0810714321582,34.8401912886972],[-96.081720647309,34.8401874334021],[-96.0823413939501,34.8401737603373],[-96.0829217460479,34.8401619474564],[-96.0834723773844,34.8401537561493],[-96.0840144971837,34.8401489069835],[-96.0845581369323,34.8401490743487],[-96.0851027109289,34.8401485398124],[-96.085642482532,34.8401509883573],[-96.0861732907452,34.8401553110969],[-96.0867051383092,34.8401596721753],[-96.0872309294315,34.840164441713],[-96.0877428200231,34.8401680441183],[-96.0882279228529,34.8401684311962],[-96.0886810905744,34.8401683899078],[-96.0891105382808,34.8401641276269],[-96.089502207338,34.8401594332929],[-96.0898430766658,34.8401548576626],[-96.090096860615,34.8401465122609],[-96.0902876789511,34.8401447508715],[-96.0905720649088,34.8401479529284],[-96.0909171760813,34.8401484395407],[-96.0912190935601,34.8401473129594],[-96.0914592159305,34.8401495469525],[-96.0916268235962,34.8401483200995],[-96.0916969389008,34.8401495476898],[-96.0919318483476,34.8401665009676]]}},{"type":"Feature","properties":{"name":"WEST UNITED STATES HIGHWAY 270","type":null,"alt":null},"geometry":{"type":"LineString","coordinates":[[-96.0251986667002,34.9416708678288],[-96.0255464503608,34.941582115465],[-96.0262334971614,34.9413455370186],[-96.0269187051107,34.941097115329],[-96.0274767116157,34.9408903356374]]}},{"type":"Feature","properties":{"name":"WEST UNITED STATES HIGHWAY 270","type":null,"alt":null},"geometry":{"type":"LineString","coordinates":[[-96.0313511148934,34.9394641908392],[-96.0320120656351,34.9392195529804],[-96.0325179123615,34.9390312920797],[-96.0332239836832,34.938769326747],[-96.0339284793599,34.9385086463483],[-96.0346431682202,34.9382439502043],[-96.0353643402218,34.9379776713885],[-96.0360749381543,34.9377119734772]]}},{"type":"Feature","properties":{"name":"OLD HIGHWAY 69","type":null,"alt":null},"geometry":{"type":"LineString","coordinates":[[-95.8245064685883,34.8549014774885],[-95.8238925239905,34.8555278098666],[-95.8237268566858,34.8556899731957],[-95.822923920027,34.8565305797033],[-95.8223853359967,34.8570734694978],[-95.8220170608662,34.8574546502539],[-95.821841200378,34.8576455528832],[-95.8211875583295,34.8583154198414],[-95.8210386688594,34.8584781025101],[-95.8188619583995,34.8607057659564],[-95.8183701900702,34.8611923238717],[-95.8182199064148,34.8613496612874]]}},{"type":"Feature","properties":{"name":"WEST UNITED STATES HIGHWAY 270","type":null,"alt":null},"geometry":{"type":"LineString","coordinates":[[-95.9832733455661,34.9420066266701],[-95.9837452521444,34.9420053365359],[-95.9846191440325,34.9420101112104],[-95.9852742934541,34.9420093998694],[-95.9860490266063,34.9420093240224],[-95.9868197038649,34.9420106259386],[-95.9875855652553,34.9420121075309],[-95.9883431432805,34.9420155611432],[-95.9890967579387,34.9420188417066],[-95.9898544689145,34.942020156141],[-95.9906113660167,34.942017784268],[-95.9913579253066,34.942015402822],[-95.9921007745544,34.9420114514182],[-95.9928484145176,34.9420092400753],[-95.9931703554441,34.9420075596609],[-95.9936009224513,34.942005311499],[-95.9943537897112,34.9420027201849],[-95.9951091524909,34.9420028814517],[-95.995867331489,34.9419997282811],[-95.9966308446833,34.9419993247459]]}},{"type":"Feature","properties":{"name":"WEST UNITED STATES HIGHWAY 270","type":null,"alt":null},"geometry":{"type":"LineString","coordinates":[[-95.8354813714673,34.9464992095362],[-95.8378840270858,34.9472559173746],[-95.8394721254389,34.9477520828168],[-95.8400066948982,34.9479093435669],[-95.8404081025914,34.9480088180607],[-95.8407501684751,34.9480887644052],[-95.840921520319,34.9481164229138],[-95.841279662453,34.9481535313797],[-95.8419358036147,34.9482390051524],[-95.842972204331,34.9483742880055],[-95.8438755160447,34.948493121255],[-95.8439997027429,34.9485094572422],[-95.8441604616529,34.9485306036006],[-95.8442742359785,34.9485455707629],[-95.8444857613802,34.9485733947891],[-95.8456706122905,34.9487543847391],[-95.8465868974735,34.9489060070679],[-95.8472371932976,34.9490245560654]]}},{"type":"Feature","properties":{"name":"INDIAN NATION TURNPIKE","type":"TURNPIKE","alt":null},"geometry":{"type":"LineString","coordinates":[[-95.8218299633521,34.8840412846406],[-95.8220740410047,34.886425878064],[-95.8223627846898,34.8893537959281]]}},{"type":"Feature","properties":{"name":"INDIAN NATION TURNPIKE","type":"TURNPIKE","alt":null},"geometry":{"type":"LineString","coordinates":[[-95.8223627846898,34.8893537959281],[-95.8224163844679,34.8897753130963],[-95.8224023761394,34.8901997054734],[-95.8225011369217,34.8905882513776],[-95.8225405684711,34.8910063256114]]}},{"type":"Feature","properties":{"name":"INDIAN NATION TURNPIKE","type":"TURNPIKE","alt":null},"geometry":{"type":"LineString","coordinates":[[-95.8219617381195,34.8840436773487],[-95.8222040784303,34.8863024548067],[-95.8224380284763,34.8886257100322],[-95.8225167092171,34.8893356318256]]}},{"type":"Feature","properties":{"name":"INDIAN NATION TURNPIKE","type":"TURNPIKE","alt":null},"geometry":{"type":"LineString","coordinates":[[-95.8225167092171,34.8893356318256],[-95.8225240691143,34.8894056046041],[-95.8225592911582,34.889770152222],[-95.8226506300597,34.8901865432482],[-95.822616306331,34.8905612115784],[-95.8226617826439,34.8910045601532]]}},{"type":"Feature","properties":{"name":"INDIAN NATION TURNPIKE","type":"TURNPIKE","alt":null},"geometry":{"type":"LineString","coordinates":[[-95.8531916860398,34.9714017850131],[-95.8540715544196,34.9730629254665],[-95.8546842503592,34.974173887067],[-95.8558776029253,34.9764729006404],[-95.8567001830444,34.9780323893151]]}},{"type":"Feature","properties":{"name":"WEST UNITED STATES HIGHWAY 270","type":null,"alt":null},"geometry":{"type":"LineString","coordinates":[[-95.9305737279322,34.9360773702746],[-95.9305862773967,34.9360794889871],[-95.9306783771712,34.9360950379934],[-95.9313837145694,34.936212896331],[-95.9320918933388,34.936328585716],[-95.9328078622983,34.9364479165737],[-95.9335288609251,34.9365664644362],[-95.9342510605995,34.9366850776692],[-95.9349684174561,34.9368024984591],[-95.9356825179199,34.9369170750129],[-95.9363957407296,34.9370335874616],[-95.9371151771861,34.9371507249667],[-95.9378475152468,34.9372696930459],[-95.9385864163989,34.9373902251072],[-95.9393265446497,34.9375120597155],[-95.9400683931743,34.9376368891516],[-95.9408054402036,34.9377803467764],[-95.9415183153653,34.9379866895154],[-95.942196384403,34.9382611616176],[-95.942341845902,34.9383382609284]]}},{"type":"Feature","properties":{"name":"WEST STATE HIGHWAY 31","type":null,"alt":null},"geometry":{"type":"LineString","coordinates":[[-95.877924942367,34.8985439800109],[-95.8779421999019,34.8985440028507],[-95.8786255725931,34.8985413025959],[-95.8793201176314,34.8985420319962],[-95.8800230062221,34.8985433029211],[-95.8807329322147,34.8985407573875],[-95.8814378159637,34.8985405518292],[-95.8821283194815,34.8985429765329],[-95.8827972831955,34.898543910018],[-95.883443044324,34.8985494158852],[-95.8840758706108,34.8985512231771],[-95.8847139062278,34.8985560195364],[-95.8853588049737,34.898558299833],[-95.8859968540655,34.8985573737158],[-95.8864355445378,34.8985573995027],[-95.8866211364755,34.8985574105542],[-95.8872366665998,34.8985565058032],[-95.8878484759021,34.8985591714295],[-95.8887088652133,34.8985621199745],[-95.8890865142638,34.8985634130021],[-95.8897119492124,34.8985673679718],[-95.8903346442993,34.8985702561016],[-95.8909599130596,34.898573744697],[-95.8915759579185,34.8985741919151],[-95.8921876603213,34.8985770770975],[-95.8927855421435,34.8985774874771],[-95.8933692835848,34.8985775066331],[-95.8939399644202,34.8985767801802],[-95.8943450255616,34.8985781660402]]}},{"type":"Feature","properties":{"name":"STATE HIGHWAY 31A","type":null,"alt":null},"geometry":{"type":"LineString","coordinates":[[-96.0890030252127,34.8692843693535],[-96.0890030000599,34.8692790000869],[-96.0889999996868,34.8683770003356],[-96.089015998682,34.8670570001763],[-96.0890127413908,34.8667653893711],[-96.0890020002349,34.8658039998653],[-96.0890060004329,34.8632610000447],[-96.0890250006995,34.8620310004552],[-96.0890050015063,34.8609300003187],[-96.0890110004558,34.8596680000781],[-96.0890110004558,34.8596570000866],[-96.0890110004558,34.8596470003612],[-96.0890235409371,34.8585532607064],[-96.0890250006995,34.8584260001288],[-96.0890080000827,34.8573840001213],[-96.0890079991844,34.8565744294808]]}},{"type":"Feature","properties":{"name":"INDIAN NATION TURNPIKE","type":"TURNPIKE","alt":null},"geometry":{"type":"LineString","coordinates":[[-95.8269692358723,34.9130326279706],[-95.827319270711,34.9140183233047],[-95.8273211562748,34.91402195194],[-95.8278663779567,34.9150715526513],[-95.8283913309509,34.9160821076882],[-95.8292692356134,34.9177720445957],[-95.8298886662226,34.9189643837071],[-95.8302614365228,34.9196819069819],[-95.8305019352873,34.9201448230826],[-95.8310365775101,34.9211747653946],[-95.8314133399234,34.921900549735],[-95.8321865890588,34.9233900695405],[-95.8324907136982,34.9239758911042],[-95.8330205921551,34.9249965543968],[-95.8333492623613,34.925629630996]]}},{"type":"Feature","properties":{"name":"INDIAN NATION TURNPIKE","type":"TURNPIKE","alt":null},"geometry":{"type":"LineString","coordinates":[[-95.8266839803454,34.9130528376327],[-95.8266840270578,34.9130529289758],[-95.826687304112,34.9130592942632],[-95.8291105284555,34.9177653489423],[-95.8291108087299,34.917765894023],[-95.8291109291041,34.917766128997],[-95.8292768928529,34.918088421332],[-95.829341920998,34.9182146997355],[-95.8297529846821,34.9190129430461],[-95.8308632574575,34.9211688993909],[-95.8308953291098,34.9212311752033],[-95.8312468255074,34.9219136921465],[-95.8313122354365,34.9220407004849],[-95.8315999640254,34.9225993853188],[-95.8319863563786,34.923349635415],[-95.832833275452,34.9249940207312],[-95.8328638765621,34.9250534359038],[-95.8331795463496,34.9256663276085]]}},{"type":"Feature","properties":{"name":"WEST STATE HIGHWAY 31","type":null,"alt":null},"geometry":{"type":"LineString","coordinates":[[-95.8340866633269,34.9256267850634],[-95.8340986881753,34.9256244429138],[-95.8343297240866,34.9255794456413],[-95.8344847580333,34.9254855408044],[-95.8345558578914,34.9253554289153],[-95.834577858531,34.9252850006578],[-95.8345897863613,34.9252468175604],[-95.8346555322603,34.9251068453706],[-95.8349354715574,34.9249506773618],[-95.8353820007289,34.9248151120763],[-95.8358806510516,34.9246431286592],[-95.8363837471366,34.9244353875542],[-95.8370920184324,34.924096247516],[-95.8374303976303,34.9239320515054],[-95.8379760549951,34.9236709601031],[-95.8385275118834,34.9234037766434],[-95.8390750880497,34.9231367359405],[-95.8396233783766,34.9228700118216],[-95.8401778913335,34.9226027786147],[-95.8407320036418,34.9223353751301],[-95.8412886833351,34.9220597743679],[-95.8416121738555,34.9218992732792],[-95.8418426357433,34.9217849283902],[-95.842055984725,34.9216820265453],[-95.8421097066739,34.9216561150824]]}},{"type":"Feature","properties":{"name":"INDIAN NATION TURNPIKE","type":"TURNPIKE","alt":null},"geometry":{"type":"LineString","coordinates":[[-95.8530412083483,34.9714018093049],[-95.8531322894333,34.9715834282751],[-95.8533305422266,34.9719441688617],[-95.8541608577386,34.973496012562],[-95.8545401794522,34.9742557938548],[-95.8546244486124,34.9744447975421],[-95.8549651966676,34.9750487219358],[-95.8552038673605,34.9754863592655],[-95.856548654324,34.9780299353101]]}},{"type":"Feature","properties":{"name":"INDIAN NATION TURNPIKE","type":"TURNPIKE","alt":null},"geometry":{"type":"LineString","coordinates":[[-95.8225405684711,34.8910063256114],[-95.8226880134502,34.8924008223703],[-95.823100902511,34.8964471954371],[-95.8232280365816,34.8977635046708],[-95.8233202279843,34.8986117943224]]}},{"type":"Feature","properties":{"name":"INDIAN NATION TURNPIKE","type":"TURNPIKE","alt":null},"geometry":{"type":"LineString","coordinates":[[-95.8226617826439,34.8910045601532],[-95.8230621653593,34.8949077010236],[-95.8232284533999,34.8963244297126],[-95.8233702542641,34.897714810458],[-95.8234183689291,34.8983698594387],[-95.823439823393,34.8986132715411]]}},{"type":"Feature","properties":{"name":"WEST STATE HIGHWAY 31","type":null,"alt":null},"geometry":{"type":"LineString","coordinates":[[-95.8421660139742,34.921628955877],[-95.8423985689367,34.9215167893615],[-95.8429584178863,34.9212467100829],[-95.8435247571639,34.9209730870293],[-95.8440892081828,34.9206980864155],[-95.8446501575688,34.9204235430278],[-95.8452109605293,34.9201446463048],[-95.8457779322208,34.9198712191891],[-95.8458940789972,34.9198150714036],[-95.8463372538594,34.9196008280781],[-95.8468956690979,34.9193268113585],[-95.847457838396,34.9190520564035],[-95.8480135991128,34.9187830886251],[-95.8485636950535,34.9185145493965],[-95.8491058085645,34.9182514306008],[-95.8495181909755,34.9180523783717],[-95.8501550165618,34.9177491931901],[-95.8506709226228,34.917493504215],[-95.8511735956013,34.9172525331893],[-95.8516871992801,34.9169832685557],[-95.8521784456882,34.9167012376731],[-95.8523056668953,34.916633474394]]}},{"type":"Feature","properties":{"name":"STATE HIGHWAY 63","type":null,"alt":null},"geometry":{"type":"LineString","coordinates":[[-95.7726897215039,34.751785285298],[-95.7721216421896,34.7519620299264],[-95.7715317508818,34.7521331706814],[-95.7709183686294,34.7523004642222],[-95.7703139237158,34.7524769619688],[-95.7697370795392,34.7527126299946],[-95.7691813933826,34.7529534143984],[-95.7681352001314,34.7534174143583],[-95.7664596148527,34.7541805408497],[-95.7662961924379,34.7542582526941],[-95.7662800416274,34.7542659329455]]}},{"type":"Feature","properties":{"name":"WEST UNITED STATES HIGHWAY 270","type":null,"alt":null},"geometry":{"type":"LineString","coordinates":[[-96.0274767116157,34.9408903356374],[-96.0276076734077,34.94084180471],[-96.0283029379966,34.9405855691258],[-96.0289980166342,34.9403313055378],[-96.0296938426702,34.9400754424473],[-96.0303919890545,34.9398169260544],[-96.0313511148934,34.9394641908392]]}},{"type":"Feature","properties":{"name":"STATE HIGHWAY 63","type":null,"alt":null},"geometry":{"type":"LineString","coordinates":[[-95.7421614027361,34.7667955273439],[-95.7421624277139,34.7667989543737],[-95.7421641327163,34.7668045185003]]}},{"type":"Feature","properties":{"name":"WEST STATE HIGHWAY 31","type":null,"alt":null},"geometry":{"type":"LineString","coordinates":[[-95.8421097066739,34.9216561150824],[-95.8421660139742,34.921628955877]]}},{"type":"Feature","properties":{"name":"WEST STATE HIGHWAY 31","type":null,"alt":null},"geometry":{"type":"LineString","coordinates":[[-96.0919318483476,34.8401665009676],[-96.0919320001629,34.8401309996467],[-96.0919364216707,34.8395879678365]]}},{"type":"Feature","properties":{"name":"WEST STATE HIGHWAY 31","type":null,"alt":null},"geometry":{"type":"LineString","coordinates":[[-96.0919696153188,34.8254062717332],[-96.091958999927,34.8248459998038],[-96.0919510004294,34.8237600001358],[-96.0919830002165,34.8174369997868],[-96.092003000308,34.816169000426],[-96.0919980002851,34.8138690000001],[-96.0920280004223,34.8130230000941],[-96.0920340002701,34.8125109999542],[-96.0920310493044,34.812234622269],[-96.0920309989988,34.8122299993594],[-96.0920209998513,34.8121769996149],[-96.0920010006581,34.8120769999345],[-96.0919240006653,34.811784000209],[-96.0918610000178,34.8116319993318]]}},{"type":"Feature","properties":{"name":"STATE HIGHWAY 63","type":null,"alt":null},"geometry":{"type":"LineString","coordinates":[[-95.8823434947382,34.7167546520443],[-95.8822012213601,34.7167545516226],[-95.8753067261147,34.7167495024775]]}},{"type":"Feature","properties":{"name":"STATE HIGHWAY 63","type":null,"alt":null},"geometry":{"type":"LineString","coordinates":[[-95.8664832272556,34.7167482198853],[-95.8646507691789,34.7167660654148]]}},{"type":"Feature","properties":{"name":"WEST STATE HIGHWAY 31","type":null,"alt":null},"geometry":{"type":"LineString","coordinates":[[-95.8224095545768,34.927525003855],[-95.822825738658,34.9274514200473],[-95.8230549339213,34.9274111337519]]}},{"type":"Feature","properties":{"name":"INDIAN NATION TURNPIKE","type":"TURNPIKE","alt":null},"geometry":{"type":"LineString","coordinates":[[-95.8835344056834,35.0880600260834],[-95.8856344907478,35.0927748910697],[-95.8874035295621,35.0967834705773],[-95.8875739597345,35.097170447553],[-95.887826536348,35.0977439379512],[-95.8884684086696,35.0992013102918],[-95.8892738013224,35.1013347317636],[-95.8893387764669,35.1015068415877]]}},{"type":"Feature","properties":{"name":"INDIAN NATION TURNPIKE","type":"TURNPIKE","alt":null},"geometry":{"type":"LineString","coordinates":[[-95.8343451239055,34.9275913329994],[-95.8344205635247,34.9277283335677]]}},{"type":"Feature","properties":{"name":"INDIAN NATION TURNPIKE","type":"TURNPIKE","alt":null},"geometry":{"type":"LineString","coordinates":[[-95.8341930741622,34.9275886778903],[-95.8342613164794,34.9277256048124]]}},{"type":"Feature","properties":{"name":"INDIAN NATION TURNPIKE","type":"TURNPIKE","alt":null},"geometry":{"type":"LineString","coordinates":[[-95.8131090386238,34.8622469212133],[-95.8131447394698,34.8622900323246],[-95.8132670522823,34.8624377323776]]}},{"type":"Feature","properties":{"name":"INDIAN NATION TURNPIKE","type":"TURNPIKE","alt":null},"geometry":{"type":"LineString","coordinates":[[-95.8129875971772,34.8623632720718],[-95.8130237355027,34.8624068187435],[-95.8131454060198,34.8625534321151]]}},{"type":"Feature","properties":{"name":"WEST STATE HIGHWAY 31","type":null,"alt":null},"geometry":{"type":"LineString","coordinates":[[-95.8334011948662,34.925729662812],[-95.8337428726778,34.9256764017921],[-95.8340688973455,34.9256302452578],[-95.8340866633269,34.9256267850634]]}},{"type":"Feature","properties":{"name":"WEST STATE HIGHWAY 31","type":null,"alt":null},"geometry":{"type":"LineString","coordinates":[[-95.8332262165236,34.9257569392405],[-95.8332455231157,34.9257539290675],[-95.8333209187175,34.9257421763553],[-95.8333754832861,34.925733670976],[-95.8334011948662,34.925729662812]]}},{"type":"Feature","properties":{"name":"INDIAN NATION TURNPIKE","type":"TURNPIKE","alt":null},"geometry":{"type":"LineString","coordinates":[[-95.823439823393,34.8986132715411],[-95.8234541164875,34.8987589900059],[-95.8235348633534,34.8998309975747]]}},{"type":"Feature","properties":{"name":"INDIAN NATION TURNPIKE","type":"TURNPIKE","alt":null},"geometry":{"type":"LineString","coordinates":[[-95.8233202279843,34.8986117943224],[-95.8234479800958,34.9001397907912]]}},{"type":"Feature","properties":{"name":"INDIAN NATION TURNPIKE","type":"TURNPIKE","alt":null},"geometry":{"type":"LineString","coordinates":[[-95.8331795463496,34.9256663276085],[-95.8332455231157,34.9257539290675],[-95.8333657742945,34.925981349646],[-95.8337306043859,34.9266952976545],[-95.8341930741622,34.9275886778903]]}},{"type":"Feature","properties":{"name":"INDIAN NATION TURNPIKE","type":"TURNPIKE","alt":null},"geometry":{"type":"LineString","coordinates":[[-95.8333492623613,34.925629630996],[-95.8333754832861,34.925733670976],[-95.8336761664797,34.9263330005017],[-95.8340952628991,34.9271375761801],[-95.8343451239055,34.9275913329994]]}},{"type":"Feature","properties":{"name":"STATE HIGHWAY 31A","type":null,"alt":null},"geometry":{"type":"LineString","coordinates":[[-96.0890079991844,34.8565744294808],[-96.0890079991844,34.8561739999285],[-96.0889989989636,34.8550199993481],[-96.0890020002349,34.8549099997866],[-96.0890022751194,34.8549019942372],[-96.0890076820791,34.8547452224226],[-96.0890080000827,34.8547359998047]]}},{"type":"Feature","properties":{"name":"STATE HIGHWAY 31A","type":null,"alt":null},"geometry":{"type":"LineString","coordinates":[[-96.0916300000391,34.8504799996309],[-96.0917310003214,34.850278000248],[-96.0917409994688,34.8502590003718],[-96.0918359999034,34.8499879997196],[-96.0918950003529,34.8497980000902],[-96.0919040005738,34.84964400003],[-96.0919110002465,34.8495230000437],[-96.0918800999973,34.8490375342167],[-96.09187300151,34.8489259998891],[-96.0918745277476,34.848685132201],[-96.0918780006345,34.8481369999751],[-96.0918790004594,34.8480439996326],[-96.091915087581,34.8427775803622],[-96.091930000513,34.8406009995897],[-96.0919318483476,34.8401665009676]]}},{"type":"Feature","properties":{"name":"WEST STATE HIGHWAY 31","type":null,"alt":null},"geometry":{"type":"LineString","coordinates":[[-96.092003000308,34.7672420000969],[-96.0920120005288,34.7671800002424],[-96.0920150934283,34.7665013291407],[-96.0920169089235,34.7661028312169],[-96.0920194520541,34.7655446881028],[-96.0920213304314,34.7651323893482],[-96.0920230003995,34.7647660003647],[-96.0920247206732,34.7647216818037],[-96.0920359999199,34.764431000011],[-96.0920425127058,34.7642632100399],[-96.0920442805902,34.764217641824],[-96.0920454987058,34.7641862529629],[-96.0920461796288,34.7641687069578],[-96.0920470159603,34.7641471308864],[-96.0920472144879,34.7641420285509],[-96.092047493864,34.7641347897872],[-96.0920477049681,34.764129373075],[-96.0920478972076,34.7641244242366],[-96.0920484865024,34.7641092323487],[-96.0920490003387,34.7640960005116],[-96.0920489509314,34.7640916014604],[-96.0920488916426,34.7640862260718],[-96.0920487613869,34.7640746000586],[-96.0920486652671,34.7640660809071],[-96.0920485682491,34.7640573875932],[-96.092048505367,34.7640517546501],[-96.0920484856041,34.7640499569493],[-96.092048473926,34.7640490108686],[-96.0920484523664,34.7640470161291],[-96.0920484317051,34.7640451940751],[-96.0920484092473,34.7640431720306],[-96.092048388586,34.7640413219335],[-96.0920483643315,34.7640391316311],[-96.092048340077,34.7640370232436],[-96.0920482942629,34.764032951849],[-96.092048208923,34.7640253610628],[-96.0920481163965,34.7640170743677],[-96.0920480319548,34.7640095020293],[-96.092047941225,34.7640014013017],[-96.092047875648,34.7639955270375],[-96.0920477795283,34.763986868401],[-96.0920476968833,34.7639795661579],[-96.0920475953736,34.7639704743295],[-96.0920475172202,34.7639634894135],[-96.0920474228971,34.7639551731932],[-96.0920473366588,34.763947385361],[-96.0920471866402,34.7639339999995],[-96.0920470024855,34.7639175712328],[-96.0920468264157,34.7639018819125],[-96.0920466341763,34.763884757968],[-96.0920464554115,34.7638687727138],[-96.0920462595788,34.7638512694437],[-96.0920460736275,34.7638346864239],[-96.092044274302,34.7636741561847],[-96.0920417922569,34.7634526517194],[-96.0920409999428,34.7633819999124],[-96.0920411580463,34.763295922068],[-96.0920415290505,34.7630927008064],[-96.0920417410529,34.7629763801629],[-96.0920419970728,34.7628340004315],[-96.0920420581582,34.7627942836373],[-96.0920423033983,34.7626297478057],[-96.0920423950265,34.762567840425],[-96.0920424552136,34.7625271685488],[-96.0920425037226,34.7624950838618],[-96.0920425540283,34.7624603734059],[-96.092042601639,34.7624287100835],[-96.0920426420631,34.7624010311417],[-96.0920426869789,34.7623701375174],[-96.0920427309964,34.7623403206056],[-96.0920429088628,34.7622203938268],[-96.0920430993056,34.7620922936358],[-96.0920435978706,34.7617558079217],[-96.0920443075397,34.7612777981862],[-96.0920449704964,34.7608311057215],[-96.0920450001408,34.7608109996145],[-96.0920527283472,34.7605425629862],[-96.0920535565939,34.7605138273283]]}},{"type":"Feature","properties":{"name":"SOUTH GEORGE NIGH EXPRESSWAY","type":"EXPRESSWAY","alt":null},"geometry":{"type":"LineString","coordinates":[[-95.7889078975586,34.8857152310917],[-95.7892570682179,34.8854458460909],[-95.7895115905823,34.885226777109]]}},{"type":"Feature","properties":{"name":"STATE HIGHWAY 63","type":null,"alt":null},"geometry":{"type":"LineString","coordinates":[[-95.5862352582999,34.8519116296623],[-95.5862353481315,34.8519189602404],[-95.5862357972891,34.8519552548486],[-95.586241458472,34.8524130672655],[-95.5862353984371,34.8526360467008],[-95.5862015876464,34.8526790530096]]}},{"type":"Feature","properties":{"name":"OLD SAVAGE HIGHWAY","type":"HIGHWAY","alt":null},"geometry":{"type":"LineString","coordinates":[[-95.5666340592246,34.824035853188],[-95.5667813973043,34.8233459459716]]}},{"type":"Feature","properties":{"name":"NORTH UNITED STATES HIGHWAY 69","type":null,"alt":null},"geometry":{"type":"LineString","coordinates":[[-95.7360160620135,34.9347075953507],[-95.7358840455993,34.9348801939566],[-95.7351105754784,34.9358880814652]]}},{"type":"Feature","properties":{"name":"NORTH UNITED STATES HIGHWAY 69","type":null,"alt":null},"geometry":{"type":"LineString","coordinates":[[-95.7358281766769,34.9347042408505],[-95.7358220223188,34.9347120154843],[-95.734989687394,34.9357634872357]]}},{"type":"Feature","properties":{"name":"SOUTH UNITED STATES HIGHWAY 69","type":null,"alt":null},"geometry":{"type":"LineString","coordinates":[[-95.7439493304259,34.9214707940043],[-95.7442837067309,34.9209175461926],[-95.744522913718,34.920425054473]]}},{"type":"Feature","properties":{"name":"SOUTH UNITED STATES HIGHWAY 69","type":null,"alt":null},"geometry":{"type":"LineString","coordinates":[[-95.7874981013146,34.8864987175577],[-95.7877402143517,34.8863024688074],[-95.7883784449031,34.885809728187],[-95.7893017665898,34.8851279545457],[-95.7893060470622,34.8851261020084]]}},{"type":"Feature","properties":{"name":"SOUTH UNITED STATES HIGHWAY 69","type":null,"alt":null},"geometry":{"type":"LineString","coordinates":[[-95.7873150839485,34.8863950051347],[-95.7892326286523,34.884936870332],[-95.7894056504642,34.8848053021904]]}},{"type":"Feature","properties":{"name":"SOUTH UNITED STATES HIGHWAY 69","type":null,"alt":null},"geometry":{"type":"LineString","coordinates":[[-95.7404150939935,34.9274743173609],[-95.7404573561344,34.9274089050756],[-95.7408075140422,34.9268669144054]]}},{"type":"Feature","properties":{"name":"SOUTH UNITED STATES HIGHWAY 69","type":null,"alt":null},"geometry":{"type":"LineString","coordinates":[[-95.740282364317,34.9274764230385],[-95.7403274884904,34.9274092497618],[-95.7406509592478,34.9269277217051]]}},{"type":"Feature","properties":{"name":"SOUTH UNITED STATES HIGHWAY 69","type":null,"alt":null},"geometry":{"type":"LineString","coordinates":[[-95.7408075140422,34.9268669144054],[-95.741957981935,34.9249695038305]]}},{"type":"Feature","properties":{"name":"SOUTH UNITED STATES HIGHWAY 69","type":null,"alt":null},"geometry":{"type":"LineString","coordinates":[[-95.7406509592478,34.9269277217051],[-95.7414763969078,34.9255621682258]]}},{"type":"Feature","properties":{"name":"SOUTH UNITED STATES HIGHWAY 69","type":null,"alt":null},"geometry":{"type":"LineString","coordinates":[[-95.7451392640041,34.9167468136288],[-95.7451461558789,34.9165388551242],[-95.7451618395655,34.9138924185465]]}},{"type":"Feature","properties":{"name":"SOUTH UNITED STATES HIGHWAY 69","type":null,"alt":null},"geometry":{"type":"LineString","coordinates":[[-95.7453832410454,34.9167778357302],[-95.7453547401964,34.9160888793498],[-95.7453724352108,34.9135672258167],[-95.7453783065995,34.9130296283805]]}},{"type":"Feature","properties":{"name":"SOUTH UNITED STATES HIGHWAY 69","type":null,"alt":null},"geometry":{"type":"LineString","coordinates":[[-95.7582907345109,34.8983252119263],[-95.7629407162554,34.8968653621611]]}},{"type":"Feature","properties":{"name":"SOUTH UNITED STATES HIGHWAY 69","type":null,"alt":null},"geometry":{"type":"LineString","coordinates":[[-95.7583484979803,34.8984952663681],[-95.7603923673726,34.8978470350235],[-95.7629248708722,34.8970649991892]]}},{"type":"Feature","properties":{"name":"SOUTH UNITED STATES HIGHWAY 69","type":null,"alt":null},"geometry":{"type":"LineString","coordinates":[[-95.7629248708722,34.8970649991892],[-95.7639560478851,34.8967405767994],[-95.7646153196755,34.8965264110353],[-95.7670263925082,34.8957707619217],[-95.7671581645806,34.895736389052],[-95.7690337759269,34.8951334431679],[-95.770712157661,34.894616934661],[-95.7715000232843,34.894398891449],[-95.7717930986458,34.8943243142025]]}},{"type":"Feature","properties":{"name":"SOUTH UNITED STATES HIGHWAY 69","type":null,"alt":null},"geometry":{"type":"LineString","coordinates":[[-95.8102598852748,34.8649837538397],[-95.8118766542586,34.8634281389173]]}},{"type":"Feature","properties":{"name":"SOUTH UNITED STATES HIGHWAY 69","type":null,"alt":null},"geometry":{"type":"LineString","coordinates":[[-95.8137958868968,34.8616801098634],[-95.8146483009648,34.8608625861174],[-95.8146500481881,34.8608609246807]]}},{"type":"Feature","properties":{"name":"SOUTH UNITED STATES HIGHWAY 69","type":null,"alt":null},"geometry":{"type":"LineString","coordinates":[[-95.8101043743227,34.8654456625901],[-95.8107932824327,34.8647904875033],[-95.8120735200531,34.8635729011305]]}},{"type":"Feature","properties":{"name":"SOUTH UNITED STATES HIGHWAY 69","type":null,"alt":null},"geometry":{"type":"LineString","coordinates":[[-95.7985273154374,34.8765286572637],[-95.7985399852762,34.8765167228443],[-95.7991926715172,34.8759018849189],[-95.8003492704118,34.8747959956424],[-95.8023465675465,34.872886172727]]}},{"type":"Feature","properties":{"name":"SOUTH UNITED STATES HIGHWAY 69","type":null,"alt":null},"geometry":{"type":"LineString","coordinates":[[-95.741957981935,34.9249695038305],[-95.7423870110265,34.924283678736],[-95.7434762883771,34.9224877946412],[-95.743646244239,34.9222450145679],[-95.7436995071488,34.9221430030599]]}},{"type":"Feature","properties":{"name":"SOUTH UNITED STATES HIGHWAY 69","type":null,"alt":null},"geometry":{"type":"LineString","coordinates":[[-95.7414763969078,34.9255621682258],[-95.7435710354867,34.9220966964901]]}},{"type":"Feature","properties":{"name":"SOUTH UNITED STATES HIGHWAY 69","type":null,"alt":null},"geometry":{"type":"LineString","coordinates":[[-95.8056431852133,34.8695886834799],[-95.8071672363816,34.86813146664]]}},{"type":"Feature","properties":{"name":"SOUTH UNITED STATES HIGHWAY 69","type":null,"alt":null},"geometry":{"type":"LineString","coordinates":[[-95.7757349420451,34.8933211815089],[-95.7766271173443,34.8930990492082],[-95.7772521516442,34.8929237683941],[-95.7777101882346,34.8927844616983],[-95.7802307486324,34.8919832069075],[-95.7803074872155,34.8919572234406],[-95.7809660520318,34.8917342342038],[-95.7813620680366,34.8915826277914]]}},{"type":"Feature","properties":{"name":"SOUTH UNITED STATES HIGHWAY 69","type":null,"alt":null},"geometry":{"type":"LineString","coordinates":[[-95.7894056504642,34.8848053021904],[-95.7897818262777,34.8845182103347],[-95.7903497861161,34.8840746034811],[-95.7907825620806,34.8837175057186],[-95.791201043154,34.8833442180913],[-95.7920163873436,34.8825817433144],[-95.7921538673113,34.8824488744366]]}},{"type":"Feature","properties":{"name":"SOUTH UNITED STATES HIGHWAY 69","type":null,"alt":null},"geometry":{"type":"LineString","coordinates":[[-95.8071672363816,34.86813146664],[-95.8073633071671,34.8679439883251],[-95.8078520302075,34.8674766800006],[-95.8092270894977,34.8660487629129],[-95.8096287612956,34.8656316370956],[-95.8101612206122,34.8650786845788],[-95.8102598852748,34.8649837538397]]}},{"type":"Feature","properties":{"name":"SOUTH UNITED STATES HIGHWAY 69","type":null,"alt":null},"geometry":{"type":"LineString","coordinates":[[-95.8147502184271,34.8610139985809],[-95.8159551754301,34.8598577159757],[-95.8161397226271,34.8598534090133]]}},{"type":"Feature","properties":{"name":"SOUTH UNITED STATES HIGHWAY 69","type":null,"alt":null},"geometry":{"type":"LineString","coordinates":[[-95.8118766542586,34.8634281389173],[-95.8119978846011,34.8633114910463],[-95.8124604406156,34.8628683321466]]}},{"type":"Feature","properties":{"name":"SOUTH UNITED STATES HIGHWAY 69","type":null,"alt":null},"geometry":{"type":"LineString","coordinates":[[-95.8133144563798,34.8623926459367],[-95.8147502184271,34.8610139985809]]}},{"type":"Feature","properties":{"name":"SOUTH UNITED STATES HIGHWAY 69","type":null,"alt":null},"geometry":{"type":"LineString","coordinates":[[-95.745963683873,34.9082846633117],[-95.7459671190306,34.9082745413191],[-95.7461392030014,34.9077674669354],[-95.74633088911,34.9072961608606],[-95.7465750044918,34.9067688390263],[-95.7468597129447,34.9062291114773],[-95.7471729950101,34.9056982687131],[-95.7475366339354,34.9051398504561],[-95.7479466205395,34.9045833799567],[-95.74822340136,34.9042453594764],[-95.7486223853985,34.9037828738382],[-95.7491940040751,34.9031883481291],[-95.7496758253592,34.9027329453587],[-95.7501940059544,34.9022867168277],[-95.7508865908688,34.9017538269656],[-95.7515748306321,34.9012794053136],[-95.7522931190417,34.9008373300344],[-95.7530045811535,34.9004499333112],[-95.7537143005336,34.9001013152931],[-95.7541128390077,34.8999279915082]]}},{"type":"Feature","properties":{"name":"SOUTH UNITED STATES HIGHWAY 69","type":null,"alt":null},"geometry":{"type":"LineString","coordinates":[[-95.7541147479277,34.8997241221364],[-95.7541934430416,34.8996887651392],[-95.7544481342892,34.8995838736071],[-95.7548926647092,34.8994154039801],[-95.7555013891969,34.8992063656869],[-95.7569582212291,34.8987389536493],[-95.7582907345109,34.8983252119263]]}},{"type":"Feature","properties":{"name":"SOUTH UNITED STATES HIGHWAY 69","type":null,"alt":null},"geometry":{"type":"LineString","coordinates":[[-95.789383098259,34.8850717336299],[-95.7894253361454,34.8850384468799],[-95.7897360139948,34.8847936033042],[-95.7915198705197,34.8831885373215],[-95.7932085712015,34.8815730472053],[-95.7940632014134,34.8807609268914],[-95.7940865971366,34.8807386945225],[-95.7941098302648,34.8807166161654],[-95.7960005692405,34.8789198388083],[-95.7973184067455,34.8776674305003],[-95.7985273154374,34.8765286572637]]}},{"type":"Feature","properties":{"name":"SOUTH UNITED STATES HIGHWAY 69","type":null,"alt":null},"geometry":{"type":"LineString","coordinates":[[-95.7629407162554,34.8968653621611],[-95.7638174540064,34.8965944517321],[-95.7646717491467,34.8963202594928],[-95.7714759825707,34.8941826638877],[-95.7717900803064,34.8940871323649]]}},{"type":"Feature","properties":{"name":"SOUTH UNITED STATES HIGHWAY 69","type":null,"alt":null},"geometry":{"type":"LineString","coordinates":[[-95.7755645001947,34.8929111209046],[-95.7777484286179,34.8922242226239],[-95.7788224804227,34.8918700000121],[-95.7792795243746,34.8916951918307],[-95.7795053087348,34.8916010227619],[-95.7799474559244,34.8913981524986],[-95.7803804950953,34.8911729497683],[-95.7807985683336,34.8909243783955],[-95.7808439413403,34.8908947921995]]}},{"type":"Feature","properties":{"name":"SOUTH UNITED STATES HIGHWAY 69","type":null,"alt":null},"geometry":{"type":"LineString","coordinates":[[-95.7450002299509,34.9190957063609],[-95.7450937400804,34.9184450389511],[-95.7451255296617,34.9179809744893],[-95.7451392640041,34.9167468136288]]}},{"type":"Feature","properties":{"name":"SOUTH UNITED STATES HIGHWAY 69","type":null,"alt":null},"geometry":{"type":"LineString","coordinates":[[-95.7453180080844,34.9180452562538],[-95.745338746591,34.9177828600269],[-95.7453832410454,34.9167778357302]]}},{"type":"Feature","properties":{"name":"SOUTH UNITED STATES HIGHWAY 69","type":null,"alt":null},"geometry":{"type":"LineString","coordinates":[[-95.744522913718,34.920425054473],[-95.7446641477453,34.9201342731295],[-95.7448688082215,34.9195276562782],[-95.7450002299509,34.9190957063609]]}},{"type":"Feature","properties":{"name":"SOUTH UNITED STATES HIGHWAY 69","type":null,"alt":null},"geometry":{"type":"LineString","coordinates":[[-95.7446892978783,34.9204094126349],[-95.7447697851311,34.920249225045],[-95.7449111170747,34.9198987840931],[-95.7450762912044,34.919391956815],[-95.7451454219554,34.9191307964608]]}},{"type":"Feature","properties":{"name":"SOUTH UNITED STATES HIGHWAY 69","type":null,"alt":null},"geometry":{"type":"LineString","coordinates":[[-95.7439094560071,34.9217759143746],[-95.7443251055907,34.9210862773778],[-95.7445763904269,34.9206341227172],[-95.7446892978783,34.9204094126349]]}},{"type":"Feature","properties":{"name":"SOUTH UNITED STATES HIGHWAY 69","type":null,"alt":null},"geometry":{"type":"LineString","coordinates":[[-95.805908358902,34.8695114429444],[-95.8072443675285,34.8682088249241]]}},{"type":"Feature","properties":{"name":"SOUTH UNITED STATES HIGHWAY 69","type":null,"alt":null},"geometry":{"type":"LineString","coordinates":[[-95.8072443675285,34.8682088249241],[-95.8077997293933,34.8676673242517],[-95.8094671489861,34.8660516713491],[-95.8101043743227,34.8654456625901]]}},{"type":"Feature","properties":{"name":"SOUTH UNITED STATES HIGHWAY 69","type":null,"alt":null},"geometry":{"type":"LineString","coordinates":[[-95.7921538673113,34.8824488744366],[-95.7940733353081,34.8806206224067],[-95.7960284259975,34.8787659242223],[-95.7984940795685,34.8764163937659],[-95.7992498277255,34.8756962041425],[-95.8008341414763,34.8741863722922],[-95.8020147523385,34.8730577140161],[-95.8042644464236,34.8709068984819],[-95.804736848872,34.8704552406635],[-95.8056431852133,34.8695886834799]]}},{"type":"Feature","properties":{"name":"SOUTH UNITED STATES HIGHWAY 69","type":null,"alt":null},"geometry":{"type":"LineString","coordinates":[[-95.7541128390077,34.8999279915082],[-95.7544739159379,34.8997709585303],[-95.7550505903328,34.8995474092008],[-95.755608873519,34.899355829528],[-95.7583484979803,34.8984952663681]]}},{"type":"Feature","properties":{"name":"SOUTH UNITED STATES HIGHWAY 69","type":null,"alt":null},"geometry":{"type":"LineString","coordinates":[[-95.7496720766895,34.9024820278456],[-95.7497311256481,34.9024283457999],[-95.7503121433974,34.9019504418027],[-95.7507566163253,34.9016173053887],[-95.7514130790838,34.9011638131258],[-95.751744188216,34.9009493524084],[-95.752070666533,34.9007511430618],[-95.7525522722214,34.9004833626411],[-95.7530218135356,34.9002370009653],[-95.7534496433762,34.9000229467267],[-95.7541147479277,34.8997241221364]]}},{"type":"Feature","properties":{"name":"SOUTH UNITED STATES HIGHWAY 69","type":null,"alt":null},"geometry":{"type":"LineString","coordinates":[[-95.8146500481881,34.8608609246807],[-95.8165145536625,34.8590870314872],[-95.8166951572555,34.8589202899479],[-95.8170687019034,34.8585979423582],[-95.8172591986426,34.8584420768825],[-95.8176500295716,34.8581394758784],[-95.8178387278835,34.8579815190285],[-95.8181999126115,34.8576568494717],[-95.8183758943723,34.8574913964958],[-95.8211152071182,34.8548832748122]]}},{"type":"Feature","properties":{"name":"SOUTH UNITED STATES HIGHWAY 69","type":null,"alt":null},"geometry":{"type":"LineString","coordinates":[[-95.8359483220402,34.837098520157],[-95.8364855514111,34.8364137811608]]}},{"type":"Feature","properties":{"name":"SOUTH UNITED STATES HIGHWAY 69","type":null,"alt":null},"geometry":{"type":"LineString","coordinates":[[-95.8161397226271,34.8598534090133],[-95.8161101222402,34.8597091333842],[-95.8164693252846,34.859373879718],[-95.8179773460167,34.8579865477408],[-95.8184820905102,34.8575144718005],[-95.8194610017433,34.856583331972],[-95.8199748704252,34.8561045045448],[-95.8209765530524,34.8551509590888],[-95.8212505311292,34.8548865551717]]}},{"type":"Feature","properties":{"name":"SOUTH UNITED STATES HIGHWAY 69","type":null,"alt":null},"geometry":{"type":"LineString","coordinates":[[-95.7833632809276,34.8903829691428],[-95.7835580985633,34.8902133267496]]}},{"type":"Feature","properties":{"name":"SOUTH UNITED STATES HIGHWAY 69","type":null,"alt":null},"geometry":{"type":"LineString","coordinates":[[-95.7835580985633,34.8902133267496],[-95.7836245496398,34.8901554632052],[-95.7838866106661,34.8899168523782],[-95.7842819996468,34.8895390789763],[-95.785487908864,34.8883604794068],[-95.7867032917141,34.887197310671],[-95.7872756362294,34.8866776551864],[-95.7874981013146,34.8864987175577]]}},{"type":"Feature","properties":{"name":"SOUTH UNITED STATES HIGHWAY 69","type":null,"alt":null},"geometry":{"type":"LineString","coordinates":[[-95.7827215451499,34.8896336512538],[-95.7833522846502,34.8892049114748]]}},{"type":"Feature","properties":{"name":"SOUTH UNITED STATES HIGHWAY 69","type":null,"alt":null},"geometry":{"type":"LineString","coordinates":[[-95.7451683972671,34.9127859378339],[-95.7451718791371,34.9121983664206],[-95.7451853790192,34.9113765473008],[-95.7452074802701,34.9109358435214],[-95.7452365793971,34.910633173499],[-95.7452961233274,34.9101602816302],[-95.7453703610008,34.9096922858801],[-95.7453943882397,34.9095721300829]]}},{"type":"Feature","properties":{"name":"SOUTH UNITED STATES HIGHWAY 69","type":null,"alt":null},"geometry":{"type":"LineString","coordinates":[[-95.745381017715,34.9127814715839],[-95.7453955704227,34.9114488409111],[-95.7454101626561,34.9110733610342],[-95.745438688658,34.9106886785688],[-95.7455106392207,34.9101298544625],[-95.7456062190686,34.9096125569992]]}},{"type":"Feature","properties":{"name":"SOUTH UNITED STATES HIGHWAY 69","type":null,"alt":null},"geometry":{"type":"LineString","coordinates":[[-95.7717900803064,34.8940871323649],[-95.7720619680036,34.8940044366772],[-95.7755645001947,34.8929111209046]]}},{"type":"Feature","properties":{"name":"SOUTH UNITED STATES HIGHWAY 69","type":null,"alt":null},"geometry":{"type":"LineString","coordinates":[[-95.7717930986458,34.8943243142025],[-95.7757349420451,34.8933211815089]]}},{"type":"Feature","properties":{"name":"SOUTH UNITED STATES HIGHWAY 69","type":null,"alt":null},"geometry":{"type":"LineString","coordinates":[[-95.7833522846502,34.8892049114748],[-95.7843982991367,34.8884938751593],[-95.785680089046,34.8876129189203],[-95.7865694238722,34.8869723138036],[-95.7873150839485,34.8863950051347]]}},{"type":"Feature","properties":{"name":"SOUTH UNITED STATES HIGHWAY 69","type":null,"alt":null},"geometry":{"type":"LineString","coordinates":[[-95.8124604406156,34.8628683321466],[-95.8125652569413,34.862853378843],[-95.8130237355027,34.8624068187435],[-95.8131159781094,34.8623169730723],[-95.8131447394698,34.8622900323246],[-95.8132113693111,34.8622276211557]]}},{"type":"Feature","properties":{"name":"SOUTH UNITED STATES HIGHWAY 69","type":null,"alt":null},"geometry":{"type":"LineString","coordinates":[[-95.8023465675465,34.872886172727],[-95.8032144164678,34.8720562946691],[-95.8034122704091,34.871868836358],[-95.8053820611298,34.8700245730144],[-95.805908358902,34.8695114429444]]}},{"type":"Feature","properties":{"name":"SOUTH UNITED STATES HIGHWAY 69","type":null,"alt":null},"geometry":{"type":"LineString","coordinates":[[-95.7436995071488,34.9221430030599],[-95.7437727252343,34.9220027707268],[-95.7439094560071,34.9217759143746]]}},{"type":"Feature","properties":{"name":"SOUTH UNITED STATES HIGHWAY 69","type":null,"alt":null},"geometry":{"type":"LineString","coordinates":[[-95.7435710354867,34.9220966964901],[-95.7439493304259,34.9214707940043]]}},{"type":"Feature","properties":{"name":"SOUTH UNITED STATES HIGHWAY 69","type":null,"alt":null},"geometry":{"type":"LineString","coordinates":[[-95.7451454219554,34.9191307964608],[-95.7451738320745,34.9190234695727],[-95.7452488431974,34.918619503664],[-95.7453023998563,34.9182427240923],[-95.7453180080844,34.9180452562538]]}},{"type":"Feature","properties":{"name":"SOUTH UNITED STATES HIGHWAY 69","type":null,"alt":null},"geometry":{"type":"LineString","coordinates":[[-95.7453783065995,34.9130296283805],[-95.745381017715,34.9127814715839]]}},{"type":"Feature","properties":{"name":"SOUTH UNITED STATES HIGHWAY 69","type":null,"alt":null},"geometry":{"type":"LineString","coordinates":[[-95.7451669905054,34.9130232851898],[-95.7451683972671,34.9127859378339]]}},{"type":"Feature","properties":{"name":"SOUTH UNITED STATES HIGHWAY 69","type":null,"alt":null},"geometry":{"type":"LineString","coordinates":[[-95.7451618395655,34.9138924185465],[-95.7451669905054,34.9130232851898]]}},{"type":"Feature","properties":{"name":"SOUTH UNITED STATES HIGHWAY 69","type":null,"alt":null},"geometry":{"type":"LineString","coordinates":[[-95.7453943882397,34.9095721300829],[-95.745431038605,34.909388851029],[-95.7454977726508,34.909099858275],[-95.7456090541516,34.9086892200657],[-95.7457236531307,34.9082992046495],[-95.7457497599695,34.9082260161449]]}},{"type":"Feature","properties":{"name":"SOUTH UNITED STATES HIGHWAY 69","type":null,"alt":null},"geometry":{"type":"LineString","coordinates":[[-95.7456062190686,34.9096125569992],[-95.7456361158995,34.9094507416607],[-95.7457757383492,34.9088847096014],[-95.7458759166731,34.9085432820101],[-95.745963683873,34.9082846633117]]}},{"type":"Feature","properties":{"name":"SOUTH UNITED STATES HIGHWAY 69","type":null,"alt":null},"geometry":{"type":"LineString","coordinates":[[-95.7457497599695,34.9082260161449],[-95.7457522357264,34.9082190788181],[-95.745857302682,34.907924535454],[-95.7461176596042,34.9072765111389],[-95.7463681503296,34.906733212485],[-95.7465572717481,34.9063547951915],[-95.7466918303945,34.9061082175954],[-95.7469085633298,34.9057414999568],[-95.7469726221927,34.905640337249]]}},{"type":"Feature","properties":{"name":"SOUTH UNITED STATES HIGHWAY 69","type":null,"alt":null},"geometry":{"type":"LineString","coordinates":[[-95.7469726221927,34.905640337249],[-95.7472318957467,34.9052308840455],[-95.7474762716399,34.9048770637766],[-95.7477942285381,34.9044542368644],[-95.7480494372154,34.9041371798984],[-95.7483151732495,34.9038294824809],[-95.748577351955,34.9035399640312],[-95.7488330403327,34.9032731136106],[-95.7491952805811,34.9029154833857],[-95.7496720766895,34.9024820278456]]}},{"type":"Feature","properties":{"name":"SOUTH UNITED STATES HIGHWAY 69","type":null,"alt":null},"geometry":{"type":"LineString","coordinates":[[-95.7813620680366,34.8915826277914],[-95.7814257612852,34.8915582453309],[-95.7817487056298,34.8914148299551],[-95.7820600814702,34.8912570188164],[-95.782213018749,34.8911721643032],[-95.7826583289067,34.8908946927266],[-95.7830880218532,34.8905955593503],[-95.7833632809276,34.8903829691428]]}},{"type":"Feature","properties":{"name":"SOUTH UNITED STATES HIGHWAY 69","type":null,"alt":null},"geometry":{"type":"LineString","coordinates":[[-95.7808439413403,34.8908947921995],[-95.7813904188669,34.890538446915],[-95.7827215451499,34.8896336512538]]}},{"type":"Feature","properties":{"name":"SOUTH UNITED STATES HIGHWAY 69","type":null,"alt":null},"geometry":{"type":"LineString","coordinates":[[-95.8132113693111,34.8622276211557],[-95.8137958868968,34.8616801098634]]}},{"type":"Feature","properties":{"name":"SOUTH UNITED STATES HIGHWAY 69","type":null,"alt":null},"geometry":{"type":"LineString","coordinates":[[-95.8120735200531,34.8635729011305],[-95.8131454060198,34.8625534321151],[-95.8132670522823,34.8624377323776],[-95.8133144563798,34.8623926459367]]}},{"type":"Feature","properties":{"name":"SOUTH UNITED STATES HIGHWAY 69","type":null,"alt":null},"geometry":{"type":"LineString","coordinates":[[-95.7893060470622,34.8851261020084],[-95.789383098259,34.8850717336299]]}},{"type":"Feature","properties":{"name":"SOUTH UNITED STATES HIGHWAY 69","type":null,"alt":null},"geometry":{"type":"LineString","coordinates":[[-95.839545615714,34.8328709973756],[-95.8402012044118,34.8320604349334],[-95.840704153173,34.8314475947733]]}},{"type":"Feature","properties":{"name":"SOUTH UNITED STATES HIGHWAY 69","type":null,"alt":null},"geometry":{"type":"LineString","coordinates":[[-95.8407123628764,34.8312141786898],[-95.8415903376075,34.8301384587659]]}},{"type":"Feature","properties":{"name":"SOUTH UNITED STATES HIGHWAY 69","type":null,"alt":null},"geometry":{"type":"LineString","coordinates":[[-95.8415903376075,34.8301384587659],[-95.8422335663853,34.8293378920065]]}},{"type":"Feature","properties":{"name":"SOUTH UNITED STATES HIGHWAY 69","type":null,"alt":null},"geometry":{"type":"LineString","coordinates":[[-95.8419683630521,34.8298924651122],[-95.8423567164276,34.8294105586393]]}},{"type":"Feature","properties":{"name":"SOUTH UNITED STATES HIGHWAY 69","type":null,"alt":null},"geometry":{"type":"LineString","coordinates":[[-95.8996152535856,34.7361754358629],[-95.8996643716687,34.7358903024735],[-95.8997287503318,34.7353308824967],[-95.8997527901472,34.7347341609244],[-95.8997491744282,34.7341466438452],[-95.8997363815202,34.7335731750795],[-95.8997162260202,34.7332577571831]]}},{"type":"Feature","properties":{"name":"SOUTH UNITED STATES HIGHWAY 69","type":null,"alt":null},"geometry":{"type":"LineString","coordinates":[[-95.8371994802966,34.8355371244601],[-95.8385489304147,34.8338956785561],[-95.8392742454465,34.8329782045364]]}},{"type":"Feature","properties":{"name":"SOUTH UNITED STATES HIGHWAY 69","type":null,"alt":null},"geometry":{"type":"LineString","coordinates":[[-95.8891462863662,34.7635817121209],[-95.890194239417,34.7610208478247],[-95.8905049010968,34.7602353100412],[-95.8909079994193,34.7591781790434],[-95.8928213193463,34.754050488558]]}},{"type":"Feature","properties":{"name":"SOUTH UNITED STATES HIGHWAY 69","type":null,"alt":null},"geometry":{"type":"LineString","coordinates":[[-95.8470649350537,34.824676210405],[-95.8473702571474,34.82445873242]]}},{"type":"Feature","properties":{"name":"SOUTH UNITED STATES HIGHWAY 69","type":null,"alt":null},"geometry":{"type":"LineString","coordinates":[[-95.8428940544946,34.8285257669012],[-95.8438589430261,34.8273544890725]]}},{"type":"Feature","properties":{"name":"SOUTH UNITED STATES HIGHWAY 69","type":null,"alt":null},"geometry":{"type":"LineString","coordinates":[[-95.8438589430261,34.8273544890725],[-95.8440328981876,34.8271453700421],[-95.8443035650742,34.8268436221739],[-95.8445878944381,34.8265583307888],[-95.8447343566603,34.8264217728191],[-95.8449954771505,34.8261916844611],[-95.8453447017088,34.825912361699]]}},{"type":"Feature","properties":{"name":"SOUTH UNITED STATES HIGHWAY 69","type":null,"alt":null},"geometry":{"type":"LineString","coordinates":[[-95.8993997953597,34.7361142129142],[-95.8994364295553,34.735824068983],[-95.8994658862117,34.7355479658525],[-95.899489096882,34.7352668912995],[-95.8995214541986,34.7347012519046],[-95.8995293494916,34.7344181266016],[-95.8995297204958,34.7341362479537],[-95.8995211757208,34.7338559083178],[-95.8994841354867,34.7332992437344],[-95.8994561323044,34.7330100740066]]}},{"type":"Feature","properties":{"name":"SOUTH UNITED STATES HIGHWAY 69","type":null,"alt":null},"geometry":{"type":"LineString","coordinates":[[-95.8593068227077,34.8114516055158],[-95.8599453074824,34.8106811286139],[-95.860445917929,34.8100668983858],[-95.8609306281951,34.8094515469039],[-95.8614262179576,34.8088341219383],[-95.8624403934554,34.8076014339991]]}},{"type":"Feature","properties":{"name":"SOUTH UNITED STATES HIGHWAY 69","type":null,"alt":null},"geometry":{"type":"LineString","coordinates":[[-95.8392742454465,34.8329782045364],[-95.8399440239324,34.832154261486]]}},{"type":"Feature","properties":{"name":"SOUTH UNITED STATES HIGHWAY 69","type":null,"alt":null},"geometry":{"type":"LineString","coordinates":[[-95.9029359272373,34.7131993440736],[-95.902942348395,34.7131844020074],[-95.9029649679738,34.7131317632318],[-95.9033864116911,34.7121509811891],[-95.9036354318743,34.7115183613117],[-95.9038995949583,34.7108986675467],[-95.9041764853733,34.7102883799808],[-95.9044406484574,34.7096643651428],[-95.904552616271,34.7093728596968]]}},{"type":"Feature","properties":{"name":"SOUTH UNITED STATES HIGHWAY 69","type":null,"alt":null},"geometry":{"type":"LineString","coordinates":[[-95.8423567164276,34.8294105586393],[-95.8430210475296,34.8285941079547]]}},{"type":"Feature","properties":{"name":"SOUTH UNITED STATES HIGHWAY 69","type":null,"alt":null},"geometry":{"type":"LineString","coordinates":[[-95.8489553991449,34.8234758160292],[-95.8495777528721,34.8230133752157],[-95.84997046128,34.822696042476]]}},{"type":"Feature","properties":{"name":"SOUTH UNITED STATES HIGHWAY 69","type":null,"alt":null},"geometry":{"type":"LineString","coordinates":[[-95.912063654042,34.6920965911974],[-95.9124532461942,34.6916276490556],[-95.9129166583032,34.6911340874107],[-95.9134277754454,34.6906713686645],[-95.913962958454,34.6902433896162],[-95.9145461258718,34.6898638739058],[-95.9151547335785,34.6895090365768],[-95.9157879003267,34.6891471843267],[-95.9170509504808,34.6884101225428],[-95.9183235946421,34.6876548013012],[-95.9196156073793,34.6868967031874],[-95.9235374030764,34.6845710908426],[-95.9241913137212,34.6841823835157],[-95.9254988673128,34.6833897352369],[-95.9268281942702,34.6826003939159],[-95.9295953673664,34.6809889363339],[-95.9301975251693,34.6806318640198]]}},{"type":"Feature","properties":{"name":"SOUTH UNITED STATES HIGHWAY 69","type":null,"alt":null},"geometry":{"type":"LineString","coordinates":[[-95.8556918367144,34.8155365886654],[-95.8591572136871,34.8112912859389]]}},{"type":"Feature","properties":{"name":"SOUTH UNITED STATES HIGHWAY 69","type":null,"alt":null},"geometry":{"type":"LineString","coordinates":[[-95.8486015231101,34.8235717702904],[-95.8492698705798,34.8230803956561],[-95.8494663240476,34.8229329479604],[-95.8496584584155,34.8227803334474],[-95.8498446639025,34.8226210683421],[-95.8500220407469,34.8224530988079],[-95.8501912285493,34.8222782780071],[-95.8503038943539,34.8221419732617]]}},{"type":"Feature","properties":{"name":"SOUTH UNITED STATES HIGHWAY 69","type":null,"alt":null},"geometry":{"type":"LineString","coordinates":[[-95.8505826415865,34.8221182398179],[-95.8508209062409,34.8218645261256],[-95.8508442543535,34.8218396628202],[-95.8508531036573,34.8218288716344],[-95.8521286403939,34.8202732911596],[-95.8522241995805,34.82015674952]]}},{"type":"Feature","properties":{"name":"SOUTH UNITED STATES HIGHWAY 69","type":null,"alt":null},"geometry":{"type":"LineString","coordinates":[[-95.8969061583692,34.7437094610056],[-95.8974622424795,34.742230200002],[-95.8977636155793,34.7414568907044]]}},{"type":"Feature","properties":{"name":"SOUTH UNITED STATES HIGHWAY 69","type":null,"alt":null},"geometry":{"type":"LineString","coordinates":[[-95.8522241995805,34.82015674952],[-95.8522990786511,34.8200654270252],[-95.8524931578715,34.8198287286357],[-95.8525724323987,34.8197310870978],[-95.8531547131794,34.819013871056],[-95.8535318349188,34.8185490253289]]}},{"type":"Feature","properties":{"name":"SOUTH UNITED STATES HIGHWAY 69","type":null,"alt":null},"geometry":{"type":"LineString","coordinates":[[-95.8383541873392,34.8343037831414],[-95.839545615714,34.8328709973756]]}},{"type":"Feature","properties":{"name":"SOUTH UNITED STATES HIGHWAY 69","type":null,"alt":null},"geometry":{"type":"LineString","coordinates":[[-95.8893572161848,34.7636407133295],[-95.8904911802291,34.7608560457301],[-95.8907825631646,34.7601220267006],[-95.8916239513109,34.7578978132538],[-95.8921719604651,34.7564047105134],[-95.8924523192754,34.755660073477],[-95.8930003940066,34.7541728657567],[-95.893047025553,34.7540510413663]]}},{"type":"Feature","properties":{"name":"SOUTH UNITED STATES HIGHWAY 69","type":null,"alt":null},"geometry":{"type":"LineString","coordinates":[[-95.8847980945396,34.7748095539698],[-95.8853908829142,34.7733508763803],[-95.8856967206408,34.7726143356457],[-95.8871979554993,34.768907824447],[-95.8875012581802,34.7681722860229],[-95.8877280091276,34.7676079434429]]}},{"type":"Feature","properties":{"name":"SOUTH UNITED STATES HIGHWAY 69","type":null,"alt":null},"geometry":{"type":"LineString","coordinates":[[-95.9118691822577,34.6919529858334],[-95.9120302034758,34.6917468251902],[-95.9122278615844,34.691493557049],[-95.9124414306533,34.6912454304241],[-95.9126688167096,34.6910016395221],[-95.912908922012,34.690763913507],[-95.9131584075226,34.6905342880929],[-95.9134174798539,34.6903136076022],[-95.9136860743272,34.6901023721612],[-95.9139641361453,34.6899007797962],[-95.9142519365994,34.6897089635322],[-95.9145480320968,34.6895251122966],[-95.9151491954647,34.6891646856945],[-95.9189599773591,34.6869133902875],[-95.9208677870201,34.6857797567471],[-95.9267463730192,34.6823006068238],[-95.9276305101932,34.6817724040434],[-95.9288247305319,34.6810681656101],[-95.929578182595,34.6806195562485],[-95.9295782212225,34.6806195318708]]}},{"type":"Feature","properties":{"name":"SOUTH UNITED STATES HIGHWAY 69","type":null,"alt":null},"geometry":{"type":"LineString","coordinates":[[-95.8264776472061,34.8488778930519],[-95.8271519280483,34.8480429771075],[-95.8279888866019,34.8470276033546],[-95.8283949619412,34.8465189611163],[-95.8293567270305,34.8453321703286]]}},{"type":"Feature","properties":{"name":"SOUTH UNITED STATES HIGHWAY 69","type":null,"alt":null},"geometry":{"type":"LineString","coordinates":[[-95.8399440239324,34.832154261486],[-95.8407123628764,34.8312141786898]]}},{"type":"Feature","properties":{"name":"SOUTH UNITED STATES HIGHWAY 69","type":null,"alt":null},"geometry":{"type":"LineString","coordinates":[[-95.8667490513246,34.8022946731091],[-95.867073088919,34.8018942310592],[-95.8681070300481,34.8006269101566],[-95.8686332954808,34.7999756457338]]}},{"type":"Feature","properties":{"name":"SOUTH UNITED STATES HIGHWAY 69","type":null,"alt":null},"geometry":{"type":"LineString","coordinates":[[-95.8410359432283,34.8310423952909],[-95.8413606509658,34.8306435920314]]}},{"type":"Feature","properties":{"name":"SOUTH UNITED STATES HIGHWAY 69","type":null,"alt":null},"geometry":{"type":"LineString","coordinates":[[-95.852024014511,34.8200592625024],[-95.8520586050394,34.8200167140818],[-95.8521158807236,34.8199462648522],[-95.8522072735239,34.8198325325235],[-95.8527341686758,34.8191768342195],[-95.8531646422582,34.818644376905],[-95.8533250175876,34.8184460060029]]}},{"type":"Feature","properties":{"name":"SOUTH UNITED STATES HIGHWAY 69","type":null,"alt":null},"geometry":{"type":"LineString","coordinates":[[-95.8985891754102,34.7385940002233],[-95.8991097473207,34.7371828954042],[-95.8991994521867,34.7369098212807],[-95.8992788641561,34.7366379340466],[-95.8993455074721,34.7363667959492],[-95.8993997953597,34.7361142129142]]}},{"type":"Feature","properties":{"name":"SOUTH UNITED STATES HIGHWAY 69","type":null,"alt":null},"geometry":{"type":"LineString","coordinates":[[-95.8535318349188,34.8185490253289],[-95.8536854692903,34.8183596507963],[-95.8542815733465,34.817624865317],[-95.8546875543628,34.8171234127028],[-95.8555320012726,34.8160803587735],[-95.8559693873911,34.8155407474945]]}},{"type":"Feature","properties":{"name":"SOUTH UNITED STATES HIGHWAY 69","type":null,"alt":null},"geometry":{"type":"LineString","coordinates":[[-95.8770398978946,34.7895876334155],[-95.87737665743,34.789150998448],[-95.877787908862,34.7885520828981],[-95.8781830463145,34.7879464036538],[-95.8785648635479,34.7873328140804],[-95.8793270166928,34.7860941820341],[-95.8800723605621,34.7848468520673],[-95.8812327189062,34.7829692564083],[-95.8816109132341,34.7823478887194],[-95.8817609750057,34.7820732249177]]}},{"type":"Feature","properties":{"name":"SOUTH UNITED STATES HIGHWAY 69","type":null,"alt":null},"geometry":{"type":"LineString","coordinates":[[-95.8453447017088,34.825912361699],[-95.845668795897,34.8256702976747],[-95.846176767139,34.8253010863185]]}},{"type":"Feature","properties":{"name":"SOUTH UNITED STATES HIGHWAY 69","type":null,"alt":null},"geometry":{"type":"LineString","coordinates":[[-95.8455327577253,34.8259498092994],[-95.8463940893692,34.825321385398],[-95.8471752679335,34.8247616187677]]}},{"type":"Feature","properties":{"name":"SOUTH UNITED STATES HIGHWAY 69","type":null,"alt":null},"geometry":{"type":"LineString","coordinates":[[-95.8471752679335,34.8247616187677],[-95.8474751920507,34.8245486503997],[-95.8477765256245,34.824337985222],[-95.8489553991449,34.8234758160292]]}},{"type":"Feature","properties":{"name":"SOUTH UNITED STATES HIGHWAY 69","type":null,"alt":null},"geometry":{"type":"LineString","coordinates":[[-95.8559693873911,34.8155407474945],[-95.8573937516141,34.8138111033912],[-95.8579013725131,34.8131862937221],[-95.8584072075614,34.8125504656524],[-95.8593068227077,34.8114516055158]]}},{"type":"Feature","properties":{"name":"SOUTH UNITED STATES HIGHWAY 69","type":null,"alt":null},"geometry":{"type":"LineString","coordinates":[[-95.8947281696067,34.7496290515659],[-95.8949675948844,34.7489980374818],[-95.8952301904082,34.7482389123935],[-95.8958068683964,34.746710017419],[-95.8960866720479,34.7459407396718],[-95.8963594859081,34.7451636326784],[-95.8969061583692,34.7437094610056]]}},{"type":"Feature","properties":{"name":"SOUTH UNITED STATES HIGHWAY 69","type":null,"alt":null},"geometry":{"type":"LineString","coordinates":[[-95.8933970630866,34.7531365541176],[-95.8935600435303,34.7527030010837],[-95.8938521271517,34.751980454627],[-95.8947281696067,34.7496290515659]]}},{"type":"Feature","properties":{"name":"SOUTH UNITED STATES HIGHWAY 69","type":null,"alt":null},"geometry":{"type":"LineString","coordinates":[[-95.8977636155793,34.7414568907044],[-95.8983241589266,34.7401042238696],[-95.8985969530239,34.7394188570058],[-95.8988874529155,34.7385940459917]]}},{"type":"Feature","properties":{"name":"SOUTH UNITED STATES HIGHWAY 69","type":null,"alt":null},"geometry":{"type":"LineString","coordinates":[[-95.840704153173,34.8314475947733],[-95.8408725854922,34.8312420800842],[-95.8410359432283,34.8310423952909]]}},{"type":"Feature","properties":{"name":"SOUTH UNITED STATES HIGHWAY 69","type":null,"alt":null},"geometry":{"type":"LineString","coordinates":[[-95.8413606509658,34.8306435920314],[-95.8417226145331,34.8301972892215],[-95.8419683630521,34.8298924651122]]}},{"type":"Feature","properties":{"name":"SOUTH UNITED STATES HIGHWAY 69","type":null,"alt":null},"geometry":{"type":"LineString","coordinates":[[-95.850411207996,34.822019561184],[-95.8505323143711,34.8218866910758],[-95.8506949121324,34.821690704067],[-95.851001020252,34.8213175397846],[-95.852024014511,34.8200592625024]]}},{"type":"Feature","properties":{"name":"SOUTH UNITED STATES HIGHWAY 69","type":null,"alt":null},"geometry":{"type":"LineString","coordinates":[[-95.8293698729763,34.8451524283211],[-95.8305899423374,34.8436716359675],[-95.8310560080697,34.8431059558839],[-95.8310560296293,34.8431059300796],[-95.8310707530168,34.8430877402764],[-95.8310898152671,34.843064189813],[-95.8321489505467,34.8417556307517],[-95.832278417542,34.8415969693125],[-95.8333997934944,34.8402227326809]]}},{"type":"Feature","properties":{"name":"SOUTH UNITED STATES HIGHWAY 69","type":null,"alt":null},"geometry":{"type":"LineString","coordinates":[[-95.8624403934554,34.8076014339991],[-95.8655209420418,34.8038031679601],[-95.8660413172213,34.8031692605497],[-95.8667490513246,34.8022946731091]]}},{"type":"Feature","properties":{"name":"SOUTH UNITED STATES HIGHWAY 69","type":null,"alt":null},"geometry":{"type":"LineString","coordinates":[[-95.8591572136871,34.8112912859389],[-95.8598707724667,34.8104178460288],[-95.8603749519199,34.8097884576516],[-95.8622163069112,34.8075249628477]]}},{"type":"Feature","properties":{"name":"SOUTH UNITED STATES HIGHWAY 69","type":null,"alt":null},"geometry":{"type":"LineString","coordinates":[[-95.8364855514111,34.8364137811608],[-95.8368432443875,34.8359745607034],[-95.8371994802966,34.8355371244601]]}},{"type":"Feature","properties":{"name":"SOUTH UNITED STATES HIGHWAY 69","type":null,"alt":null},"geometry":{"type":"LineString","coordinates":[[-95.8333747691255,34.8404091689804],[-95.8335275474025,34.8402233195644]]}},{"type":"Feature","properties":{"name":"SOUTH UNITED STATES HIGHWAY 69","type":null,"alt":null},"geometry":{"type":"LineString","coordinates":[[-95.8817609750057,34.7820732249177],[-95.8819576261028,34.7817132821728],[-95.8822688204835,34.7810645481276],[-95.8825533995791,34.7803895858999],[-95.8827932901841,34.7796654202119],[-95.8834027710532,34.7783635275895],[-95.8836681747106,34.7776551289604],[-95.8842288977211,34.7762442421879],[-95.8845055060651,34.7755295055084],[-95.8847980945396,34.7748095539698]]}},{"type":"Feature","properties":{"name":"SOUTH UNITED STATES HIGHWAY 69","type":null,"alt":null},"geometry":{"type":"LineString","coordinates":[[-95.8533250175876,34.8184460060029],[-95.8534974725626,34.8182326916486],[-95.8536546957036,34.818038215912],[-95.8541885986129,34.8173799869921],[-95.8545099655159,34.816989089937],[-95.8547639596709,34.8166801392958],[-95.8549289388661,34.8164794619159],[-95.8556918367144,34.8155365886654]]}},{"type":"Feature","properties":{"name":"SOUTH UNITED STATES HIGHWAY 69","type":null,"alt":null},"geometry":{"type":"LineString","coordinates":[[-95.8665609593755,34.8021782572542],[-95.8684463973927,34.7998484251628]]}},{"type":"Feature","properties":{"name":"SOUTH UNITED STATES HIGHWAY 69","type":null,"alt":null},"geometry":{"type":"LineString","coordinates":[[-95.8768577977084,34.7894875273901],[-95.8770688470029,34.7892169582525],[-95.877385783415,34.7887719057935],[-95.8775364254982,34.7885469658411],[-95.8776801433673,34.7883197596284],[-95.8810040743102,34.7828966218604],[-95.8812799092047,34.7824395090275],[-95.8814806970438,34.7820906689874]]}},{"type":"Feature","properties":{"name":"SOUTH UNITED STATES HIGHWAY 69","type":null,"alt":null},"geometry":{"type":"LineString","coordinates":[[-95.8944934452128,34.7495505825013],[-95.8967096761553,34.7436578064338]]}},{"type":"Feature","properties":{"name":"SOUTH UNITED STATES HIGHWAY 69","type":null,"alt":null},"geometry":{"type":"LineString","coordinates":[[-95.8473702571474,34.82445873242],[-95.8486015231101,34.8235717702904]]}},{"type":"Feature","properties":{"name":"SOUTH UNITED STATES HIGHWAY 69","type":null,"alt":null},"geometry":{"type":"LineString","coordinates":[[-95.8422335663853,34.8293378920065],[-95.8428940544946,34.8285257669012]]}},{"type":"Feature","properties":{"name":"SOUTH UNITED STATES HIGHWAY 69","type":null,"alt":null},"geometry":{"type":"LineString","coordinates":[[-95.8931600821248,34.7531425376507],[-95.8935987375629,34.751957624324],[-95.8941096462959,34.7506017009928],[-95.8944934452128,34.7495505825013]]}},{"type":"Feature","properties":{"name":"SOUTH UNITED STATES HIGHWAY 69","type":null,"alt":null},"geometry":{"type":"LineString","coordinates":[[-95.8877280091276,34.7676079434429],[-95.8880860129211,34.766716921099],[-95.8889967896349,34.7645186013142],[-95.8893572161848,34.7636407133295]]}},{"type":"Feature","properties":{"name":"SOUTH UNITED STATES HIGHWAY 69","type":null,"alt":null},"geometry":{"type":"LineString","coordinates":[[-95.8845686423582,34.7747490776129],[-95.8848489185234,34.7740521264597],[-95.8868150144734,34.769294904928],[-95.8875163085545,34.7676095492017]]}},{"type":"Feature","properties":{"name":"SOUTH UNITED STATES HIGHWAY 69","type":null,"alt":null},"geometry":{"type":"LineString","coordinates":[[-95.8875163085545,34.7676095492017],[-95.8891462863662,34.7635817121209]]}},{"type":"Feature","properties":{"name":"SOUTH UNITED STATES HIGHWAY 69","type":null,"alt":null},"geometry":{"type":"LineString","coordinates":[[-95.8293567270305,34.8453321703286],[-95.8299019954248,34.84466821068],[-95.8299693340368,34.8445862150607],[-95.8303422139315,34.8441321589138],[-95.8304797693577,34.8439646564435],[-95.8307346681162,34.8436542631733],[-95.8307549026679,34.8436296224641],[-95.8308234917348,34.8435461018915],[-95.8313460632952,34.8429097458502],[-95.8315376290295,34.8426712824812],[-95.8318086076316,34.8423339621178],[-95.8322921150535,34.8417320695853],[-95.8324999160399,34.8414733858632],[-95.8325638715966,34.8413955880842],[-95.8327211360601,34.8412042835342],[-95.832917717987,34.8409651516684],[-95.8333322033541,34.8404609495164],[-95.8333747691255,34.8404091689804]]}},{"type":"Feature","properties":{"name":"SOUTH UNITED STATES HIGHWAY 69","type":null,"alt":null},"geometry":{"type":"LineString","coordinates":[[-95.8975430333629,34.7413887047742],[-95.8982951289699,34.7393703082821],[-95.8985891754102,34.7385940002233]]}},{"type":"Feature","properties":{"name":"SOUTH UNITED STATES HIGHWAY 69","type":null,"alt":null},"geometry":{"type":"LineString","coordinates":[[-95.8814806970438,34.7820906689874],[-95.8816716878563,34.781736525539],[-95.8817900058607,34.7814979167973],[-95.8820092181462,34.7810172936765],[-95.8822158980352,34.7805324193592],[-95.8835902117238,34.7771888111208],[-95.8839798981991,34.7762130497451],[-95.8845686423582,34.7747490776129]]}},{"type":"Feature","properties":{"name":"SOUTH UNITED STATES HIGHWAY 69","type":null,"alt":null},"geometry":{"type":"LineString","coordinates":[[-95.8211152071182,34.8548832748122],[-95.8212346129824,34.8547695826311],[-95.8221274224921,34.8539015900258],[-95.8224805502303,34.8535409797971],[-95.8228221247356,34.8531692646615],[-95.8229873563574,34.8529796859342],[-95.8233133181431,34.8525973565582],[-95.8236340652086,34.8522093314011],[-95.8248816885943,34.8506707584729],[-95.8262359905133,34.8490146821213],[-95.8281487606713,34.8466603691863],[-95.8293698729763,34.8451524283211]]}},{"type":"Feature","properties":{"name":"SOUTH UNITED STATES HIGHWAY 69","type":null,"alt":null},"geometry":{"type":"LineString","coordinates":[[-95.8967096761553,34.7436578064338],[-95.8970806543165,34.7426124554316],[-95.8972877555154,34.7420737703643],[-95.8975430333629,34.7413887047742]]}},{"type":"Feature","properties":{"name":"SOUTH UNITED STATES HIGHWAY 69","type":null,"alt":null},"geometry":{"type":"LineString","coordinates":[[-95.8333997934944,34.8402227326809],[-95.8335300725668,34.840063031654]]}},{"type":"Feature","properties":{"name":"SOUTH UNITED STATES HIGHWAY 69","type":null,"alt":null},"geometry":{"type":"LineString","coordinates":[[-95.8212505311292,34.8548865551717],[-95.8219589766983,34.8542028568686],[-95.8224538648765,34.8537074248401],[-95.8229263724277,34.8532037718071],[-95.8229890326137,34.8531314114634],[-95.8233754474248,34.8526851708595],[-95.8242556643509,34.8516187237334],[-95.825839782269,34.8496654143986],[-95.8264776472061,34.8488778930519]]}},{"type":"Feature","properties":{"name":"SOUTH UNITED STATES HIGHWAY 69","type":null,"alt":null},"geometry":{"type":"LineString","coordinates":[[-95.8335300725668,34.840063031654],[-95.8359483220402,34.837098520157]]}},{"type":"Feature","properties":{"name":"SOUTH UNITED STATES HIGHWAY 69","type":null,"alt":null},"geometry":{"type":"LineString","coordinates":[[-95.8430210475296,34.8285941079547],[-95.8433179380361,34.8282201874078],[-95.8439511712596,34.827449143194],[-95.8442586367336,34.8270957070794],[-95.8445735788857,34.8267630954213],[-95.8446965429768,34.8266466440793]]}},{"type":"Feature","properties":{"name":"SOUTH UNITED STATES HIGHWAY 69","type":null,"alt":null},"geometry":{"type":"LineString","coordinates":[[-95.8686332954808,34.7999756457338],[-95.8701286050517,34.7981251002962],[-95.8713334569517,34.7966414226181]]}},{"type":"Feature","properties":{"name":"SOUTH UNITED STATES HIGHWAY 69","type":null,"alt":null},"geometry":{"type":"LineString","coordinates":[[-95.8713334569517,34.7966414226181],[-95.8737169092844,34.7937062072692],[-95.8747800438636,34.7924066638335],[-95.8763603520266,34.7904338598532],[-95.8768935012494,34.7897774480994],[-95.8770398978946,34.7895876334155]]}},{"type":"Feature","properties":{"name":"SOUTH UNITED STATES HIGHWAY 69","type":null,"alt":null},"geometry":{"type":"LineString","coordinates":[[-95.8684463973927,34.7998484251628],[-95.8696174690449,34.7984143909153],[-95.871052823257,34.796640333801]]}},{"type":"Feature","properties":{"name":"SOUTH UNITED STATES HIGHWAY 69","type":null,"alt":null},"geometry":{"type":"LineString","coordinates":[[-95.8446965429768,34.8266466440793],[-95.844909346681,34.8264451119811],[-95.845283506675,34.8261334307535],[-95.8455327577253,34.8259498092994]]}},{"type":"Feature","properties":{"name":"SOUTH UNITED STATES HIGHWAY 69","type":null,"alt":null},"geometry":{"type":"LineString","coordinates":[[-95.8988874529155,34.7385940459917],[-95.8990350604897,34.7381571921501],[-95.8992272523498,34.7375816687288],[-95.8994106002959,34.73700554556],[-95.8995675611289,34.7364480975342],[-95.8996152535856,34.7361754358629]]}},{"type":"Feature","properties":{"name":"SOUTH UNITED STATES HIGHWAY 69","type":null,"alt":null},"geometry":{"type":"LineString","coordinates":[[-95.8344359265127,34.8391033097315],[-95.8360444705217,34.8371400149724],[-95.8369446794545,34.8360305018235],[-95.8378965558891,34.834857269882],[-95.8383541873392,34.8343037831414]]}},{"type":"Feature","properties":{"name":"SOUTH UNITED STATES HIGHWAY 69","type":null,"alt":null},"geometry":{"type":"LineString","coordinates":[[-95.8335275474025,34.8402233195644],[-95.8336571293822,34.8400635492332]]}},{"type":"Feature","properties":{"name":"SOUTH UNITED STATES HIGHWAY 69","type":null,"alt":null},"geometry":{"type":"LineString","coordinates":[[-95.8336571293822,34.8400635492332],[-95.8344359265127,34.8391033097315]]}},{"type":"Feature","properties":{"name":"SOUTH UNITED STATES HIGHWAY 69","type":null,"alt":null},"geometry":{"type":"LineString","coordinates":[[-95.871052823257,34.796640333801],[-95.871287838705,34.7963498537125],[-95.8721261941388,34.7953242894249],[-95.873794418622,34.7932514051016],[-95.8750155929109,34.7917605044501],[-95.8767294976246,34.7896520089354],[-95.8768577977084,34.7894875273901]]}},{"type":"Feature","properties":{"name":"SOUTH UNITED STATES HIGHWAY 69","type":null,"alt":null},"geometry":{"type":"LineString","coordinates":[[-95.8622163069112,34.8075249628477],[-95.8657006311498,34.8032284208055],[-95.8665609593755,34.8021782572542]]}},{"type":"Feature","properties":{"name":"SOUTH UNITED STATES HIGHWAY 69","type":null,"alt":null},"geometry":{"type":"LineString","coordinates":[[-95.9026954778802,34.7132011857098],[-95.9026984108796,34.7131942393295],[-95.902724716246,34.7131319574383],[-95.9036038264477,34.7110503969063],[-95.9043308662448,34.7093408215649]]}},{"type":"Feature","properties":{"name":"SOUTH UNITED STATES HIGHWAY 69","type":null,"alt":null},"geometry":{"type":"LineString","coordinates":[[-95.9043308662448,34.7093408215649],[-95.9045427833119,34.7088528774725],[-95.9051483115938,34.7074196400731],[-95.9064115054783,34.7044319420753],[-95.9071090535846,34.7027756345488],[-95.9086859768956,34.699071013789],[-95.9111023192458,34.6933485276634],[-95.9112281489626,34.6930684301177],[-95.9113658499159,34.6927937965913],[-95.9115147286062,34.6925250186027],[-95.9116749476287,34.6922609905042],[-95.9118691822577,34.6919529858334]]}},{"type":"Feature","properties":{"name":"SOUTH UNITED STATES HIGHWAY 69","type":null,"alt":null},"geometry":{"type":"LineString","coordinates":[[-95.846176767139,34.8253010863185],[-95.8470649350537,34.824676210405]]}},{"type":"Feature","properties":{"name":"SOUTH UNITED STATES HIGHWAY 69","type":null,"alt":null},"geometry":{"type":"LineString","coordinates":[[-95.904552616271,34.7093728596968],[-95.9046667517194,34.7090757150545],[-95.9054719790822,34.7072244932524],[-95.9060112179844,34.7059271434472],[-95.9065711594605,34.7046333838384],[-95.9070866433132,34.7034108049123],[-95.907669833189,34.702027599988],[-95.9082157941844,34.7007578247159],[-95.9087349422651,34.6994962278525],[-95.9095367290804,34.6976023714287],[-95.9100876936919,34.6962865983302],[-95.9109095830066,34.694365035407],[-95.9111472934005,34.6937858295155],[-95.9113946346325,34.6932366121059],[-95.9116897060505,34.6926883032349],[-95.912063654042,34.6920965911974]]}},{"type":"Feature","properties":{"name":"SOUTH UNITED STATES HIGHWAY 69","type":null,"alt":null},"geometry":{"type":"LineString","coordinates":[[-95.84997046128,34.822696042476],[-95.8505826415865,34.8221182398179]]}},{"type":"Feature","properties":{"name":"SOUTH UNITED STATES HIGHWAY 69","type":null,"alt":null},"geometry":{"type":"LineString","coordinates":[[-95.8503038943539,34.8221419732617],[-95.850411207996,34.822019561184]]}},{"type":"Feature","properties":{"name":"SOUTH UNITED STATES HIGHWAY 69","type":null,"alt":null},"geometry":{"type":"LineString","coordinates":[[-95.8928213193463,34.754050488558],[-95.8931600821248,34.7531425376507]]}},{"type":"Feature","properties":{"name":"SOUTH UNITED STATES HIGHWAY 69","type":null,"alt":null},"geometry":{"type":"LineString","coordinates":[[-95.893047025553,34.7540510413663],[-95.8933970630866,34.7531365541176]]}},{"type":"Feature","properties":{"name":"NORTH UNITED STATES HIGHWAY 69","type":null,"alt":null},"geometry":{"type":"LineString","coordinates":[[-95.6585287833839,35.1558320916096],[-95.6581556106385,35.1564901159752],[-95.6578266359033,35.1571203173329],[-95.657609407098,35.157513123381],[-95.6564160680065,35.1595761807157]]}},{"type":"Feature","properties":{"name":"NORTH UNITED STATES HIGHWAY 69","type":null,"alt":null},"geometry":{"type":"LineString","coordinates":[[-95.6583903449138,35.1558347811753],[-95.6567169748806,35.1587229672823],[-95.6562354302776,35.159564878008]]}},{"type":"Feature","properties":{"name":"NORTH GEORGE NIGH EXPRESSWAY","type":"EXPRESSWAY","alt":null},"geometry":{"type":"LineString","coordinates":[[-95.7390364234758,34.9309391046285],[-95.7388695524286,34.9312121759715]]}},{"type":"Feature","properties":{"name":"WEST UNITED STATES HIGHWAY 270","type":null,"alt":null},"geometry":{"type":"LineString","coordinates":[[-95.827373551412,34.9458759010658],[-95.829837498184,34.9458767434424],[-95.8309726542928,34.9458899932008],[-95.8318652985125,34.9459424443741],[-95.8324709750164,34.9460088550868],[-95.833465757684,34.94617373736]]}},{"type":"Feature","properties":{"name":"NORTH UNITED STATES HIGHWAY 69","type":null,"alt":null},"geometry":{"type":"LineString","coordinates":[[-95.7235508891124,34.9712553063155],[-95.7233249053262,34.9734833804335],[-95.7222984282989,34.9836038518537],[-95.7221128255814,34.9854337756227],[-95.7221128228864,34.9854338102141]]}},{"type":"Feature","properties":{"name":"NORTH 389 ROAD","type":"ROAD","alt":"STATE HIGHWAY 31A"},"geometry":{"type":"LineString","coordinates":[[-96.0919394804342,34.840137152345],[-96.0919395262483,34.840119076166],[-96.0919429479312,34.8387863611948],[-96.0919468169752,34.8372797330046],[-96.0919562214379,34.8336174532947],[-96.0919581114932,34.8328816912582],[-96.0919594832207,34.8294568791046],[-96.0919681384884,34.8258423747119],[-96.0919685355438,34.8256766439205],[-96.0919687089186,34.8256037387554]]}},{"type":"Feature","properties":{"name":"NORTH 389 ROAD","type":"ROAD","alt":"STATE HIGHWAY 31A"},"geometry":{"type":"LineString","coordinates":[[-96.0890200734401,34.8838696830025],[-96.089019697046,34.8807870185425],[-96.0890196700966,34.8805649474197],[-96.0890196072145,34.8800517320658],[-96.0890194239582,34.8785530491633],[-96.0890192613631,34.8772179204735],[-96.0890190834967,34.875747640414],[-96.089018870596,34.8740113311912],[-96.0890187744762,34.8732240915599],[-96.0890187088992,34.8726919020079],[-96.0890186990178,34.8726071565628],[-96.0890185040834,34.8710075379343],[-96.089018503185,34.8710074325411],[-96.0890182938776,34.8692848123087]]}},{"type":"Feature","properties":{"name":"NORTH 389 ROAD","type":"ROAD","alt":"STATE HIGHWAY 31A"},"geometry":{"type":"LineString","coordinates":[[-96.0890182938776,34.8692848123087],[-96.0890179516195,34.8675110447908],[-96.0890177683631,34.8665608038496],[-96.0890170829486,34.8630273609179],[-96.0890169913204,34.8625495048956],[-96.0890168035725,34.8615797420415],[-96.0890167254191,34.8611753152201],[-96.08901651162,34.8600673430716],[-96.0890163391435,34.8591813896556],[-96.0890160876152,34.8578797011765],[-96.0890160004787,34.8574281428242],[-96.0890155360497,34.8547421550969],[-96.0890155351513,34.8547359865358]]}},{"type":"Feature","properties":{"name":"NORTH 389 ROAD","type":"ROAD","alt":"STATE HIGHWAY 31A"},"geometry":{"type":"LineString","coordinates":[[-96.0890936993608,34.8982233880404],[-96.0890831791905,34.8982096398943],[-96.0890735519456,34.8981952522285],[-96.089064857152,34.8981802825108],[-96.0890571289456,34.8981647896826],[-96.0890504005641,34.8981488400532],[-96.0890446971604,34.8981324940375],[-96.0890400420906,34.8981158201551],[-96.0890364551177,34.8980988847152],[-96.0890339497163,34.898081754764],[-96.0890325348698,34.8980645010315],[-96.0890322195611,34.8980471920373],[-96.0890350995599,34.8972621247875],[-96.0890351363908,34.8972520839555],[-96.0890377406069,34.8965422924587],[-96.0890377406069,34.8965422511987],[-96.0890432221267,34.8950482669932],[-96.0890428466309,34.8940470986292],[-96.0890427055954,34.893672900072],[-96.0890424873048,34.8930922992286],[-96.0890422223018,34.8923853638196],[-96.0890431790076,34.8914162395147],[-96.0890434952146,34.891097399182],[-96.0890437009288,34.8908875874106],[-96.0890250429203,34.8900329378685],[-96.0890204920551,34.8898244850707],[-96.089000703966,34.8889180169931],[-96.0890207570581,34.8872908061308],[-96.0890217290352,34.8872119029022],[-96.0890207974823,34.8862114518197],[-96.0890207983806,34.8862113980276],[-96.0890195066032,34.8848234186596],[-96.0890193134654,34.8846154419425],[-96.0890200734401,34.8838696830025]]}},{"type":"Feature","properties":{"name":"NORTH 389 ROAD","type":"ROAD","alt":"STATE HIGHWAY 31A"},"geometry":{"type":"LineString","coordinates":[[-96.0919687089186,34.8256037387554],[-96.0919692991118,34.8253896369326],[-96.0919702216816,34.8250550081594],[-96.0919795381094,34.8216718067358],[-96.091999914595,34.8186203636845],[-96.0920278944211,34.8151719494685],[-96.0920115172352,34.8138357862131],[-96.0920582242401,34.8124290409011],[-96.0920557996871,34.8124096030412],[-96.092053266438,34.8123901784525],[-96.0920506253911,34.81237076861],[-96.0920478774446,34.8123513749888],[-96.0920450217003,34.8123319946388],[-96.0920420581582,34.8123126319852],[-96.0920389886149,34.8122932862905],[-96.0920379106365,34.8122866742364],[-96.0920368191835,34.8122800643943],[-96.0920357160523,34.8122734560268],[-96.092034601243,34.8122668513465],[-96.0920334738574,34.8122602474032],[-96.0920323338953,34.8122536449344],[-96.0920311822551,34.8122470454153],[-96.0920167804644,34.8121699000361],[-96.0920007042141,34.8120930850039],[-96.0919829615889,34.8120166379342],[-96.0919635606737,34.8119405949676],[-96.0919425104517,34.8118649915076],[-96.0919198217026,34.8117898636949],[-96.0918955043078,34.8117152469331],[-96.0918918445714,34.8117044728599],[-96.0918881506989,34.8116937113234],[-96.0918844226905,34.8116829608488],[-96.0918806614444,34.8116722229111],[-96.091876865164,34.8116614960352],[-96.0918730365442,34.8116507809586],[-96.0918691728902,34.8116400784189],[-96.0918684766959,34.811638146784]]}},{"type":"Feature","properties":{"name":"NORTH 389 ROAD","type":"ROAD","alt":"STATE HIGHWAY 31A"},"geometry":{"type":"LineString","coordinates":[[-96.091608801595,34.85049810892],[-96.0916724822672,34.8503761348743],[-96.0917282972907,34.8502503662746],[-96.0917760211885,34.8501213102984],[-96.0918154617211,34.8499894859215],[-96.0918464598866,34.8498554261293],[-96.0918688917175,34.8497196705457],[-96.0918826655858,34.849582763958],[-96.0918877275924,34.8494452585295],[-96.0918840552795,34.8493077108503],[-96.0918852033265,34.8491177081757],[-96.0918858096893,34.8490174650966],[-96.0919311126274,34.8415217676102],[-96.0919391390744,34.8401935344858],[-96.0919394804342,34.840137152345]]}}],"source":{"service":"https://services7.arcgis.com/cpyRdAfuizCFzBhp/arcgis/rest/services/Pittsburg_County_Data/FeatureServer/15","publisher":"OU Center for Spatial Analysis (contracted by the Oklahoma State Election Board)","retrieved":"2026-09-01","crs":"EPSG:4326","note":"Highway-class centerlines only (filtered from the full PSAP road centerline layer)."}}